gene,highly_variable
TSPAN6,False
TNMD,False
DPM1,False
SCYL3,False
C1orf112,False
FGR,True
CFH,False
FUCA2,False
GCLC,True
NFYA,False
STPG1,False
NIPAL3,False
LAS1L,False
ENPP4,False
SEMA3F,False
CFTR,False
ANKIB1,False
CYP51A1,False
KRIT1,False
RAD52,False
MYH16,True
BAD,False
LAP3,True
CD99,False
HS3ST1,False
AOC1,False
WNT16,False
HECW1,False
MAD1L1,True
LASP1,False
SNX11,False
TMEM176A,False
M6PR,False
KLHL13,False
CYP26B1,True
ICA1,False
DBNDD1,False
ALS2,False
CASP10,False
CFLAR,True
TFPI,False
NDUFAF7,False
RBM5,False
MTMR7,True
SLC7A2,False
ARF5,False
SARM1,True
POLDIP2,False
PLXND1,False
AK2,False
CD38,True
FKBP4,True
KDM1A,False
RBM6,False
CAMKK1,False
RECQL,False
VPS50,False
HSPB6,False
ARHGAP33,False
NDUFAB1,False
PDK4,False
SLC22A16,True
ZMYND10,False
ABCB5,True
ARX,False
SLC25A13,False
ST7,True
CDC27,False
SLC4A1,False
CALCR,True
HCCS,False
DVL2,False
PRSS22,False
UPF1,False
SKAP2,False
SLC25A5,False
MCUB,False
HOXA11,False
POLR2J,False
DHX33,False
MEOX1,False
THSD7A,True
LIG3,False
RPAP3,False
ACSM3,True
REXO5,False
CIAPIN1,False
SPPL2B,False
ATOSB,False
COPZ2,False
PRKAR2B,False
MSL3,False
CREBBP,False
TSPOAP1,True
MPO,False
PON1,False
GCFC2,False
WDR54,False
CROT,False
ABCB4,False
KMT2E,False
RHBDD2,False
SOX8,True
IBTK,False
ZNF195,False
MYCBP2,False
FBXL3,False
ITGAL,False
PDK2,False
ITGA3,False
ZFX,False
LAMP2,False
ITGA2B,True
ASB4,False
GDE1,False
REX1BD,False
CRLF1,False
OSBPL7,False
TMEM98,False
YBX2,False
KRT33A,False
MAP3K14,False
ABCC8,False
CACNG3,False
TMEM132A,False
AP2B1,False
TAC1,False
ZNF263,False
CX3CL1,True
SPATA20,False
CACNA1G,True
TNFRSF12A,False
DLX6,False
MAP3K9,False
RALA,False
BAIAP2L1,False
KDM7A,False
ETV1,False
AGK,False
ALDH3B1,False
TTC22,False
PHTF2,False
CCL26,True
FARP2,True
USH1C,False
GGCT,False
DBF4,False
TBXA2R,False
IFRD1,False
LGALS14,False
COX10,False
GTF2IRD1,False
PAF1,False
VPS41,False
ARHGAP44,True
ELAC2,False
SCIN,True
ARSD,False
PNPLA4,False
MYH13,False
ADIPOR2,False
CDKL3,False
UPP2,True
PRSS21,False
MARK4,False
PROM1,False
CCDC124,False
CEACAM21,False
PAFAH1B1,False
NOS2,False
DNAH9,False
BLTP2,False
SLC13A2,False
GAS7,False
TRAPPC6A,False
MATK,False
CEACAM7,False
CD79B,False
SCN4A,False
ST7L,False
TKTL1,False
PAX6,False
RPUSD1,False
RHBDF1,False
LUC7L,False
CACNA2D2,True
BAIAP3,False
TSR3,False
PIGQ,False
CRAMP1,False
TEAD3,False
SELE,True
DNAJC11,False
FMO3,False
MYLIP,False
NOX1,False
E2F2,False
PSMB1,False
SYN1,True
JARID2,False
CDKL5,True
CAMK1G,True
CDK11A,False
NADK,False
TFAP2B,False
TFAP2D,False
DLEC1,False
CYTH3,False
ADAM22,True
SYPL1,False
CYB561,False
SPAG9,False
CELSR3,True
AASS,False
PLEKHG6,False
SS18L2,False
MPND,False
MGST1,True
CRY1,True
PGLYRP1,False
NFIX,False
ST3GAL1,True
MMP25,True
IL32,False
PKD1,True
MAPK8IP2,False
MED24,False
RHOBTB2,False
HEATR5B,True
SEC62,False
RPS20,True
CSDE1,False
UBE3C,False
REV3L,False
TENM1,True
PAX7,False
MASP2,False
IYD,False
FAM76A,False
TRAF3IP3,False
POMT2,False
VTA1,False
MLXIPL,False
BAZ1B,False
RANBP9,False
ETV7,True
SPRTN,False
METTL13,False
DYRK4,False
ZNF207,False
UQCRC1,False
STARD3NL,False
CD9,True
HHATL,True
NCAPD2,False
IFFO1,False
GIPR,False
PHF7,False
SEMA3G,True
NISCH,False
STAB1,False
FUZ,False
SLC6A13,True
IDS,True
PRSS3,False
ZNF200,False
CD4,False
LRRC23,True
BTK,True
HFE,False
SCMH1,False
FYN,False
HIVEP2,True
FMO1,False
ELOA,False
LYPLA2,False
CLCN6,False
MRC2,True
NME1-NME2,False
SLC6A7,False
TSPAN9,False
BTBD7,False
APBA3,False
MKS1,False
ABHD5,True
ANOS1,False
AKAP8L,False
MBTD1,False
UTP18,False
RNF216,False
TTC19,False
PTBP1,False
DPF1,False
SYT7,True
LARS2,False
PIK3C2A,False
PLAUR,False
ANLN,True
WIZ,False
RABGAP1,False
DCN,True
QPCTL,False
PPP5C,False
CEP68,False
MAP4K3,False
ZBTB32,False
TYROBP,True
LDAF1,False
GABRA3,False
BRCA1,False
ERCC1,True
CD22,True
SEMA3B,False
MBTPS2,False
PRICKLE3,False
LTF,False
EXTL3,False
NR1H4,True
ELOVL5,False
ALOX5,False
KDM5D,False
CALCOCO1,False
UBR7,False
MAP4K5,False
EHD3,False
PSMC4,True
MAN2B2,False
SLC7A14,False
CLDN11,False
SLC25A39,False
MVP,False
NUB1,False
PGM3,True
RWDD2A,False
CLK1,False
POLR3B,False
ANGEL1,False
RNF14,False
DNASE1L1,False
DDX11,False
HEBP1,False
GPRC5A,False
MAMLD1,False
CD6,False
TACC3,True
UFL1,False
POLA2,False
ZC3H3,False
CAPN1,False
ACP3,False
MDH1,False
SLC30A9,False
MTMR11,False
COX15,False
CCDC88C,False
YAF2,False
ZMYND11,False
WAS,False
DPEP1,False
BID,False
MATR3,False
NPC1L1,False
XYLT2,False
RGPD5,True
STMN4,True
NUDCD3,False
ISL1,True
CHDH,False
IL20RA,False
CLCA1,False
CLCA4,False
GLT8D1,False
ATP2C1,False
IGF1,False
SLC38A5,True
RALBP1,False
RUFY3,False
CNTN1,False
SLC11A1,False
WWTR1,False
AGPS,False
ZNF285CP,False
STEEP1,False
ATP1A2,False
TTC27,True
ZNF582,False
VSIG2,False
PHLDB1,False
MARCO,False
CYP24A1,False
PRDM11,False
SYT13,False
SNAI2,False
CD74,True
HGF,False
ZRANB1,False
NCDN,False
ADGRA2,True
CCT8L1P,True
ZFP64,False
MNAT1,False
SAMD4A,False
RUNX3,False
MRE11,False
PLEKHB1,False
SERPINB1,False
CYP3A43,False
SLC7A9,False
SPAST,False
NRXN3,False
OSBPL5,False
AQR,False
CPS1,True
C8B,True
FHL1,False
RTF2,False
GABRA1,False
NLRP2,False
SLC45A4,False
RNF10,False
ZNF839,False
ZDHHC6,False
GRAMD1B,True
RNH1,False
NDUFS1,False
RB1CC1,False
ERP44,False
ALAS1,False
BIRC3,True
AKAP11,False
GLRX2,False
SNAPC1,False
DERA,False
STRAP,False
ABCC2,False
DEF6,False
PLEKHO1,False
GCLM,True
UBR2,False
EHD2,False
DEPDC1,False
CCDC28A,False
RRAGD,False
HSF2,True
PHF20,False
HSD17B6,False
NR1H3,False
TYMP,False
NCAPH2,False
TOMM34,True
SEC63,False
KPNA6,False
VIM,True
RTEL1-TNFRSF6B,False
FAS,False
RNASET2,False
CD44,True
KCNG1,False
AGPAT4,True
SLAMF7,False
BTN3A1,False
MIPEP,False
PRKCH,False
INSRR,False
IFNGR1,True
B4GALT7,False
SH2D2A,False
VRK2,False
TNFRSF1B,False
VEZT,False
POU2F2,True
BRD9,False
SNX1,False
TBPL1,False
BMAL2,False
BCLAF1,False
SLC39A9,False
ANK1,False
IBSP,False
TFB1M,False
RABEP1,False
HMGB3,False
NUP160,False
BAK1,False
MUSK,False
IKZF2,False
GRN,False
FAM13B,False
ARHGAP31,True
CENPQ,False
SARS1,True
RANBP3,False
ARID4A,False
EIPR1,False
PNPLA6,False
IFT88,False
ALG1,False
ZCCHC8,False
ABCF2,False
CHPF2,False
LRRC7,False
FUT8,False
UBA6,False
GAB2,False
ATP6V0A1,False
PIAS1,False
SLC4A7,False
APBA2,False
MAP2K3,True
CLXN,False
TMSB10,True
ASTE1,False
RNF19A,False
PEX3,False
GABARAPL2,False
MYOC,False
SH3YL1,False
FAM136A,False
VCL,False
DEPDC1B,True
DAPK2,True
NSMAF,False
ADSS2,False
STAP1,False
TIMP2,True
RFC1,False
TBC1D23,False
CUL3,False
MYOM2,False
OTC,False
CYP46A1,True
ZZZ3,False
SLC18A1,False
USP2,False
CASR,False
TUBG2,False
RPL26L1,False
FLT4,False
NSUN2,False
FBXO42,False
MFAP3,False
MRI1,False
METTL1,False
HOXC8,False
AGA,False
PI4K2B,False
BOD1L1,False
MAT2B,False
TLL1,False
EDC4,False
TRIO,False
VCAN,True
CLEC16A,True
MSR1,False
CDH1,False
MTREX,False
DNAH5,True
ZFYVE16,False
RIPOR1,False
C6,False
RAI14,True
SOX30,True
PNKP,False
BEST2,True
PHLPP2,False
SPDL1,False
STAU2,False
SLC66A1,False
CTNS,False
RTN4R,False
PHF23,False
CDH10,False
INPP4A,False
RAB27B,False
PSMA4,False
MYO16,False
LSG1,False
PARP3,False
TNC,False
THAP3,False
RIPOR3,False
TDP1,False
AIFM2,False
C2orf83,False
SPATA7,False
MED17,False
RETSAT,False
CAPG,False
AP2S1,False
USH2A,False
ZPBP,False
TG,True
ADAM28,True
BARX2,False
DCUN1D1,False
JADE2,False
ZIC2,False
LCP2,True
TRIT1,False
ADRB1,False
GUCA2B,True
CUL7,False
CTNNA1,False
PHKA2,False
CNTLN,False
EPHA3,False
HSPA5,True
DSG2,False
GEMIN8,False
OFD1,False
GPM6B,False
MAGEC2,False
PREX2,False
WDR37,False
YTHDC2,False
CTPS2,False
ATP6V1H,False
POLR2B,False
ATOSA,False
ARAP2,True
TPR,False
CP,True
KATNIP,False
DTNBP1,False
XK,False
ANO2,False
C12orf4,False
SCML1,False
WWC3,False
ARHGAP6,True
FAM184B,True
MAP4,False
GOPC,True
ROS1,True
USP28,False
HDAC9,True
TSPAN17,False
NOP16,False
CC2D2A,False
RRM2B,False
ZNF800,False
TNFRSF17,False
SNX29,True
LMO3,False
MRPS10,False
GUCA1A,False
RSF1,False
VPS13D,False
CELF2,False
FAM120A,False
R3HDM1,False
COL9A2,False
KITLG,True
ERCC8,False
ADAMTS6,True
H6PD,False
VAMP3,False
PER3,False
UTS2,False
TNFRSF9,True
EPN3,False
LTBP1,True
RCN1,False
ELN,False
RFC2,False
ARID1B,False
CLPTM1L,False
NEDD4L,False
FOXP3,False
PPP1R3F,False
HEXB,False
PTCD2,False
NEXMIF,False
JKAMP,False
DKK3,True
ARHGEF5,False
NFE2L3,False
MCUR1,False
LIMA1,False
LETMD1,False
SLC4A8,False
LAMC3,False
PTGER3,True
TNIP3,False
MAPK9,False
COL23A1,False
BCAR1,False
FHIP1B,False
HERPUD1,True
HOMER3,False
RAD51,False
POLQ,True
PIK3CB,False
CYBA,False
THOC3,False
HEBP2,False
MPHOSPH9,False
PLEKHA5,False
PRSS8,False
SIKE1,False
RRP12,True
FNIP2,False
MSMO1,True
TTC17,False
ALX4,False
FSTL4,True
FOXN3,False
METTL24,False
AKR7A2,False
MRTO4,False
NNAT,False
USE1,False
MCF2L2,False
NRIP2,False
LAMA3,False
AP5M1,False
ANAPC4,False
KCNQ1,True
TRAPPC3,False
THRAP3,False
PHPT1,False
ENTPD2,False
LY75,False
ARID4B,False
OPN3,True
SDCCAG8,False
PTPRN,False
HHAT,False
KIF1B,False
FOXC1,True
TBC1D22A,False
SYNE2,False
PLEKHH1,False
ATP9A,False
SPO11,False
CBLN4,False
CHRDL2,False
FAM168A,False
RELT,False
GALC,False
NOP58,False
SZRD1,False
KCNH2,False
CUL1,False
FAM114A2,False
CYFIP2,False
TAB2,False
GINM1,False
EIF2AK2,True
USP36,False
KMT2C,False
MCOLN3,False
CCDC85A,False
PUM2,False
MRPL43,False
ITIH4,False
ITIH1,False
HPF1,False
ZFR,False
ZNF280C,False
NPFFR2,True
PHF21B,False
TRAF1,True
RC3H2,False
IL17RB,False
TRAF3IP2,False
GYG2,False
DCBLD2,True
SERPINB3,False
SOAT1,False
PKP2,False
MSH4,True
F7,False
GDI2,False
PRDM1,False
ATG5,False
TMCC3,False
PITHD1,False
MTA3,False
USP13,False
ATP11B,False
LAMC2,True
CDK14,True
SEC61A1,True
PPP1R12A,False
RASGRF1,True
CAMK2B,False
CROCC,False
POLR3E,False
ATP2B4,False
ZC3H11A,False
RIOK2,False
YIPF1,False
NDC1,False
DGKG,True
FLYWCH1,False
UNKL,False
TBXAS1,False
PARP12,True
ALDH18A1,False
TARBP1,False
GATB,False
MXD1,True
CDK17,False
DNAJC25,False
SLC2A3,False
PSD,False
CTDP1,False
YBX3,False
STYK1,True
WNK1,False
RPS17P5,True
CCAR1,False
OGFR,False
GNA15,True
CREB3L3,True
PIGV,False
PTPRU,False
SNRNP40,False
RIMBP2,False
COL11A1,False
QSER1,False
MPC1,False
ACAA1,False
BCAT1,False
HDAC7,False
LZTS1,True
PRDM6,True
WNT8A,True
SPAG4,False
NCKAP1,False
MRPS35,False
GUCY1B1,False
SFSWAP,False
TNK2,False
MON2,False
CDH3,False
ARSF,False
GPBP1,False
DGAT2,False
ZNF112,False
CS,False
LTK,False
MRPS24,False
ELMO2,False
WAPL,False
VMP1,False
APPBP2,False
POLD1,False
SEZ6,True
EIF4B,False
SLC6A16,False
BICRA,False
SPHK2,False
RPL18,False
CA11,False
ISOC2,False
U2AF2,False
EPN1,False
MED29,False
AHRR,True
GSC2,False
ZNF275,False
MTMR1,False
GPC1,False
ADCK1,False
HAGH,False
RNF4,False
CASP8,False
LIMCH1,True
INTS13,False
TM7SF3,False
DLX3,True
SPA17,False
TSPAN32,False
CCN5,False
DMRT3,False
ST3GAL6,False
ATP2C2,False
NGFR,False
CDON,False
TAF2,False
HIPK2,False
TNPO3,False
BORCS8-MEF2B,False
RFXANK,False
TMEM161A,False
LPAR2,False
CTSA,False
SUGP2,False
SLC12A2,True
SNX24,False
EYA2,False
CNN2,False
ABCA7,True
SNCAIP,False
DDX20,False
BTBD1,False
FAR2,False
BCAS1,True
POU1F1,False
CHI3L2,False
SBNO2,False
PMS1,False
HMG20B,False
CALCRL,True
TAF11,False
ANKS1A,False
AP3D1,False
ZNF76,False
SLC9A3R2,False
NTHL1,False
BLTP3A,False
GNAI3,False
IPO5,False
OAT,False
WDR3,False
PKN2,False
WDR18,False
TRAM2,True
NTN1,True
GLP2R,True
MCM10,False
DGKA,False
ERBB3,False
ROPN1,False
ANKRD44,True
KARS1,False
ADAT1,True
PDIA5,False
TBC1D22B,False
NDUFB4,False
SPEN,False
MYLK,False
ZC3H15,False
MAP2K4,False
PACC1,False
SNAP91,False
SLK,False
CYB5R4,False
COL17A1,True
GSTO2,True
SEC61A2,False
PRKCQ,False
TLE2,False
ASB1,False
FAM107B,True
ME1,False
TBC1D1,False
CDK13,False
MTHFD2,True
SLC9A7,False
FOXJ2,False
YBX1,False
PDE4A,False
PPP2R5A,False
CTNNA2,False
ELAVL1,False
TIE1,False
DIP2B,False
SMARCD1,False
KDM4A,False
NFYC,False
ZMYND12,False
SLC9A3,False
NGEF,False
ASPM,False
CD84,False
ELOVL1,True
SPI1,False
POLR1H,False
MPPED2,False
CLDN18,False
ZBTB11,False
ATXN3,False
GOLGA5,False
FGFR2,True
LRRC40,False
ISOC1,False
EML1,False
TRMT11,False
THUMPD1,False
MSANTD3,False
KIF26A,False
ATG2B,False
ARFGEF1,False
ACSM2B,True
ZFAT,False
MTFR1,False
STAG3,False
FECH,False
MYO9A,False
DDX3Y,False
PFKP,False
IDI1,False
SP100,True
KLF6,False
PLPP1,False
NEO1,False
TRAM1,False
PHKA1,False
TNFRSF1A,False
CACNB1,False
EVI5,False
STOML1,True
PKM,False
DHX29,False
DNTTIP2,True
METTL22,False
TP53BP1,False
TRO,True
RRP15,False
RHOA,False
DHX8,False
PMS2P4,False
PRKCZ,False
ZFY,False
IARS2,False
SYT1,False
NAV3,True
IDH3G,False
ROGDI,False
PDZD4,False
ATP2B3,False
ROCK1,False
CBFB,False
PDK3,False
HYAL2,False
HDAC4,True
RASSF1,False
FGFR3,False
IFI35,True
HEATR6,False
COASY,False
PLEKHH3,False
MEF2A,False
OTUD5,False
TFE3,False
TBC1D25,False
ACSL4,False
INPP5A,False
GPKOW,False
GRIPAP1,False
FTSJ1,False
PRR11,True
REEP1,False
ATP11A,False
POLR1A,True
LAPTM4A,False
TTC7A,False
IP6K2,False
STON1-GTF2A1L,False
SRBD1,False
KIF2A,False
RASGRP2,True
PSME4,False
IFT80,False
SIRT2,False
ERLEC1,False
PPP2R5B,False
PYGM,True
PAGE1,False
PITX1,False
TRPC7,False
MAST4,True
ADGRF5,False
SDK2,False
ADAM7,False
NUP133,False
NUCKS1,False
VPS35,False
DNAJA2,False
BCL3,True
KCNAB2,False
ABCC9,False
GAL,False
CLEC2D,False
FUNDC1,False
MAOB,False
RORA,False
DRD4,False
TGFBR3,False
PLA2G10,False
HES2,False
ATP1B3,False
NEDD4,False
PIGB,False
MAPK6,False
GNB5,False
RAB27A,False
HDHD5,False
UFD1,True
LRP6,False
GUCY2C,True
SCT,False
PHRF1,False
ELP1,False
NUCB2,False
PFN2,True
PTPN3,False
SPTB,False
DAPP1,False
FGF10,False
SLC44A1,False
TMEM260,False
SMG6,False
EXOC5,False
CLTCL1,False
FGF22,False
FSTL3,True
DGCR2,False
RNF126,False
MNT,False
ZXDC,False
JMJD6,False
POLB,False
ST6GALNAC1,True
WIPI1,False
FRMPD1,False
GBA2,False
NDST1,False
ASNS,True
AP3M2,False
CNGB1,False
ST6GALNAC2,False
CHAT,False
PABPC1,False
TESK2,False
CFAP20,False
CSNK2A2,False
PTPN21,False
EIF2B3,True
CAMK2A,True
TCOF1,False
CDC42,False
OSBPL3,False
EPHA8,False
SLC12A3,False
RAD18,False
ATP2B1,False
TRPM5,False
NCK2,False
MAP4K4,False
MGAT4A,False
RPL31,True
WDR1,False
SNX13,False
MS4A12,True
ARHGAP10,False
RPS6KA2,True
ING3,False
VASH1,False
LMCD1,True
BUD23,False
SEL1L,True
TRIP13,False
ATP6AP1,False
TCF3,False
TRIB2,False
DAZAP1,False
MBD3,False
PRLH,False
HLTF,False
FAM50A,False
FAM3A,False
CPSF1,False
MYO3B,False
CYBRD1,False
CDH19,False
PDCD2,False
SLC6A15,False
RDH11,False
PRKACA,False
ADGRL1,False
SPP2,False
ACTN1,False
ZFYVE26,False
RPS6KA6,False
EPN2,False
PTPN18,False
LIMS2,False
ASIC4,True
SPEG,False
LNX1,False
ALDH3A2,False
TFRC,False
SREBF1,False
TRPC5,True
AFF4,False
UBE2D1,True
PALS1,False
RHOBTB1,False
SMC1A,False
HSD17B10,False
MARK2,False
HMMR,False
CHFR,False
TRHDE,False
P4HA2,True
FCGR2B,False
NFATC3,False
TRNT1,False
ACADVL,False
STK10,False
FBXW11,False
ACAP1,False
CRMP1,False
EVC,False
DERL2,False
SIDT1,False
NDE1,False
IRAG1,False
TMEM38A,False
AP1M1,False
PVR,False
XRCC1,False
SCARB1,False
CYP2W1,True
MCM2,False
MOV10L1,True
PANX2,False
SELENOO,False
TP63,False
ALPK1,False
LLGL2,False
PDE8A,False
CLCN4,True
NLE1,False
SDHA,False
SMARCE1,False
FNDC8,False
GSDMB,False
KDM5A,False
ADAM11,False
PPP2R3A,True
FERMT2,True
ABCB11,False
DHRS9,True
CD5L,False
PTGS2,False
IGF2BP2,False
MAP3K13,False
ST6GAL1,False
TBX21,False
VDAC1P1,False
FRY,False
PICALM,False
NSF,False
GLI2,False
CLASP1,False
MRPS34,False
NOTCH3,True
CLNS1A,False
PPP2R2C,False
TEAD2,False
EED,False
CDHR2,False
SNCB,False
TSG101,False
NCBP3,False
ATP2A3,False
CA12,True
MGLL,False
NTN4,True
BCS1L,False
NUAK1,False
DPP8,False
SLC24A1,False
ZNF532,False
SCARF1,False
LMAN1,False
HACD3,False
IPCEF1,True
ZZEF1,False
NOX3,False
ENO1,False
SLC12A1,False
MYDGF,True
ANO8,False
TUBE1,False
ARHGEF10L,False
TXK,True
WSCD2,False
KCNQ2,True
TACR2,False
ACTR6,False
TIPIN,False
SRI,False
EIF4G3,False
NUP37,False
SEMA3A,False
GTSE1,False
SEMA3C,True
TTC38,False
ACAT1,False
GRAMD4,False
CELSR1,False
WNT8B,False
ZNF638,False
SLC25A40,False
TIMM21,False
ADD2,False
FGF4,False
RASAL2,False
VPS9D1,False
ZNF37A,False
MARK3,False
SLC25A3,False
FNDC3B,False
FOSL2,False
CACNG5,False
CACNG4,False
FRYL,False
TMEM131,False
FSCN1,False
ACTB,True
MOCOS,True
PLD1,False
ATP12A,False
WDR62,True
DLG1,False
RAB7A,False
BCAP29,False
SEC31B,False
SART3,False
ARHGAP15,True
TUBA3D,False
PAX2,False
EXOSC7,False
KIFAP3,False
MKRN2,False
MCM6,False
REXO2,False
RBM7,False
RBMS2,True
BAZ2A,False
PTPN23,False
MLH1,False
UNG,False
FMO4,False
KLHL20,False
RGS11,False
SLC46A1,True
PLXNA2,True
SPAG5,False
ANKRD13A,False
TPD52,False
ACACB,False
TRAF4,False
PAG1,False
GPATCH1,False
ICAM3,False
NT5C2,False
MCAM,False
GPC4,False
MBNL3,True
CAMSAP3,False
RAP1GAP,False
XAB2,False
ARHGEF1,False
STXBP2,False
MAP2K7,False
NMRK2,True
DGKD,False
CTTNBP2,False
ACTL6B,False
RARB,False
TOP2B,False
TM9SF3,False
NFKB2,True
UBE2T,False
PPP1R12B,False
DNAJC10,True
GTF3C1,False
IL4R,False
USP33,False
PAK3,False
CAPN6,False
DCX,False
SNRPA,False
SPAG6,True
EXOSC5,False
DYNC1I2,False
APBB1IP,False
LRCH4,False
FAM76B,False
SIRT6,False
TYR,False
POLD3,False
ACTN2,False
CAPZB,False
GPR137B,False
NAALAD2,False
JADE1,False
SLC25A43,False
UBE2A,False
FGFR1,True
FKBP6,False
SMC1B,False
FBLN1,False
ITGA8,False
CST7,False
MAP2,True
PIAS2,False
AMPH,True
ARAF,False
MCCC1,False
LAMP3,True
FAP,True
NEBL,True
ACER3,False
UBE2K,False
PIK3C3,False
N4BP2,False
TIGAR,False
TULP3,False
SYNJ2,False
ADCY2,False
PPP2R5C,False
PMS2P1,False
RBFOX1,False
GNB1,False
HOXA9,False
EDN1,True
MLLT10,False
ZCWPW1,False
ADCYAP1R1,True
FGF20,False
P2RY10,False
ITM2A,False
NRDC,False
VDAC3,False
PCM1,False
TNRC6C,False
CBFA2T2,False
BRINP1,False
ITCH,False
PKD2L2,True
TP53INP2,False
SDF4,False
MYH7B,True
BPIFB2,False
TP73,False
TOLLIP,False
UBE2D4,False
CLUL1,False
RUNX1T1,False
CDH17,False
THOC1,False
FKBP7,False
OSBPL6,True
SLC1A3,False
XRCC5,False
LXN,False
SP140,False
MKNK1,False
TNS1,False
REXO1,False
SAR1A,False
CDC14A,False
RAPGEF3,False
CEACAM1,False
SENP1,False
DUSP13,False
CIC,False
LIPE,False
FDFT1,False
PAFAH1B3,False
OPHN1,False
AFM,False
KIF22,True
SCGN,True
CARMIL1,False
PGM1,False
DDX1,False
DNM2,False
EPB41L2,False
RIMS1,False
MOXD1,False
STX7,False
RABL2B,False
KEAP1,False
DDX43,False
PTPRH,False
DCT,True
SLC35C2,False
CRYBG3,False
EPHA6,False
SCTR,True
RFX3,True
RIF1,False
RAB21,False
SLC4A4,False
SMARCA2,False
RDH8,False
SESN1,False
MID2,False
DNAAF6,False
COL5A3,False
SRCAP,False
PUM3,True
CPB2,True
CHRNA3,False
KCNN2,False
CNOT4,False
PSEN1,False
CPOX,False
CLDND1,False
MOK,True
HSP90AA1,True
RBL1,False
DLGAP4,False
IGSF9B,False
CFHR2,False
CROCCP3,False
NDC80,True
AP4E1,False
RSBN1,False
MAGI3,False
CXCL2,True
AFP,True
COL4A4,False
TCF7,False
OSTM1,False
CDH7,False
IMPG2,True
PCNP,False
EXD2,False
ARG2,True
MEF2C,False
PTPRC,False
CACNA1S,False
PKP1,False
UBA5,False
STK17B,False
CDC14B,False
ZNF510,False
LRP2,False
ZNF506,False
JMJD4,False
DUSP12,False
AACS,False
DELE1,False
SLC13A1,False
CADPS2,True
PCDHB4,False
PCDHA6,False
PCDHGA2,True
HSPB11,False
PHLPP1,False
ATP8B1,False
IL12RB2,True
SMARCD3,False
WDR70,False
FYB1,False
MPP4,True
STRADB,False
BZW1,False
PGR,False
C1QTNF3,False
ME2,False
C5orf22,False
CCNT2,False
FAM135A,False
COL19A1,False
EPB41L3,False
COBLL1,False
DLG3,False
KCNK2,False
SERTAD4,True
TRAF5,False
MRPL22,False
GEMIN5,False
OPRK1,False
NFE2L1,False
SEMA5B,False
GSK3B,False
ITGB5,False
ERC1,False
XPO1,False
LINC01587,True
RNF13,False
TRPM3,False
PALB2,False
DOP1A,False
LYRM2,False
BCKDHB,False
KAT6A,False
TUT7,False
ULK2,False
GRHL2,True
TNPO1,False
PLOD1,True
P2RX5,False
ITGAE,False
DIS3,False
PIBF1,False
TDRD3,False
NUFIP1,False
PDS5B,False
OXCT1,False
RRAGB,False
EPYC,True
CYLD,True
SLC27A5,False
ZNF324,False
ZNF671,False
ZNF416,False
ZNF586,False
ZNF446,False
ZNF264,False
RPS5,True
FAT1,False
YTHDC1,False
CHMP2B,False
SMAP2,False
PPIE,False
ZMPSTE24,False
STARD7,False
NOA1,False
REST,False
HAL,False
SSH1,False
GSTP1,False
APLP2,False
FAM234B,False
SLCO1A2,False
WBP11,False
EIF3I,False
NKAIN1,True
COL16A1,False
TXLNA,False
APOB,True
NCOA1,False
AGBL5,False
EFR3B,False
KIF3C,False
RAB10,False
GCKR,True
HADHA,False
MAPRE3,True
CAD,False
CD59,False
CD82,False
BCORL1,False
ATRX,False
AK6,False
FCN1,True
MYNN,False
MECOM,False
SCAMP1,False
PREP,False
HACE1,False
SEH1L,False
WDR47,True
WDFY1,False
OVGP1,True
SLC25A24,False
MAP3K4,False
PILRA,True
IGSF9,False
ABCB1,True
ZNF213,False
AKR1B1,False
CPNE3,False
RRN3,False
CTTN,False
WNT11,True
MTIF2,False
DDHD2,False
TTC39A,False
EPS15,False
ORC1,False
MGST2,False
CHERP,False
ATG16L1,False
USP40,False
POMGNT1,False
RAD54L,False
MAST2,False
DNAJA1,True
B4GALT1,False
CHMP5,False
NFX1,False
AQP6,False
DIMT1,False
IPO11,False
FOLH1,False
EIF2AK1,False
NME8,False
EPDR1,False
SNX10,False
SEPHS1,False
MRPL28,False
HBQ1,False
ITPKC,False
CEACAM6,True
FAT2,False
RBM22,False
TMED2,True
ERO1B,True
ZFAND6,False
HSD17B2,True
TXLNG,False
PPEF1,False
LAT2,False
HUWE1,False
ZW10,False
ALG9,False
MYBPC2,False
NOX4,False
ACOX3,True
MTMR2,False
PPP1R15A,True
HSD17B14,True
TRIP6,False
ACHE,True
FTL,True
SRRT,False
BAX,False
NLK,True
PIGS,False
ADAMTS2,True
TMPRSS11E,False
ATXN7L3,False
PGS1,False
PSMC5,True
UIMC1,False
CETP,True
MMP2,False
MT3,False
LPCAT2,False
GNAO1,False
OGFOD1,False
SH3BP2,False
NOP14,False
ADD1,False
L2HGDH,False
TXNDC16,True
RTRAF,False
NID2,False
GMCL1,False
SF3B2,False
KLHL42,False
GNAS,False
DNM1L,False
PTHLH,True
PHACTR3,False
ERGIC2,False
TFAP2C,False
AURKA,True
CASS4,True
PIR,True
AAMDC,False
RFX2,True
METTL2A,False
SULT2B1,False
ALG6,False
CNOT3,False
GP6,False
PTPN4,False
DDX18,False
KHSRP,False
GNA11,False
ASAP3,False
EDEM2,False
DNMT3B,False
REM1,False
TPX2,True
FER1L4,True
PDRG1,False
EPB41L1,False
SLC15A1,False
DOCK9,False
ANKRD10,False
TGDS,False
DOCK3,False
C3orf18,False
COQ9,False
TMEM40,False
KIF9,False
ARHGAP28,False
CRLS1,False
DEFB127,False
PPP1R13B,False
ATRN,False
SMOX,False
SIGLEC1,False
FKBP1A,False
NSFL1C,False
SLC4A11,False
DNAAF9,False
ZNF343,False
EBF4,False
CPXM1,False
MAVS,False
LZTS3,True
F11,True
XRN2,False
KIZ,False
DYNLL1,True
TESC,False
SNX5,False
RPL6,True
SIRPG,False
MAPKAPK5,False
P2RX7,True
ESF1,False
RBBP9,False
ANAPC5,False
SLC23A2,True
SLC8B1,False
TMEM230,False
DZANK1,True
KDM2B,False
CFAP61,False
LHX5,False
TASP1,False
OAS1,True
GCN1,False
RPLP0,False
PXN,False
SIRT4,False
RPH3A,False
KIF16B,False
TRMT6,False
CHGB,True
PEBP1,False
TBX5,False
BRAP,False
ERP29,False
NOS1,False
FUS,False
IGBP1,False
FXYD5,False
ZNF302,False
GRAMD1A,False
FXYD3,False
HEPH,False
CDIP1,False
CMTM1,True
KCNH4,True
GANAB,False
GMIP,False
RBM41,False
BIRC5,True
LAG3,True
MLF2,False
OTUB2,False
DDX24,False
ZBTB25,False
NECAP1,False
ARHGAP4,False
ANKRD24,False
DHX32,False
RCOR1,False
GPATCH2L,False
LTBP4,False
BLVRB,False
SLC9A1,True
SPTLC1,False
PAPOLA,False
CCNK,False
PCBP4,False
RGS1,False
YPEL3,False
MRPS33,True
NDUFB2,False
NUDC,False
MAEA,False
ICAM1,True
STRN4,False
IRAK3,False
LYZ,False
SI,False
MUL1,False
TFAP4,False
PDCD7,False
SPG21,False
FETUB,False
DNAJB11,False
P3H2,False
THPO,False
CHRD,False
FLT3LG,False
RAB11FIP3,False
GNPTG,False
ZNF268,False
GOLGA3,False
PABPC4,False
CD209,False
CERS4,False
MCOLN1,False
USP48,False
EFNB1,False
PDPR,False
AARS1,True
GLG1,False
KIF4A,True
TNRC6A,False
PLEKHG2,False
DLL3,False
NAT14,False
PITPNM2,False
EXOC1,False
RBM27,False
POU4F3,False
OSBPL8,False
DTX2,False
NLRC4,False
PUS7,False
LAMB4,True
NRCAM,False
LAMB1,False
SLC26A4,False
SLC26A3,False
DLD,False
WDR7,True
TXNL1,False
IL5RA,True
ABCC6,True
CMTM6,False
ITGA6,False
RAPGEF4,False
MAP3K20,False
SMPX,True
FH,False
SEL1L3,False
TF,False
CDV3,False
MYO15A,True
ALKBH5,False
APOH,True
NLRP1,False
PITPNM3,False
SPAG7,False
ORC6,False
ZFHX4,False
SLC17A6,False
CPA1,True
ZC3HC1,False
ESR1,False
RGS17,False
ANGPT2,True
TMEM101,False
CD200,True
CCDC80,False
CMA1,False
PSME1,False
PPP2R3C,False
HAUS4,False
JPH4,True
MYH7,False
CEBPE,False
SLC7A8,False
OSGEP,False
SLC22A17,False
RNF31,False
SCFD1,False
G2E3,False
HECTD1,False
HNRNPC,False
RPGRIP1,False
SUPT16H,False
TOX4,False
GEMIN2,False
TGM1,False
TINF2,False
DAZL,False
TBL1Y,False
SEMA6A,False
TRPM7,False
TYRO3,False
WDR76,False
CAPN3,True
SNAP23,False
TBX15,False
PHGDH,True
COL9A3,False
EZR,False
MYL6,False
AGO1,False
TEKT2,True
CLSPN,False
RFFL,False
UNC13D,False
MFSD11,True
DPYSL2,False
TGFB2,True
GPATCH2,True
NUP50,False
CDC45,False
COMT,False
ADA2,False
VNN3P,True
ECHDC1,False
LRRFIP2,False
SEC22C,False
XYLB,False
HDAC6,False
OR1I1,False
GABRP,False
KRT31,False
CDC6,False
UPRT,False
CDC23,False
AAAS,False
CBX5,False
FMO2,False
SUCO,False
MSH2,False
MAP3K1,False
DHPS,False
HOOK2,False
NXPE1,False
ARCN1,False
EPB41L4B,False
TMEM38B,False
PSMD5,False
PTGS1,False
NUP188,False
CRAT,False
SH2D3C,True
NANS,False
TBC1D2,False
WHRN,True
PDE6C,False
CWF19L1,False
SEMA4G,True
BTAF1,False
IKZF5,False
BLNK,True
TLL2,True
CYP26A1,False
TDRD1,False
SORBS1,False
CRTAC1,True
BAMBI,True
IL11,True
MYO3A,False
WAC,False
CREM,False
NUBP2,False
TPSD1,False
SMIM24,True
HIVEP1,True
TREM2,True
KCNK16,False
CRISP3,False
FKBP5,True
SRPK1,False
BRPF3,False
MRPS18A,False
PGC,True
TMEM14A,False
EFHC1,True
NCR2,True
HSP90AB1,False
MLN,False
CDC5L,False
ITPR3,True
ZNF184,False
DSP,False
SIRT1,False
HNRNPH3,False
IFT74,False
JAK2,False
IL12RB1,False
ABL1,False
ACOT7,False
SH3GLB1,False
CDC7,True
SYDE2,False
PCSK5,True
SCD,False
TMED1,False
ABLIM1,False
ERMP1,False
RAB18,False
NRP1,True
HSD17B7P2,False
PRTFDC1,False
PALMD,False
TSPAN15,False
MACROH2A2,False
WASHC2A,False
MAST3,False
MZF1,False
OCEL1,False
MYO9B,False
KCNK6,False
CATSPERG,False
PSMD8,False
FBXL19,False
STX1B,False
HSD3B7,False
SETD1A,False
BCL7C,False
MAGEB2,False
EFNA2,True
CIRBP,False
ATP5F1D,False
CBARP,False
PCDH11Y,False
AMELY,True
PRKY,False
IGFALS,False
HNRNPM,False
MARCHF2,False
NDUFB7,False
TECR,False
TIMM13,False
CDC34,False
MTAP,True
MISP,True
CEP170B,False
POLR2E,False
POLRMT,False
HCN2,True
CDHR5,False
IZUMO4,False
RASSF7,False
GADD45B,True
PALM,True
MADCAM1,False
IGF2-AS,False
MKNK2,True
ARVCF,False
TRMT2A,False
RANBP1,False
ZDHHC8,False
KLHL22,False
MED15,False
SERPIND1,True
SNAP29,False
CRKL,False
LZTR1,False
MMP11,False
CECR2,False
SMARCB1,False
P2RX6,True
DERL3,False
SLC7A4,False
BCL2L13,True
DDTL,False
DDT,False
GSTT2,True
OSM,False
CABIN1,False
TBC1D10A,False
SUSD2,False
SF3A1,False
GGT5,False
RNF215,False
SEC14L2,False
SEC14L3,False
SPECC1L,False
PPIL2,False
UPB1,False
YPEL1,True
SNRPD3,False
PES1,False
MAPK1,False
GGT1,False
PRODH,True
PPM1F,False
SLC35E4,False
TOP3B,False
CRYBB3,True
CYTH4,True
ESS2,False
CRYBB2P1,False
MFNG,False
CARD10,False
LRP5L,False
SLC25A1,False
GRK3,False
PLA2G3,False
LGALS2,False
GGA1,False
HIRA,False
SH3BP1,False
SEZ6L,False
LGALS1,True
HPS4,False
PIK3IP1,False
SRRD,False
PATZ1,False
TRIOBP,False
TFIP11,False
GCAT,False
GGTLC2,False
CRYBB1,True
ANKRD54,False
EIF3L,False
SNU13,False
MICALL1,False
POLR2F,True
SOX10,False
CCDC134,False
DEPDC5,False
PICK1,False
TTC28,False
SLC16A8,False
CENPM,False
SEPTIN3,False
SLC5A1,False
TPTEP1,True
SLC5A4,False
KDELR3,False
CYP2D6,False
DDX17,False
DMC1,False
TCF20,False
HSCB,False
CBY1,False
TOMM22,False
RSPH14,False
XBP1,False
RTCB,False
JOSD1,False
FBXO7,False
GTPBP1,False
POLDIP3,False
RAB36,False
TIMP3,False
PPP6R2,False
SBF1,False
SUN2,False
CYB5R3,False
DNAL4,False
C22orf31,False
MIOX,False
LMF2,False
RHBDD3,False
PACSIN2,False
TTLL1,False
RASL10A,True
AP1B1,False
HMGXB4,False
TOM1,False
NEFH,False
CHKB,False
BIK,False
HMOX1,False
MCAT,False
THOC5,False
MCM5,False
APOBEC3H,False
ARSA,False
TSPO,False
RASD2,False
TTLL12,False
CBX7,False
PDGFB,False
ACR,True
CABP7,False
RPL3,True
ZMAT5,False
RBFOX2,False
SYNGR1,False
TAB1,False
ASCC2,False
MTMR3,False
MIEF1,False
APOL4,False
PNPLA5,False
APOL1,True
PNPLA3,True
MYH9,False
CACNA1I,True
SAMM50,False
TXN2,False
FOXRED2,False
GRAP2,False
EIF3D,False
TNRC6B,False
SGSM3,False
IFT27,False
PVALB,False
KIAA0930,False
NCF4,True
CSF2RB,False
SLC25A17,False
UPK3A,False
FAM118A,False
KCTD17,False
ST13,True
IL2RB,False
RBX1,False
EP300,False
L3MBTL2,False
CHADL,False
RANGAP1,False
ZC3H7B,False
PHF5A,False
ACO2,False
POLR3H,False
TRMU,False
PMM1,False
DESI1,False
CERK,False
BRD1,False
ZBED4,False
MLC1,True
HDAC10,False
KCNK10,False
ABHD4,False
KHNYN,False
FKBP3,False
SDR39U1,False
CTSG,False
GZMH,False
GZMB,False
RBM23,True
PRMT5,False
COCH,False
AP4S1,False
POLE2,False
VCPKMT,False
SOS2,False
CDKL1,True
NIN,False
PYGL,False
TRIM9,False
PSMC6,False
GNPNAT1,False
DDHD1,False
CDKN3,False
CNIH1,False
CGRRF1,False
ATP6V1D,False
CCDC198,False
PLEK2,False
PIGH,False
LRRC74A,False
PSMA3,False
VTI1B,False
TIMM9,False
GSTZ1,False
KIAA0586,True
TMED8,False
SAMD15,False
AHSA1,True
DAAM1,False
ISM2,False
SPTLC2,False
RIN3,False
LGMN,True
ALKBH1,False
SNW1,False
CHGA,False
ITPK1,False
DHRS7,False
PPM1A,False
SIX4,True
GALNT16,False
ASB2,True
CEP128,False
ERH,False
HIF1A,False
SUSD6,False
SRSF5,False
SLC10A1,True
EIF5,False
SERPINA4,False
SLC8A3,True
DICER1,False
ZFYVE21,False
MTHFD1,False
TCL1A,False
ZC3H14,False
TELO2,False
PCNX1,False
BDKRB1,False
GSKIP,False
VRK1,False
PSMC1,False
PAPLN,False
RPS6KA5,True
PPP4R3A,False
C14orf93,False
PSMB5,False
YY1,False
ACIN1,False
CCNB1IP1,False
TRIP11,False
APEX1,False
PABPN1,False
EFS,False
ARHGAP5,False
CINP,False
DHRS2,True
SRP54,False
CPNE6,False
CHD8,False
PCK2,False
PRORP,True
DCAF11,False
PSMA6,False
NFKBIA,True
EMC9,False
PSME2,False
BRMS1L,False
REC8,False
TM9SF1,False
SEC23A,False
GMPR2,False
PNN,False
RABGGTA,False
NFATC4,False
PLTP,False
PCIF1,False
GSS,False
MMP9,False
VSX1,True
TRPC4AP,False
PYGB,False
ABHD12,False
PROCR,False
GINS1,False
NINL,False
CD40,False
UQCC1,False
ZMYND8,False
SGK2,False
IFT52,False
MYBL2,True
R3HDML,True
HNF4A,False
NDRG3,False
SLA2,False
RAB5IF,False
NFATC2,True
RIMS4,False
PABPC1L,True
STK4,False
SALL4,False
ADNP,False
PFDN4,False
DOK5,False
CSTF1,False
BMP7,False
RAE1,False
TPD52L2,True
DNAJC5,False
NELFCD,False
CTSZ,False
PRPF6,False
TUBB1,True
PRELID3B,True
HRH3,True
MTG2,False
PSMA7,False
SLCO4A1,True
NTSR1,True
MRGBP,False
TCFL5,False
DIDO1,False
GID8,False
SLC17A9,False
BIRC7,True
NKAIN4,False
ARFGAP1,False
AVP,True
COL20A1,True
CHRNA4,False
EEF1A2,False
PTK6,True
GMEB2,False
C20orf27,False
SPEF1,False
CDC25B,False
ISM1,False
RNF24,False
ARFRP1,False
NDUFAF5,False
SEL1L2,False
TRIB3,True
RASSF2,False
CSNK2A1,False
SLC52A3,False
RPS10P5,False
ANGPT4,False
RSPO4,False
CDS2,False
PROKR2,True
HM13,True
SNPH,True
MYLK2,False
SIRPB1,False
SEC23B,False
FERMT1,True
HAO1,False
PDYN,False
CCM2L,True
PLCB4,False
MYL9,False
HCK,False
TM9SF4,False
TLDC2,False
CRNKL1,False
POFUT1,False
SAMHD1,True
PAK5,False
KIF3B,False
MROH8,False
NOP56,True
MANBAL,False
IDH3B,True
MAPRE1,False
JAG1,False
CDK5RAP1,False
SNTA1,False
OXT,False
TTI1,False
E2F1,False
RPRD1B,False
PXMP4,False
CHMP4B,False
BPI,False
CST9L,False
SLC32A1,False
CST3,False
ASIP,False
CST4,False
ACTR5,False
WFDC2,False
AHCY,False
PPP1R16B,True
SPINT3,False
FAM83D,True
EPPIN,False
DHX35,False
DNTTIP1,False
MAP1LC3A,True
SYNDIG1,False
PIGU,False
TNNC2,False
ACOT8,False
APMAP,False
CELF4,False
ZNF516,False
CDH20,False
ADNP2,False
RBFA,False
USP14,False
VAPA,False
METTL4,False
LPIN2,False
SMCHD1,False
MYOM1,True
MYL12A,False
CEP76,False
ST8SIA5,True
CEP192,False
RNMT,False
SMAD7,False
LIPG,False
LAMA1,False
RNF125,False
ANKRD12,False
NOL4,False
POLI,False
MIB1,False
RBBP8,False
RIOK3,False
CSTF2,False
H2BW2,False
MXRA5,False
VSIG1,False
PSMD10,False
ATG4A,False
STS,False
TBL1X,False
GPR143,False
PGRMC1,False
POLA1,False
MID1,True
NKAP,False
RHOXF1,False
NXT2,False
GUCY2F,False
ATP1B4,True
MCTS2,False
ALG13,False
PRPS2,False
TLR8,False
MOSPD1,True
AMMECR1,False
CHRDL1,False
WDR13,False
SUV39H1,False
PAGE4,False
SRPX,False
GLRA2,False
XIAP,False
STAG2,False
ATP11C,False
MCF2,True
F9,True
ABCD1,False
CCDC22,False
CACNA1F,False
SYP,False
PLP2,True
BMX,False
LUZP4,False
PLS3,False
NAA10,False
RENBP,False
ELF4,False
SMARCA1,False
MTMR8,False
ASB9,False
ZC3H12B,False
RBBP7,False
PPP1R2C,False
KCND1,False
OPN1LW,False
SLC25A14,False
FMR1,False
PIM2,False
SCML2,False
SLC35A2,False
PQBP1,False
RS1,False
PCSK1N,False
EMD,False
TAFAZZIN,False
RAB40AL,False
PGK1,False
GATA1,False
MAGT1,False
SMS,False
PHEX,False
UBL4A,False
CD99L2,False
EEA1,False
GPR50,False
RP2,True
JADE3,False
CDK16,False
USP11,False
PCYT1B,False
BRS3,False
HTATSF1,False
VGLL1,False
CD40LG,False
TIMP1,True
KLHL4,False
GABRE,True
PCDH11X,False
FGD1,False
PIN4,False
PORCN,False
ITIH6,False
MAGED2,False
RBM3,False
KLF8,False
SRPX2,False
SYTL4,False
ZDHHC15,False
CENPI,False
DRP2,False
TAF7L,False
PBDC1,False
GLA,True
ARMCX3,False
BEX4,False
RUBCNL,False
NALCN,False
FGF14,False
HTR2A,False
NDFIP2,False
TNFSF13B,False
FNDC3A,False
MLNR,False
CDADC1,False
CAB39L,False
KLF5,True
STK24,False
ACP5,False
DNAJC3,True
UGGT2,False
ARHGEF7,False
FGF9,False
SGCG,False
PARP4,False
SUPT20H,False
MRPS31,False
SLC25A15,False
KPNA3,False
FLT1,True
RGCC,True
VWA8,True
DGKH,False
KATNAL1,False
INTS6,True
ACOD1,False
DHRS12,False
MEDAG,False
TSC22D1,False
CLN5,False
OLFM4,False
MSLN,False
MGRN1,False
ZNF629,False
TRADD,False
HSF4,False
CORO1A,False
MAPK3,False
GDPD3,False
ELMO3,False
MT4,False
PHKB,False
LYRM1,False
NUTF2,False
NUP93,False
CENPT,True
TSNAXIP1,False
NFAT5,False
LONP2,False
N4BP1,False
CBLN1,False
ARL2BP,False
PLLP,False
ZNF423,True
CCL22,False
DHODH,False
CCL17,True
CTCF,False
ACD,False
POLR2C,False
PARD6A,False
ZNF821,False
MMP15,False
USB1,False
CYB5B,False
CCDC113,False
PRSS54,True
NME3,False
NDRG4,True
PSMD7,False
SETD6,False
SLC38A7,True
VAC14,True
HAS3,False
TANGO6,False
COG4,False
SMPD3,False
SLC7A6OS,False
SLC7A6,False
PLA2G15,False
ESRP2,False
FA2H,True
WDR59,False
MON1B,False
CMC2,False
AXIN1,False
HCFC1R1,False
NPRL3,False
MLYCD,False
MPG,False
NECAB2,True
HSDL1,False
TAF1C,False
NAGPA,False
WFDC1,False
SEC14L5,False
COTL1,True
USP10,False
CRISPLD2,True
TSC2,False
ZNF500,False
NME4,False
ABCC1,False
NOMO3,False
LMF1,False
FOXF1,False
CIAO3,False
MTHFSD,False
CLCN7,False
HAGHL,False
ANTKMT,False
SLC7A5,False
METRN,False
FBXO31,False
STUB1,False
RHBDL1,False
NUBP1,False
UBE2I,False
ZP2,False
MEFV,False
CRYM,True
EEF2K,False
CAPN15,False
PIEZO1,True
GSPT1,False
ZNF174,False
CLUAP1,False
UBFD1,False
PRSS33,True
EARS2,True
ELOB,False
GGA2,False
AQP8,False
CPPED1,False
USP31,False
HMOX2,False
DNAJA3,False
CORO7-PAM16,False
BFAR,False
SALL1,False
TOX3,False
RRN3P2,False
RBL2,False
QPRT,True
XYLT1,True
PYCARD,False
RPGRIP1L,False
MAZ,False
STX4,False
CDIPT,False
BCKDK,False
KAT8,False
NOMO1,False
IL21R,True
SYT17,False
TMC5,True
CCP110,False
VPS35L,False
SLC6A2,False
RNF40,False
KNOP1,False
AQP9,True
AAGAB,False
IQCH,True
LACTB,False
CORO2B,True
CSK,False
HERC1,False
TRIP4,False
MTFMT,False
RASL12,True
AP3B2,True
ACSBG1,False
IGDCC4,False
RAB11A,False
CTSH,False
GOLGA8UP,False
TTC23,False
CD276,False
FAH,False
CEMIP,True
RPAP1,False
HOMER2,False
EHD4,False
TMEM87A,False
ZNF106,False
CEP152,False
ATP8B4,False
OCA2,True
DTWD1,False
TGM5,False
ENTREP2,False
GABPB1,False
TJP1,False
BMF,True
DMXL2,False
SCG3,False
DNAJC17,False
EIF3J,False
SPG11,False
RHOV,False
VPS18,False
OIP5,False
SLC30A4,True
BLOC1S6,False
MYEF2,False
SGK3,False
PDGFRL,True
CSPP1,True
ZDHHC2,False
BRF2,False
TRIM35,False
ZFAND1,False
RP1,False
CA2,True
FZD3,False
INTS9,False
RIPK2,False
EYA1,False
NBN,False
TRPA1,False
CPQ,False
DECR1,False
CALB1,False
BPNT2,False
SFRP1,False
LAPTM4B,False
UBE2W,False
POP1,False
NIPAL2,False
IKBKB,False
PLAT,False
JPH1,True
DKK4,False
STK3,False
GDAP1,True
RAB2A,False
EIF3E,False
EMC2,False
ESRP1,False
CCN4,False
NDRG1,True
ZC2HC1A,False
IL7,False
STMN2,False
ARMC1,False
TRPS1,False
SPAG1,True
CHRAC1,False
NCALD,False
SNX16,False
GML,False
UBR5,False
GSDMD,False
GFUS,False
PYCR3,False
EEF1D,True
ANXA13,False
SQLE,False
SH2D4A,False
INTS10,False
ERI1,False
SLC39A14,False
MTMR9,False
LEPROTL1,False
DCTN6,False
R3HCC1,False
GSR,False
TNFRSF10A,False
UBXN8,False
PPP2CB,False
ERICH1,False
NEFM,True
TUSC3,True
ARHGEF10,False
KLHDC4,False
MCM4,False
ADAM2,False
KCTD9,False
FGL1,True
ASAH1,False
BNIP3L,False
MAN2B1,False
KCNN4,False
TULP2,True
NUCB1,False
DHDH,True
GYS1,False
MAP4K1,False
CGB2,False
ECH1,False
HNRNPL,False
NFKBIB,True
LHB,False
CGB3,False
TUBB4A,False
SARS2,False
KCNA7,True
SNRNP70,False
CLPTM1,False
RELB,False
CLASRP,False
LIN7B,False
PPP1R37,False
FCGRT,False
PIH1D1,False
CKM,False
ARHGEF18,False
PPP1R13L,False
PEX11G,False
ERCC2,False
DOT1L,False
PLEKHJ1,False
SLC17A7,False
RNASEH2A,False
KLC3,False
CD37,False
SF3A2,False
AMH,False
DKKL1,False
LYL1,False
OAZ1,False
TRMT1,False
STX10,False
RETN,False
FCER2,False
DMPK,False
CLEC4M,False
RSPH6A,False
TBC1D17,False
IL4I1,False
TLE6,False
YJU2B,False
PTOV1,True
TLE5,False
NOVA2,False
SGTA,False
KIR3DX1,False
LILRB1,False
MED25,False
LILRA1,False
SNAPC2,False
C19orf53,False
TIMM44,False
CCDC61,False
IL27RA,False
ASF1B,False
TNNT1,False
VRK3,False
FAM32A,False
PPP6R1,False
C19orf44,False
MED26,False
OLFM2,True
RASAL3,True
AKAP8,False
EPHX3,True
ILVBL,False
ZNF419,False
SYDE1,False
CASP14,False
SLC1A6,False
AURKC,False
POP4,False
CCNE1,False
URI1,False
PDCD5,False
ANKRD27,False
RPS16,False
TIMM50,False
LGALS13,True
FBL,False
DYRK1B,False
CLC,False
CCNP,False
GPI,False
AKT2,False
PLD3,False
PRX,True
PIAS4,False
NUMBL,False
EBI3,True
YJU2,True
SHD,True
TBCB,False
FSD1,True
POLR2I,False
OVOL3,False
CLIP3,False
ZFR2,False
SLC1A5,True
PRKD2,False
TJP3,False
APLP1,False
CACTIN,False
CCDC9,False
HNRNPUL1,False
FZR1,False
BBC3,False
TGFB1,False
DENND3,False
DMAC2,False
CEACAM4,True
PLIN3,False
MYH14,False
MRPL4,False
SIGLEC8,False
CD79A,False
LIM2,False
ICAM4,True
RPS19,False
NOP53,False
NKG7,False
ICAM5,True
ETFB,False
CD33,False
CEACAM5,True
CRX,False
BABAM1,False
TYK2,False
SULT2A1,True
CDC37,False
NAPA,False
RABAC1,False
ATP1A3,True
MEIS3,False
PTPRS,False
CNFN,False
ZNRF4,False
MEGF8,False
KDELR1,False
CYTH2,False
GRWD1,False
GRIN2D,False
SYNGR4,False
CLEC11A,False
ODAD1,False
CARD8,False
LIG1,False
SIGLEC6,False
ZNF175,False
PLA2G4C,True
SIGLEC5,False
CABP5,True
HAS1,False
RAB3D,False
DBP,False
TMEM205,False
CAPS,False
PLPPR2,False
FAM83E,True
RASIP1,False
THEG,False
FGF21,False
BCAT2,True
MIER2,False
PLEKHA4,False
PPP2R1A,False
TNPO2,False
WDR83OS,False
CACNG7,True
GCDH,False
LILRB5,False
KLF1,False
DNASE2,False
MAST1,False
LENG1,False
PRPF31,False
TFPT,False
JAK3,False
RPL18A,True
SLC5A5,True
KCNN1,True
ARRDC2,True
PIK3R2,False
RAB3A,False
PDE4C,True
ISYNA1,False
ELL,False
CRTC1,False
COMP,False
UPK1A,False
COPE,False
DDX49,False
ETV2,False
ATP4A,False
ARMC6,False
TMEM147,False
GAPDHS,False
ELOCP28,False
MAG,False
TMEM59L,False
HAMP,True
USF2,False
LSR,False
KXD1,False
FKBP8,False
SUGP1,False
HPN,False
ZNF14,False
SCN1B,False
PBX4,True
ERF,False
GSK3A,False
ATP13A1,True
ZNF574,False
GRIK5,True
SIPA1L3,False
ZNF85,False
ETHE1,False
CADM4,False
SMG9,False
AVL9,False
RUNDC3B,True
CFAP69,True
GTPBP10,False
RASA4,False
CDK6,False
PMPCB,False
DNAJC2,False
TFPI2,False
BET1,False
NAMPT,False
POLR1F,False
PIK3CG,False
PON3,False
PON2,False
ITGB8,True
HBP1,False
DUS4L,False
SP4,False
WDR91,False
DNAH11,True
CBLL1,False
DLX5,True
MTPN,False
STEAP1B,False
PTN,False
PALS2,False
GSDME,False
ATP6V0A4,False
ZC3HAV1,True
TTC26,False
OGDH,True
NPVF,False
ADAP1,False
TFEC,False
H2AZ2,False
CAV2,True
CAV1,False
MET,True
RNF32,True
LMBR1,False
NHP2P1,False
WNT2,False
HOXA1,False
DNAJB6,False
HOXA2,False
HOXA3,False
LFNG,False
HOXA5,False
HOXA6,False
BRAT1,False
IQCE,False
ANKRD7,False
VIPR2,False
TSPAN12,False
SSBP1,False
HOXA13,False
CPED1,True
EVX1,False
HIBADH,False
TAX1BP1,False
CPVL,False
CHN2,False
GRB10,True
ABHD11,False
COBL,False
FKBP14,False
PLEKHA8,False
STX1A,False
NOD1,False
GARS1,False
CRHR2,False
EPHB6,False
MINDY4,False
GHRHR,False
NSUN5P2,False
CASP2,False
CHCHD2,False
CCL24,True
HSPB1,True
NPTX2,False
PDAP1,False
BUD31,False
PTCD1,False
CYP3A5,True
ZKSCAN1,False
EIF3B,False
SNX8,False
NUDT1,False
PTPRZ1,False
TAF6,False
WASL,False
HYAL4,False
SPAM1,False
AIMP2,False
TFR2,False
FSCN3,False
MOSPD3,False
PAX4,False
PCOLCE,False
FBXO24,True
PPP1R17,False
RBM28,False
USP42,False
IMPDH1,False
AGFG2,False
LSM5,False
SERPINE1,False
AP1S1,False
MOGAT3,False
C1GALT1,False
PLOD3,False
RPA3,False
ZNHIT1,False
CLDN15,False
NOBOX,False
GLCCI1,True
MYL10,False
PHF14,True
NRF1,False
TMEM106B,False
EZH2,False
CEP41,False
ZNF862,False
SFRP4,False
MEST,False
MEOX2,False
ANKMY2,False
ACTR3C,False
POU6F2,False
TSPAN13,False
RARRES2,True
AGR2,True
AHR,False
CHCHD3,False
GIMAP2,True
TMEM176B,False
GLI3,False
PSMA2,True
MRPL32,False
COA1,False
BLVRA,False
URGCP,False
TMEM248,False
STAG3L4,False
RHEB,False
PRKAG2,False
AEBP1,False
POLD2,False
MYL7,False
GCK,False
BCL7B,False
YKT6,False
TBL2,False
GALNTL5,False
CLIP2,False
EIF4H,True
LIMK1,False
SPATA6L,True
SLC1A1,True
LHX2,False
FKTN,True
FSD1L,False
CNTNAP3,False
SPIN1,False
NMRK1,False
TMEM245,False
PRUNE2,False
MEGF9,False
TRIM14,True
CORO2A,False
TGFBR1,False
SEC61B,False
C5,True
OGN,False
ASPN,False
ECM2,False
TLE4,True
LHX6,False
PTGR1,False
SUSD1,False
AMBP,False
AKNA,False
TNFSF8,False
DNM1,False
ENG,False
AK1,False
CDC37L1,False
RLN2,False
RLN1,False
PLGRKT,False
TBC1D13,False
RIC1,False
KDM4C,False
DOCK8,False
KANK1,False
ELAVL2,False
NCS1,False
TESK1,False
KCNT1,False
CA9,False
FUBP3,False
TYRP1,False
CREB3,False
RGP1,False
MPDZ,False
LHX3,False
RIGI,True
EDF1,False
PIP5K1B,False
GLIS3,True
BAG1,False
RAPGEF1,False
NPDC1,False
APBA1,False
SETX,True
SH3GL2,True
PTGDS,False
ABCA2,False
SHB,False
UBE2R2,False
ABHD17B,False
EXOSC3,True
ZFAND5,True
DVL1,False
PDLIM1,True
CCNJ,False
DNTT,False
GATA3,False
ATRNL1,False
HPS1,False
PHYH,False
RASSF4,True
DNMBP,False
RAB11FIP2,False
CXCL12,False
ERLIN1,False
EIF3A,False
PKD2L1,True
CUBN,True
TRDMT1,False
DDX50,False
MAPK8,False
SEC23IP,False
ATE1,False
NSMCE4A,False
PLEKHA1,False
PALD1,False
UNC5B,True
CDH23,False
VSIR,False
SPOCK2,False
MICU1,False
PPP3CB,False
CCSER2,False
BMPR1A,False
MINPP1,False
ACTA2,False
LIPA,False
TLX1,False
TWNK,False
LZTS2,False
SFXN3,False
KAZALD1,False
FBXW4,False
FGF8,False
NPM3,False
TNKS2,False
PITX3,False
GBF1,False
ARHGAP21,False
CPEB3,False
FBXL15,False
CUEDC2,False
SUFU,False
ANKRD26,False
ACBD5,False
LHPP,False
LARP4B,False
GTPBP4,False
EDRF1,False
BCCIP,False
MTPAP,False
NEURL1,False
SH3PXD2A,False
PITRM1,False
STN1,False
MAP3K8,False
DKK1,True
EBF3,False
GLRX3,False
SORCS1,False
TASOR2,False
XPNPEP1,False
SMC3,False
SHOC2,False
TFAM,False
CCDC6,False
CUL2,False
CCNY,False
UBE2S,False
RPL28,False
ZMIZ1,False
DNAJC12,True
PPIF,True
PBLD,False
TSPAN14,False
LGI1,False
TBC1D12,False
CYP2C18,True
KRT23,True
CRYBA1,False
NUFIP2,False
GIT1,False
RPL19,False
FBXL20,False
RUNDC3A,False
UBTF,False
CSF3,True
PSMD3,False
CASC3,False
RAPGEFL1,False
RGS9,True
RNF43,False
WNT3,False
ASPA,False
RAD51C,False
SEPTIN4,True
MTMR4,False
TRIM37,False
P2RX1,False
DHX40,False
KRT37,False
TUBD1,False
KPNB1,False
GOSR2,True
PNPO,False
TVP23BP2,False
RPS6KB1,False
TRIM16L,False
ZNF29P,False
CDK5RAP3,False
CBX1,False
RECQL5,False
PIGL,False
GALK1,False
INTS2,False
CAMTA2,False
MED13,False
HOXB6,False
ENO3,True
PFN1,False
RNF167,False
SLC25A11,False
RASD1,True
CHRNE,False
RAI1,False
NUP88,False
C1QBP,False
SLC6A4,False
BLMH,False
CPD,False
GOSR1,False
CCDC47,False
MED31,False
DRG2,False
FTSJ3,False
AKAP10,False
ALDH3A1,False
SMARCD2,False
ICAM2,True
SYNGR2,False
B9D1,False
UTP6,False
DDX5,False
C17orf75,False
CYTH1,False
PSMD11,False
LGALS3BP,False
ASIC2,False
CCL7,False
CCL2,False
CCL8,False
CCL1,False
PEX12,False
KRT32,False
DHX58,True
KAT2A,False
RAB5C,False
NAGLU,False
HSD17B1P1,False
HSD17B1,False
MLX,False
CNTNAP1,False
ABI3,True
EZH1,False
DLX4,False
PPP1R9B,False
COL1A1,False
SGCA,False
PTGES3L-AARSD1,True
MRPL27,False
VAT1,False
LRRC59,True
RND2,True
ALOX12,False
HDAC5,False
ABCC3,False
LUC7L3,False
PPY,False
MPP2,False
SMURF2,False
DUSP3,False
CACNG1,False
EFTUD2,False
HLF,False
SLC16A6,True
PRKAR1A,False
EFNB3,False
FAM20A,False
YWHAE,False
MMD,False
RANGRF,False
DPH1,False
MAP2K6,True
DHRS7B,False
WSB1,False
RCVRN,True
MYH1,False
SLC9A3R1,True
MYH3,False
NAT9,False
TMEM104,True
VTN,False
TNFAIP1,False
IFT20,False
TMEM97,False
CDR2L,False
PMP22,False
FOXN1,False
UNC119,False
ALDOC,False
SUPT6H,False
RAB34,False
PHF12,False
PHOX2B,True
TMEM33,False
GABRA4,False
GNRHR,True
SLAIN2,False
OCIAD1,False
UGT2B10,True
CWH43,False
DCUN1D4,False
USP46,False
SULT1E1,False
ODAM,False
SMR3A,False
CHIC2,False
NMU,False
CRACD,False
LAMTOR3,False
PF4V1,False
NFKB1,True
AREG,True
MANBA,False
UBE2D3,False
MAPK10,False
ELF2,False
NDUFC1,False
UCP1,False
TBC1D9,False
ZNF330,False
INPP4B,False
GAB1,False
KLHL2,False
IL2,False
CPE,False
RPL34,False
WFS1,False
ANXA10,False
GRPEL1,False
GAR1,False
FRG1,False
CLCN3,False
AADAT,False
GALNT7,False
DHX15,False
SOD3,False
SEPSECS,False
CPZ,False
TRIM2,False
SLC2A9,True
FBXW7,False
NEIL3,False
TBC1D19,False
CLNK,False
NSD2,False
SH3D19,False
STIM2,False
NKX3-2,False
MFSD10,False
GLRB,False
BST1,True
RAPGEF2,False
HGFAC,False
SNX25,False
LRP2BP,False
UFSP2,False
KLF3,False
KLHL5,False
FAM149A,False
NCAPG,True
UGDH,True
PPARGC1A,True
DDX25,False
CRYAB,True
DBX1,False
HTATIP2,False
CTSC,False
CCDC34,False
ZBTB16,False
ELP4,False
ZPR1,False
MTCH2,False
FNBP4,False
TECTA,True
SC5D,False
CRTAM,True
JHY,False
B3GAT1,False
HSPA8,True
P2RX3,False
VWA5A,False
DNAJC4,False
SIAE,False
SNX15,False
LPXN,False
DTX4,False
ATG2A,False
EHD1,True
OSBP,False
UNC93B1,False
PUS3,False
DCPS,False
KMT5B,False
FOXRED1,False
PPP6R3,False
NRXN2,False
MS4A6A,False
MS4A4A,False
ST3GAL4,False
CPT1A,True
CCND1,False
CCDC86,False
PRPF19,False
TMEM109,False
CCKBR,False
HPX,True
TRIM3,False
CHORDC1,True
FOLR1,False
ANAPC15,False
FOLR3,True
PANX1,False
ARHGEF17,False
APOA5,True
APOA4,True
APOC3,True
CEP164,False
RNF141,False
CEP126,False
EIF4G2,False
IL10RA,True
GALNT18,False
BIRC2,False
UBE4A,False
DDX6,False
UPK2,False
CBL,False
NECTIN1,False
HIPK3,False
KIAA1549L,True
FBXO3,False
PDHX,False
SLC1A2,True
COMMD9,False
SLC15A3,True
CD5,False
ACCS,False
SCGB2A2,False
MDK,False
AMBRA1,False
MADD,False
PTPMT1,False
NAA40,False
CARS1,True
SLC22A18,False
CD81,False
SLC35F2,False
C11orf21,True
ELMOD1,True
CALCA,True
SOX6,False
C11orf58,False
PITPNM1,False
RPS13,True
AIP,False
NUP98,False
NDUFS8,False
TCIRG1,False
CHKA,False
EXPH5,True
HPS5,False
GTF2H1,False
POU2AF1,False
PTPN5,False
VWF,False
PSMD9,False
P3H3,False
PPFIBP1,False
PRPF40B,False
CD69,False
PRDM4,False
CLEC2B,False
COQ5,False
SELPLG,True
CORO1C,False
ASIC1,False
DAO,False
CAPRIN2,True
TSPAN11,False
KCTD10,False
SLC11A2,False
MLEC,False
MVK,False
CSRNP2,True
CAMKK2,False
BIN2,False
IL23A,True
ATP5F1B,False
PTGES3,False
SYT10,False
BCL7A,False
RSRC2,False
CYP27B1,False
MYF6,False
MYF5,False
LIN7A,False
KRT18,True
ACSS3,True
TNS2,False
GLI1,False
PPM1H,False
METAP2,False
LTA4H,False
ELK3,True
SLC6A12,True
WNT5B,False
MAGOHB,False
TRPV4,False
ITFG2,False
FOXM1,True
PRR4,False
PRMT8,False
PARP11,False
ARPC3,False
GPN3,False
VPS29,False
FGF6,False
MYL2,False
RAD51AP1,True
CUX2,False
SH2B3,True
AKAP3,False
MANSC1,False
KCNA1,False
DUSP16,True
CREBL2,False
ACAD10,False
ALDH2,False
CDKN1B,False
GPRC5D,True
NAA25,False
GSG1,False
SCNN1A,False
LTBR,False
OGFOD2,False
CDK2AP1,False
OAS3,True
OAS2,True
ART4,True
MGP,False
RASAL1,False
ARHGDIB,True
GTF2H3,False
EIF2B1,False
DDX55,False
SLC38A1,True
RERGL,False
ENDOU,False
SPRING1,False
VDR,False
FZD10,False
RFC5,False
STX2,False
ADGRD1,True
COPZ1,False
TBC1D30,False
CAND1,False
IL26,False
IFNG,True
RAB5B,False
MDM1,False
NUP107,False
CNOT2,False
TIMELESS,False
CPSF6,False
KRR1,False
MRPL51,False
GAPDH,True
NOP2,False
CHD4,False
ACRBP,True
BLTP3B,False
COPS7A,False
ING4,False
GNB3,False
CDCA3,False
CHPT1,False
USP5,False
TPI1,False
GNPTAB,False
SPSB2,False
ENO2,True
ATN1,True
C12orf57,False
PTPN6,True
LPCAT3,False
NT5DC3,True
SLCO1B3,True
APOBEC1,False
NANOG,True
SUDS3,False
GOLT1B,False
GYS2,False
LDHB,False
PRKAB1,False
CMAS,False
HCFC2,False
ST8SIA1,False
CLEC4A,False
C2CD5,False
AICDA,False
RAB35,False
PHC1,False
COX6A1,False
RFX4,False
RIC8B,True
SRSF9,False
FGFR1OP2,False
KLRB1,False
COL12A1,False
BTN3A3,False
TDP2,False
FRK,False
DSE,True
RWDD1,False
RSPH4A,False
MAK,True
TMEM14C,False
PAK1IP1,False
GCNT2,True
SMIM8,False
NEDD9,False
CEP85L,False
ADTRP,False
ASF1A,False
MCM9,False
FAM184A,True
RNGTT,False
MAN1A1,False
GABRR2,True
SERINC1,False
HDDC2,False
TPD52L1,False
HINT3,False
NCOA7,False
RIPOR2,False
SASH1,False
UST,False
ULBP1,True
FBXO5,False
MTRF1L,False
PPARD,False
OPRM1,False
FANCE,False
TULP1,False
SLC26A8,False
MAPK14,False
RHAG,True
KCTD20,False
STK38,False
SRSF3,False
MRPL18,True
IL17A,False
IL17F,False
MCM3,False
RNF8,False
PHACTR1,False
MDGA1,False
CILK1,False
FBXO9,False
CD83,True
MDN1,False
GLP1R,False
SAYSD1,False
BMP5,False
BACH2,True
RBM24,True
CAP2,False
TREML2,False
ZNF451,False
BAG2,True
RAB23,True
TSPO2,False
FHL5,True
GPR63,False
KHDRBS2,False
FBXL4,False
CCNC,False
PRDM13,False
E2F3,False
PTP4A1,True
SIM1,False
ASCC3,False
HDGFL1,False
BVES,False
COL9A1,True
MED23,False
WASF1,False
GPLD1,False
ALDH5A1,False
CRYBG1,False
VNN1,True
VNN2,False
ACOT13,True
SMAP1,False
RPS12,False
C6orf62,True
B3GAT2,False
GMNN,False
EYA4,False
SOBP,False
NR2E1,False
SNX3,False
SLC17A2,True
HBS1L,False
TRIM38,False
PEX7,False
ZBTB24,False
FIG4,False
PERP,False
ARFGEF3,False
SLC16A10,True
HECA,False
ADGRG6,False
PHACTR2,False
EPM2A,False
OR12D3,False
SLC39A7,False
CCR6,False
UNC93A,False
SLC22A2,False
PHF1,False
CUTA,False
PACRG,False
QKI,False
C6orf118,False
PDE10A,False
MDFI,False
TFEB,False
SMOC2,False
CCND3,False
BYSL,False
FAM120B,False
TBP,False
GUCA1B,True
PRPH2,False
BICRAL,False
PPP2R5D,False
MRPL2,False
PTK7,False
SRF,True
CUL9,True
DNPH1,False
DUSP22,False
EXOC2,False
COX7A2,False
TMEM30A,False
GMDS,False
SENP6,False
IMPG1,False
VEGFA,False
PRPF4B,False
TTK,True
SLC29A1,False
CCN6,False
BTN2A1,False
LAMA4,False
TENT5A,False
CLIC5,True
FBRSL1,False
ENPP5,False
LY86,False
PRSS16,False
MEP1A,False
TBX18,False
ERBIN,False
PCDHB2,False
HARS2,False
NUDT12,False
CEP72,False
MAN2A1,False
SEMA5A,True
C7,False
TENT4A,False
GHR,False
HMGCS1,False
DAP,False
NME5,True
BRD8,False
KIF20A,True
NNT,False
MRPS30,False
HSPA9,True
MRPS27,False
PFDN1,False
HBEGF,True
SLC4A9,False
LOX,True
GZMK,False
CDH9,False
APBB3,False
TMCO6,False
SPARC,False
IK,False
HMGCR,False
CERT1,False
FAF2,False
HAND1,True
PCDHB3,False
PCDHB5,False
PCDHB6,False
PCDHB7,True
PDE8B,False
CLK4,False
PCDHB15,False
HAVCR1,True
GRM6,False
ITK,False
RNF130,False
THG1L,False
ARSB,True
CLINT1,False
THBS4,False
CNOT6,False
IL12B,True
BTNL8,False
TTC1,False
MSH3,False
RASGRF2,True
GABRG2,False
CCNG1,False
POLR3G,False
DROSHA,False
CDH6,False
LMNB1,False
ARRDC3,False
GOLPH3,False
SUB1,False
NPR3,False
FAM172A,False
SLC27A6,True
TARS1,True
IRX4,False
LNPEP,False
PDE4D,False
RAD1,False
BRIX1,False
AGXT2,False
PRLR,True
SLC12A7,True
IL4,False
RAD50,False
IL5,False
ST8SIA4,False
GNPDA1,False
PCDH12,False
SKP1,False
NUP155,False
PPP2CA,False
FGF1,False
NR3C1,True
C5orf15,False
PPWD1,False
LIFR,False
TRIM23,False
TRAPPC13,False
C9,True
SEC24A,False
TXNDC15,False
TTC33,False
RARS1,False
WWC1,False
MACROH2A1,False
TCERG1,False
DPYSL3,False
SMAD5,False
CSNK1A1,False
HMGXB3,False
ERGIC1,False
PDGFRB,False
CDX1,False
ATP6V0E1,False
BNIP1,False
STC2,True
CPEB4,False
HRH2,False
DBN1,True
ZNF346,False
UNC5A,False
EHHADH,False
CNTN3,False
SMC4,False
SELENOK,True
ACTR8,False
TBCCD1,False
TIMMDC1,False
CRBN,False
KNG1,False
HRG,False
BCL6,False
HGD,False
CLDN16,False
ARL6,False
NPHP3,False
CD86,False
AMOTL2,True
NIT2,False
FAM162A,False
OGG1,False
KPNA1,False
PCCB,False
UBE3A,False
ARMC8,False
CEP70,False
RBP2,False
RBP1,True
SLC25A36,False
GRK7,True
RNF7,False
TFDP2,False
XRN1,False
KAT2B,False
BCHE,False
SERPINI2,False
PDCD10,False
LRRC31,False
WNT5A,False
PFKFB4,False
COL7A1,False
FGF12,False
PRKAR2A,False
HES1,True
USP4,False
ACAP2,False
ECT2,False
GNAT1,True
GNAI2,False
TFG,False
USP9Y,False
HYAL1,False
TUSC2,False
NPRL2,False
RPL24,True
CYB561D2,False
C3orf14,False
FXR1,False
CBLB,False
BBX,False
IFT57,True
GNB4,False
HHLA2,False
IQCG,False
GBE1,False
MORC1,True
UMPS,False
NCBP2,False
SNX4,False
C3orf52,True
FRMD4B,True
SLC41A3,False
ROPN1B,True
PLXNA1,False
ATP6V1A,False
ABTB1,False
PODXL2,False
UPK1B,False
CSPG5,True
KLHL18,True
SCAP,False
EFCC1,False
CFAP92,False
NEK11,True
MRPL3,False
PLSCR4,False
HEMK1,False
CISH,False
MAPKAPK3,False
ACVR2B,False
WDR48,False
COMMD2,False
GORASP1,False
PEX5L,False
RRP9,False
ABCC5,True
AADAC,True
ABHD14B,False
EIF1B,False
ABHD14A-ACY1,False
ARHGEF26,False
KLHL24,False
PLCH1,False
VIPR1,False
DNAH1,True
SSR3,False
ZBTB47,False
TNNC1,False
NKTR,False
CLCN2,False
FOXP1,True
EIF4G1,False
SPCS1,False
NEK4,False
SLC4A3,False
INO80D,False
EEF1B2,False
ADAM23,False
DGUOK,False
MOB1A,False
KANSL3,False
LMAN2L,False
RTKN,False
TTL,False
IL1A,False
CCL20,False
PIKFYVE,False
KCNIP3,False
FAHD2A,False
NCL,False
ACTR1B,False
SLC35F5,False
ZAP70,False
ACTR3,False
STEAP3,False
EPB41L5,False
TFCP2L1,False
SF3B6,False
TP53I3,False
DNAJC27,False
POMC,True
STAM2,False
OTOF,False
GPD2,False
CENPA,False
CYTIP,False
ACVR1,False
TANC1,False
SLC30A3,False
MPV17,False
GTF3C2,False
EIF2B4,False
NRBP1,False
ITGB6,False
FNDC4,False
ITGA4,False
PSMD14,False
SNX17,False
ASB3,True
PPM1G,False
PDE1A,False
REEP6,True
PCSK4,False
GCG,False
APC2,True
IFIH1,True
RPS15,True
GCA,False
INO80B,False
MOGS,False
TTC31,False
NDUFS7,False
PCGF1,False
GRB14,True
CLIP4,True
TLX2,False
SPTBN1,False
AUP1,False
RTN4,False
HTRA2,False
LOXL3,False
DOK1,False
GALNT3,True
POLE4,False
TACR1,False
CCDC88A,False
ACADL,False
EVA1A,False
MRPL19,False
LANCL1,False
WDR75,False
EFEMP1,False
REG1A,False
FANCL,False
FN1,False
STAT1,True
GLS,False
PAPOLG,False
DNAH6,False
PECR,False
UNC50,False
IGFBP2,False
ELMOD3,False
IGFBP5,False
USP34,False
EFHD1,False
KCNJ13,False
CCT4,False
GGCX,False
NEU2,False
EHBP1,False
OTX1,False
TXNDC9,False
COQ10B,False
GNLY,True
SF3B1,False
ST3GAL5,True
CHST10,False
PDCL3,False
MOB4,False
HSPE1,True
KDM3A,False
PLCD4,True
CHMP3,False
ZNF142,False
IL1R2,False
PRKAG3,False
SMYD1,False
IL1R1,True
WNT6,False
IL1RL2,False
IL1RL1,False
IL18R1,True
IL18RAP,False
SLC9A2,False
FHL2,True
MLPH,False
CNPPD1,False
UXS1,False
ABCB6,False
STK16,False
SLC5A7,False
HDLBP,False
PPP1R7,False
PASK,False
STK25,False
TPO,False
PROC,False
ID2,True
TAF1B,False
HPCAL1,True
ODC1,True
BIRC6,False
NOL10,False
PLEKHB2,False
GORASP2,False
STRN,False
CEBPZ,False
PRKD3,False
DCAF17,False
QPCT,False
RAB3GAP1,False
SLC25A12,False
RMDN2,False
DLX2,True
LCT,True
DARS1,False
SRSF7,False
SDC1,False
PLCL1,True
SLC1A4,True
SOS1,False
KYNU,True
LINC02566,False
WIPF1,False
ORC2,False
COX7A2L,False
PNO1,False
ORC4,False
PLEK,True
RND3,True
ATF2,False
THADA,True
AAK1,False
TRAK2,False
C2orf42,False
TIA1,False
PCYOX1,False
KISS1R,False
EPAS1,False
ARID3A,False
SUMO1,False
CD207,False
GRIN3B,False
VAX2,False
ATP6V1B1,False
NFE2L2,False
MSH6,False
PLEKHA3,False
SPR,False
EPHA4,False
PARD3B,True
FARSB,False
ALMS1,False
BCL9,False
PRRX1,False
DHCR24,True
DNAJC16,False
MARK1,False
TNR,False
MORN1,False
GPX7,False
CACYBP,True
SCP2,False
TPSG1,False
PAPPA2,False
RALGPS2,False
ANGPTL1,False
CEP104,False
FAM20B,False
TCEANC2,False
TMEM59,False
LRRC42,False
WRAP73,False
NPHS2,False
MRPL37,False
ICMT,False
RPL22,False
CHD5,False
QSOX1,False
STXBP3,False
PHF13,False
ERRFI1,False
PARK7,False
ELAPOR1,True
OPRD1,False
AMPD2,False
SRSF4,False
MECR,False
KCNC4,False
EDEM3,True
WDR77,False
ATP5PB,False
RAP1A,False
HDAC1,False
CAPZA1,False
S100PBP,False
RNF19B,False
SCAMP3,False
TRIM62,False
ASH1L,False
DLGAP3,True
SFPQ,False
RHOU,True
GON4L,False
ARHGEF2,False
LAMTOR2,False
MEF2D,False
DOCK7,False
SRM,False
DLEU2L,False
FBXO2,False
FBXO6,False
C1orf21,False
SWT1,False
MAD2L2,False
DNAJC6,True
LEPR,False
IVNS1ABP,False
KIAA2013,False
MFN2,False
PRG4,False
MIIP,False
SMG7,False
NCF2,True
PDC,False
SLC35D1,False
PLA2G4A,False
GADD45A,True
PRAMEF1,False
PRAMEF12,False
WLS,True
PRDM2,True
RGS2,False
RPE65,False
RO60,False
AMPD1,True
UCHL5,False
BCAS2,False
SRSF11,False
CTH,True
AGMAT,False
OLFML3,True
TNNI3K,False
CFHR3,False
PLEKHM2,False
CRYZ,False
PHTF1,False
ZBTB17,False
CD58,False
TFAP2E,True
CD2,False
TTF2,False
NR5A2,False
KIF21B,False
TMEM9,False
ADPRS,False
MAP7D1,False
WARS2,False
HAO2,True
OSCP1,True
MRPS15,False
EXOC8,False
GNPAT,False
TSNAX,False
C1orf109,False
RRAGC,False
NID1,False
LGALS8,False
NT5C1A,False
HPCAL4,False
MTR,False
BMP8B,False
MYCL,False
SIPA1L2,False
ZP4,False
RLF,False
KMO,True
ZNF684,False
KCNQ4,False
RIMS3,False
AKT3,True
ETV3,False
ACADM,False
ST6GALNAC5,False
SLAMF1,False
CD48,True
ADGRL2,False
PADI2,False
SDHB,False
MFAP2,False
RPF1,False
KDM5B,False
UAP1,False
ACTL8,False
CTBS,False
RGS4,False
KLHL12,False
IGSF21,False
SSX2IP,False
ZNHIT6,False
PLA2G2D,False
RBBP5,False
GBP3,True
GBP1,True
PINK1-AS,False
KIF17,True
GPR89A,False
CDK18,False
RAB29,False
CD160,False
ECE1,False
HMGCL,False
GALE,False
ID3,True
CR2,False
CD46,False
PRPF3,False
APH1A,False
P3H1,False
SLC2A1,False
EBNA1BP2,False
CDC20,False
MPL,False
ARTN,False
IPO13,True
ATP6V0B,False
B4GALT2,False
ERI3,False
PTCH2,False
AKR1A1,False
PRDX1,True
PIK3R3,True
TSPAN1,False
BLZF1,False
CCDC181,True
SLC19A2,False
FAAH,False
NSUN4,False
TMED5,False
MROH9,True
DR1,False
FMO6P,False
CNN3,False
PRRC2C,False
F3,True
ABCD3,False
VAMP4,False
DPH5,False
FASLG,True
PTBP2,False
TNFSF4,False
PRDX6,False
DARS2,False
HSD11B1,False
IRF6,False
UTP25,False
PLPPR5,False
PLPPR4,False
SERPINC1,True
RCAN3,False
SYF2,False
RSRP1,False
SLC35A3,False
RCOR3,False
STMN1,True
MTFR1L,False
MAN1C1,True
NEK2,True
RPS6KA1,False
DHDDS,False
NENF,False
NSL1,False
PROX1,False
ARID1A,False
CENPF,True
RPA2,False
PPP1R8,False
STX12,False
MTARC2,False
SLC5A9,True
OSBPL9,False
TXNDC12,False
ESYT2,False
POLR1G,False
MESD,False
RCN2,False
CHRNB4,False
MUC5B,False
CTSD,True
COLEC11,True
STAG1,False
A4GNT,True
STK11,False
KMT2A,False
TREH,False
IFT46,False
MMP8,False
APOA1,True
ZNF541,False
SLC8A2,True
KPTN,False
RPS25,True
KIF14,True
TNNT2,True
DDX59,False
CAMSAP2,False
ATF6,False
CRYGD,False
MREG,False
TNP1,True
FASTKD2,False
NRP2,False
CREB1,False
KLF7,False
TTR,True
B4GALT6,False
C1orf54,False
CA14,False
DNAI7,True
IRAG2,False
ATP10B,False
SPCS2,False
USP35,False
ELOVL4,False
FILIP1,False
CASP8AP2,False
HMGN3,False
UBE3D,False
CNR1,False
SPACA1,False
ANKRD13C,False
SGIP1,False
PHF3,False
ZC2HC1B,False
ADGB,False
PLAGL1,False
FBXO30,False
TNFAIP3,True
AKAP7,False
RAB32,False
MYB,False
ALDH8A1,True
SGK1,True
RNF146,False
ARG1,False
CCN2,True
TCF21,False
PMFBP1,False
FBXL5,False
MED28,False
SLC16A7,False
RXYLT1,False
ZNF430,False
VAMP8,False
DCLRE1B,False
MYL12B,False
FOXO3,False
ARMC2,False
GHRH,False
RPN2,False
TGIF2,False
CASQ2,False
OLFM3,True
PKD2,False
ABCG2,False
SPP1,True
STBD1,True
CCNI,False
RARRES1,True
MFSD1,False
RAB3GAP2,False
EEF2KMT,False
PPL,True
UBN1,False
BTF3P11,False
KLF12,False
UCHL3,False
PCDH17,False
HS1BP3,True
LDAH,False
WDR35,False
CCND2,False
FGF23,False
OTUD4P1,False
ELL2,False
GLRXP3,False
DNAH7,False
CYP20A1,False
NDUFB3,False
GTF3C3,False
SATB2,False
UBE2B,False
TRPM6,False
GDA,False
KLF9,False
TJP2,False
ECRG4,False
ITGB1BP1,False
CPSF3,False
PIGZ,False
SENP5,False
CCDC92,False
C1orf198,False
TRIM67,True
HEATR1,False
PTBP3,False
RAD23B,False
FKBP15,False
CTNNAL1,True
ABITRAM,True
DYNC2I2,False
SET,False
PTPA,False
GLE1,False
RAB14,False
CNTRL,False
TRIM32,False
FBXW2,False
PHF19,True
NEK6,False
BSPRY,False
PPP6C,False
NDUFA8,False
HDHD3,False
LCN1P1,False
RBM18,False
SLC46A2,False
HSDL2,False
MAPKAP1,False
NR4A3,True
INVS,False
GALNT12,False
DENND1A,False
ALG2,True
CSF3R,False
KDSR,False
VPS4B,False
ONECUT2,True
C19orf25,False
ZBTB45,False
YLPM1,False
DCAF4,False
PROX2,False
VSX2,False
FCF1,False
PGF,False
IFI27L2,False
BBOF1,True
NEK9,False
ACYP1,False
IFT43,True
NPC2,False
DPPA5P4,False
DNAL1,False
IRF2BPL,False
ACOT2,False
LTBP2,True
AREL1,False
MLH3,False
TTLL5,False
FLVCR2,False
ABCD4,False
DLST,False
PPP4R4,False
TGFB3,False
ZC2HC1C,False
SLIRP,False
RBM25,False
ALDH6A1,False
GPR68,False
ESRRB,True
EIF2B2,False
NRDE2,False
COQ6,False
ZNF410,False
RHOQ,False
GPR75,True
SUPT7L,False
KLHL29,True
DNMT3A,False
TMEM214,True
ATAD2B,False
FKBP1B,False
ATL2,False
YPEL5,False
FAM98A,True
YIPF4,False
AFTPH,False
LGALSL,False
CNRIP1,False
BCL11A,False
CRIPT,False
EPCAM,False
SLC17A5,False
OGFRL1,False
SLF2,False
IDE,False
TECTB,True
ELOVL3,True
IFIT3,True
NKX2-3,True
IFIT2,True
GPAM,True
CUTC,True
PPP1R3C,True
PYROXD2,True
CNNM1,False
MXI1,False
SMNDC1,False
C10orf88,False
HELLS,False
PRLHR,True
TCTN3,False
DENND10,False
AVPI1,False
WDR11,False
ARMH3,False
KCNIP2,False
CFAP58,False
GOT1,False
CPN1,False
C10orf95,False
SFRP5,False
GNA13,False
HOXB8,False
KANSL1,False
HOXB5,False
CRHR1,False
HOXB3,False
HOXB1,False
DUSP1,True
PANK3,False
MSX2,False
TEK,False
RCL1,False
CAAP1,False
EQTN,False
MOB3B,True
INSL6,False
INSL4,False
MLANA,False
CD274,False
IFNA6,False
IFNA8,False
GRIA2,False
NUP43,False
MTHFD1L,True
LRP11,False
CCDC170,False
PCMT1,False
PLEKHG1,False
MYCT1,False
TASL,False
MAGEB4,False
CYSTM1,True
WDR55,False
ARAP3,False
PCDHB8,False
PCDHB10,False
PCDHB14,False
PCDHB12,False
SLC25A2,False
TNN,False
MRPS14,False
CENPL,False
TNFSF18,False
SEC16B,False
GORAB,False
GPR31,False
ACAT2,False
TCP1,False
TTLL2,False
SNX19,False
KCNJ5,False
MSANTD2,False
TP53AIP1,True
TEX11,False
ARR3,False
PDZD11,False
SLC10A7,True
NUDCD1,False
ENY2,False
MASTL,False
KIAA1217,False
SEPTIN7P9,False
LYZL1,False
PLXDC2,False
EPC1,False
IQSEC3,False
CCDC77,False
TAF12,False
ENOX1,False
TNFSF11,False
MTRF1,False
SPART-AS1,False
SOHLH2,False
DNAJC15,False
PROSER1,False
UFM1,False
WBP4,False
ELF1,False
SMAD9,False
HSPH1,True
KBTBD7,False
ALG5,False
EXOSC8,False
ETF1,False
TGFBI,False
FAM53C,False
SIL1,False
PAIP2,False
MYOT,False
KDM3B,False
EGR1,True
SERP1,False
PLS1,False
ZFP30,False
NR2C1,False
UTP20,True
TMPO,False
ARL1,False
GLT8D2,False
MTERF2,False
SOCS2,False
NFYB,False
WASHC3,False
APAF1,False
DUSP4,False
CLU,True
TNFRSF10B,False
SORBS3,False
PTK2B,False
CHRNA2,False
ADRA1A,False
PPP3CC,False
PDLIM2,False
EPHX2,False
RNF170,False
NPPB,True
UBIAD1,False
TARDBP,False
TNFRSF8,True
PRAMEF2,False
ZNF706,False
LYPLA1,False
CRISPLD1,False
COPS5,False
RDH10,True
EPX,False
AKAP1,False
COIL,False
TRIM25,True
SCPEP1,True
SPOP,False
TBX2,False
SLC35B1,False
TBX4,True
NACA3P,False
TEX14,True
FAM117A,True
NCAPH,True
LRAT,False
TMEM131L,False
MND1,False
TRIM6,False
ABCC11,False
TENT4B,False
ADCY7,True
CEP89,True
TSHZ3,False
ECHDC2,False
TAS2R8,False
PLBD1,False
TAS2R10,False
PRB2,False
PYROXD1,False
IAPP,True
KCNJ8,True
TAS2R7,False
BCL2L14,False
TAS2R9,False
PSPC1,False
ZNF549,False
A1BG,False
ZSCAN18,False
ZNF211,False
PDZRN3,False
RGSL1,False
LHX4,True
RNF2,False
TRMT1L,False
SEC22A,False
CSTA,False
DPPA4,False
POPDC2,False
B4GALT4,False
NAA50,False
CD80,False
KIF18A,True
GJA8,True
DESI2,False
MAPK8IP1,True
CRY2,False
PEX16,False
DEPDC7,False
CAT,False
PILRB,False
ZMYM2,False
GJB6,True
GJA3,False
TBC1D15,False
ADGRB2,False
HCRTR1,False
ZCCHC17,False
FABP3,False
KHDRBS1,False
TMEM39B,False
CCRL2,False
CCR2,False
POLR3GL,False
GHSR,True
TNFSF10,True
ZNF639,False
SLITRK3,False
PIK3CA,False
PDS5A,False
TMEM156,True
LIAS,False
CPXM2,True
TMEM54,False
ZSCAN20,False
CSMD2,False
HPCA,False
LRIF1,False
TMIGD3,False
CLCC1,False
GPSM2,False
GTDC1,False
CXCR4,False
ZRANB3,True
ACVR2A,False
POLK,False
SV2C,False
FLT3,True
RPL21,True
MTIF3,False
GTF3A,False
RASL11A,False
UBL3,False
LINC00544,False
FYTTD1,False
MTERF4,False
XPNPEP2,False
SASH3,False
OCRL,False
PAEP,True
OBP2A,False
MRPS2,False
TBX22,True
FMOD,False
MYOG,False
LAX1,False
PLG,False
KIAA1191,False
COPA,False
CD244,False
LY9,False
HS3ST2,False
RBBP6,True
ZC3H7A,False
PRM2,False
SERAC1,False
ANXA11,False
LDB3,False
OPN4,False
SHLD2,False
PRXL2A,False
ZNF205,False
NAA60,False
RPL5,False
ODF2L,True
PTGFR,False
SPATA1,False
TRMT13,False
LRRC39,False
RWDD3,False
ZNF644,False
CCDC18,False
RPAP2,False
SLC66A2,False
BBS9,True
PMS2,False
ZMIZ2,False
OCM,True
SEPTIN7,False
EEPD1,True
KIAA0087,False
KLHL7,False
HERPUD2,False
CBX3,False
HNRNPA2B1,False
WIPF3,False
NXPH1,False
NPY,False
HYCC1,True
HOXA7,False
INHBA,True
FKBP9,False
NT5C3A,False
ARL4A,True
CCZ1,False
POLM,False
RAMP3,False
MRM2,False
TWIST1,False
SMU1,False
GLIPR2,False
SLC25A51,True
CLTA,False
RECK,False
SPINK4,False
TAF1L,False
ACO1,False
PHF24,True
DNAI1,True
DCAF10,False
CNTFR,False
KIAA1549,False
TRIM24,False
CYREN,True
CALD1,False
AKR1D1,False
NUDT10,False
SFTPA1,True
NEUROG3,False
PLAU,True
SRGN,False
CHST3,False
BICC1,True
ARL4AP1,True
CISD1,False
EGR2,True
ECD,False
P4HA1,False
SLC25A16,False
ZWINT,True
VPS26A,False
RBM19,True
CIT,True
IFT81,False
ACADS,False
HVCN1,True
NME2P1,False
DDX54,False
MED13L,False
CDKN2C,False
RNF11,False
RASSF8,False
BHLHE41,True
SSPN,False
ITPR2,False
CCDC91,False
NECAB1,True
WWP1,False
ACOT9,False
PRDX4,False
DDX39A,False
PKN1,False
TRIR,False
ADGRE5,True
WDR83,False
GIPC1,False
ACTRT1,False
CCDC70,False
SPRYD7,False
EBPL,False
ATP7B,False
ZC3H13,False
GUCY1B2,False
NLN,False
CENPK,False
OPTN,False
ITIH5,False
ATF1,False
TSFM,False
NEUROD4,False
ARHGAP9,True
NCKAP1L,False
MMP19,True
PFDN5,False
SPATS2,False
ORMDL2,False
NR4A1,True
PDE1B,True
HOXC13,False
CDK2,False
LRP1,False
HOXC11,False
ATG101,False
NFE2,False
HOXC12,True
IKZF4,True
SMUG1,False
TUBA1B,True
EEF1AKMT3,False
KBTBD4,False
TYRL,False
SARDH,True
DBH,False
ATPAF1,False
STIL,True
HJURP,True
IL13RA2,False
COL10A1,False
AMD1,False
NDUFAF4,False
USP45,False
PLP1,False
SERPINA7,True
MORF4L2,False
H2BW1,False
RAB9B,False
NRK,False
FAM199X,False
ESX1,False
MAGEA9,True
ATXN3L,True
RAB9A,False
METTL8,False
TTC21B,False
NMI,True
TNFAIP6,False
ACVR1C,False
BAZ2B,False
SLC36A1,False
LPGAT1,False
BATF3,False
G0S2,True
KCNJ2,True
RAP2C,False
EXOSC9,False
PLA2G12A,False
B9D2,False
COQ8B,False
PFKFB2,False
C4BPA,True
C4BPB,False
ZNF137P,False
RAB38,False
GPR83,True
AGO2,False
MXD4,False
PMS2P5,False
CKS2,False
DAW1,False
ACSL3,False
CHPF,False
DNPEP,False
INHA,False
MOGAT1,False
OBSL1,False
FAM124B,False
SLC12A4,False
ENKD1,False
MC3R,False
GCNT7,False
CTCFL,False
HMGB1P1,False
FAM210B,False
PI3,False
FAM209A,True
SNX21,False
SLPI,False
WFDC3,False
TTPAL,False
PREX1,False
KCNS1,True
SLC12A5,False
ARHGAP40,False
SDC4,True
NCOA3,False
PIGT,False
SEMG2,False
MATN4,True
NCOA5,False
VAPB,False
PARD6B,False
ATP5F1E,False
CHD6,False
PLCG1,False
TOX2,False
SRSF6,True
GDAP1L1,False
GTSF1L,False
ARFGEF2,False
ZNFX1,True
ZNF831,False
EDN3,False
CSE1L,False
PEDS1-UBE2V1,False
RAB22A,False
PTGIS,False
STAU1,False
CDH26,True
SNAI1,True
MOCS3,False
STX16,False
PPP4R1L,True
PMEPA1,True
RNF114,False
ANKRD60,False
DDX27,False
RBPJL,True
SEMG1,False
C20orf85,False
BCAS4,False
KCNK15,False
TP53TG5,False
PCK1,True
ZBP1,True
NEURL2,False
MAGEA10,False
MTRR,False
FASTKD3,False
PEPD,False
CHST8,False
IQSEC2,False
VAMP7,False
IL9R,False
XG,True
STAMBP,False
NAGK,False
MCEE,False
PAIP2B,False
SNRNP27,False
MPHOSPH10,False
IL17C,False
NDUFB4P12,False
ATP8A1,True
USP22,False
POF1B,True
HIF3A,True
ZNF576,False
IRGC,True
ZNF45,False
LYPD3,True
PSG8,False
CEACAM8,False
NDP,False
USP9X,False
CRISP2,False
F13A1,False
GRM4,True
TRERF1,True
PACSIN1,False
BTN2A2,False
SIRT5,False
MRS2,False
WRNIP1,False
RRP36,False
BTN2A3P,False
BTN1A1,False
SNRPC,False
SLC17A3,False
SLC17A1,False
SERPINB6,False
XPO5,False
ABCC10,False
H1-3,False
PEX6,False
NQO2,False
OARD1,False
UNC5CL,False
AARS2,False
H1-1,True
ZNF391,False
RPS10,True
MOCS1,False
H2BC11,False
MED20,False
OR2B6,False
TBCC,False
SPDEF,True
TCP11,False
MAD2L1BP,False
APOBEC2,False
KLHDC3,False
GNMT,False
DNAH8,False
TREM1,False
MEA1,False
KLHL31,False
COL21A1,True
CDKN1A,True
SOX4,False
GLO1,False
CPNE5,False
KCNK17,False
RREB1,False
SSR1,False
RIOK1,False
NRN1,False
SLC35B3,False
RPP40,False
ATXN1,False
NUP153,False
DEK,False
EEF1E1,False
CRISP1,False
RUNX2,False
OPN5,False
GCM2,False
LRRFIP1,False
RAB17,False
CXCL6,False
EREG,True
TRIM51,False
MYRF-AS1,False
MYRF,False
SCGB1D2,False
SCGB2A1,True
AHNAK,True
EMC3,False
SSUH2,True
WNT1,False
SH3TC1,False
CNOT1,False
FBXL9P,False
BBS2,False
MT1G,True
MT2A,False
PHAF1,False
GOT2,False
DOK4,False
PIWIL1,False
GPR18,False
CLYBL,False
TMTC4,False
RAP2A,False
SLC10A2,False
ABCC4,False
EFNB2,True
SOX21,False
TM9SF2,False
HROB,False
KIF25,True
IRF1,True
UPF3B,False
RNF113A,False
SEPTIN6,False
TMEM255A,False
NDUFA1,False
AMELX,False
DMAC2L,False
BMP4,False
PTGER2,False
RPL32P21,False
FAM193A,False
GRK4,True
SOX9,False
TEKT3,False
MYH2,False
HS3ST3B1,False
SLC25A35,False
MRPS7,False
GGA3,False
ARMC7,False
NUP85,False
SLC25A19,False
MIF4GD,False
NT5C,False
MSTO1,False
MIR9-1HG,True
TTF1,False
GTF3C4,False
DDX31,False
BARHL1,False
KIR2DL1,False
PPP1R12C,False
MBOAT7,False
SRMS,True
OPRL1,False
LINC00029,False
SLC2A4RG,False
NPBWR2,False
FNDC11,False
BHLHE23,False
PPDPF,False
IL1B,False
PLGLB2,False
IL37,False
CHCHD5,False
PAX8,True
INSIG2,False
POLR1B,False
HTR5BP,True
CCDC93,False
PSD4,False
SLC25A23,False
PSPN,False
GTF2F1,False
ALKBH7,False
CLPP,False
TNFSF9,True
GRIA3,False
THOC2,False
MED1,False
RPL23,False
ATG4C,False
CD70,False
C3,False
SH2D3A,False
TRIP10,False
GPR108,False
TNFSF14,True
FOSB,True
OPA3,False
SNRPD2,False
RTN2,False
EML2,False
VASP,False
SYMPK,False
GPCPD1,False
SDCBP2,False
PANK2,False
TGM3,True
GNRH2,False
DEFB126,False
FOXA2,False
FAM182A,False
CD93,False
GZF1,False
PAX1,False
NAPB,False
CST8,False
NKX2-4,False
CENPB,False
PSMF1,False
NKX2-2,False
DTD1,True
CSTL1,False
RBCK1,False
TMX4,False
CST11,False
STK35,False
SNRPB,False
NRSN2,False
AP5S1,False
RRBP1,False
BMP2,False
ZNF133,False
FLRT3,True
OVOL2,False
PCSK2,False
GFRA4,False
MKKS,False
BFSP1,True
DSTN,True
LAMP5,False
SNRPB2,False
MGME1,False
LRRN4,False
TBC1D20,False
ITPA,False
TCF15,False
OTOR,False
MCM8,False
BANF2,False
TMEM74B,False
FAM110A,False
LINC02871,False
SIRPD,False
MRPS26,False
DEFB129,False
S1PR4,False
NCLN,False
CITED1,False
HNRNPR,False
ZNF436,False
MAX,False
CHURC1-FNTB,False
ARMCX5,False
GDF5,False
MMP24,False
NECAB3,False
ID1,False
RALY,True
DYNLRB1,False
C20orf173,False
EIF2S2,False
ERGIC3,False
ROMO1,False
BPIFB9P,True
FAM83C,True
BPIFB1,False
CEP250,False
PLAGL2,False
MMP24OS,True
GRPR,True
KDM5C,False
AMOT,False
TMEM115,False
PSMB2,False
AGO3,False
UROD,False
ST3GAL3,False
TMEM53,False
HECTD3,False
KLC1,False
XRCC3,False
TUBGCP3,False
MCF2L,False
F10,False
PCID2,False
PROZ,False
SLURP1,False
LRFN3,False
IGFLR1,False
CAPNS1,False
PDCD2L,False
GPR42,False
RBM42,False
KIRREL2,False
UBA2,False
FFAR2,False
HCST,False
FFAR1,True
COX6B1,False
KRT36,False
THRA,False
CCR7,False
NR1D1,True
FRMD8,False
PRDX5,False
BCL2L12,False
IRF3,False
PRMT1,False
RRAS,False
PRRG2,False
SCAF1,True
PRR12,False
TSKS,False
FLRT1,False
ASL,False
SBDS,False
CSN1S1,False
STATH,False
HTN1,False
STAT5A,True
WNK4,True
BECN1,False
PRKCG,True
TRAP1,False
GLIS2,True
NSRP1,False
DNAJC8,False
AHDC1,False
IFI6,True
DACH2,False
ZNF384,False
EMG1,False
SSX1,False
UXT,False
CFP,True
ELK1,False
TIMM17B,False
PCNX4,True
ATG14,False
KTN1,False
SIX1,False
RHOJ,False
DLGAP5,True
L3HYPDH,False
HSPA2,True
ZBTB1,False
TRMT5,False
SGPP1,False
PLEKHG3,True
PZP,False
PRDM7,False
RHOT1,False
EVI2A,False
OMG,False
DYNC2I1,False
AIF1L,False
FAM78A,False
NUP214,False
CTAG2,False
AVPR2,True
SLC10A3,False
MAP2K2,False
HNRNPH2,False
ARMCX1,False
TMEM35A,False
NXF5,False
TIMM8A,False
ZC4H2,False
CANX,False
INTS11,False
RGS13,False
IPPK,False
ZNF484,False
OMD,False
FGD3,False
HIVEP3,False
PPCS,False
EDN2,False
BCL11B,False
COX7C,False
TRAF2,False
ABHD8,False
MASP1,False
ATP13A4,False
PLAAT1,False
HELB,False
RAP1B,False
IL22,False
TSPAN8,False
BEST3,False
RAB3IP,False
PTPRB,True
DYRK2,False
YEATS4,False
TAS2R3,True
TAS2R4,True
TAS2R5,True
CRYGN,False
LRRC61,False
TRPV5,False
IDUA,False
FGFRL1,True
TMEM175,False
AUNIP,False
PIN1,False
FBXL12,False
EMC1,False
PLA2G5,True
UBR4,False
HP1BP3,False
ADGRE2,False
SIN3B,False
OR7A10,False
SLC35E1,False
EPS15L1,False
KLF2,False
OR7C2,False
OR7C1,False
F2RL3,False
UQCR11,False
GFER,False
SYNGR3,False
PKMYT1,False
WFIKKN1,False
WDR24,False
FBXL16,False
CHTF18,False
GNG13,False
TUBBP1,False
MACF1,False
SMARCA4,False
KDM4B,False
TICAM1,False
METTL25,True
IL17B,False
EMC6,False
OR1E2,False
METTL16,False
TUBA4A,False
VIL1,True
AAMP,False
PNKD,False
TNFRSF19,True
RNF6,False
ECHS1,False
ZNF835,False
AKAP9,False
GNG11,False
SEM1,False
GNGT1,True
HIP1,False
PTPN12,False
POR,False
FGL2,False
STYXL1,True
STEAP4,True
GNAI1,False
PMS2P3,False
PEX1,False
MTERF1,False
SGCE,False
RBM48,False
CASD1,False
ZNF780B,False
LRFN1,False
ZFP36,True
SRD5A3,False
SPINK2,False
RASL11B,False
PAICS,False
KDR,False
PPAT,False
TUBGCP6,False
ADM2,False
DGCR6L,False
DGCR8,False
ASPHD2,False
VPREB3,False
SDF2L1,False
GAL3ST1,False
YWHAH,False
RFPL1,False
RFPL2,False
YWHAH-AS1,True
POM121L9P,False
GNAZ,False
MGAT3,False
ADORA2A,False
ATF4,False
A4GALT,False
RFPL3,False
CDC42EP1,False
APOL3,False
MCHR1,False
TPST2,False
BAIAP2L2,False
MPST,False
GALR3,False
TST,False
APOL5,False
IGLL1,False
APOL2,False
RAC2,False
LIF,False
C22orf23,False
APOBEC3A,False
APOBEC3F,False
RIBC2,False
KRT17,True
TBC1D27P,False
EMC4,False
RNF112,False
SPECC1,False
CPA4,False
DOCK4,False
POT1,False
TAS2R16,False
ATP6V1F,False
LSM8,False
CDHR3,True
PRKRIP1,False
VGF,False
PODXL,False
FOXP2,False
STRIP2,False
IFT22,False
MKLN1,False
DNAJB9,True
FLNC,False
LRRC4,False
CALU,False
CCDC136,False
SMO,False
IRF5,False
LRRC17,True
KLHDC10,False
NDUFA5,False
FEZF1,False
OPN1SW,False
MRPS12,False
MYO1B,False
HOXD1,False
HOXD3,False
MTX2,False
PDE11A,True
CHN1,True
GAD1,False
EIF2S2P4,False
OSGEPL1,False
ORMDL1,False
HAT1,False
HOXD9,False
HOXD10,False
HOXD11,False
HOXD13,False
HERC2,False
SNRPN,False
PSMG2,False
TWSG1,False
ARHGAP22,True
WDFY4,True
EIF2AK4,False
MYO5C,False
CGNL1,True
TMOD2,False
TTBK2,False
ELL3,False
CCDC32,False
INO80,False
ICE2,False
DLL4,False
ALDH1A2,True
MINDY2,False
IVD,False
KNSTRN,False
DUT,False
CHAC1,False
CLN6,False
ARPP19,False
VPS13C,False
CALML4,False
ISLR,False
THAP10,False
LOXL1,False
ACKR4,False
ANAPC13,False
MBD4,False
COPB1,False
PSMA1,False
SUMF2,False
PALLD,True
SPCS3,True
BBOX1,False
MYOD1,False
SERGEF,False
KCNC1,False
TPH1,False
CSRP3,False
E2F8,False
DCTD,False
SOX15,False
PIMREG,False
RPAIN,False
USP6,False
SHBG,False
PLD2,False
AIPL1,False
CD68,True
TXNDC17,False
ATP1B2,True
FXR2,False
KIF1C,False
MPDU1,False
PHF20L1,False
DNAAF11,False
CCNT1,False
PUS7L,True
KRI1,False
ILF3,False
SLC44A2,False
AP1M2,False
CDKN2D,False
MTUS1,False
KLK14,False
SIGLEC9,False
KLK10,True
KLK8,False
NGDN,False
RIPK3,False
ADCY4,False
RAB2B,False
BCL2L2,False
AJUBA,False
DTD2,False
PARP2,False
HEATR5A,False
FOXA1,False
SNX6,False
EAPP,False
EGLN3,True
MIS18BP1,False
NRL,False
RNASE1,False
NEDD8,False
DAD1,True
TEP1,False
EPB41L4A,False
CDO1,True
REEP5,False
ITFG1,False
QRICH2,True
FOXJ1,False
SEC14L1,False
RHBDF2,False
AANAT,False
ARHGEF6,False
MAP7D3,False
FGF13,False
ASH2L,False
TTI2,False
ART1,True
CHRNA10,False
CDKN1C,False
SGO1,False
TTTY1B,False
RPS4Y1,False
TTTY1,False
VCY1B,False
VCY,False
CDY2B,False
CDH15,True
KLF16,False
PGAP6,False
DOHH,False
MAU2,False
SHC2,False
PLPPR3,False
INS-IGF2,False
ABHD17A,False
LBP,True
SYT5,True
TNNI3,False
CBFA2T3,False
GAMT,False
PUDP,False
ERMARD,False
PHF10,False
PRRG3,False
GALNT8,False
KCNA5,False
CRACR2A,False
NXNL2,False
STARD8,False
NALF2,False
GDPD2,False
SAT1,False
GNL3L,False
SH3BP4,False
MOSPD2,False
DOCK6,False
ECSIT,False
LDLR,False
ELOF1,False
TSPAN16,False
ANGPTL8,True
PRKCSH,False
CNN1,True
CDC16,False
ZSCAN10,True
THEM6,False
NECTIN2,False
APOE,False
TOMM40,False
APOC1,False
GADD45G,False
LRCH2,False
DPP6,False
XPO7,False
ACE2,False
FAM98C,False
SAFB2,False
RPL36,False
ATP8B3,False
GDF1,True
NCAN,False
KIF1A,False
GTPBP3,False
PLVAP,True
BST2,False
SLC27A1,False
NSUN5,False
USHBP1,False
COLGALT1,False
DDA1,False
MRPL34,False
PGLS,False
LSM7,False
TULP4,False
SNX9,False
RTN4IP1,False
QRSL1,False
MTRES1,False
RSPH3,False
MAS1,True
ACSBG2,False
MLLT1,False
FUT5,False
BMP15,False
AFDN,False
ACTN4,False
STK33,True
NDUFA10,False
EPO,False
ARPC1B,False
CACNG6,False
ZSWIM6,True
FCHO1,False
UNC13A,True
MAP1S,False
KLHDC7B,True
PXDN,False
SSBP4,False
GDF15,False
PGPEP1,False
IQCN,True
LSM4,False
JUND,True
HRC,False
TRPM4,False
OR11H1,False
SULT4A1,False
ZNF557,False
CRB3,False
OLFM1,False
CAMSAP1,False
UBAC1,False
SAG,False
ZBTB46,True
HELZ2,True
SAMD10,False
LSP1,False
TNNT3,False
TNNI2,False
H19,True
CYP2G1P,False
COL5A1,True
ATXN10,False
TUBGCP2,False
CALY,True
CYP2E1,False
PNPLA7,True
HBZ,False
PAK4,False
MNX1,False
ZNF337,False
CEP85,False
TAF4,False
GATA5,False
RBBP8NL,False
LAMA5,False
OSBPL2,False
ADRM1,True
ASS1,False
PRDM12,False
EXOSC2,False
POMT1,False
UCK1,False
FIBCD1,False
CHMP2A,False
UBE2M,False
TRIM28,False
METTL26,False
YIPF2,False
ATG4D,False
EIF2S3,False
TMEM160,False
ZC3H4,False
NPAS1,True
GMFG,False
MAP3K10,False
ARHGEF16,False
LRRC47,False
SESN2,False
SMPDL3B,False
ATP5IF1,False
MED18,False
THEMIS2,True
CLIP1,False
CCDC62,True
HIP1R,False
ZNF317,False
PPAN,True
EIF3G,False
ANGPTL6,False
SHFL,False
DNMT1,False
ZNF426,False
SLC6A8,True
PNCK,False
DKC1,False
PLXNA3,True
DUSP9,True
MPP1,False
ZNF331,False
ZNF236,False
SLC7A10,False
LRP3,False
MTRFR,True
NOL11,False
UBE4B,False
CASZ1,False
PKDREJ,False
HSD17B3,True
NUTM2F,False
HABP4,False
FBP2,False
SLC35D2,False
PRRG1,False
UBA1,True
RGN,False
POLN,True
TXLNGY,False
TTTY9B,False
PPIL4,False
ULBP2,False
AKAP12,True
SYNE1,True
ULBP3,False
LATS1,False
EPS8L1,False
LILRB2,False
AAR2,False
TTLL9,True
BPIFA2,False
RBM39,False
COX4I2,False
BPIFA3,False
ZNF341,False
GGT7,False
DEFB118,False
ACSS2,False
EDA2R,False
ARHGEF9,False
C1QL1,False
GFAP,True
PYY,True
HIGD1B,False
ATP6V1E1,False
ZNF227,False
ZNF428,False
TEX101,False
ZNF141,False
CCL25,False
COX4I1,False
EMC8,False
GSE1,False
GINS2,False
CHMP1A,False
SH3BGRL,False
COX7B,False
SLC34A1,False
F12,False
PRR7,False
NFATC1,False
IDO1,False
GJA9,False
CAP1,False
PPT1,False
RAB11FIP4,False
RLIM,False
CDX4,False
ABCB7,False
TRAF3,True
HAUS8,False
ADGRE3,False
MRPS25,False
SH3BP5,False
HACL1,False
TBC1D5,False
CAPN7,False
RFTN1,True
C3orf20,True
RBSN,False
GALNT15,False
SLC6A6,False
KCNC3,False
NAPSA,False
NAPSB,False
NR1H2,False
LRRC4B,False
PDLIM4,False
KIF3A,False
MGAT1,False
GFPT2,True
TUBG1,False
PSME3,False
RPL27,True
PSMC3IP,False
AOC3,False
ACLY,False
VPS25,False
RAMP2,False
AOC2,False
G6PC1,True
NDUFA2,False
ANKHD1,False
DIAPH1,False
NDFIP1,False
UBE2D2,False
TTTY6,False
TTTY6B,False
EXOC4,False
ACAP3,False
C1orf159,False
ANO1,False
PPFIA1,False
TMEM204,False
KREMEN2,True
THOC6,True
TRAF7,False
BARX1,False
NINJ1,False
CA6,False
NPHP4,True
MAP1B,True
RHOXF2,False
IL13RA1,False
WDR44,False
CKMT2,True
ZCCHC9,False
KRT34,False
KRT33B,False
TNS4,False
TOP2A,True
STARD3,False
RARA,False
PPP1R1B,False
KHDRBS3,True
CHD1L,False
PEX11B,False
FMO5,False
PIAS3,False
PRKAB2,False
CLUHP3,False
FSHB,False
PDHA1,False
RAI2,True
MCCC2,False
ZNF304,False
ZSCAN5A,True
ZNF132,False
USP29,False
SELENOS,False
CHSY1,False
SNRPA1,False
KRT17P1,False
LLGL1,False
NR0B2,True
LIN28A,False
THAP1,False
RHPN2,False
C19orf12,False
FAAP24,False
LRRC9,True
ACTR10,False
ABHD12B,False
GCH1,True
LGALS3,False
UBE2L2,False
PODNL1,False
DNAJB1,True
ZSWIM4,False
FBXW9,False
RFX1,False
ZNF20,False
BRME1,False
DCAF15,False
CC2D1A,False
RTBDN,True
MATN3,True
TRIM21,True
SPATA6,False
LRRC41,False
CCT6B,True
DHX30,False
RAF1,False
SLC6A11,True
PPARG,False
NUP210,False
FCRLA,False
HSD17B7,False
ENOSF1,False
LINC00470,False
EMILIN2,False
SLX1A,False
ARFIP2,False
TRIM5,True
CNGA4,False
TRIM22,True
RRP8,False
TIMM10B,False
EFR3A,False
HHLA1,False
PTCD3,False
IMMT,False
MRPL35,False
IQCA1,False
ILKAP,False
PER2,False
RAMP1,False
SCLY,True
PTPRE,False
RAN,False
PRKAA1,False
CARD6,False
RAP1GAP2,False
CLUH,False
INPP5K,False
MYBBP1A,False
RPA1,False
SERPINF1,True
UBE2G1,False
EEFSEC,False
TBC1D14,False
TMEM128,False
COQ3,True
PNISR,False
POPDC3,False
SEC61G,False
LANCL2,False
FIGNL1,False
DDC,True
FTHL17,False
GRSF1,False
ENAM,False
JCHAIN,False
ANKRD17,False
UTP3,False
ITGB4,False
WBP2,False
H3-3B,False
UNK,False
TRIM47,False
ZRANB2,False
EIF5A,False
KDM6B,True
CLEC10A,True
SLC52A1,False
GUCY2D,True
GPS2,False
XAF1,True
DLG4,True
RIDA,False
VPS13B,False
RGS22,False
MATN2,False
REEP2,False
PCBD2,True
SDF2,False
FLOT2,False
ERAL1,False
PRMT7,False
NIP7,False
TERF2,False
VPS4A,False
MTSS2,False
HSPA12B,False
ANKEF1,False
SCP2D1,False
PCED1A,False
SNAP25,False
BTBD3,False
PCNA,False
NXT1,False
POLR3F,False
RIN2,False
PTPRA,False
SSTR4,False
DAP3,False
RHBG,True
KHDC4,False
ATP1A4,False
NES,True
BCAN,False
CRP,True
ARHGEF11,False
RAB25,False
HAPLN2,False
APCS,True
FCRL2,False
DCAF8,False
SYT11,False
IGHMBP2,False
ACY3,False
ALDH3B2,False
TESMIN,False
MMACHC,False
DPH2,False
TOE1,False
NASP,False
MUTYH,False
CTNNBL1,False
LPIN3,False
ZSWIM3,True
RBM38,False
VSTM2L,False
OSER1,False
SERINC3,False
PPP1R3D,False
DMGDH,False
BHMT2,True
AP3B1,False
ZBED3,False
PATJ,False
KANK4,True
ANGPTL3,False
SYT4,True
SLC14A2,False
FBXO44,False
CPLANE2,True
CASP9,False
NMUR2,True
DCTN4,False
PDE6A,False
ATP8A2,False
MTUS2,False
ZMYM5,False
USPL1,False
XPO4,False
TPTE2,False
POMP,True
CDK8,False
ALOX5AP,False
HMGB1P5,False
WASF3,False
RNF17,False
GPR12,True
CHRM3,False
MYH8,False
MYH10,False
PEMT,False
SCO1,False
MPRIP,False
CHI3L1,True
MYBPH,False
PIK3C2B,False
DSTYK,False
CHIT1,False
SLC41A1,False
LGR6,False
TMCC2,False
DCLK1,False
CCNA1,False
COG6,False
SPART,False
RXFP2,False
EPSTI1,True
TRPC4,False
POSTN,False
RFXAP,False
TPT1,False
GPALPP1,False
STOML3,True
KL,False
RFC3,False
STARD13,False
IRS4,False
MORC4,False
BEX2,False
RNF128,False
GNG5B,False
TBC1D8B,False
TCEAL4,False
BEX1,False
FAM104A,False
SLC39A11,True
EPHB2,True
SRRM1,False
BTBD2,False
PRAM1,True
KMT5C,False
ZNF414,False
PDE6B,False
HSPBP1,False
CSNK1G2,False
SLF1,False
CNDP2,False
MACROD1,False
WDR74,False
LGALS12,False
RTN3,True
PLAAT4,False
PLAAT2,False
MYH11,False
CEP20,False
MED10,False
PDZD2,True
MORC2,False
LARGE1,True
GSTT2B,False
MYO18B,True
SLC2A11,False
C1QTNF6,False
GGT2P,False
FAM83F,False
SEC14L4,False
ZDHHC8BP,True
GIMAP6,False
GIMAP4,False
ADCK2,False
MKRN1,False
AGAP3,False
KRBA1,False
ZNF767P,False
ACTR3B,False
NTS,False
BTG1,True
LRRIQ1,False
C12orf29,False
ATP13A3,False
SFTPD,False
DYDC2,False
TMEM254,False
TMTC1,False
KRAS,False
IPO8,False
LARS1,False
SPINK5,False
IMPA1,False
LRRCC1,False
E2F5,False
CA1,False
CCDC59,False
SWAP70,False
BMAL1,False
LYVE1,False
AMPD3,False
SBF2,False
MICAL2,True
RRAS2,False
HSD17B4,False
ZFC3H1,False
TEX15,False
SARAF,False
RNF122,False
DUSP26,False
DPF2,False
MEN1,False
ERG28,False
GSC,False
DGLUCY,True
UNC79,False
NUMB,False
CATSPERB,True
VRTN,False
COX16,False
TTC9,False
MED6,False
EIF2S1,True
ADAM20,False
LOXL2,True
ELP3,False
PEBP4,True
ADAMDEC1,False
CTIF,False
MRO,False
MBD2,False
IER3IP1,False
MRPS36,False
CCNB1,True
CDK7,False
CD180,False
IRAK2,False
CAMK1,False
THUMPD3,False
VHL,False
BHLHE40,True
ARL8B,False
EDEM1,False
CNTN6,False
CHL1,False
MEIS2,False
DPH6,True
KATNBL1,False
EMC7,False
TRPM1,False
GNAT2,False
GSTM1,False
PRPF38B,False
REG4,False
TSPAN2,False
TSHB,False
GSTM5,False
GSTM3,False
SYT6,False
VAV3,True
CHIA,False
PSRC1,False
HMGCS2,False
PTPN22,True
SORT1,False
WNT2B,True
PTGFRN,False
LAMTOR5,False
ADAM30,False
NOTCH2,True
TRIM45,False
CEPT1,False
CD101,True
VTCN1,False
NGF,False
AP4B1,False
NAPG,False
SPIRE1,True
PPHLN1,False
FKBP11,False
ARF3,False
TMEM106C,False
SLC38A2,False
PLEKHA8P1,False
YWHAQ,False
KIDINS220,False
GRHL1,False
ROCK2,False
RSAD2,True
MYCN,True
LPIN1,False
CMPK2,True
IAH1,False
LDHA,False
SAA2,True
ANO3,False
IL6ST,False
FST,True
CFHR4,False
NAV1,True
CDC73,False
TIMM17A,False
CRB1,False
CFHR5,False
ERN2,False
RPS15A,True
RAX,False
NARS1,False
GRP,False
RELCH,False
FBH1,False
RBM17,False
IL2RA,False
ANKRD16,False
ECHDC3,False
IL15RA,False
CCNH,False
HRH4,False
TMEM241,True
KCTD1,False
CABLES1,False
DOCK2,False
EMP1,True
SOX5,False
RERG,False
SLCO1B1,False
KLRD1,True
KLRC1,True
SPX,True
PRH2,False
LRP4,False
MYBPC3,False
DDB2,False
ACP2,False
USP26,False
RTL8C,False
RAB33A,False
SOX3,False
RBMX2,False
STK26,False
FOLH1B,False
PIWIL4,True
MTNR1B,False
PUM1,False
SPOCD1,False
YARS1,False
PHC2,False
CDCA8,True
GNL2,False
AGO4,False
HOOK1,False
CYP2J2,False
BTF3L4,False
TUT4,False
PRPF38A,False
DSC2,False
DSG3,False
RNF138,False
ELP2,False
DSG1,False
DSC3,False
DSC1,False
DTNA,True
FHOD3,False
TPGS2,False
DAGLA,True
SLC43A3,False
TIMM10,False
CBLIF,False
DHX34,False
APLNR,True
FADS2,False
TMEM258,False
TCN1,True
C5AR2,False
TMEM165,False
CLOCK,False
PDGFRA,False
GGACT,False
COL4A2,False
CLDN10,False
DZIP1,False
UBAC2,False
ARGLU1,False
BIVM,False
ERCC5,False
TPP2,False
POGLUT2,False
CARS2,False
ARHGAP32,False
STT3A,False
ADAMTS8,True
ACRV1,False
ETS1,False
SLC37A2,True
KLB,False
TMED7,False
APC,False
NREP,True
WDR36,False
OSTF1,False
RFK,False
UBQLN1,False
NAA35,False
C9orf40,False
ANXA1,True
CTSL,True
CEMIP2,False
AGTPBP1,False
GOLM1,False
ENTREP1,False
PSAT1,True
ISCA1,False
ADAM19,False
HAVCR2,True
CCNJL,False
TAOK3,False
USP30,False
SDS,False
MSI1,False
HNF1A,True
FBXO21,False
TBX3,False
OASL,True
HRK,False
RNFT2,True
P2RX4,False
BICDL1,False
DTX1,False
TRAFD1,False
DMTF1,False
OCM2,False
TMEM243,False
CCDC146,False
TMEM60,False
CD36,False
UGT2A3,False
CSN2,False
UGT2B28,True
PNPLA8,False
HILPDA,True
GARIN1B,True
RINT1,False
SRPK2,False
KCP,False
TES,False
MDFIC,False
MTO1,False
ADGRB3,False
ANKRD6,False
HTR1B,False
KHDC1,False
CEP162,False
SYNCRIP,False
SNX14,False
NT5E,False
MRAP2,False
EPHA7,False
AKIRIN2,False
ORC3,False
LCA5,False
MAP3K7,False
CGA,True
GJA10,False
PRR5L,True
LMO2,False
PHF21A,False
NAT10,False
EHF,False
ELF5,False
PRRG4,False
CAPRIN1,False
ATP5MC2,False
DNAJC14,False
CD63,False
PRPH,False
AVIL,True
AMHR2,False
LACRT,False
GDF11,False
GLS2,False
ITGA7,True
TESPA1,False
FAM186B,False
RDH5,False
AGAP2,False
BLOC1S1,False
KRT85,False
CDK4,False
PPP1R1A,False
TROAP,True
TSPAN31,False
B4GALNT1,True
TFCP2,False
COQ10A,False
FAIM2,False
PAN2,False
ESPL1,False
KRT87P,False
KRT7,True
ZC3H10,False
HNRNPA1,False
SLC26A10P,False
ACVR1B,False
OS9,False
MIP,False
KCNH3,False
LTV1,False
MAP7,True
CD164,False
AFG1L,False
NHSL1,False
AHI1,True
HEY2,False
PKIB,False
TAAR5,False
NMBR,False
SMPD2,False
MICAL1,False
REPS1,False
STX11,True
TEC,False
PRADC1,False
SEMA4F,False
CCT7,True
EGR4,True
RAB11FIP5,False
SMYD5,False
DYSF,True
CCDC142,False
EMX1,False
KCNMB4,False
USP15,False
GNS,False
CPM,False
MDM2,False
KLHL36,False
BCO1,False
MPHOSPH6,False
CHST5,True
KIAA0513,False
DYNC1LI2,False
FBXL8,False
FHOD1,False
CCDC102A,False
SLC9A5,True
AGT,True
ZNF670-ZNF695,False
PCNX2,False
KCNK1,False
URB2,False
EGLN1,False
CAPN9,False
COG2,False
ABCB10,False
NTPCR,False
TAF5L,False
GLUL,True
STX6,False
RGS8,False
RNASEL,False
DHX9,False
KIAA1614,True
CEP350,False
NPL,False
NIBAN1,True
PIGC,False
LAMC1,False
RC3H1,False
GPR55,False
SP110,True
MRPL44,False
CHRND,False
PAX3,False
DOCK10,False
TTLL4,False
USP37,False
HTR2B,False
ITM2C,False
SLC19A3,False
SERPINE2,True
DNAJB2,False
WNT10A,True
TMBIM1,False
CYP27A1,False
EIF4E2,False
ARMC9,False
CAB39,False
COX5B,False
REV1,False
TSGA10,True
MFSD9,False
TMEM127,False
EDAR,False
TGFBRAP1,False
GCC2,False
MRPS9,False
GPR45,False
C2orf49,False
ANKRD36,False
EPC2,True
ARHGEF4,False
ISCU,False
ALDH1L2,False
STAB2,True
USP44,False
SCYL2,False
CKAP4,False
PLXNC1,False
APPL2,False
PWP1,False
DRAM1,False
WASHC4,False
SLC41A2,False
VILL,False
FLNB,False
NEK3,False
PCDH8,False
VPS36,False
RNASEH2B,False
CKAP2,True
CNMD,False
TBC1D4,False
THSD1,False
BORA,False
LRCH1,False
SUCLA2,True
RCBTB1,False
MED4,False
PHF11,False
RPL13AP25,False
COG3,False
LMO7,True
SCEL,False
ITM2B,False
SPRY2,False
NUDT15,False
EDNRB,False
RCBTB2,False
LCP1,False
SETDB2,False
SCRN1,False
C7orf25,False
TNS3,False
SPDYE1,False
CHST12,False
IGF2BP3,False
GPNMB,False
RAPGEF5,False
RAC1,False
KDELR2,False
NUP42,False
IL6,False
ZDHHC4,False
AOAH,False
BZW2,False
DGKB,False
TBRG4,False
DDX56,False
HUS1,False
NACAD,False
PKD1L1-AS1,False
DBNL,False
CCM2,False
MYO1G,False
TTYH3,False
MMD2,False
CIDEB,False
RNASE2CP,False
TTC5,False
NKX2-8,True
NKX2-1,False
ZFHX2,True
MTHFS,False
ADAMTS7,True
ABHD17C,False
IREB2,False
ALPK3,True
TM6SF1,False
CIB2,False
CALCOCO2,False
RSAD1,False
NMT1,False
MYCBPAP,True
SRSF1,False
VEZF1,False
CHAD,False
TACO1,False
TEX2,False
DCAF7,False
GH2,False
CSH1,False
LIMD2,False
BRIP1,False
KAT7,False
RTP4,True
ACTL6A,False
NDUFB5,False
MRPL47,False
TRA2B,False
SCN2A,False
TBR1,True
MARCHF7,False
ERMN,False
GALNT5,False
SCN7A,False
TANK,False
BLK,False
GATA4,False
SKIL,True
EPRS1,False
HLX,False
VPS45,False
IL10,False
KCTD3,False
RPS6KC1,False
ZNG1B,False
IL36G,True
IL1RN,True
IL36A,True
IL36RN,False
IL36B,True
IL1F10,False
CFC1,False
SMPD4,False
WDR33,False
CCDC115,False
SAP130,False
BIN1,False
IMP4,False
HS6ST1,True
UGGT1,False
GYPC,False
STAM,False
GAD2,False
ABI1,False
YME1L1,False
DNAJC1,False
NIPSNAP3A,False
LRRC8A,False
CDK9,False
TXN,True
ODF2,False
ECPAS,False
TOR1B,False
C9orf78,False
SMC2,False
KLF4,True
TOR1A,False
RALGPS1,False
NIBAN2,False
OR1J1,False
OR13C9,False
ST6GALNAC4,False
TMOD1,True
DAB2IP,False
STXBP1,False
SLC2A8,False
ANGPTL2,True
CDK5RAP2,False
ZFP37,False
SLC31A2,False
SLC31A1,False
TLR4,True
ZNF189,False
ALDOB,False
STX17,False
PRPF4,False
FPGS,False
USP20,False
BAAT,True
KIF12,False
ATP6V1G1,False
TEX10,False
GARNL3,False
MRPL50,False
DPM2,False
WDR38,True
TSTD2,False
GABBR2,False
HEMGN,False
PSMB7,False
NR5A1,False
TRMO,False
RABEPK,False
GOLGA1,False
XPA,False
NCBP1,False
ANP32B,False
OR1L4,False
PDCL,False
RPL35,False
CTSV,False
LMX1B,False
ARPC5L,False
ENPP2,True
DSCC1,False
DERL1,False
MYC,True
CCN3,False
IL33,True
DMAC1,False
RANBP6,False
POLR1E,False
PLAA,False
IL11RA,False
UBAP2,True
APTX,False
RNF38,False
TLN1,False
CCL21,False
SIT1,False
IFNA21,False
DMRT1,False
DNAJB5,True
SPAG8,False
DCTN3,False
CD72,False
TMEM8B,False
GRHPR,False
ALDH1B1,False
HINT2,False
ARHGEF39,False
IGFBPL1,False
DENND4C,False
RPS6,False
CNPY3,False
FOXP4,False
PPIL1,False
KLC4,False
KIF13A,False
ZSCAN9,False
PIM1,False
GMPR,False
CMTR1,False
TFAP2A,False
SLC22A7,True
YIPF3,False
TMEM14B,False
TMEM63B,False
FRS3,False
TJAP1,False
CAPN11,True
TINAG,False
HCRTR2,False
KIAA0319,True
IRF4,False
SLC22A23,False
TUBB2A,True
LRRC1,False
GCM1,False
FOXF2,False
BPHL,False
RIPK1,False
TUBB2B,True
UQCC2,False
HMGA1,True
TCF19,False
FLOT1,False
IER3,True
MDC1,False
PGBD1,False
ATAT1,False
TPMT,False
CLPS,False
RNF144B,False
NRM,False
MTCH1,False
VARS2,False
TAF8,False
FAM8A1,False
C6orf52,False
FGFBP1,False
FGFBP2,False
CPEB2,False
FHDC1,False
TLR2,False
MGARP,False
TTC29,False
MYO7A,True
FCHSD2,False
ARRB1,False
SLCO2B1,True
THAP12,False
ANKRD42,False
IL18BP,True
NUMA1,False
CCDC90B,False
SYTL2,False
RAB30,False
CREBZF,False
LRRC32,False
PRCP,False
NARS2,False
RNF121,False
MRPL15,False
PI15,False
TTPA,False
GGH,False
SLCO5A1,True
SULF1,True
TGS1,False
SDCBP,False
NEK1,True
DDX60,True
NXPE4,False
SORL1,False
TMPRSS4,False
BUD13,False
TRPC6,False
MMP7,True
MMP20,True
MMP27,False
CFAP300,False
DCUN1D5,False
YAP1,False
TRIM29,True
SLC37A4,False
BTG4,False
POU2F3,True
RDX,False
PPP2R1B,True
FDX1,False
C11orf1,False
FXYD6,False
ARHGAP20,False
FXYD2,False
MMP13,False
TMPRSS13,False
CASP1,False
CASP5,False
ALKBH8,False
MAP2K5,False
UNC13C,False
SQOR,False
CTDSPL2,False
SLTM,False
THBS1,True
MAPKBP1,True
NUSAP1,False
NDUFAF1,False
KIF23,True
ITGA11,False
KNL1,True
HAUS2,False
RTF1,False
PARP6,False
RPLP1,False
PAQR5,True
LRRC49,True
TUBGCP4,False
RMDN3,False
ITPKA,False
UACA,False
SMAD6,True
PLCB2,False
TMEM62,False
PAK6,False
ADAM10,False
DUOX1,True
SLC28A2,False
STRA6,False
CYP19A1,True
ZNF280D,False
SEMA6D,False
BCL2L10,False
RSL24D1,True
SPTBN5,True
GCOM1,False
GCHFR,False
BCAR3,False
TTLL7,True
FNBP1L,False
KYAT3,False
GTF2B,False
BRDT,False
RABGGTB,False
IFI44L,True
GIPC2,False
ARHGAP29,False
IFI44,True
SLC44A5,True
RPL7P9,True
CLCA2,False
DNASE2B,False
DBT,False
RTCA,False
IFT172,False
SELENOI,False
CGREF1,False
HADHB,False
KHK,False
ADCY3,False
PPM1B,False
PNPT1,True
DYNC2LI1,False
LHCGR,False
THUMPD2,False
CYP1B1,True
SULT6B1,True
RAB1A,False
ACTR2,False
PREB,False
SLC5A6,False
ABCG5,False
PREPL,False
SLC3A1,False
EMILIN1,False
FBXO11,False
SIX3,False
ATRAID,False
CENPO,False
LRPPRC,False
TRIM54,True
DTNB,False
ACTR1A,False
CYP2C9,False
MFSD13A,False
CYP2C8,False
MYOF,True
LOXL4,True
STAMBPL1,False
CH25H,False
LBX1,False
ATAD1,False
BTBD16,False
KIF11,True
CUZD1,False
TACC2,False
DUSP5,True
CALHM2,False
ARL3,False
CEP55,True
KIF20B,False
ENTPD1,False
EXOC6,False
PLCE1,False
RBP4,False
DBR1,False
DNAJC13,False
GPR87,False
ANXA7,False
FAM149B1,False
ASCC1,False
PLA2G12B,True
ZNF365,False
OIT3,True
ADAMTS14,False
RPS24,False
TET1,False
DNA2,False
MYPN,False
AOX1,False
ATIC,False
SMARCAL1,False
BARD1,False
STAT4,True
MSTN,True
CARF,False
ASNSD1,False
METTL5,False
SSB,False
NAB1,True
CDK15,False
PPIG,False
FASTKD1,False
MDH1B,False
HECW2,False
IDH1,False
OLA1,False
CIR1,False
ITPRID2,False
CHRNA1,False
FAM117B,False
WDR12,False
ABI2,False
ITGAV,False
SLC40A1,False
SLC35A5,False
SLC49A4,False
SENP7,False
GUCA1C,False
CCDC54,False
COX17,False
PARP9,True
MNS1,False
USP8,False
SECISBP2L,False
TMOD3,False
SPPL2A,False
GLCE,False
SHF,False
APH1B,False
INTS14,True
CILP,True
PARP16,False
PPCDC,False
HCN4,True
SEMA7A,False
UBL7,False
ARHGAP24,True
FAM13A,True
HERC3,False
HERC6,True
HERC5,False
PCDH10,False
NDST4,False
ZGRF1,False
AP1AR,False
COPS4,False
HNRNPD,False
PRKG2,False
RASGEF1B,False
SEC31A,False
FGF5,False
GPAT3,False
IL21,False
FGF2,False
BBS7,False
BLTP1,False
BMPR1B,True
RAP1GDS1,False
LARP1B,True
MMRN1,True
PDE5A,False
PRDM5,False
TRPC3,False
NAAA,False
NUP54,False
CXCL9,False
BMP2K,False
G3BP2,False
SEPTIN11,False
FRAS1,False
SCARB2,False
CCNG2,False
CNOT6L,False
USO1,False
CDKL2,True
SHROOM3,False
ANXA3,True
PPA2,False
CENPE,True
GSTCD,False
INTS12,True
ENPEP,False
CASP6,False
LEF1,False
HADH,False
EGF,True
PAPSS1,False
SEC24B,False
C4orf17,False
PPP3CA,False
SLC39A8,False
MTTP,True
FBN2,True
MAPK8IP3,False
RGS3,False
GUCD1,False
TTLL8,True
RNF185,False
SHISAL1,False
PARVG,False
B4GALNT3,False
PDE6H,False
ERP27,False
ETV6,False
GABARAPL1,False
KIF21A,False
CPNE8,False
YARS2,False
FGD4,False
ALG10,False
PIK3C2G,False
SINHCAF,False
PLCZ1,False
AEBP2,True
SLCO1C1,True
ETFBKMT,False
ETNK1,False
ZCRB1,False
TMEM117,True
PRICKLE1,False
C1RL,False
NDUFA9,False
CLSTN3,False
KLRG1,False
VAMP1,False
TAPBPL,False
CD27,False
RBP5,False
PEX5,False
PIANP,False
SLC38A4,False
AMIGO2,False
SCAF11,False
COL2A1,False
PPFIA2,False
ANP32D,False
LLPH,False
RPL14P1,False
LRIG3,True
MARCHF9,False
INHBE,True
GLIPR1,True
TPH2,True
PHLDA1,True
TMEM19,False
LGR5,True
PTPRQ,False
DUSP6,True
POC1B,False
TMTC3,False
LUM,False
KERA,False
SNRPF,False
AMDHD1,False
NEDD1,False
SYCP3,True
ASCL1,True
GAS2L3,True
TMEM132B,False
SLC15A4,False
TDG,False
RITA1,False
SDSL,False
MMAB,False
GLTP,False
GIT2,False
TCHP,False
FAM222A,True
FOXN4,False
NUP58,False
MTMR6,False
SLC46A3,True
SLC7A1,True
PDX1,False
LNX2,False
SUOX,False
CCDC65,True
SLC39A5,False
TARBP2,False
RDH16,False
DHH,True
ACVRL1,False
GPR84,True
NPFF,True
NABP2,False
N4BP2L1,False
CELA1,False
SMARCC2,False
BRCA2,False
KANSL2,False
CERS5,False
MAP3K12,True
ITGB7,False
GALNT6,False
CSAD,False
LMBR1L,False
MYG1,False
ESYT1,False
TMBIM6,False
ANKRD52,False
KRT71,False
ZNF740,False
SMIM2,False
WDFY2,False
HNRNPA1L2,False
LPAR6,False
ESD,False
RB1,False
SBNO1,False
MORN3,False
SETD1B,False
VPS33A,False
VPS37B,False
RHOF,False
DENR,False
DIAPH3,True
SLAIN1,False
RBM26,False
SRRM4,False
METTL21C,False
MBNL2,True
RNF113B,False
ZIC5,False
ABHD13,False
RAB20,False
GRTP1,False
CUL4A,False
TTC6,True
SSTR1,False
CDH24,False
REM2,False
CBLN3,False
TSSK4,False
NOVA1,False
FITM1,False
MDGA2,False
TMX1,False
FRMD6,False
PELI2,False
RTN1,False
ARMH4,False
SYT16,True
SLC38A6,True
NAA30,False
ADAM21,False
RDH12,False
DCAF5,False
RAB15,False
WDR89,False
ESR2,False
KCNH5,False
STON2,False
EFCAB11,False
GPR65,False
PTGR2,False
JDP2,True
AK7,False
FAM181A,False
SLC24A4,False
FBLN5,True
SERPINA10,True
CLBA1,False
WARS1,True
SLC25A47,False
WDR20,False
NIPA2,False
SLC12A6,False
DUOXA1,True
MFAP1,False
TCF12,False
SORD,False
SERF2,False
ZSCAN29,False
DUOXA2,True
DUOX2,True
LYSMD2,False
SLC27A2,False
FGF7,True
HDC,True
GCNT3,False
BNIP2,False
GTF2A2,False
SRP14,False
BAHD1,False
DISP2,False
CDAN1,False
TLE3,False
ANP32A,False
COMMD4,False
UBE2Q2,False
PSTPIP1,False
ETFA,False
BCL2A1,True
HMG20A,False
SCAPER,False
TSPAN3,False
SKIC8,False
NCOA2,False
NEIL1,False
MAN2C1,False
DNAJA4,True
TLNRD1,False
TPM1,True
IGF1R,False
ARRDC4,True
PIF1,True
USP3,False
CYP11A1,False
BBS4,False
PML,False
CYP1A1,True
ADAMTS17,True
LINS1,True
ULK3,False
GOLGA6D,False
PCSK6,False
CCDC33,False
CELF6,True
SCAMP2,False
CYP1A2,True
LMAN1L,False
HAPLN3,True
RHCG,True
POLG,False
RLBP1,False
FANCI,False
ABHD2,False
WDR93,False
TICRR,True
NTRK3,False
DET1,False
MFGE8,False
ZNF710,False
UNC45A,False
ST8SIA2,False
MCTP2,False
FURIN,False
IQGAP1,False
CRTC3,False
EFL1,True
SH3GL3,False
SEC11A,False
SEPTIN12,False
GLYR1,False
PMM2,True
SLC5A2,True
ITGAX,False
TGFB1I1,False
RUSF1,False
ARMC5,False
PARN,False
FTO,False
UQCRC2,False
CDR2,False
IGSF6,False
ARHGAP17,False
MYLK3,False
ABCC12,True
NKD1,False
DHX38,False
TXNL4B,False
MARVELD3,False
CHST4,False
ZFHX3,False
CLEC18B,False
CPNE2,False
NLRC5,True
KATNB1,False
KIFC3,False
ADAMTS18,False
NUDT7,False
GCSH,False
CMTM3,False
CMTM2,True
CDH11,False
NOL3,False
MAP1LC3B,True
MBTPS1,False
CDH13,True
ZCCHC14,False
MEAK7,False
ADAD2,True
OSGIN1,False
IRF8,False
RHOT2,False
RPL3L,True
ZSCAN32,False
RPS2,True
NDUFB10,False
PDPK1,False
TIGD7,False
DEF8,False
TCF25,False
GALNS,False
GAS8,False
MED9,False
NCOR1,False
CDRT15P1,False
COPS3,False
GID4,False
ZNF287,False
MYOCD,False
KSR1,False
UTP4,False
RANBP10,False
CTRL,False
DPEP3,False
GFOD2,False
NOB1,False
PRPSAP2,False
UNC45B,False
PCTP,False
OR4D1,True
TOM1L1,False
KIF2B,False
C17orf80,False
TOB1,True
VPS53,False
SPATA22,True
SGSM2,False
NPEPPS,False
SKAP1,False
LRRC46,False
SCRN2,False
SSH2,False
RHBDL3,True
SPACA3,False
ARSG,True
ABCA8,False
G6PC3,False
CLTC,False
CHCT1,False
BCAS3,False
PTRH2,False
SS18,False
TAF4B,True
AFG3L2,False
PRELID3A,False
IMPA2,False
GNAL,True
SLC39A6,False
RPRD1A,False
C18orf21,False
GALNT1,False
ASXL3,False
ADCYAP1,True
MEP1B,False
SLC25A52,False
GAREM1,True
ESCO1,False
OSBPL1A,False
GATA6,True
GREB1L,True
RMC1,False
PELP1,False
NPC1,False
SLC14A1,False
ARRB2,False
SLC13A5,True
ZMYND15,False
WRAP53,False
MINK1,False
SAT2,False
ASGR1,True
PIK3R5,False
TP53,False
CCDC40,True
ARHGDIA,True
TMC6,False
SLC16A3,False
CARD14,True
TTYH2,False
RAB40B,False
EIF4A3,False
CSNK1D,False
ANAPC11,False
TBCD,False
FN3KRP,False
NARF,False
RPTOR,False
FOXK2,False
TRIM65,False
CBX8,False
SECTM1,True
RNF157,False
CEP131,False
ZNF750,False
WDR45B,False
CBX4,True
RNF165,False
DYM,False
MAPK4,False
ELAC1,False
MBD1,False
SMAD4,False
TNFRSF11A,False
ZCCHC2,False
FBXO15,False
CBLN2,False
PMAIP1,True
P3H4,False
NT5C3B,False
RETREG3,False
ERBB2,False
GRB7,False
MIEN1,False
PNMT,False
ARL5C,True
STAC2,True
IGFBP4,False
FKBP10,False
TXNL4A,False
CACNA1A,False
MISP3,False
SAMD1,False
BRD4,False
SLC39A3,False
NFIC,False
TPGS1,False
PLPP2,False
ZIM3,False
PRDM15,False
PFKL,False
FEM1A,False
VAV1,True
MVB12A,True
CIB3,True
SH3GL1,False
DUS3L,False
DPP9,False
DMRTC2,False
CCDC97,False
TMEM91,False
ZFP14,False
SIRT3,False
IFITM3,True
PGGHG,False
HUNK,False
COL6A1,False
OR1E3,False
IFNAR1,False
SOD1,True
COL6A2,False
SIK1,True
DNMT3L,False
TRPM2,True
SCYL1,False
TMEM50B,False
APP,False
DOP1B,False
URB1,True
AKT1,False
IL19,True
EMP3,False
SAE1,False
NTN5,False
LMTK3,False
GEMIN7,False
CBLC,False
WTIP,False
ADAMTS10,False
SLC6A3,True
RNPEPL1,False
CAPN10,False
MYO1F,False
ERVK3-1,False
NLRP12,False
CACNG8,False
ZNF787,False
TIMM29,False
FBN3,False
CARM1,False
EVI5L,False
TM4SF5,False
SLC47A1,False
PSMB6,False
GPR32,False
SIGLEC10,False
ACP4,False
KLK3,True
ZNF473,False
GARIN5A,False
RPS11,True
PTH2,True
RPL13A,False
CTU1,False
NOSIP,False
IGLON5,False
RCN3,False
ZNF614,False
SLC2A5,True
RERE,False
MMEL1,False
CFAP74,False
PRDM16,True
CELA2A,True
PADI3,True
FHAD1,True
PADI1,False
EPHA2,False
ARHGEF19,False
EFHD2,False
PEX14,False
PGD,False
MYOM3,True
SH3BGRL3,False
CNKSR1,False
RPL11,False
IL22RA1,False
ZNF593,False
C1orf216,False
KIAA0319L,False
EVA1B,False
C1orf94,False
DMRTA2,True
PLK4,True
MAP3K6,False
FCN3,False
GPN2,False
SYTL1,False
WDTC1,False
CELA3A,False
NBPF3,False
HSPG2,False
ITGB3BP,False
SERBP1,False
BCL10,False
CCN1,True
PRKACB,False
PIGK,False
TINAGL1,False
AZIN2,True
RPS8,True
KIF2C,True
PTPRF,False
BEST4,False
MOB3C,False
CYP4B1,False
TMEM61,False
DMRTB1,False
LMO4,False
SYPL2,False
BARHL2,False
MTF2,False
SLC44A3,False
IGSF3,False
ZNF697,False
CTTNBP2NL,False
STRIP1,False
KCNA10,False
PSMA5,False
FNDC7,True
C1orf162,False
CD53,False
PROK1,False
CELSR2,False
ITGA10,True
GPR161,False
ALDH9A1,False
ATP1B1,False
TIPRL,False
NME7,False
POGK,False
MPC2,False
CREG1,False
DCAF6,False
GPA33,True
RXRG,False
TBX19,False
UCK2,False
TMCO1,False
XCL1,False
XCL2,False
POU2F1,False
MAEL,False
ILDR2,False
DPT,False
MGST3,False
ADCY10,True
COP1,False
NECTIN4,False
UFC1,False
PPOX,False
FCGR2A,False
NUF2,True
RGS5,False
SDHC,False
PFDN2,False
NR1I3,False
USP21,False
F13B,False
PRCC,False
FCRL5,False
METTL25B,False
MRPL24,False
PIGM,False
CASQ1,False
ISG20L2,False
CRABP2,False
HDGF,False
ABL2,False
XPR1,False
RGS16,False
TOR1AIP1,False
FAM163A,False
HMCN1,False
RGL1,False
LYPLAL1,False
LHX9,False
PRUNE1,False
RORC,True
TUFT1,False
SF3B4,True
ECM1,False
ZNF687,False
TARS2,False
CGN,True
SNX27,False
SETDB1,False
ADAMTSL4,False
MCL1,True
CTSK,False
RFX5,False
PI4KB,False
PIP5K1A,False
ANP32E,False
MINDY1,False
ANXA9,False
SELENBP1,False
CERS2,False
ENSA,False
LSP1P4,False
SEMA6C,False
MRPL9,False
ARNT,False
POGZ,False
C1orf56,False
OAZ3,False
HORMAD1,False
GOLPH3L,False
GABPB2,True
SYT14,False
KCNH1,False
DTL,True
DYRK3,False
EIF2D,False
INTS7,False
VASH2,False
TAF1A,False
SMYD2,False
SUSD4,False
DUSP10,True
HHIPL2,True
TP53BP2,False
ATP8B2,False
FLG2,False
CRNN,True
ADAM15,False
JTB,False
RAB13,False
S100A8,False
TPM3,False
NUP210L,True
SNAPIN,False
SLC27A3,False
S100A7,True
UBAP2L,False
SLC39A1,False
HAX1,False
CREB3L4,False
EFNA3,False
AQP10,True
KCNN3,False
C1orf43,False
GATAD2B,False
ILF2,False
RIT1,False
INTS3,False
PKLR,False
HCN3,False
FLG,False
ACTA1,False
C1orf131,False
GALNT2,False
TTC13,False
SCCPDH,False
LYST,True
MAP3K21,False
CEP170,False
ACP1,False
SNAP47,False
SRP9,False
NVL,False
SDE2,False
DEGS1,False
FBXO28,False
ARF1,False
LEFTY2,False
CNIH4,False
ITPKB,False
GUK1,True
CDC42BPA,False
CNIH3,False
C1orf35,False
MBOAT2,False
PARP1,False
PSEN2,False
PYCR2,False
LBR,False
WNT9A,True
EPHX1,False
REN,False
SOX13,False
ETNK2,False
PPFIA4,True
PLEKHA6,True
PTPN7,False
SYT2,True
ARL8A,False
OSR1,False
GDF7,False
PDIA6,False
RHOB,True
ATP6V1C2,True
HNRNPLL,False
GALM,False
CAMKMT,False
ABCG8,False
EML4,False
CALM2,False
CHAC2,False
RPS27A,True
WDPCP,True
VPS54,False
REG3G,False
ASXL2,False
ETAA1,False
SNRPG,False
ABHD1,False
MEIS1,True
TRIM43B,False
TRIM43,False
CIAO1,False
ZNF514,False
SNRNP200,False
MRPS5,False
ANKRD53,False
TPRKB,False
NAT8,False
EXOC6B,False
SFXN5,True
TEX261,False
DQX1,False
DUSP11,False
ST6GAL2,False
NPHP1,False
MALL,False
THNSL2,False
RALB,False
C1QL2,True
TMEM177,False
NT5DC4,False
RABL2A,True
SLC20A1,False
FBLN7,False
SNRPA1P1,False
ZC3H8,False
LIPT1,False
TRIM43CP,True
CNGA3,False
FAHD2B,False
LYG1,False
AFF3,True
UBXN4,False
NXPH2,False
SPOPL,False
THSD7B,True
GPR17,False
POLR2D,False
AMMECR1L,False
GALNT13,False
PKP4,False
SCN1A,True
SLC4A10,False
SCRN3,False
LNPK,False
ZNF385B,False
TMEFF2,False
CDCA7,False
DLX1,False
UBR3,False
PHOSPHO2,False
GULP1,True
FAM171B,True
HSPD1,True
CCDC150,False
METTL21A,False
UNC80,False
PTH2R,False
CPO,False
NBEAL1,False
KANSL1L,True
SPAG16,False
ABCA12,False
SUMF1,True
NYAP2,False
RHBDD1,False
ACKR3,False
TRPM8,False
HES6,False
ESPNL,True
ANKMY1,True
COPS7B,False
DIS3L2,False
CPNE9,True
FANCD2,False
TAMM41,False
VGLL4,False
RAB5A,False
RETREG2,False
CTDSP1,False
CNOT9,False
MARCHF4,False
STK11IP,False
GMPPA,False
GRIP2,True
EAF1,False
CNTN4,False
DYNC1LI1,False
RBMS3,False
GADL1,False
OSBPL10,False
POMGNT2,False
ACKR2,False
GASK1A,False
CSRNP1,False
SLC25A38,False
ITGA9,True
SLC22A14,True
GOLGA4,False
CTDSPL,False
STAC,False
IQSEC1,False
CAND2,False
RPL32,False
PTPRG,False
IL17RD,False
SHQ1,False
SLC25A26,False
UBA3,False
ARL6IP5,False
TMF1,False
LRIG1,False
LRTM1,False
LIMD1,False
ZNF660,False
NFKBIZ,False
COL8A1,True
NXPE3,False
ADGRG7,False
MYH15,True
PHLDB2,False
ABHD10,False
TAGLN3,True
PLA1A,False
RABL3,False
ADPRH,False
IGSF11,True
ATG3,False
NR1I2,False
BOC,False
SRPRB,False
TMEM108,False
AGTR1,True
MED12L,False
EIF2A,False
ALDH1L1,False
OSBPL11,False
TRPC1,False
NCEH1,True
SPATA16,False
FAM86B2,False
LPP,False
TMEM44,False
RUBCN,False
AMT,False
TCTA,False
NICN1,False
UCN2,False
DCAF1,False
MANF,True
STXBP5L,False
EAF2,True
ILDR1,False
TM4SF19,False
MUC4,False
SLIT2,True
EIF2B5,False
AHSG,True
ECE2,False
VWA5B2,False
DGKQ,False
FIP1L1,False
SLC26A1,False
LYAR,False
CENPC,False
EPHA5,False
CORIN,True
ATP10D,True
OCIAD2,False
SLC10A4,False
SLC10A6,True
SCD5,False
PLAC8,False
ENOPH1,False
CABS1,False
GC,True
TRMT10A,False
KLHL8,False
SNCA,False
PYURF,False
TBCK,False
CAMK2D,False
CISD2,False
DDIT4L,False
ANK2,True
TIFA,False
SPATA5,False
FABP2,False
CCNA2,True
METTL14,False
USP53,True
SETD7,False
NAF1,False
MARCHF1,False
SFRP2,False
RPS3A,False
RNF175,False
PDGFC,False
CBR4,True
GLRA3,False
CYP4V2,False
ROPN1L,True
NDUFS6,False
MARCHF6,False
NKD2,False
CDH18,False
ADAMTS16,False
SRD5A1,False
MYO10,False
OTULINL,False
RPL37,False
SKP2,False
OSMR,False
UGT3A1,False
PLK2,True
SHISAL2B,False
GZMA,True
PIK3R1,False
HAPLN1,False
LHFPL2,True
SSBP2,False
BHMT,False
ANKRD31,False
IQGAP2,False
CRHBP,False
RASA1,False
LIX1,False
GIN1,False
PPIP5K2,False
PAM,False
BDP1,False
GTF2H2,False
SLC30A5,False
BTF3,False
FBXL17,False
SPATA9,False
TSLP,False
TNFAIP8,True
FEM1C,False
COMMD10,False
ATG12,False
MEGF10,False
ADAMTS19,False
YIPF5,True
ARHGAP26,False
CXCL14,False
LECT2,False
SLC25A48,False
DDX46,False
CDKN2AIPNLP2,False
IL9,False
TIMD4,False
RNF145,False
C1QTNF2,True
GABRA6,False
GABRB2,False
FBXO38,False
SPINK7,True
PCYOX1L,False
GLRA1,True
TNIP1,False
G3BP1,False
ZNF300,False
N4BP3,True
NHP2,False
RMND5B,False
BOD1,False
CPLX2,False
TENM2,False
KCNMB1,True
FAM50B,False
MYLK4,False
FAM217A,False
TBC1D7,False
FARS2,True
GFOD1,True
CDKAL1,False
PCDHB18P,False
PSD2,False
LRRTM2,False
ZMAT2,False
GFRA3,False
KLHL3,False
DCDC2,False
SLC17A4,False
H2BC1,False
KAAG1,True
TRIM7,False
TRIM41,False
HIGD2A,False
FAM193B,False
PLA2G7,False
TNFRSF21,True
RNF44,True
MMUT,False
RASGEF1C,False
DOK3,True
ABT1,False
PPP1R18,False
DAAM2,False
PRIM2,False
MLIP,True
HMGCLL1,False
LGSN,False
FGD2,False
SCUBE3,False
ANO7,False
CRIP3,False
TTBK1,False
TCTE1,True
RPL7L1,False
NFKBIE,False
CYP39A1,False
TPBG,False
IRAK1BP1,False
PHIP,False
PRSS35,False
MMS22L,False
FAXC,False
GABRR1,False
PNRC1,False
PM20D2,False
RARS2,False
SCML4,False
TBC1D32,False
CLVS2,True
GPR6,False
RNF217,False
RSPO3,False
ARHGAP18,False
TAAR2,False
TAAR6,False
TAAR8,False
ABRACL,False
TAAR1,True
SLC18B1,False
MTFR2,False
SLC2A12,False
SHPRH,False
AIG1,False
DYNLT1,False
TIAM2,False
TMEM181,False
PNLDC1,True
WTAP,False
ZMYM4,False
VIP,True
ARMT1,False
SLC22A3,False
LINC01558,False
VWDE,False
GNA12,False
C7orf50,True
SDK1,False
WASH2P,False
CCZ1B,False
INTS15,False
RBAK,False
CREB5,True
FERD3L,False
EGFR,True
LINC00525,False
CDCA5,True
IGFBP3,True
PURB,True
RPL32P18,False
IGFBP1,True
SSC4D,False
MDH2,False
POMZP3,False
NIPSNAP2,False
CCT6A,False
PSPH,False
TRIM50,True
ZNF92,False
ATXN7L1,True
TMEM168,False
ASB15,False
TRAPPC14,False
SLC12A9,False
GIGYF1,False
TRIM4,False
MEPCE,True
ZAN,False
TMEM209,False
AGBL3,True
STRA8,False
ZC3HAV1L,False
TMEM140,True
TLK2,False
EPHA1,False
NOM1,False
CNPY1,False
NCAPG2,False
ASB10,True
NLGN4X,False
SHROOM2,False
RAB19,False
LUC7L2,False
DENND2A,False
CLTRN,True
SH3KBP1,False
TMEM47,False
LANCL3,False
SYTL5,False
CASK,False
KDM6A,False
SPIN2A,False
MSN,False
AKAP4,False
CCNB3,False
HDAC8,False
SLC16A2,False
DIPK2B,False
ZNF157,False
ZNF182,False
CHST7,False
KRBOX4,False
NDUFB11,False
ZNF41,False
RAB41,False
ZMYM3,False
TAF1,False
GPR174,False
NONO,True
CCDC120,False
LPAR4,False
EBP,False
AWAT2,False
OGT,False
SNX12,False
ITGB1BP2,False
IL2RG,False
GCNA,True
ZNF711,False
CPXCR1,True
DIAPH2,False
NXF3,False
RIPPLY1,False
PRPS1,False
RADX,True
FRMPD3,False
HTR2C,False
DOCK11,False
IGSF1,False
ARHGAP36,False
GPC3,False
GPR119,False
RBMX,False
MCPH1,True
MFHAS1,False
FBXO25,False
FATE1,False
MAGEA4,False
NSDHL,False
ZNF185,False
CETN2,False
RPL10,True
CSGALNACT1,False
ATP6V1B2,False
CCDC25,False
HMBOX1,False
CHRNB3,False
CHRNA6,False
GNRH1,False
BIN3,False
DOK2,False
SLC25A37,False
CHMP7,False
DOCK5,False
STAR,False
PLPBP,False
ERLIN2,False
SNTG1,False
PXDNL,True
ST18,False
RGS20,True
TACC1,False
GOLGA7,False
PLPP5,False
GINS4,False
NSD3,False
DNAJC5B,False
CRH,False
TRIM55,False
ADHFE1,False
MRPS28,True
PMP2,False
LACTB2,False
PRDM14,True
TERF1,False
RPL7,True
SLC26A7,False
PSKH2,True
ATP6V0D2,True
SYBU,False
DPYS,False
MTDH,False
LRP12,False
EBAG9,False
RSPO2,False
POLR2K,False
MAL2,False
EIF3H,False
UTP23,False
NDUFB9,False
TATDN1,False
FAM83A,True
GSDMC,False
FAM135B,False
TTTY7,False
TTTY7B,False
ZNF7,False
ARHGAP39,True
SLC39A4,False
NAPRT,False
VLDLR,False
AK3,False
UHRF2,False
NFIB,False
CER1,False
PLIN2,True
IFNA5,False
HAUS6,False
CDKN2B,True
IFNA16,False
CDKN2A,False
C9orf72,False
IFNK,False
ZCCHC7,False
FBXO10,False
SIGMAR1,False
ZNG1E,False
CEP78,False
NTRK2,False
IDNK,False
SHC3,True
AUH,False
MFSD14B,False
AOPEP,False
PLPPR1,False
OR13C4,False
ZNF462,False
INIP,False
UGCG,False
ACTL7B,False
SNX30,False
STOM,False
GSN,False
MRRF,False
NR6A1,False
CRB2,False
OR5C1,False
ALAD,False
ASTN2,True
WDR31,False
POLE3,False
SURF4,False
GBGT1,False
SURF1,False
SURF2,False
SURF6,False
MED22,False
REXO4,False
RPL7A,True
GTF3C5,False
ASB6,True
PTGES2,False
NTMT1,False
CIZ1,False
SLC25A25,False
SH3GLB2,False
MIGA2,False
PTGES,True
LCN2,True
LRSAM1,False
HMCN2,True
GPR107,False
PAXX,False
IDI2,True
INPP5E,False
LCN9,False
SEC16A,False
DPH7,False
NOTCH1,False
CACNA1B,False
NACC2,False
PROSER2,False
USP6NL,False
COMMD3,False
MSRB2,False
PDSS1,False
FAM171A1,False
MINDY3,False
SLC39A12,False
TMEM236,True
RSU1,True
ST8SIA6,False
PARD3,False
ANKRD30A,False
ZEB1,False
FAM13C,False
NRBF2,False
A1CF,True
CDHR1,False
LRIT1,False
RGR,False
POLR3A,False
HERC4,False
LRMDA,False
CAMK2G,True
ADIRF,False
GLUD1,False
ANKRD1,True
HTR7,True
RPP30,False
FRA10AC1,False
ADD3,False
HABP2,False
VAX1,False
DNAJB12,False
EIF4EBP2,False
NPFFR1,False
PLEKHS1,True
TCF7L2,False
MKI67,True
CYP17A1,False
INA,False
FUOM,False
LRRC27,False
MTG1,False
NKX6-2,True
PAOX,False
GSTO1,False
TAF5,False
PPRC1,False
ITPRIP,False
CNNM2,False
PDCD11,False
ADAM12,False
RGS10,False
BTBD10,False
ADM,False
GAS2,True
SLC5A12,False
LIN7C,False
LRRC4C,False
IMMP1L,False
SAA4,True
PGAP2,False
TUT1,False
SCGB1A1,False
SYT8,True
ZNF214,False
ZNF215,False
HSD17B12,False
APIP,False
PAMR1,False
DGKZ,False
EIF3M,False
TNKS1BP1,True
GLYAT,False
SERPING1,True
OR5F1,False
SSRP1,False
SLC43A1,False
PTPRJ,False
CSTPP1,False
ARFGAP2,False
CELF1,False
HIKESHI,False
CCDC81,False
SESN3,False
ENDOD1,True
CCDC82,False
KLHL35,False
TENM4,False
SERPINH1,True
CAPN5,True
INTS4,True
PAK1,False
RPS3,False
ZC3H12C,False
TTC12,False
NCAM1,False
DRD2,False
C11orf52,False
HTR3B,False
NPAT,False
ATM,False
AASDHPPT,False
GLB1L2,False
SLX4IP,False
LAMTOR1,False
P4HA3,False
GRIK4,True
ST14,False
HYOU1,False
GGTLC1,False
SCP2D1-AS1,False
ADAM33,True
SLC22A8,True
KAT14,False
TKFC,False
MTA2,False
TMEM138,False
FADS1,False
TMC2,False
ROM1,False
EML3,False
INCENP,True
ZP1,False
OOSP2,False
MS4A3,False
PLCH2,False
FRG1BP,False
CPSF7,False
MS4A2,False
B3GAT3,False
EI24,False
CCDC15,True
CHEK1,False
FEZ1,False
ESAM,True
KIRREL3,False
MPZL2,True
SCN2B,False
SIDT2,False
TMEM25,False
TAGLN,True
JPH2,True
DUSP15,True
COMMD7,False
C20orf144,False
KIAA1755,False
SPATA25,True
OCSTAMP,False
DSN1,False
SOGA1,False
CNBD2,False
SPINT4,False
CDH22,True
LSM14B,False
YTHDF1,False
CABLES2,False
LTO1,False
GPHA2,False
SLC22A9,False
TRPT1,False
NUDT22,False
FERMT3,True
PLCB3,False
MRPL49,False
CDC42EP2,False
FAU,True
TM7SF2,False
VPS51,False
TBX6,False
PPP4C,False
ALDOA,True
TLCD3B,True
DOC2A,False
HIRIP3,False
TAOK2,False
TMEM219,False
HMGA2,False
MMP3,True
CNKSR2,False
CNTN5,False
KLRF1,False
CLEC1A,False
MKX,False
MPP7,False
ITGB1,False
FRMPD2B,False
FXYD4,False
TRIM48,False
OR8K1,False
OR5M9,False
PCDH15,False
PPIAP26,False
CTF1,False
CWC15,False
FCGR1A,False
ARID5B,True
KLHL1,False
CDH8,False
DCUN1D2,False
TMCO3,False
TMEM218,False
TIRAP,False
EEF1AKMT1,True
LATS2,False
SAP18,False
ADGRL3,False
KIAA1328,False
FAM124A,False
MIA2,False
HNMT,True
LYPD1,False
LYPD6B,False
PDCD4,False
ADRA2A,False
GPM6A,False
WDR17,False
SPATA4,False
VEGFC,False
CCDC102B,True
CD226,True
CNDP1,False
FSIP1,False
DLG2,True
CCDC83,False
RGS18,False
PRSS23,True
MTMR12,False
PPP1R1C,True
POU2AF2,False
CCT5,True
ATPSCKMT,False
DOCK1,False
DIXDC1,False
DLAT,False
PIH1D2,False
NKAPD1,False
TIMM8B,False
IL18,True
TEX12,False
PTS,False
PIP4K2A,False
C2orf50,False
FREM2,False
FOXO1,False
CRIM1,True
SEC24D,True
ABCB9,True
RILPL2,False
DHX37,False
UBC,True
ITPR1,True
TKTL2,False
PRSS53,False
SLC7A11,True
NOCT,False
ENKUR,True
GPR158,False
LYZL2,False
CACNA2D4,False
DCP1B,False
CACNA1C,False
KCNA6,False
THRB,False
NGLY1,False
OXSM,False
UEVLD,False
TMEM86A,False
NOPCHAP1,True
TMEM263,False
ABTB3,False
UBE3B,False
ANK3,True
IPMK,False
RAD9B,False
PLBD2,False
DLG5,False
MAT1A,True
SLC2A13,False
GXYLT1,False
TWF1,False
DIP2C,False
EIF4E,False
MAGI1,False
TEX30,False
CSNK1G3,False
SRFBP1,False
AKAP6,True
NPAS3,False
FAM177A1,False
MBIP,False
MIPOL1,True
EXT2,False
TMEM18,False
ALLC,True
KCTD14,False
THRSP,False
NDUFC2,False
ME3,False
MSGN1,False
ADAMTS12,True
NUBPL,False
NEK7,False
ATP6V1G3,True
FER,False
VIPAS39,False
ANKRD50,False
UPF2,False
CDC123,False
SCLT1,False
CCDC3,True
C4orf33,False
FRMD4A,True
SLC25A31,True
PTPRO,False
EPS8,False
ACAD8,False
THYN1,False
VPS26B,False
NCAPD3,False
VTI1A,True
QDPR,False
FHIP2A,False
ANO4,False
TEX9,False
QTRT2,False
DRD3,False
MMAA,False
ZNF827,False
POU4F2,False
EDNRA,True
NR3C2,True
AKR1C6P,False
AKR1C2,True
DPYSL4,False
VENTX,False
ADAM8,False
ITIH2,False
KIN,False
PIGF,False
ANKAR,True
INPP1,False
MFSD6,False
RNF144A,False
ASAP2,False
ADAM17,False
FLI1,False
KCNJ1,False
TMEM45B,False
WWC2,False
CENPU,True
ACSL1,True
SLC25A4,True
AMN1,False
BICD1,True
SAV1,False
CCDC122,False
SERP2,True
NBAS,False
ZNF385D,True
TDO2,False
GUF1,False
SLC35F4,False
GABRA2,False
SACS,True
CCDC175,False
PABPC3,False
CENPJ,False
FBXO4,False
TMEM267,False
CCL28,False
PARP8,False
GFRA1,False
CACUL1,False
DST,False
BEND6,True
TIAL1,False
BAG3,True
GLT1D1,False
TMEM132D,True
RBM46,False
ZNF37CP,False
SCHIP1,True
MCHR2,False
KCNE4,False
AP1S3,True
RABGAP1L,False
CCDC74B,False
TLCD4,False
MZT2B,False
TUBA3E,False
ASTN1,False
CFC1B,False
FAM168B,False
PTPN14,False
SMPD4BP,False
MGAT5,False
TMEM163,False
GPATCH11,False
HSPB8,False
GEMIN6,False
TMEM178A,False
POU4F1,False
OBI1,False
CYSLTR2,False
GRID2,False
ARL11,False
RIT2,False
SETBP1,False
ARL14EP,False
EPG5,False
PSTPIP2,False
ATP5F1A,False
HAUS1,False
C18orf25,False
SPC25,True
G6PC2,False
PDK1,False
PTH,False
PDE3B,False
TCF7L1,False
TGOLN2,False
SH2D6,False
KCNK13,False
UHMK1,False
ATG10,False
POC5,False
SPOCK1,True
FAM151B,True
TADA1,False
GUCY1A2,False
CWF19L2,False
JMY,False
HOMER1,True
XRCC4,False
BOLL,False
ZNF547,False
ZNF773,False
ZNF776,False
ZNF256,False
SUV39H2,False
DCLRE1C,False
OLAH,False
RPP38,False
NMT2,False
ZSCAN1,False
ZNF837,False
USP12,False
CCDC50,False
CAMK4,False
TRIM36,True
ZFP36L2,False
PAN3,False
PLEKHH2,True
PFKM,False
TMEM123,False
GRIA4,False
IGSF10,False
SPEF2,False
SPARCL1,False
DSPP,False
DMP1,False
MEPE,True
MBNL1,True
CAPSL,True
NADK2,False
GPD1L,False
GJA1,False
CCNO,False
DDX4,False
CLEC4F,False
SLC30A6,False
PELO,False
RASGRP3,True
SAR1B,False
CATSPER3,False
GPR180,False
DYNLT5,False
DNAI4,True
ANKRD22,False
FARP1,False
IFIT5,True
SLC16A12,False
PANK1,False
PRDM8,False
BMP3,False
HNRNPDL,False
HHEX,False
UTRN,False
GRM1,False
PTPRK,True
GGPS1,False
CNTNAP4,False
ZNF117,False
PART1,False
RAB3C,False
LMNTD1,False
MARVELD2,False
RAD17,False
MED21,False
PLOD2,False
STK32B,False
NRSN1,False
JAKMIP1,False
ZIC1,False
ADGRA3,False
CPB1,False
SREK1IP1,False
LGI2,False
CWC27,False
MR1,False
SRP19,False
CENPH,False
CDYL,False
CARHSP1,False
TEKT5,False
BANK1,False
TXNDC11,False
DAB2,False
ACMSD,False
ACOXL,False
BCL2L11,False
ANAPC1,False
CAST,False
SCOC,False
CLGN,True
CETN3,False
SMARCA5,False
SYCP2L,False
BMP6,True
RGPD3,False
RASSF3,False
HNRNPU,False
RANBP2,False
AHCTF1,False
MERTK,False
TMEM87B,False
OR14K1,False
PTPRR,True
NR4A2,False
CCDC148,True
PLA2R1,False
RBMS1,False
SCN3A,False
FEZF2,False
CD96,True
SLC25A27,False
ADGRF1,False
ADGRF4,False
FRMD1,False
CYRIB,False
ASAP1,False
TRAPPC8,False
FAM81B,False
LINC00467,False
INO80C,False
LPCAT1,False
PLEKHG4B,False
NMRAL1,True
UBALD1,False
C16orf89,False
TMEM251,False
ING1,False
TEX29,False
SPACA7,True
ADPRHL1,True
CMTM7,False
FBXL2,False
UBP1,False
RMND5A,False
CD8A,False
RPIA,False
GOLGA8F,False
PTPRD,False
LURAP1L,True
CNKSR3,False
GTF2E1,False
CFDP1,False
TGIF2LX,False
ZDHHC7,False
CIBAR2,False
C7orf31,False
TMPRSS11D,False
JAZF1,False
CMIP,False
SPHKAP,False
KCNJ16,False
PID1,False
TRIP12,False
FBXO36,True
CEBPG,True
KCTD15,False
ZNF599,False
MCOLN2,False
LGI4,True
DDAH1,False
SREK1,False
CHD1,False
CLCA3P,False
ANKFN1,False
DGKE,False
HS2ST1,False
MSI2,False
CACNA2D1,False
ZUP1,False
HS3ST3A1,False
GDPD1,False
NUS1,False
SEMA3D,False
PPP2R5E,False
ASB17,False
GRAP,False
SLC5A10,False
AK5,False
CABYR,True
IMPACT,False
ANKRD29,False
SDHAF4,True
CHST9,True
THY1,True
DNAAF1,True
C16orf74,False
TBCEL,False
JPH3,False
ANKH,False
OTULIN,False
UBASH3B,True
ROBO4,True
ROBO3,False
PANX3,False
TBRG1,False
NRGN,False
RETREG1,False
CDH12,False
GPR15,False
TOMM70,False
ABI3BP,True
ANGPT1,False
CYP4Z2P,False
PITPNC1,True
CC2D1B,False
CERS3,False
PRKCA,False
LRRK1,False
CEP112,False
GAL3ST2,False
ABCA9,True
ABCA6,True
ABCA10,True
ABCA5,False
ENPP3,True
C4orf19,False
UCHL1,False
MIA3,False
DISP1,True
TNIK,False
TDH,True
FAM167A,False
NEIL2,False
PGM5,False
WNT3A,False
OBSCN,False
LONRF1,False
TRIM11,False
ENAH,False
PPP1R3A,False
CCSAP,False
ASZ1,False
SH3RF1,False
GBP5,True
BUB3,False
GPR26,False
CFAP210,True
MMP21,True
C10orf90,False
DIPK1A,False
ATP5MC3,False
CNTNAP3B,False
MAGED4,False
SRSF12,False
PDLIM3,True
SORBS2,True
ELOC,False
LY96,False
CEP170P1,False
PSMA8,False
TMSB4Y,False
CXADR,False
BTG3,False
C21orf91,False
CHODL,False
TMPRSS15,False
NCAM2,False
L3MBTL4,True
PDE1C,False
RABGEF1,False
MRPL39,False
JAM2,True
ATP5PF,False
GABPA,False
ADAMTS1,False
ADAMTS5,False
TSEN2,False
SLFN13,False
WNT7A,False
XPC,False
CCDC174,False
FGD5,False
FLCN,False
DPH3,False
OXNAD1,False
PLCL2,False
CXXC1,False
SKA1,False
PPP4R1,False
APCDD1,False
PIEZO2,True
CCDC144BP,False
MPPE1,False
CCDC144CP,True
USP43,False
RAB6B,False
EME1,False
EPHB1,False
ACSS1,False
ANKRD40,False
ZNF18,False
CA10,False
VOPP1,False
SEPTIN14,False
APOOL,False
DKK2,False
CYP2U1,False
RSPH10B,False
FBXL18,False
CNTNAP5,False
PROM2,False
UNC93B2,False
AK9,True
ODF1,False
KLF10,True
PTPRN2,True
AZIN1,False
ATP6V1C1,False
PIP4P2,False
OTUD6B,False
CDK19,False
GTF3C6,False
TTC39B,False
AGPAT5,True
MMS19,False
OR4K1,False
PI4K2A,False
MARVELD1,False
ZFYVE27,False
GOLGA7B,True
GPR78,False
TRMT44,False
SLC25A28,False
HSPA13,True
SAMSN1,False
USP25,False
GRAMD2B,False
ZCCHC10,False
C16orf87,False
MOV10,False
RHOC,True
PPM1J,False
DBI,False
SLC16A1,False
HEATR3,False
TRIM74,False
NIFK,True
OXA1L,False
SLC7A7,False
MAGEC1,False
LARP1,False
CNOT8,False
GRIA1,False
LRGUK,True
SETD9,False
MIER3,False
NUP205,False
ZKSCAN2,False
C9orf85,False
XAGE2,False
PIK3AP1,False
RBM45,False
TTN,True
VSIG4,False
PDIA4,False
KDM8,False
PDZD9,False
OTOA,True
KCTD18,False
HYCC2,False
FLACC1,True
C2CD6,True
TMEM237,False
FZD7,False
SPAG17,False
DEPTOR,False
FMN2,False
RNF20,False
CYLC2,False
PPARGC1B,False
ELMO1,False
SLC26A2,False
LSM11,False
MED7,False
SAXO1,True
RRAGA,False
SLC24A2,False
TRIM42,False
PXYLP1,False
ADCY8,False
RASA2,True
RMND1,False
RAET1L,True
SLA,False
TMBIM4,False
VBP1,False
RAB39B,False
CLIC2,False
AFF2,False
MICU3,False
GRIP1,True
VPS37A,False
KIF5A,True
NAT2,False
MAGEA8,False
PSD3,False
CARNMT1,False
MCU,True
MIDEAS,False
CFAP70,True
GNA14,False
FAM161B,False
GNAQ,False
WIF1,True
UGT2B4,False
GPR61,False
MMP16,False
ADK,False
KCNMA1,True
BATF,True
DCK,False
ADAMTS3,False
ALX3,False
DPY19L4,False
NDUFAF6,False
DRAM2,False
CFAP418,False
PPEF2,True
CFAP161,True
ADAMTSL3,False
ART3,False
SLC28A1,True
WHAMM,False
CXCL13,False
N6AMT1,False
RWDD2B,False
USP16,False
CCT8,False
MAP3K7CL,False
NAA11,False
BACH1,True
CLDN17,False
CLDN8,False
TSPAN7,False
TIAM1,False
SCAF4,False
RPGR,True
CDK20,False
PCGF6,False
ANKRD9,False
SFR1,False
SORCS3,False
SFXN2,False
ATP5MJ,False
FUT6,False
TDRD9,False
FGF18,True
PCDH1,True
SH3RF2,True
GDF6,False
UQCRB,False
MTERF3,False
PTDSS1,True
PPP2R2B,False
RPL30,False
KCNS2,False
PABIR3,True
SUPV3L1,False
PABIR2,False
EEF1A1,True
FBXO43,False
HKDC1,True
HK1,True
TYSND1,False
PHF6,False
CD109,False
LRFN2,False
NODAL,False
PRG3,False
UBE2L6,True
ZDHHC5,False
MED19,False
ZFAND3,False
NPTN,False
KAT6B,True
SAMD8,False
RAB11FIP1,False
UNC5D,False
GLYATL2,False
UTP14A,False
AIFM1,False
MAPK13,False
BAG4,False
MS4A1,False
IGKV1OR-2,False
TBC1D31,False
NTAQ1,False
ATAD2,True
FBXO32,False
NSMCE2,False
ZNF689,False
PRR14,False
FBRS,False
FRRS1,False
PHKG2,True
MFSD14A,False
SASS6,False
COX6A2,False
ITGAD,False
ADGRG4,False
ZIC3,False
MALSU1,False
VPS8,False
GALK2,False
LHFPL4,True
B3GNT7,False
MPV17L,True
BUB1B,True
PDE6D,True
EIF4A2,False
BRPF1,False
RPUSD3,False
SST,True
TATDN2,False
GHRL,False
SEC13,False
CIBAR1P1,False
EXOG,False
NTAN1,False
SHCBP1L,False
NMNAT2,False
ZFYVE9,False
ATP2B2,False
LYZL4,True
SLC6A1,True
SMG1,False
FCHO2,False
RBPMS,False
TMEM171,False
KLHL40,False
C8A,True
TIMP4,False
SYN2,False
NRG1,False
ODR4,False
CPT2,False
NECAP2,False
LRP8,False
CDCP2,False
PAXIP1,False
STEAP2,False
SSBP3,False
HTR5A,False
CLDN12,False
MMP14,False
FZD1,False
GATAD1,False
SUSD3,False
ZFHX2-AS1,True
TMED6,False
CLEC18A,False
DHRS4,False
CFAP107,True
CLEC18C,False
ARMC12,False
DDX19B,False
ST3GAL2,False
FCSK,False
IL34,True
DHRS1,False
CACNA1D,False
ARSL,False
KIT,False
HYDIN,False
AASDH,False
ZNF19,False
CACNA2D3,True
RNF111,False
CCNB2,True
FAM81A,False
MYO1E,True
APPL1,False
PWWP3B,False
AFAP1L1,False
TSC22D3,True
VPS26C,False
DYRK1A,False
KCNJ6,False
KCNJ15,False
ERG,False
ETS2,True
TSPAN18,False
LCA5L,False
SLC35B2,False
TMEM164,False
MX1,True
CREB3L1,False
C2CD2,False
TAB3,False
SLC38A10,False
C9orf43,False
PALM2AKAP2,False
ZNF618,False
DGKI,True
TMEM268,False
SVOPL,False
SNX22,False
UBN2,True
BRAF,False
SLC34A2,True
ACAN,True
PSMG3,False
CABP1,True
WDR19,False
SLC37A3,False
AP3S2,False
FMNL2,False
GAREM2,False
SPPL3,False
DPYSL5,False
DRC1,True
RAB28,False
PRXL2B,False
TNFRSF14,False
PANK4,False
CIB4,False
MEGF11,False
C12orf43,False
PEX10,False
RER1,False
RADIL,False
SKI,False
WIPI2,False
SSX8P,False
LDLRAP1,False
AGAP1,False
KRTCAP3,False
ANKRD61,False
PAFAH2,False
EXTL1,False
SLC30A2,False
BABAM2,False
TRIM63,False
CFAP251,True
MRPL17,False
DUSP2,True
GRHL3,False
UBXN11,True
NLRP14,False
PTPDC1,False
GALNT14,False
NCK1,False
HPD,True
RHPN1,False
TPRG1L,True
LRRC43,True
PRXL2C,False
XDH,False
XKR8,False
CNNM4,True
EYA3,False
DZIP1L,False
TMSB15A,False
FANCC,False
MRAS,False
WASF2,False
ABHD3,True
ESYT3,False
FAIM,False
TENT5B,False
CLSTN2,False
COLEC12,False
RNF207,False
CUL4B,False
GPR153,False
SLC13A3,True
GPRASP2,True
RHBDL2,False
AUTS2,False
SHROOM4,False
H2BC5,True
CDC25C,True
H4C8,True
MITD1,False
EIF5B,False
RIBC1,False
TMSB15B,False
CATIP,False
CNOT11,False
KCNB1,False
TSPAN33,False
NRG2,True
AHCYL2,False
B4GALT5,False
CD1D,False
CD1A,False
SPATA2,False
CD1C,False
SNX29P1,False
FAM86C1P,False
CD1B,False
DNAH3,False
CD1E,False
HMHB1,False
CPA2,True
NCF1,False
CPA5,False
TSR2,False
PPP1R9A,False
ZC3H18,False
ZFAND2B,False
POM121L2,True
GDPD5,False
DYNC1I1,True
PFKFB1,True
ALAS2,False
TMED4,False
PPP1R15B,False
COPG2,False
EMSY,False
PAGE5,False
GPAT4,False
PKD1L1,True
ZSCAN12,False
TAGLN2,False
ELK4,False
SLAMF8,False
SLC45A3,False
DUSP23,True
RNF166,False
OR10J6P,False
NBL1,False
HTR6,True
ITLN2,False
F11R,False
USF1,False
PLA2G2F,False
SPATA2L,False
NIT1,False
DEDD,False
ZNF276,False
NPM2,False
EDA,False
FGF17,False
VWA5B1,True
CDA,False
PINK1,False
B4GALT3,False
DMTN,False
ADAMTS4,False
FHIP2B,False
NDUFS2,False
SLC5A11,True
FCER1G,False
APOA2,True
TOMM40L,False
MPZ,False
WFDC8,False
CCAR2,False
WNT9B,False
CACHD1,True
CDC42SE2,False
RAPGEF6,False
EPB41,False
MIS18A,False
ALG8,False
FBXW5,False
CFAP298,False
SYNJ1,False
PAXBP1,False
IFNAR2,False
MRPL10,False
IFNGR2,False
GART,False
SON,False
DONSON,False
SV2A,False
LAD1,True
STC1,True
TNNI1,True
CSRP1,False
PRAC1,False
HOXB13,False
ATP5POP1,False
C1QC,False
KCNE2,False
ATP5MC1,False
RCAN1,True
UBE2Z,False
CIART,False
SNF8,False
CLIC6,False
CCDC24,False
RUNX1,False
IGF2BP1,False
GIP,False
CBR1,False
CBR3,False
TUBBP5,False
GJD2,False
ACTC1,False
MORC3,False
CHAF1B,False
CLDN14,False
SIM2,False
HLCS,True
GOLGA6A,True
SCUBE1,False
ARHGAP27,False
ADPGK,False
PTMS,False
PLA2G4D,False
PADI4,True
ADIPOR1,False
CYB5R1,False
PSMD4,False
ATP13A2,False
M1AP,False
PSMB4,False
IRX6,False
BTG2,False
CES5A,False
HK2,False
C1R,False
CELF3,False
ALDH4A1,True
STARD9,False
THEM4,True
TCHH,False
LCE2B,False
UBR1,False
AMFR,False
MED8,False
TGM7,False
RGL4,False
SPRR2G,False
PGLYRP3,True
ISL2,False
RSPRY1,False
CCDC17,False
GPBP1L1,False
NAE1,False
TMEM69,False
ADGRG5,False
DRC7,True
ACE,False
TEPP,True
UROC1,False
EFCAB14,False
SPON2,False
CHCHD6,False
CTBP1,False
LRRC36,False
ANKRD18CP,False
TPPP3,True
ZDHHC1,False
ATP6V0D1,True
AGRP,False
ZFYVE28,True
CARMIL2,False
C16orf86,False
PIP,False
FAM131B,False
RGS12,False
PSKH1,False
ZYX,False
ABR,True
TCAF2P1,False
LYPD5,False
CCDC117,False
ZNF230,False
CCDC107,False
ZNF222,False
NPR2,False
ZNF890P,False
ZNF221,False
ZNF233,False
ZNF235,False
GNE,False
TNFRSF13C,False
OR3A3,False
ARHGAP35,False
PTGIR,False
CALM3,False
DFFA,False
CCDC28B,False
IQCC,False
TMEM234,False
BSDC1,False
ZBTB8A,False
ATAD3B,False
SSU72,False
UBE2J2,False
ZNF362,False
FNDC5,False
CPAMD8,True
NR2F6,False
ANKLE1,True
MIX23,False
VMA21,False
KALRN,True
CILP2,False
FAM86C2P,False
ABCG1,False
TFF3,True
TFF2,False
TFF1,True
TMPRSS3,False
UBASH3A,True
RSPH1,False
SLC37A1,False
PDE9A,False
WDR4,False
NDUFV3,False
PKNOX1,True
CBS,False
U2AF1,False
CRYAA,True
HSF2BP,True
RRP1B,False
PDXK,False
G6PD,True
CSTB,True
RRP1,False
AGPAT3,False
TRAPPC10,False
GAB3,False
GATD3,True
ICOSLG,True
AIRE,False
CFAP410,False
ZNF66,False
LRRC3,False
ITGB2,False
SLX9,False
RALGDS,False
FTCD,False
SPATC1L,False
LSS,False
VAV2,False
MCM3AP,False
C21orf58,False
PCNT,False
DIP2A,False
S100B,False
PRMT2,False
CLDND2,False
ZNF208,False
ADAMTS13,False
CACFD1,False
SLC2A6,True
ZNF761,True
FCN2,False
PIERCE1,False
LCN1,False
ZNF714,False
GPSM1,False
C19orf47,False
HIPK4,True
CFAP157,False
TOR2A,False
ST6GALNAC6,False
SHKBP1,False
RDH13,False
ZER1,False
ZDHHC12,False
PKN3,False
SPTBN4,False
BRSK1,False
COX6B2,True
TMEM190,False
NLRP4,False
PLPP7,False
TAOK1,False
MED27,False
DEDD2,True
SIK3,False
MPZL3,False
JAML,True
NEK8,True
TLCD1,False
PCSK7,False
SAFB,False
CD3G,False
S100A1,False
CHTOP,False
CXCR5,True
ZBTB7B,False
FLAD1,False
SHC1,False
VPS11,False
NLRX1,False
ADAR,False
IL6R,True
UBE2Q1,False
CHRNB2,False
CRTC2,False
ANO10,True
FDPS,False
RUSC1,False
GBAP1,False
ENTREP3,False
PAQR6,False
PMF1,False
SLC25A44,False
LMNA,True
CCR5,False
NBEAL2,False
CCDC12,False
PTH1R,False
UBQLN4,True
MYL3,False
PPP1R35,False
GPATCH4,True
LRRC71,False
FCRL3,False
AZGP1,True
FGFR4,False
CYP3A4,False
CYP3A7,True
NACC1,False
CYP11B1,False
HK3,True
LY6K,False
IER2,True
ZNF394,False
CPSF4,False
LY6E,False
VPS28,False
TONSL,False
PTGER1,False
PWWP3A,False
RECQL4,False
LRRC14,False
ZNF333,False
COL26A1,True
PPP1R16A,False
FOXH1,False
ORAI2,True
ALKBH4,False
CCDC105,False
SH2B2,False
MRNIP,False
SQSTM1,True
MGAT4B,False
RPL8,True
MAML1,False
PGLYRP2,True
LRWD1,False
FBXL13,True
NAPEPLD,False
SCGB3A1,False
PSMC2,False
CELF5,True
MFSD12,False
POM121L15P,False
PRODHLP,False
USP41,False
YDJC,False
CCDC116,False
DVL3,False
AP2M1,False
ABCF3,False
PCYT1A,True
FBXO27,False
DMKN,False
U2AF1L4,False
BDH1,True
NPHS1,True
THAP8,False
COX7A1,False
ZNF382,False
LRRC56,True
PLXDC1,False
PGAP3,False
IKZF3,True
GRIN2C,True
FDXR,False
SAP30BP,False
ACOX1,False
PRPSAP1,False
CYGB,True
SRSF2,True
ZNF577,False
TMEM143,False
KLHL10,True
KASH5,False
HCRT,False
ALDH16A1,False
DCD,False
ITGA5,False
SIGLEC11,False
ZNF385A,False
SIGLEC16,False
MPP3,False
CD300LG,True
IZUMO2,False
NAGS,False
LSM12,False
ASB16,False
EMC10,False
JOSD2,False
SHANK1,False
FAM171A2,False
DBF4B,False
PLCD3,False
FMNL3,False
AQP5,False
RACGAP1,True
OR7G1,False
LARP4,False
TAMALIN,False
RAVER1,False
KRT84,False
KRT82,False
SYCE2,False
SPC24,False
IP6K3,True
LEMD2,False
ALOX15,False
TREML1,False
ADCY10P1,True
ZNF653,False
MED11,False
CXCL16,False
SCIMP,False
RNASEK-C17orf49,False
BCL6B,False
ASGR2,False
TNFSF13,False
SENP3,False
FGF11,False
EIF4A1,False
RPL26,False
CCDC42,False
POLR3K,False
SNRNP25,False
PRR35,False
WDR90,False
JMJD8,False
CCDC78,False
MSLNL,True
SSTR5,False
SPSB3,False
MEIOB,False
HS3ST6,False
TEDC2,False
CCNF,False
TBC1D24,False
AMDHD2,False
NTN3,False
BICDL2,False
PAQR4,False
FLYWCH2,False
ZG16B,False
ZNF75A,True
ADCY9,False
SHANK2,False
CLPB,True
NEU3,True
CYB561A3,False
PPP1R32,False
ASRGL1,False
GNG3,False
UBXN1,False
LBHD1,False
TTC9C,False
TAF6L,False
NXF1,True
STX5,False
SLC25A45,False
RPL29,True
ITIH3,False
SYVN1,True
ZFPL1,False
RPS6KA4,False
LRP5,False
TPCN2,False
FGF19,False
CYP4A22,False
PDZK1IP1,True
TAL1,False
CMPK1,False
BEND5,False
ELAVL4,False
COA7,True
ZYG11B,False
SLC1A7,False
CZIB,False
MAGOH,False
ACOT11,False
FAM151A,True
PARS2,False
LEXM,False
BSND,False
USP24,False
PLPP3,False
NOL9,False
PRKAA2,False
KLHL21,True
ZSWIM5,False
GMEB1,False
SLC45A1,False
SELENON,True
AK4,False
JAK1,False
RAVER2,False
CTRC,True
LZIC,False
RBP7,False
KNCN,False
FBLIM1,False
TMEM82,False
SLC25A34,False
AKR7A3,False
DRAXIN,False
PDPN,False
LRRC38,False
DHRS3,False
MATN1,False
LAPTM5,False
SDC3,False
PEF1,False
SYNC,True
RBBP4,False
KIAA1522,False
TSSK3,False
TMCO4,False
UBXN10,False
CAMK2N1,False
ALPL,False
WNT4,True
TTLL10,True
SCNN1D,False
MXRA8,False
FAAP20,False
MEGF6,False
CCDC27,False
IL23R,False
DIRAS3,True
C1orf87,False
NFIA,False
OMA1,True
MYSM1,False
TM2D1,False
USP1,False
FUBP1,False
NEXN,True
DNAJB4,False
ADGRL4,False
LRRIQ3,False
LRRC53,False
TYW3,False
LHX8,False
SNX7,False
B3GALT2,False
NTNG1,False
FAM102B,False
HENMT1,False
AKNAD1,False
C1orf52,False
DNAI3,False
GBP2,True
ATXN7L2,False
GBP4,False
ZNF326,False
HFM1,False
BRINP3,False
GFI1,False
LSP1P3,False
KCNT2,True
AGL,False
VCAM1,False
EXTL2,False
SLC30A7,False
DNAJA1P5,False
ZNF281,False
ARPC5,False
CADM3,False
NLRP3,False
ZNF496,False
TRIM58,False
SLAMF9,True
OR2M5,False
KCNJ9,False
IGSF8,False
DDR2,True
PEA15,True
PEX19,True
NCSTN,False
VANGL2,False
SLAMF6,False
OLFML2B,False
FCRLB,False
FCGR3B,False
SLC9C2,False
KLHDC9,False
C1orf74,False
LMX1A,False
LRRC52,False
FLVCR1,False
GARIN4,True
ATF3,True
RBM15,False
DENND2D,False
AXDND1,True
TDRD5,False
IER5,True
SNED1,False
BPNT1,False
SPATA17,True
C1orf115,True
BROX,False
NBPF20,False
ACP6,False
MT2P1,False
WDR64,False
KIF26B,True
TFB2M,False
CNST,False
PPP1R21,False
KLHDC8A,True
PM20D1,False
PKDCC,False
OXER1,False
HAAO,False
B3GALNT2,False
C1orf147,True
MAPKAPK2,False
IL20,False
IL24,False
FCMR,False
PIGR,False
FCAMR,False
CAPN2,False
MRPL55,False
OBSCN-AS1,False
WDR26,False
REL,True
PUS10,False
PEX13,False
SANBR,True
TRIM17,False
RFTN2,True
DISC1,False
LINC01931,False
CAPN13,False
LRRTM1,False
MEMO1,False
DPY30,False
TYW5,False
MAIP1,False
KCNF1,False
SLC66A3,False
ARL5A,False
LRATD1,False
KCNJ3,False
NEUROD1,True
CLHC1,False
PRORSD1P,False
FRZB,False
DUSP19,False
CFAP36,False
NUP35,False
CCDC138,True
ZSWIM2,False
FBXO41,False
ALMS1P1,False
ACTG2,False
WDCP,False
SMC6,False
VSNL1,False
CCDC74A,False
H3-3A,False
ANKRD30BL,False
COQ8A,False
SLC16A14,False
TEKT4,True
EN1,False
SGCB,False
SPATA18,False
NOSTRIN,True
CFAP221,True
CCDC140,False
SGPP2,False
INHBB,False
XIRP2,False
BBS5,False
BIRC8,False
SMARCAD1,False
HPGDS,False
PDLIM5,True
PDHA2,False
STPG2,False
NEURL3,True
RPRD2,False
ANKRD23,True
CTSS,False
MSX1,False
PACRGL,True
BNIPL,False
C1QTNF7,False
TNFAIP8L2,False
LYSMD1,False
SCNM1,False
TMOD4,False
VPS72,False
ERCC3,False
RNF149,False
IWS1,False
BOLA3,False
CDC42EP3,False
S100A11,True
LCE3D,False
SMCP,False
IVL,False
SPRR3,False
DHX57,False
SPRR2D,False
BMP10,False
PGLYRP4,False
ARHGAP25,False
S100A9,False
S100A12,False
TGFA,False
TDRD10,False
CCNYL1,True
FZD5,False
CRYGC,False
DCAF16,False
CFAP141,False
NPPC,True
GNPDA2,False
ALPP,False
GABRG1,False
ALPG,True
GABRB1,False
PAQR3,False
NIPAL1,False
ALPI,True
ANTXR2,True
HELQ,False
MRPS18C,False
CGGBP1,False
ABRAXAS1,False
GPR155,True
DAPL1,True
PMVK,True
PBXIP1,True
CLDN1,True
PYGO2,False
HIPK1,False
LENEP,False
DCST2,True
DCST1,False
COL6A3,True
INAVA,False
LINC01116,False
YY1AP1,False
KBTBD8,True
TAFA4,False
EOGT,False
LMOD3,False
NAXE,False
POGLUT1,False
SLC22A15,False
CCKAR,True
IGFN1,True
ATP1A1,False
SLC15A2,True
EIF4E3,False
PROK2,False
TEX55,False
LRRC58,False
FSTL1,True
LMOD1,False
ELF3,True
PDCL2,False
TMEM183A,False
TMEM169,False
IGFBP7,True
TRIM46,False
KRTCAP2,False
CXCR1,False
ARPC2,False
TSACC,False
CCT3,False
TMEM79,False
SSR2,False
RNF25,False
STK36,False
ADORA1,True
NEK10,True
CCDC141,True
FEV,False
CRYBA2,False
IHH,False
CIP2A,False
EOMES,False
CWC22,False
AZI2,False
TGFBR2,False
RETNLB,False
ANKZF1,False
HDAC11,False
FCRL4,True
TRAT1,False
FBLN2,False
GLB1L,False
STT3B,False
CHCHD4,False
DPPA2,False
NFASC,False
FCRL1,False
SGO2,False
SERPINI1,True
CLASP2,False
SUCLG1,False
NUAK2,False
SPTA1,False
PRKCI,False
MNDA,False
PYHIN1,False
IFI16,True
AIM2,False
EFHB,False
EIF5A2,False
SLC2A2,True
RPL22L1,False
FABP1,True
PPM1L,True
ICA1L,False
SNHG16,False
CTLA4,True
ICOS,False
RYBP,False
PPP4R2,False
CD200R1,True
GTPBP8,False
NEPRO,False
SPICE1,False
FAM86KP,False
CCDC191,False
CADPS,False
NKX6-1,False
CDS1,False
WDFY3,False
COX18,False
PTPN13,False
SYNPR,False
ALB,True
C3orf49,False
C4orf36,True
THOC7,False
ATXN7,False
PSMD6,False
PRICKLE2,False
ADAMTS9,False
PPM1K,True
ERICH6,False
CLRN1,False
GMPS,False
TIPARP,False
CCNL1,False
PTX3,False
HESX1,False
DCLK3,True
SLMAP,False
RPL9,True
SMIM14,False
RPP14,False
ABHD6,False
DNASE1L3,False
CFAP20DC,False
RBM47,True
APBB2,False
IL17RE,False
IL17RC,False
CRELD1,False
PRRT3,False
FANCD2OS,False
PCOLCE2,False
U2SURP,False
MTMR14,False
TTC14,False
CXCL3,True
CXCL5,False
PPBP,False
PF4,False
MTHFD2L,True
CXCL1,False
RCHY1,False
PLSCR2,True
CCDC158,False
CPA3,False
GYG1,False
HPS3,False
TM4SF18,False
TOPBP1,False
RYK,False
SNRK,False
TCF23,False
DNAJC5G,True
UCN,False
ZNF513,False
SLC4A1AP,False
PLB1,True
SPDYA,False
KIAA1143,False
KIF15,True
TGM4,True
WDR43,False
ZDHHC3,False
CDCP1,True
CLEC3B,False
SLC6A20,True
LZTFL1,True
FYCO1,False
CCR1,False
RTP3,True
LRRC2,False
ELP6,False
FBXO40,False
DTX3L,True
ZNF148,False
NMNAT3,False
SMIM12,False
ZMYM6,False
TPRA1,False
YEATS2,False
GRIK3,False
ZC3H12A,True
MEAF6,False
SNIP1,False
DNALI1,False
POLR2H,False
KLF15,True
CFAP100,False
CAMK2N2,False
LIPH,False
TMEM41A,False
RPN1,False
SENP2,False
HEYL,False
IFT122,False
RHO,False
IGF2BP2-AS1,False
RFC4,False
RPL39L,False
BAP1,False
TKT,False
PRKCD,False
RFT1,False
SFMBT1,False
GNL3,False
PBRM1,False
UVSSA,False
TASOR,False
ARHGEF3,False
SLBP,False
LRPAP1,False
ZDHHC19,False
SLC51A,False
UBXN7,False
RNF168,False
PIGX,False
MELTF,False
OTOP1,True
S100P,True
ABLIM2,True
EXO5,False
CLDN19,True
C1orf50,False
ERMAP,False
ZNF691,False
AIMP1,False
SGMS2,True
METAP1,False
DNAJB14,False
H2AZ1,False
EMCN,False
SLC9B1,True
SLC9B2,False
BDH2,False
PGRMC2,False
CDC25A,False
CAMP,False
ZNF589,False
FBXW12,True
PLXNB1,False
CCDC51,False
ATRIP,False
SHISA5,True
SPRY1,False
BSN,False
APEH,False
INTU,False
RNF123,False
HSPA4L,False
MFSD8,False
ABHD18,False
CAMKV,True
MON1A,False
MST1R,False
RAD54L2,False
TEX264,False
GRM2,False
DUSP7,False
POC1A,False
PPM1M,False
ETNPPL,False
WDR82,False
PITX2,False
C4orf3,False
PRSS12,False
NDST3,False
HMGB2,False
SAP30,False
SCRG1,False
HAND2,False
MAD2L1,False
ANXA5,False
SMIM43,False
ADAD1,False
MAP9,False
GUCY1A1,False
FBXO8,False
CEP44,False
HPGD,False
ASB5,False
C4orf45,False
TMEM144,False
GASK1B,True
NPY1R,False
NPY5R,False
NAA15,False
IL15,True
FHIP1A,False
ARFIP1,False
ICE1,False
HHIP,False
ANAPC10,False
ABCE1,False
OTUD4,False
LSM6,False
TMEM184C,False
PRMT9,False
ITGA2,True
MOCS2,False
SLC45A2,True
EDIL3,False
TMEM161B,False
ELOVL7,False
NDUFAF2,False
ZNF474,False
LMBRD2,False
RANBP3L,False
NIPBL,False
RNF180,False
ADGRV1,True
SLC25A46,False
STARD4,False
PGGT1B,False
F2RL2,True
CCDC112,False
ANKRD33B,True
CMBL,False
C5orf63,False
PRRC1,False
F2RL1,True
AGGF1,False
WDR41,False
PRDM9,False
NDUFS4,False
SCGB3A2,False
SPINK1,True
HTR4,False
ESM1,False
GRPEL2,False
CDC20B,False
ARSK,False
RHOBTB3,False
GPX8,False
TIGD6,False
SPZ1,False
SERINC5,True
ENPP6,True
CAGE1,False
CASP3,False
PRIMPOL,False
ERAP1,False
ERAP2,False
CMYA5,True
EGFLAM,False
CFAP97,False
TMEM174,False
CARTPT,False
RICTOR,False
TENT2,False
EBF1,False
ANKRA2,False
UBLCP1,False
FAM170A,False
UTP15,False
TLR3,False
KLKB1,False
NSA2,False
GFM2,False
TERT,True
SLC6A18,False
CCDC127,False
FOXQ1,True
LINC01600,False
ADGRF2,True
ACSL6,True
IL3,False
CSF2,True
SEPTIN8,False
SHROOM1,False
GDF9,True
UQCRQ,False
LEAP2,True
GJB7,True
SLC35A1,False
GRIK2,False
CGAS,False
FABP7,False
TLX3,False
TXLNB,False
CITED2,True
CALHM4,False
TBXT,True
CREBRF,False
DCBLD1,False
SFXN1,False
SAMD3,True
TMEM200A,False
IL22RA2,False
DACT2,False
PDSS2,False
SPATA48,True
STXBP5,False
H2AC1,False
IL31RA,False
ANKRD55,False
RAET1E,False
PI16,False
TBX20,False
DAGLB,False
MATCAP2,False
STK17A,True
TRA2A,False
FAM183BP,False
GALNT10,True
SAP30L,False
RPS14,False
HCN1,False
MYOZ3,True
COG5,False
NEUROD6,False
BMT2,False
GPR85,False
SLU7,False
RP9,False
PTTG1,False
CAMLG,False
FBXL21P,False
BMPER,False
RELL2,False
SMAD5-AS1,False
KCNK5,False
KIF6,False
ZNF12,False
SLC29A4,False
TEX47,False
STEAP1,True
CDCA7L,False
SP8,False
MIOS,False
ELAPOR2,False
USP49,False
INTS4P1,False
SYTL3,False
IQUB,False
HEY1,False
ZNF704,False
FABP5,False
SHH,True
TAGAP,False
COL1A2,False
FNDC1,False
CHMP4C,False
SLC13A4,False
PGAM2,False
BRI3,False
LMTK2,False
SLC35G3,True
CTSB,True
SOX17,False
SEPTIN7P5,False
DLC1,False
ADCY1,False
C8orf48,False
SUN3,False
C7orf57,False
HNF4G,True
PEX2,False
RAD21,False
SLC30A8,False
MED30,False
TNFRSF11B,False
SBSPON,False
PHKG1,True
EN2,False
KCNV1,False
CSMD3,False
SPIDR,False
ORC5,False
DEFA5,False
DNAAF5,False
DEFA4,False
DEFA6,False
OSGIN2,False
DEFB1,False
SUN1,False
OXR1,False
TMEM74,False
FAM86FP,False
GPR146,False
GPER1,False
UNCX,False
TMEM184A,False
NOS3,True
SPAG11B,False
MICALL2,True
CA3,True
INTS1,False
CDK5,False
SLC4A2,False
SLC7A13,False
FASTK,False
TMUB1,False
FMC1,False
GBX1,False
PHAX,False
ALDH7A1,False
FOXK1,False
COX6C,False
OSR2,False
YWHAZ,False
BAALC,False
FZD6,False
CTHRC1,True
SLC25A32,False
DCAF13,False
DCSTAMP,False
TP53INP1,True
INTS8,False
VIRMA,False
FREM1,False
GEM,True
PDP1,False
TMEM67,False
WASHC5,False
RPP25L,False
FAM219A,True
C9orf24,True
SNAPC3,False
MYORG,True
NUDT2,False
TMEM65,False
PSIP1,False
CCDC171,True
UBAP1,False
DIRAS2,False
SYK,False
NIPSNAP3B,False
ABCA1,True
NFIL3,False
LETM2,False
METTL2B,False
PRKACG,False
FXN,False
ZMAT4,False
NKX6-3,False
TMEM71,True
MAMDC2,False
PRSS37,False
CPA6,False
C8orf34,False
TMC1,False
ALDH1A1,True
KDM1B,False
HGSNAT,False
RASEF,True
GKAP1,False
KIF27,False
C9orf64,False
HNRNPK,False
SSMEM1,False
SVEP1,False
TRPV6,False
LLCFC1,False
ANKS6,False
FBP1,True
PGAP4,False
ZHX1,False
CFAP47,False
CYBB,False
DYNLT3,False
METTL27,False
MID1IP1,False
NCF1C,False
SHOC1,False
CXorf58,True
KIAA1958,False
PTCHD1,False
RNF183,False
ASB11,False
PCDH19,False
PIGA,False
VEGFD,True
OR1Q1,False
OR1K1,False
STRBP,False
CLDN3,False
GAPVD1,False
CARD19,False
WNK2,True
ATP7A,False
ZNF367,False
NLGN4Y,True
HDX,False
NDUFB6,False
AQP7,False
NOL6,False
AQP3,True
TRMT10B,False
VCP,True
PIGO,False
STOML2,False
BRWD3,False
SLITRK5,False
MELK,True
ARMC3,False
OTUD1,False
ARHGAP12,False
FAT3,False
DEUP1,False
HECTD2,False
SLC7A3,False
FBXO33,False
INTS6L,False
GPR101,False
CLDN2,True
LRFN5,False
LRRC18,False
SPTSSA,False
WRN,False
MARCHF8,False
TSHR,False
CFL2,False
SUGT1,False
GTF2A1,False
ZCCHC24,True
PGM2L1,False
PHYHIPL,True
SLC16A9,False
FOLR2,False
INPPL1,False
PHOX2A,False
MBL2,False
GJB2,False
CRYL1,False
REEP3,False
HEPACAM,False
SKA3,False
MICU2,False
DDIAS,False
PCF11,False
PKNOX2,True
RPL10L,False
LRR1,False
RPL36AL,False
DNAAF2,False
DEPP1,False
MAGEC3,False
ZNF22-AS1,False
ZNF22,False
KLHDC2,False
EML5,True
NEMF,False
RPUSD4,False
ARF6,False
TTC8,False
TMEM63C,False
NGB,False
NOXRED1,True
CDX2,True
AMER2,False
AKR1E2,False
KBTBD6,False
SSX5,False
SSX3,False
OTX2,False
FAAH2,True
DRGX,False
NUDT5,False
DACT1,False
OXGR1,False
UCMA,False
BEND7,False
ATP5F1C,False
PRPF18,False
TAF3,False
VSTM4,False
VDAC2,False
SOHLH1,False
COMTD1,False
SLC18A2,False
PDZD8,False
ZNF503,False
ABRAXAS2,False
QSOX2,False
FAM204A,False
NSD1,False
PRDX3,False
ENOX2,True
GHITM,False
CLEC1B,False
SNAPC4,True
TMEM52B,False
PMPCA,False
ENTR1,False
FRMD7,True
AK8,False
SPACA9,False
TSC1,False
GFI1B,False
HPRT1,False
BORCS5,True
DIPK1B,False
ZMYND19,False
STOX1,False
RET,False
DDX21,False
BMS1,False
STK32C,False
JCAD,False
OR4K2,False
FUNDC2,True
PIP4P1,False
METTL17,False
SLC39A2,False
NDRG2,False
RNASE7,False
ARHGEF40,False
NSMF,False
ZNF219,False
C12orf50,True
CASP7,False
PPP1R36,True
BTNL9,False
CCDC186,False
VWA2,False
METTL3,False
SALL2,False
PRAP1,False
TRUB1,False
ERICH6B,False
CYP2C19,True
ZFYVE1,False
C10orf82,False
HSPA12A,False
SHLD2P1,False
FRAT1,False
UBTD1,False
ANKRD2,True
E2F7,False
ARHGAP42,True
ISCA2,False
OTOGL,False
LARGE2,False
PACSIN3,False
TTC7B,False
SLC39A13,False
PSMC3,False
RAPSN,False
AGBL2,False
TC2N,False
CPSF2,False
SMCO2,True
MOAP1,False
IFI27L1,False
IFI27,True
SERPINA12,False
CLMN,False
PDZRN4,False
SLC6A5,False
CCDC38,False
NELL1,False
PTER,False
C1QL3,False
CACNB2,False
HACD1,False
ARL5B,False
SMCO4,False
CEP295,False
KCNC2,False
TRIM51HP,False
TAF1D,False
TRIM53BP,False
ABTB2,True
R3HCC1L,False
AMOTL1,False
HTRA1,False
LIPC,False
CEP57,False
TCP11L2,False
PASD1,True
SPRED1,False
TMCO5A,False
GPR176,False
JAM3,False
IL25,False
CMTM5,False
GLB1L3,False
ADAMTS15,False
SVOP,False
SPATA19,False
GPT2,False
AMN,False
RAB8B,False
IKBIP,False
RPUSD2,False
HIF1AN,False
NDUFB8,False
ZFYVE19,False
PPP1R14D,False
SPINT1,True
FBN1,False
AVPR1A,False
C16orf78,True
DEPDC4,False
LRTM2,True
OPN1MW2,False
BRD7,False
CKB,True
TRMT61A,False
BTRC,False
POLL,False
BAG5,False
DPCD,False
LARP6,False
API5,False
ASPG,True
ZNF319,False
HPS6,False
SENP8,False
NOLC1,False
ALKBH3,False
COPS2,False
GABRB3,False
SPIC,False
TBATA,False
SGPL1,False
FRS2,False
CCT2,False
PCBD1,False
ARIH1,True
DNAAF8,False
CLMP,False
SCN3B,True
COX11,False
ZNF202,False
FAM227B,True
STXBP4,True
CYYR1,False
CUL5,False
MYRFL,True
WBP1L,True
BORCS7,False
C2,False
PLEKHF1,False
TMEM100,False
ANAPC16,False
SMPD1,False
APBB1,False
SYNPO2L,True
NUDT13,False
C11orf65,False
TRIM44,False
CCDC182,False
ILK,False
TAF10,False
TPP1,False
DCHS1,True
NETO1,False
MSS51,False
CYB5A,True
USP54,False
RAG1,False
POTED,False
IFTAP,False
WDR88,True
OR10A5,False
OR2D2,False
ATP9B,False
PPFIBP2,False
MOGAT2,False
CYB5R2,False
SERPINB7,True
GARRE1,False
SERPINB8,False
TUB,False
RIC3,False
LMO1,False
OR5P1P,False
IDH3A,False
WDR72,False
CRABP1,True
PLD4,False
ZMAT1,False
XRRA1,True
TRIM66,False
RNF169,False
RPL27A,False
DENND2B,False
CDYL2,False
TMEM130,True
PRTG,False
CENPN,False
AKIP1,False
ATMIN,False
C16orf46,False
TMEM41B,False
PKD1L2,False
LEO1,False
ZNF143,False
TMX3,False
MFAP4,False
WEE1,False
MAPK7,False
FAM86GP,False
PRKCB,False
HDGFL3,False
NDST2,False
MCM7,False
CLEC3A,False
CCDC68,False
CLEC4E,False
ZNF3,False
CLEC4D,False
ZSCAN21,False
HSBP1P2,False
RIMKLB,False
A2ML1,False
BEAN1,False
TK2,False
TMED3,True
SLC38A8,True
SEC11C,False
CPLX4,True
GALR1,False
TMEM135,False
IQCD,True
NDEL1,False
CENPV,False
CDH16,False
RRAD,True
CIAO2B,False
CFAP52,False
HSP90B1,False
MC4R,False
BLCAP,False
SERPINB12,False
CHRFAM7A,False
ATF7IP2,True
MMP10,True
TVP23A,False
BEX3,False
TMPRSS5,False
COG1,False
PLEKHA7,False
OR5M13P,False
ZNF606,False
ZCCHC18,False
B2M,False
ZNF592,False
GOLM2,False
HTR3A,False
NNMT,True
ACSM1,True
AP1G1,False
SLFN5,True
CATSPER2,False
STRCP1,False
ZNF667-AS1,False
BMERB1,False
MARF1,False
SAA3P,False
SAAL1,False
YPEL4,True
PPIB,True
LDHC,True
CIAO2A,False
LDHAL6A,True
FAM111A,True
PCLAF,False
KIF7,False
LDHD,False
PLIN1,False
PEX11A,False
TMEM170A,False
MESP1,False
ANPEP,True
SCNN1G,False
RBPMS2,False
NAV2,False
ANKDD1A,False
GLYATL1,False
C18orf54,False
DCTN5,False
TERF2IP,False
PLK1,False
CLPX,False
GPR182,False
ZBTB39,False
CACNG2,True
TAC3,True
MYO1A,True
CHP2,False
NEMP1,False
OR4D6,False
NAB2,False
VPS39,False
STAT6,False
PATL1,False
ATP23,False
ELFN2,False
STX3,False
MRPL16,False
PIP4K2C,False
MTMR10,False
YWHAB,False
MIR202HG,True
C15orf48,True
SCG5,False
GREM1,True
NYAP1,False
TSC22D4,False
MS4A6E,True
MS4A7,False
MS4A14,False
MS4A5,False
DIS3L,False
CCNDBP1,False
EPB42,True
TGM6,False
SMAD3,False
MS4A8,False
CCDC178,False
MS4A15,False
MAP1A,True
RCCD1,False
AKTIP,False
MAPRE2,False
EVA1C,True
TCP10L2,False
MARS1,False
MBD6,False
CNPY4,False
PDIA3,False
NUDT21,False
NAT16,True
TERB2,False
NKX3-1,False
SGSM1,False
DUSP18,True
TEF,False
MEI1,True
B4GALNT2,False
PBX3,False
GNGT2,False
PHB1,False
SNRPD1,False
TTC16,True
SUN5,False
SAMD14,True
PIP5KL1,True
BPIFB6,True
TMEM92,False
FAM102A,True
ACSF2,False
GOLGA2,False
TRUB2,False
COQ4,False
SLC27A4,False
ANKRD40CL,False
URM1,False
CERCAM,False
DOLPP1,False
CCDC103,False
ENDOG,False
TBC1D21,False
PRRX2,False
UGT1A6,False
C15orf39,False
ISLR2,False
SP2,False
PRR15L,False
COQ7,False
GPRC5B,False
CRK,False
C16orf92,True
GOLGA6C,True
FBXO22,False
TBC1D2B,False
NOD2,True
SNX20,False
LOXHD1,False
KATNAL2,False
HDHD2,False
ZNF91,False
IGF2,True
RNF214,False
CDK12,False
DPEP2,False
DUS2,False
POP5,False
ENGASE,False
RBFOX3,False
ATP5MG,False
CD3D,False
TBC1D16,True
TEPSIN,False
MYO5B,True
ART5,True
ACAA2,False
STIM1,False
RRM1,False
OR51E2,False
TRIM68,False
MMP26,False
OR51B5,False
OR51I1,False
OR51Q1,False
FN3K,False
PRRT2,False
ZNF23,False
IRGQ,False
ZNF226,False
ZNF180,False
POM121L3P,False
PPP2R3B,False
ZNF668,False
ZNF646,False
VKORC1,False
GNG8,False
LPO,False
CA4,False
SMG8,False
LINC00905,False
TPM4,False
RAB8A,False
GPX4,False
MIDN,True
JSRP1,False
NIBAN3,True
KLHL26,False
GATAD2A,False
NOS2P2,False
MVD,False
CDT1,False
TRAPPC2L,False
ANKRD11,False
SPATA33,False
RSKR,False
PROCA1,False
RPL13,False
ZNF641,False
LALBA,False
CACNB3,False
DHRS13,False
TP53I13,False
KMT2D,True
CORO6,False
RHEBL1,False
TUBA1A,True
TUBA1C,False
ZNF610,True
ZNF528,False
ZNF701,False
SERTAD3,False
NCKAP5L,False
RAB4B,True
AQP2,False
GPD1,False
PROSER3,False
CYP2S1,True
AXL,False
NFKBID,False
TMC4,False
ANKRD33,False
LAIR1,False
TTYH1,False
LENG8,True
CDC42EP5,False
LAIR2,False
TMEM145,False
ZNF526,False
TRAPPC9,True
KIR3DL1,True
NLRP7,False
ZNF146,False
ZNF283,False
PPP1R14A,False
SPINT2,False
C19orf33,False
YIF1B,False
DNAAF3,True
PSCA,False
ATCAY,False
LY6D,False
DAPK3,False
EEF2,True
TMIGD2,False
CHAF1A,False
UBXN6,False
HDGFL2,False
PLIN4,False
SEMA6B,True
ZNF444,False
NXN,False
TLCD3A,False
GLOD4,False
MFSD3,False
GPT,False
KIFC2,False
SLC43A2,False
RILP,False
SERPINF2,True
WDR81,False
SRR,False
TSR1,False
TRPV3,True
HSD11B1L,False
CYB5D2,False
GGT6,False
C19orf48,False
KLK1,False
KLK4,True
KLK2,False
KLK5,True
KLK6,False
KLK11,False
KLK13,False
ZNF83,False
KRT80,False
KRT1,True
ACER1,False
OTUB1,False
RCOR2,False
ANGPTL4,True
CD320,False
SPRYD3,False
IGFBP6,False
SOAT2,False
ZNF558,False
CABP2,False
NDUFV1,False
CDK2AP2,True
C3P1,False
NUDT8,False
TBX10,False
PRDX2,False
OR8J3,False
OR5I1,False
ZNF232,False
MIS12,False
CD300C,False
CD300A,True
TEKT1,False
HID1,False
MRPL58,False
ATP5PD,False
TMEM88,True
EVPL,False
SRP68,False
MGAT5B,False
TMC8,False
TK1,False
TMEM68,False
CYP7A1,False
TOX-DT,False
GSDMA,False
KRT24,False
KRT10-AS1,False
GHDC,False
FAM234A,False
SOST,True
ZNF598,False
RAB26,True
MLST8,False
E4F1,False
DNASE1L2,False
ECI1,False
CASKIN1,False
ABCA3,False
KCTD5,True
SRRM2,False
ZNF597,False
NLRC3,True
SDHAF2,False
DDB1,False
VPS37C,False
VWCE,False
RAB3IL1,False
BEST1,True
FTH1,True
BSCL2,False
POLR2G,False
SLC3A2,True
PLAAT5,False
SPINDOC,False
ATG16L2,False
C2CD3,False
TRANK1,True
TTC21A,False
RPSA,True
ENTPD3,False
CTNNB1,False
ULK4,True
FADD,False
LTBP3,False
NAALADL1,False
SAC3D1,False
BATF2,True
SLC22A11,False
SF1,False
MAP4K2,False
MAJIN,False
CCDC88B,True
SCARA3,False
PBK,True
SCARA5,False
PNOC,False
COPS6,False
PAFAH1B2,False
ANKS3,False
NUDT16L1,False
KIAA1586,False
RAB4A,False
ZNF355P,False
OR1F1,False
OR2W6P,True
DHFRP3,False
OR2B2,False
KCNJ4,True
SETD5,False
VASN,False
FAM83B,False
H3-4,False
THAP9,False
OR2C1,False
RNF187,False
HOOK3,False
MAPK1IP1L,False
DDIT4,True
RBPJ,False
LMBRD1,False
ZCCHC4,False
PTGDR,False
TTC39C,False
GLYCTK,False
GNG4,True
UBTD2,False
POLR2J3,False
NKIRAS2,False
DNAJC7,False
KCNV2,False
IRF2BP2,False
PTF1A,False
NT5DC2,False
FOXI1,False
SMIM4,False
COA6,False
KIF5C,False
MGAT2,False
BMI1,False
THAP11,False
MMADHC,False
PDHB,False
PXK,False
H1-4,True
PCMTD1,False
KCTD6,False
MPLKIP,False
ACOX2,False
FAM107A,False
IRF2,False
MOBP,True
CX3CR1,False
PPDPFL,True
XIRP1,True
INSM2,False
DEGS2,False
SCN11A,True
LINC00917,True
ARF4,False
SEPTIN2,False
FILIP1L,True
MFSD2A,False
DTYMK,False
TAP1,False
ING5,False
ATG4B,False
BDKRB2,True
MLKL,False
CMAHP,False
RFWD3,False
MTNR1A,True
KCNG4,False
RHOH,True
KLHL30,False
COG7,False
CDC40,False
STIP1,True
SCNN1B,True
HR,False
TXNDC2,True
RAB31,False
REEP4,False
TNXB,True
LGI3,True
SFTPC,False
BMP1,False
ATXN2L,False
PHYHIP,False
CCDC110,False
POLR3D,False
FEN1,False
CAVIN2,False
MTCL1,False
GBX2,False
HJV,True
SCGB1D1,True
HEXIM2,False
FNTA,False
SERINC2,False
MYL1,False
TRAPPC11,False
CHRM1,False
COL3A1,False
GFRA2,False
ING2,False
CDKN2AIP,True
SNRNP48,False
TMEM223,False
SLC20A2,True
CRYGA,False
DYNLRB2,False
TMUB2,False
ADAM29,False
STAT3,False
ZSWIM1,False
ADAM9,False
ADAM18,True
GDNF,False
SPINT5P,False
MUCL3,False
WFDC13,False
AXIN2,False
NDUFS5,False
VWA3B,False
ZNF30,False
UGT3A2,False
LRATD2,False
LDLRAD4,True
KCTD19,False
SLC16A4,False
IL7R,True
TMEM208,False
LRP1B,True
WFDC12,False
AHCYL1,False
DNAJC21,False
PKIG,False
NPNT,True
LINC01620,True
CA7,True
FAM178B,False
TSPY2,False
SEMA4C,False
CNNM3,False
GSTM4,False
TET2,False
CXXC4,False
TCTN2,False
SHOX2,False
PPIP5K1,False
TSPAN5,False
ABHD15,False
ZBTB5,False
CHTF8,False
ADAL,False
LCMT2,False
SNTB2,True
IL12A,False
ZNF507,False
STX18,False
NSG1,False
ZBTB49,False
GFM1,False
OR13J1,False
HTR1E,False
FSTL5,False
TPTE2P5,True
DDX19A,False
ATOH8,False
SOX14,False
ANKRD49,False
SFTPB,False
USP39,False
TNIP2,False
C2orf68,False
TMEM150A,False
RNF181,False
VAMP5,False
BTNL3,False
LRRC28,False
MAT2A,False
PLA2G4F,False
ENHO,False
ZNF608,False
SLC35G2,False
INPP5D,False
LETM1,False
CTRB1,False
CTRB2,False
TRIM49,False
TMEM129,False
PPIC,False
SPRY3,True
CEP120,False
STXBP6,False
TM4SF20,False
MFF,False
GRM5,False
LGALS9,False
PMCHL1,False
JMJD7-PLA2G4B,True
OR7E102P,False
CPLX1,False
PXDC1,False
SIGLEC7,False
NTSR2,False
E2F6,False
FEM1B,False
COMMD8,False
ATP5ME,False
UQCRFS1,False
SLC49A3,False
COL4A3,False
MAP2K1,False
KLK7,False
PMCHL2,False
HNRNPH1,False
IRS1,True
MECP2,False
VCX3A,True
UPF3A,False
ZBBX,False
ACTBL2,False
ROR2,False
BRD7P3,False
AR,False
DHRSX,False
VXN,True
HSPBAP1,False
ASMTL,False
SLC25A6,False
CHST14,False
PARM1,False
CSNK1G1,False
FAM110B,False
ODAD2,False
AFAP1L2,False
ZNF354A,False
ATF5,False
UBE2V2,False
GOT1L1,False
ZBTB43,False
CPT1C,True
PCSK9,True
XPO6,False
GSG1L,False
MN1,False
APEX2,False
NSMCE1,False
CCDC126,False
IL13,False
NPIPB12,False
OR10G3,False
RAB3B,True
OR6F1,False
CD2BP2,False
RSPO1,False
RGS14,False
TBC1D10B,False
LMAN2,False
GCSAML,False
RAB24,False
PRELID1,False
THBS3,False
CA5B,False
SLC50A1,False
EFNA1,True
CXCL10,True
NPIPB3,True
SH3TC2,False
CXCL11,False
ZRSR2,False
NMD3,False
ADRB2,False
RPL36P14,False
B3GALNT1,False
GPRIN1,False
HSPB3,True
KCNAB1,True
MRPL1,False
SHE,False
NR0B1,False
PGM2,False
STK32A,True
IL1RAPL1,False
P2RY12,False
C22orf15,False
GUSBP12,False
OR5AU1,True
MINAR1,True
PDILT,False
UMOD,False
GP2,False
SLC33A1,True
SNUPN,False
CRADD,False
SIN3A,False
ARL13B,True
RNASE2,False
ELSPBP1,False
RNASE3,False
PTK2,False
RSPH10B2,True
PTAFR,False
PTPN9,False
RNASE6,False
NPR1,False
KCNK9,True
CXCL8,True
SCN9A,True
RASSF6,False
COL22A1,True
SDC2,False
CD52,False
MMGT1,False
SPRR1B,False
SPRR1A,False
OR4K14,False
OR4K15,False
TM2D2,False
HTRA4,False
PLEKHA2,False
CLIC4,True
SLC38A11,False
GPR183,False
CRCT1,False
CCDC8,False
METTL15,False
ZNF280A,True
MUC15,False
CT55,True
ZEB2,False
GJB1,False
PCBP1,False
HINT1,False
DTWD2,False
VPREB1,False
CLIC3,False
INO80E,False
BNC1,False
DFFB,False
NFU1,False
ANTXR1,False
GKN1,False
CKAP2L,True
C15orf40,False
RAMAC,False
PROKR1,False
APLF,True
BOLA2B,False
RGPD8,False
HIC2,False
LUZP1,False
HEXD,False
BCRP6,False
BCRP2,False
DRD5,False
BUB1,True
SPNS1,False
LRRC45,False
CHRNA5,True
MT1B,True
CENPX,False
AGPAT2,False
ASPSCR1,False
GP9,False
FASN,True
CNBP,False
MT1E,True
ACTRT2,False
DUS1L,False
GPS1,False
RFNG,False
DCXR,False
ZNF32,False
LDB2,False
RAC3,False
NRG4,False
LIMS1,True
TMEM266,False
NLGN1,False
TAPT1,False
PRYP3,False
UGP2,False
TAS2R1,False
LINGO1,False
PRY,False
RBMY1F,False
PRY2,False
RBMY1HP,False
HNRNPF,False
BTD,True
CSGALNACT2,True
TACR3,False
GSX1,False
TSPY14P,False
PCDH7,True
ROBO1,False
ONECUT1,True
AVEN,True
P2RY1,False
CTNND2,False
TRIM56,True
MUC17,True
AHSP,False
WNT10B,False
CALML6,False
REPS2,False
MUC3A,True
SYAP1,False
ITGAM,True
PYDC1,False
TPST1,False
TM4SF4,False
TOR1AIP2,False
S100G,False
TM4SF1,False
OTUD3,False
OTUD7A,True
GUSB,False
BRD3,False
KLF13,False
FRMPD4,False
ZFPM2,False
ZNF764,False
HSFY2,False
ZNF747,False
ZNF768,False
TAS1R3,False
TMEM42,False
MAP3K2,False
PUSL1,False
SF3B5,False
ZNF35,False
TIGD4,False
IFFO2,False
NLGN2,False
MYO7B,False
CHD3,True
TMEM154,False
MYRIP,False
ALCAM,True
YWHAG,False
UBE2E3,False
CNTROB,False
TRAPPC1,False
ZPLD1,False
KCNAB3,False
SERPINA9,False
FAM153A,False
GPR37L1,True
SIMC1,False
TMEM192,False
NSG2,True
SPDYE5,False
SERPINA6,True
ZNF778,False
NIPA1,False
FOXD4,False
GPR25,False
UBE2E1,False
HNRNPA3,False
SIK2,True
RNF150,False
CCDC144A,True
FAM88B,False
VGLL2,True
HOXD4,False
CHRNB1,False
HOXD12,False
GYPA,False
USP38,False
SLC16A5,False
NANP,False
ANKK1,True
ADRA1B,False
ADPRM,False
FABP6,True
PWWP2A,False
USP50,True
USP47,False
PDCD6IP,False
MRGPRX1,False
ZNF212,False
MRAP,True
FAM161A,True
ZNF282,False
GLB1,False
GON7,False
FAXDC2,True
CRTAP,False
HSPB2,False
C7orf33,False
CNGB3,True
SLN,False
ELP5,False
CMTM8,False
GABARAP,False
LGALS9B,False
STX8,True
CDK1,True
UBB,True
NFRKB,False
FABP4,False
FRMPD2,False
PRDM10,True
B3GNT2,False
FOS,True
TMED10,False
OR2A20P,False
SETMAR,False
SMAD1,False
CST5,False
CST2,False
EMX2,False
CST1,True
SP7,False
TCAF2,False
SEMA3E,False
LRRN2,False
SLC30A1,False
DCLK2,False
ZNF804A,True
GPRC5C,False
TMEM182,False
VSTM2A,True
KRT8,True
KRT78,True
ADORA2B,False
SDR9C7,False
MGMT,False
METTL7B,False
KRT86,True
HARS1,False
NFXL1,False
KRT75,False
DENND5B,False
CD14,False
DNAJC18,False
KRT6C,False
RIOX1,False
SPATA24,False
RALGAPB,False
PYM1,False
MZB1,True
KRT4,False
SLC23A1,False
KRT74,False
NPAS2,False
KRT72,False
KISS1,True
LONRF2,False
NUDT9,False
HSD17B13,False
PA2G4,False
COX7B2,False
ELOVL6,False
KRT83,False
PFKFB3,False
TMC7,False
ARL6IP1,False
SERPINB9,False
SMAGP,False
IRX1,False
CDH2,False
IRX2,False
EMB,False
SIX2,False
DLGAP1,False
STAT2,True
NUDCD2,False
IRF2BP1,False
OR9K2,False
HSPA4,False
FOXA3,False
GARIN3,False
SLC26A5,False
COMMD5,False
SGCD,False
GTSF1,False
DPY19L2P2,False
ZNF16,False
ARMC10,False
RNF34,False
ACYP2,False
TRABD,False
ATF7,False
RASA4B,False
SOCS6,False
CAVIN4,True
OR10A3,True
ZNF296,False
OR5E1P,False
HOXB9,False
TTLL6,False
POLH,False
SYT9,False
KCNS3,False
RBMXL2,False
KIF5B,False
GPR37,False
AKAP13,False
TPD52L3,False
CDCA4,False
OR10A4,False
SDR16C5,False
DYDC1,False
OR10A2,False
CHCHD7,False
HTRA3,True
FOXN2,False
LMOD2,True
BFSP2,False
FSHR,False
CELP,False
USP32,False
CEL,False
PPM1D,False
GPR27,True
PSG6,False
KBTBD2,False
RIOX2,False
TRIAP1,False
LILRP2,False
LSM3,False
KIAA0232,False
MTSS1,False
TMEM43,False
RNF139,False
RPS9,False
PLA2G1B,False
CYTL1,False
TSEN34,False
TRH,False
GSTA4,False
MSANTD4,False
NDUFA3,False
OSCAR,False
PAQR8,False
NUDT6,False
TPT1-AS1,False
OR7G3,False
TANC2,True
OR7G2,False
TEX13B,False
PKHD1,False
OR1M1,False
NCBP2L,False
DNAJC24,False
MBD3L1,False
ZNF160,False
PGK2,False
OR8B12,False
ZNF415,False
CAVIN3,False
CEACAM3,False
DCDC1,False
HAS2,False
PDGFD,False
PLAC1,False
DDI1,False
LINC00208,True
S1PR1,False
HS6ST2,False
OR4D5,False
PYGO1,False
LRRC8E,False
PKIA,False
XKR6,False
TSNARE1,True
FPR2,False
FPR1,False
PATE1,False
OR13H1,False
FEZ2,False
SOX7,False
C8orf74,False
C11orf24,False
FAM86JP,False
ALK,False
KYAT1,False
MTM1,False
SIGLEC17P,False
OBP2B,False
TRMT61B,False
INSR,False
MFN1,False
GIMAP8,False
HSFX1,False
NRTN,False
KCNMB3,False
FUT3,False
KCNG3,False
ATP6V0E2,False
PRKCE,True
OR2K2,True
JAGN1,False
RLN3,False
TADA3,False
SOCS5,False
C1GALT1C1,False
BBLN,False
MORN4,False
ZNF672,False
ZNF692,False
NAIF1,False
RBKS,False
OR2M4,False
GRIK1,False
MUC7,False
OPRPN,False
SMR3B,True
TMEM126A,False
TMEM126B,False
TRIM8,False
NETO2,True
CSN3,True
CLDN20,False
CDC42BPG,False
SCAND1,False
JUNB,True
FAM241B,False
TMEM37,False
UGT2B7,True
LRG1,True
SHCBP1,False
SOSTDC1,False
NPTX1,True
FAM98B,False
ZNF439,False
ZNF440,False
GAA,False
CANT1,False
KCNK3,False
ZDHHC16,False
CHST11,False
EXOSC1,False
PGAM1,True
CHD7,False
ESCO2,False
KRT19,True
KRT15,True
LURAP1,False
KRT38,False
CLCN5,False
TPPP,True
KCND3,False
APLN,False
KRTAP4-4,True
KRT13,False
XAGE3,False
KRT9,False
XAGE5,False
PDE7B,True
MRPL36,False
ZNF581,False
NAT1,False
KRT20,True
GLOD5,False
KSR2,True
ZNF524,False
MCC,False
KRT27,False
ZBTB26,False
CDK5R2,False
DSEL,False
POLR1C,False
ASXL1,False
OR1L6,False
DLK2,False
ZNF562,False
ZNF318,False
ZNF561,False
WIPF2,False
HOPX,False
SPACA5B,False
OR1L3,False
SSX6P,False
NLRP5,False
LRRC8C,True
SPACA5,True
RSL1D1,False
LRRC8D,False
MROH2B,False
OR1L8,False
PPID,False
OR1N2,False
COL24A1,False
ETFDH,False
OR1N1,False
RXFP1,False
LPAR3,False
PTGER4,False
TBCA,False
NEUROD2,False
MAP6,False
OTP,False
ECEL1,True
BCL2L1,False
FGG,True
FGA,True
OR2AT4,False
FGB,True
PLRG1,False
RAB4B-EGLN2,False
ZNF584,False
DSCAM,False
DNAI2,True
NMUR1,True
CLSTN1,False
CXXC5,False
ZNF274,False
PIK3CD,True
PTCRA,False
SLC25A33,False
ENC1,True
SPSB1,True
P2RY6,False
BPTF,False
S100Z,True
ZIK1,False
GPR82,False
NMRAL2P,False
GPR34,False
SHANK2-AS3,True
PLEKHG5,False
ATF7IP,False
LKAAEAR1,False
RGS19,False
TCEA2,False
DEFB4A,False
ANO5,False
HDAC3,False
SPATA46,False
GPHN,False
VAT1L,False
TMEM51,False
CAMTA1,False
LGALS4,False
LRRC34,False
PAH,False
SPATA5L1,False
GATM,False
SYCE1,False
NXNL1,True
RASGRP4,False
NHLH1,True
SLFNL1,False
BCL2,False
RHNO1,False
CTPS1,False
UTF1,False
KNDC1,False
WDR87,True
METTL18,False
CFAP46,True
COL8A2,False
PWWP2B,False
PCDHB1,False
ZNF540,False
ANGPTL7,False
FBXL14,False
EXOSC10,False
ZNF570,False
NINJ2,False
MLLT3,False
FAM90A1,False
RRM2,False
TRAPPC12,False
IFNB1,False
RPS21,False
C3AR1,False
MRM3,False
PTEN,False
RPS7,True
PRND,False
RNASEH1,False
PRNP,True
KLF17,False
ADRA1D,True
FRMD5,True
AQP4,False
MIR31HG,True
CYP4F11,True
TLN2,True
LGALS9C,False
TVP23B,False
FBXW10,True
OR10H3,False
ZNF217,False
OR10H2,False
SRGAP2C,False
OR52A5,False
SCG2,False
ATPAF2,False
CYP4F22,False
FOXB1,True
PPIH,False
DRC3,False
ZNF57,False
SHLD1,True
C11orf40,False
JMJD1C,False
LDHAL6B,False
SYNPO,True
OR52P2P,False
ZNF556,True
MAL,False
ZNF554,True
RAB33B,False
THOP1,True
ANKRD20A4P,False
REG3A,True
GAP43,False
REG1B,False
EPHX4,False
LAMB2,True
USP19,False
QARS1,False
ORMDL3,False
SERF1A,False
KLF11,True
LRRC15,True
SMN1,False
EIF2AK3,False
TEX37,True
MOB3A,False
KRCC1,False
NME6,False
CYCS,False
CD8B,False
SLFN12,False
CALB2,False
SLC9C1,True
OR1A1,True
OR7A2P,False
OR1A2,False
OR8I2,False
LCE1D,False
CCL11,False
FRMD3,True
SNTB1,False
MTBP,False
TEFM,False
MRPL13,False
MALT1,False
PRL,False
ISG20,True
HMGN1P35,False
OR4C11,False
MBOAT1,False
OR8U1,False
ID4,False
OR4X2,False
GPR22,False
CXCR6,False
CEBPB,False
AZU1,True
TPSAB1,False
ATOH1,False
PAIP1,False
CLEC7A,True
C5orf34,False
C1QTNF4,False
SERHL,False
NEGR1,False
ZNF131,False
MACROD2,True
DPAGT1,False
BSG,True
HINFP,False
PRYP4,False
CDY1,False
OR10V1,False
CERS6,False
CSPG4P4Y,False
SPTLC3,False
GOLGA2P3Y,False
COPRS,False
TP53RK,False
B3GALT1,False
OR5A1,False
CLEC12A,False
OR5A2,False
BPGM,False
POP7,False
ALG14,False
SUCLG2,False
CSPG4P3Y,False
STARD5,False
CSDC2,True
RCAN2,False
IL16,True
ABCG4,True
CDY1B,False
GNB2,False
CFAP53,True
OR5B12,False
OR5B2,False
MCRIP2,False
PDZD3,False
C2CD2L,False
OR9I1,False
ARNT2,False
GNG12,False
PRSS27,False
MYOZ2,False
SYNPO2,True
DNAJB7,False
CLP1,False
INSL5,False
EFCAB3,False
TTC36,False
RSPH9,True
COPS9,False
GTPBP2,False
FGGY,True
OR9G4,False
IL17D,False
OR5AR1,False
PRSS30P,False
FUT9,False
OR5AP2,False
TCEAL1,False
ZNF24,False
HSFY1,False
MANEA,False
RAB40A,False
MAB21L4,False
AGXT,False
OR8J1,False
OR5T3,False
AFF1,True
ACOT12,True
FIBP,False
CARNS1,False
OR10H5,False
BANP,True
PPP1CA,False
HCFC1,False
FAM170B,False
CTSW,True
NIPAL4,False
MUCL1,False
SNTG2,False
FNDC9,False
PDE3A,False
RASGRP1,False
KLHL6,True
CHCHD1,False
MRPL52,False
SMPDL3A,False
RND1,True
RAD9A,True
EFEMP2,False
OR10AD1,False
AGAP5,False
WASHC2C,False
TMEM134,False
ZMAT3,False
ZFAND4,False
THEMIS,True
MOS,False
ZNF738,False
MS4A10,False
SLFN11,False
GARIN2,False
CCL19,False
CORO1B,False
FUT10,False
LRRC20,False
MUS81,False
PURG,True
TMEM217,False
OR4D9,False
RPL12P13,False
ZNF596,False
COL6A5,False
CFL1,True
TMCC1,False
NAA16,False
OR5B3,False
EFCAB12,True
OR10W1,False
PSME3IP1,False
RAB43,False
FADS6,True
ZNG1A,False
HOXC5,False
RAB37,False
DCP2,False
ZBTB8OSP2,False
SNX32,False
RPL38,True
CYP7B1,True
OVOL1,False
RARG,False
CES4A,False
CES3,False
SSH3,False
CES2,False
PDP2,False
SP3,False
KRT2,True
DMXL1,False
METAP1D,False
ZNF621,False
EGFL7,False
NADSYN1,False
DHCR7,True
ACTE1P,False
LVRN,False
COX6B1P3,False
NBEA,True
RNASEH2C,False
MYEOV,False
ANKRD13D,False
MRGPRF,False
MYD88,True
MRGPRD,False
OXSR1,False
SLC22A13,True
PHF8,False
LCLAT1,False
ADH6,False
MIR4435-2HG,True
XKR3,False
FRG2C,False
UNC93B3,False
VDAC2P5,False
KAT5,False
SH3RF3,False
GXYLT2,False
HPSE2,False
DCAKD,False
ARPP21,False
TADA2B,False
CCDC96,False
GRK2,False
RELA,False
EVC2,False
ZNF680,False
HECTD4,False
FAM222B,False
BNC2,False
DELEC1,False
RXFP4,False
HPSE,False
COQ2,False
CCDC63,False
HSPA6,True
TRMT112,True
LRRN3,False
KDM2A,False
ACSM6,True
ADCK5,False
MRPL57,False
NOC3L,False
ESRRA,False
RHOD,False
ADAMTS20,False
COMMD1,False
RAPH1,False
MTX1,False
ADCY5,True
PARP14,True
CYSLTR1,False
PARP15,True
CKS1B,False
ABCD2,False
AHSA2P,False
ABLIM3,False
MAB21L3,False
TUBB8B,False
MFSD4B,True
VANGL1,False
GLRX,True
IQCB1,False
SYT12,False
GOLGB1,True
TERF1P1,False
C11orf86,False
LIPM,False
GPR151,True
DMRT2,False
ZNF483,False
PLAC8L1,True
SLC2A14,False
GPR137,True
SNCG,False
MMRN2,False
MZT2A,False
TNKS,False
ZNF449,False
ZBTB21,False
PPP1R3B,False
OR10K1,True
FAM86B3P,False
GPR148,False
STOX2,False
MAP3K11,False
TRIB1,True
CST9,False
KCNK7,False
SFT2D3,False
C1QB,False
C1QA,False
NDNF,False
IQCF1,True
OLR1,False
GLIPR1L1,False
DAG1,True
INSM1,False
DAB1,False
ARV1,False
NAA20,False
IHO1,False
RNASE8,False
SAA1,True
MICOS10,False
EHBP1L1,False
THAP2,False
TMEM196,False
RNF26,False
PPP1R14B,False
RNASE11,False
ZNRD2,False
AGR3,False
SMARCC1,False
ZNF417,False
PTPRM,False
FKBP2,False
VEGFB,False
PEAK1,False
TNFRSF10D,False
MST1,False
TNFRSF10C,False
GMPPB,False
MOB1B,False
ZNF622,False
CSPG4,False
SNX33,False
FAM166C,False
NABP1,True
ADGRF3,False
NLRP13,False
CHD2,False
XCR1,False
CCDC106,False
CCR9,False
CEP83,True
SULT1B1,False
NUDT4,False
PC,False
UGT2A1,False
SCAI,False
GPRC6A,False
NMNAT1,False
LRFN4,False
TRAPPC3L,True
APOBEC4,False
SLC19A1,False
HSPB7,False
RCE1,False
UQCRH,False
TAS1R1,False
HES3,False
EIF1AX,False
SPDYE2B,False
OR1L1,False
BCLAF3,False
PSMD1,False
ADGRG2,False
SPATA3,False
MUC13,True
SUSD5,False
HEG1,False
WFIKKN2,True
C11orf80,False
TOMM20,False
FAUP4,True
C1orf100,False
AGFG1,False
STAT5B,False
CD7,False
TOPAZ1,False
CNP,True
JUP,False
HAP1,True
TDRD12,False
PPIAP7,False
CCDC13-AS1,False
EIF1,False
ENDOV,False
RNF213,True
TIGD3,False
KCNH6,False
MARCHF10,False
PLK3,False
NET1,False
DPY19L1,False
PHOSPHO1,True
ZNF791,False
PHC3,False
GPR160,False
CBX2,False
SPTBN2,False
GOLIM4,False
KRT28,False
RBM4B,False
ATP5MK,False
HOXB2,False
C1QTNF1,False
MARCHF3,True
SWSAP1,False
SLCO4C1,False
RBM4,False
PIFO,True
XXYLT1,True
SNURFL,False
UBXN2A,False
COMMD5P1,False
RAX2,False
LRRC63,False
TCAP,False
CCS,False
NRROS,False
CEP19,False
KLHL15,False
FBXO45,False
CBY2,False
TENT5D,False
GNG5,False
FAM3C2P,True
SLC25A30,False
C9orf131,True
CD34,False
CTSF,False
MSRB3,False
LEMD3,False
C16orf91,False
TLR10,False
TLR1,False
TLR6,False
FAM174A,False
RGMB,False
FAM53A,True
NWD2,True
CYB561D1,False
GSTA3,False
ZDHHC24,False
TRMT10C,False
SELP,False
CTU2,False
MGA,False
KICS2,False
ARL13A,True
SNX31,True
PIGG,False
PRPF8,False
ADCY6,False
REP15,False
PITPNA,False
DDX23,True
ZNF80,False
ZNHIT2,False
EVX2,False
ZBTB4,False
TNK1,False
ZHX3,False
PHLDA3,False
DIRC1,False
SLC16A11,True
SLC16A13,True
GLIS1,False
OR2Y1,False
CHRNA9,False
PODN,False
STAG3L3,False
SLC6A19,False
SNHG11,False
KCNJ5-AS1,False
EXO1,False
RALGAPA1,False
PMS2P6,False
CRMA,False
LIG4,False
MIR1-1HG,True
PPIAP24,False
TRHR,False
RPL35P9,False
GTF2IRD2B,False
ABRA,False
ATP2A2,False
ZWILCH,False
RPL4,True
SNAPC5,False
STARD6,False
GOLGA6L2,False
VWC2L,False
C12orf76,False
ZCCHC12,False
CNTNAP2,False
GALNTL6,False
LINGO2,False
BBS1,False
DENND4A,False
PPIAP80,False
IGDCC3,True
GCSAM,True
ANKRD36C,True
SLC26A9,False
MFSD4A,False
PELI3,False
TTC9B,False
MYO1H,False
TMEM81,False
MRPL11,False
KLK15,False
IL20RB,True
GOLT1A,True
RPL10P2,False
AKIRIN1,False
NPAS4,True
MSL2,False
ZNF497,False
TRAM1L1,False
CMKLR1,False
ANGEL2,False
UGT8,False
KY,False
IQCK,False
SLCO2A1,True
ZNF266,False
OR7D4,False
SLC29A2,False
BRSK2,False
VN1R6P,False
FAM47DP,False
GRIK1-AS1,False
B4GAT1,False
TMEM167A,False
LEP,False
SH3PXD2B,False
PPIAP72,False
RESF1,False
LARP7,False
FGFBP3,False
NR1D2,False
PABPC5,False
BRMS1,False
RPL15,True
FAM241A,True
HRAS,False
WDR49,True
SRP72,False
PCP2,False
RIN1,False
ODAPH,False
THAP6,False
CEP135,False
FZD4,False
CD248,False
BTC,False
PDZK1,False
ADGRE1,False
DENND6A,False
PDE12,False
GLMN,False
DNAH12,True
YIF1A,False
CNIH2,False
AMY1B,False
NLRP6,False
NDUFA11,False
RSRC1,False
CATSPERD,True
SLC66A1L,False
RAB1B,False
METTL15P1,False
OR9G1,False
PTDSS2,False
MICOS13,False
C3orf33,False
VN2R1P,True
OR5M3,True
SEZ6L2,False
ASPHD1,False
KCTD13,False
P2RY14,False
AMZ1,False
GPR171,True
GPR149,False
CD164L2,False
FUT1,False
DHX36,False
OR5J2,False
ZIC4,False
OR10AG1,False
PAIP1P2,False
OR4S2,False
FBXW8,False
CA5A,False
ZG16,False
KLC2,False
SLC22A1,True
TEX36,False
CTBP2,False
CHST2,False
ZDHHC14,True
ATR,False
SNHG29,True
UBE2C,False
DSG4,False
GK5,False
VCPIP1,False
RTP1,False
DES,False
PDIK1L,False
SPSB4,False
RAG2,False
TRAF6,False
ZNF654,False
TVP23C,True
MRPS22,False
PACS1,False
WFDC5,False
MARCKSL1,False
SH3BP5L,False
OR2T1,False
TMEM51-AS1,False
YPEL2,False
CADM2,False
ABO,False
PSMD2,False
FAM182B,False
PPM1E,True
FAM131A,False
CSRP2,True
INHBC,True
PARL,False
DDIT3,False
PCCA,False
HIGD2B,False
DCTN2,False
NPPA,False
ZNF408,False
CTDSP2,False
CKAP5,False
ARHGAP1,False
MED16,False
ATG13,False
GAL3ST3,False
C1orf127,False
CHST1,False
GOLGA8A,False
VWA3A,True
TP53I11,False
CENPS,False
DOLK,False
PHYHD1,True
CATSPER1,False
ANKRD30BP1,True
CCNE2,True
PHYKPL,False
ANKS4B,False
CST6,False
GRAMD2A,True
NF1P5,False
ZNF519,False
LSM1,False
PROP1,True
ISX,False
BANF1,False
APOF,False
CHRNA7,False
TMEM9B,False
NRIP3,False
PTPN2,False
SCUBE2,True
EIF1AD,False
SMAD2,False
EIF3F,False
ZNF25,False
OR10P1,False
ARL10,False
CLTB,False
PCSK1,False
LPL,False
RFESD,False
CCDC14,False
TBC1D10C,False
SART1,False
PPP2R2D,False
MCTP1,True
POLD4,False
OR52W1,False
LRRC25,True
DPP10,True
CLCF1,False
ACRP1,False
TSGA10IP,True
GPR152,False
UBQLNL,False
UBQLN3,False
PNLIP,False
LIPT2,False
KCNE3,False
CABP4,False
ALG10B,False
DRAP1,False
LONRF3,False
UCP3,True
UCP2,False
C11orf68,False
PAAF1,False
MRPL48,False
RAB6A,False
P2RY2,False
FOSL1,False
ERCC4,False
SUGCT,False
CCDC85B,False
TMEM70,False
ERCC6L2-AS1,False
OR4B1,False
RPS6KB2,False
RMI2,True
PRM1,False
DRD5P2,False
TOM1L2,True
TEX26,False
GOLGA8DP,True
ZNF77,False
GPR156,False
CCDC197,True
MTLN,False
KDF1,False
B3GNTL1,False
RBMXL3,False
MLXIP,False
LINC02873,False
BAK1P1,False
RWDD4P2,False
NR2F1,False
LINC02915,False
EIF3KP1,False
AURKAIP1,False
TTLL11,True
EIF4E1B,False
TOMM5,False
LINC01106,False
ZBTB44-DT,False
LINC02694,False
SLC35E3,False
PRIMA1,False
ZNF169,False
RUVBL1,False
SFN,True
OR52B3P,False
MSRA,True
CBLL2,False
CCDC168,True
CTDNEP1,False
ETV4,False
FAM172BP,False
SWI5,False
GAPT,False
BAIAP2,True
CALCB,True
CREG2,False
TMEM270,False
HOXD8,False
RPL7AP66,False
ZDHHC21,False
TSPEAR,False
PLEKHF2,False
A2M,True
ARL4D,False
DOK7,False
LRRN1,False
UBE2O,False
ORAI3,False
KLHL38,True
LINC02880,True
UNC119B,False
DENND2C,True
PLEKHD1,False
FAM220BP,False
ASCL3,True
TUBB6,False
LYSMD3,False
AMIGO3,False
B3GALT6,False
ZNF613,False
C11orf16,False
TMPRSS7,False
RPL36P3,False
NUPR1,True
JAKMIP2,False
RPL23P2,False
MBLAC2,False
TPRN,False
KCNE5,False
ZNF683,False
SLC35A4,False
CRYBG2,False
IP6K1,False
SSNA1,False
CSTF3,False
YES1,False
CHMP6,False
AQP7P4,False
DLEU1,False
UFSP1,False
MC5R,True
TMEM39A,False
TCP11L1,False
GPX2,True
CCDC57,True
HSF5,True
FOXG1,False
SPHK1,True
BNIP3,True
ENTHD1,False
MYPOP,False
CIDEA,False
OR11H4,False
OR4D11,False
LRRTM4,False
ATAD5,False
SMIM19,False
OR11H6,False
ZNF404,False
RTTN,False
OR4K17,False
OR10H4,False
RPP38-DT,False
OR51B6,False
CDV3P1,True
ACBD7,False
OR4L1,False
ANAPC2,True
OR4K13,False
HMGB4,False
ZBTB8OS,False
CYCSP34,True
OR4F21,False
SLC35G1,False
OR4K5,False
IDSP1,False
OR4K3,False
ZNF135,False
OR4N2,False
OR4M1,False
FOXR1,False
OR4H12P,False
FOXN3P1,False
COX8A,False
RPL37AP8,True
TAC4,False
ZSCAN2,False
PFN1P10,False
PRR18,False
B3GNT4,False
CDC26,False
HSD11B2,False
CRLF3,False
RNPEP,False
EID2,False
DMRTA1,True
EID2B,False
GJC3,False
RIMS2,True
KCMF1,False
DNAJC30,False
SPRYD4,False
VPS37D,False
CLEC14A,False
SYNE3,False
CLK2,False
LPCAT4,False
SLCO3A1,False
ZNF575,False
WDR25,True
SGF29,False
PLAAT3,False
DIRAS1,False
OR5AN1,False
OR10AC1,False
PHLDB3,False
PRR15,False
GNG7,False
OR4C5,False
USF3,False
OR4C3,False
OR4S1,False
CNTD1,True
DCAF4L2,False
OR4X1,False
CNBD1,False
DMBT1L1,False
KBTBD11,False
B3GNT5,False
MAP3K19,False
LINC02914,False
LMNB2,False
RMDN1,False
MEX3C,False
HORMAD2,True
RNF152,False
NANOGP1,False
MYO1D,False
LINC02910,True
FOXL1,False
TGIF2LY,False
LRRC37A,False
FOXC2,False
OR4F17,False
BDNF,False
SCAND2P,False
CCDC121,False
ACSF3,False
OR10AB1P,False
BOK,False
ZNF843,False
TTTY14,True
RBIS,False
PFN4,False
OR51V1,False
MAGEB6,False
OR52Z1P,False
CDK5R1,False
OR51A1P,False
PAK6-AS1,True
LINC00303,False
ZNF285BP,False
TCERG1L,False
NCKAP5,False
MAGEB18,False
DEFB104A,False
RUFY1,False
OR52E2,False
BASP1,True
DEFB103A,False
OR51L1,False
LRRC37A3,False
METTL1P1,False
FKBP9P1,False
VSIG10,False
MIR7-3HG,True
IRX5,False
METRNL,False
FAM91A1,False
KRT18P28,False
GJA1P1,False
WSB2,False
GRIN1,True
SOX11,False
TYMS,False
OR51G2,False
PXMP2,False
OR51A7,False
TCEANC,False
OR51T1,False
PNMA1,True
OR51H1,False
TCIM,True
MAMSTR,False
TYMSOS,False
ANKLE2,True
C8G,False
FUT2,False
OR51S1,False
OR7A15P,False
OR51F2,False
EFCAB5,False
GCNT4,False
TOB2P1,False
MUC20,True
THAP4,False
OR51N1P,False
NFATC2IP,False
LY6H,False
RPL7L1P11,False
FIBIN,False
FAM89B,False
SHMT1,False
DPP7,False
TRIM60,False
SEC24C,False
FMR1NB,False
SMCR8,True
HCG4,True
MTHFR,False
DEFB104B,False
C19orf18,False
DEAF1,False
MTX3,False
TMEM80,False
SIX5,False
IFNW1,False
FBXO46,False
ZDHHC13,False
SLC38A9,False
ACER2,False
WDR73,False
POLE,False
PHETA2,False
SCN4B,False
DSCAML1,True
RHOG,False
EPS8L2,False
ZDHHC22,False
IRAG1-AS1,True
ANO6,False
ZBTB34,False
PRDM16-DT,False
FAM9B,False
CETN1,False
NUDT4B,False
FAM210A,False
OR2T35,False
TALDO1,False
ULK1,False
NAP1L4P1,False
OR14C36,False
RIMKLA,False
CLVS1,False
OR2M7,False
RPS6KA3,False
B3GNT8,False
PUS1,True
PCNPP5,False
CHD9,False
OR2T12,False
SPACA4,False
OR2T33,True
GATD1,False
OR2M1P,False
LINC01561,False
TRIM72,True
MAN1B1,False
DEFB103B,False
DEFB4B,False
ENSAP3,False
KCNA3,False
OR2AJ1,False
FZD8,False
GJD4,True
FBXO39,True
CLDN22,False
KCNA2,False
TOP3A,False
CASKIN2,False
OR7E125P,False
ZBTB38,True
BEND2,False
LINC02904,False
DLGAP1-AS1,False
LINC00469,False
FLJ13224,False
RPL13AP3,False
CCDC71,False
C10orf71,False
LRRN4CL,False
FLJ40194,False
TIMM22,False
HIC1,False
PPFIA3,True
MAGEF1,False
UMODL1,True
OR7E8P,False
NINJ2-AS1,False
SAMD9L,True
ZFAS1,True
UBE2U,False
PAWR,True
TGIF1,False
MIEF2,False
NAP1L5,False
CBX3P1,False
NIM1K,True
CD19,False
ERICH5,True
OR2T8,False
NR2C2,False
GPR4,False
ACOT4,False
OLIG3,False
CAVIN1,False
OR2G3,False
ARIH2,False
RBM44,False
ZBTB33,False
OR2G2,False
ZBED2,False
VCX2,False
IRX3,False
ST8SIA3,False
RPRM,False
OR2B11,False
SLC25A22,False
RABEP2,False
NHLH2,False
C1orf167-AS1,False
ATOX1,False
FAM187B,False
TBL1XR1,False
SAMD12,True
CD163,True
C18orf32,False
OR7E149P,False
GIMAP3P,False
PIDD1,False
ZNF491,True
RPLP2,False
HASPIN,False
JUN,True
CSTF2T,False
PGBD5,True
C12orf54,False
GBA1,False
CASC2,False
ACAD9,False
IL17RA,False
PNPLA2,False
MBOAT4,False
TEX44,False
AGTRAP,False
CD163L1,False
SRRM3,True
THAP5,False
DEFB114,False
CRACR2B,False
SUMO4,False
MAGEB10,False
DNAJC28,False
OR4F4,False
NAALADL2,True
CD151,False
POLR2L,False
FAM20C,False
NECTIN3,True
SLC35G5,True
ANXA2R,False
TMEM94,False
FLII,False
SOX12,True
HNRNPA0,False
FXNP2,False
ANXA2R-OT1,False
YIPF7,True
FAM87B,True
CDKN2AIPNLP1,False
RPS2P2,False
RAB4A-AS1,False
MYOZ1,False
TMEM78,True
YWHAQP4,True
KCNJ10,False
TENM3-AS1,False
CHID1,False
PCDHB9,False
ZNF620,False
ZNF518A,False
TMEM187,False
CACYBPP2,False
SVBP,False
ZNF619,False
CCDC184,False
AP3S1,False
GRB2,False
ZBTB41,False
UBE2N,False
SPATA31C2,False
ARL6IP6,False
ZNF354C,False
CAPZA3,False
MAMDC4,False
CENPBD1P,False
ODF3,False
BET1L,False
RPS27,True
RIC8A,False
IMP3,False
ASB8,False
LCN15,True
ODF3B,False
DPY19L2,False
SPATA31E1,False
ZNRF3-AS1,False
C2orf73,False
GPR150,False
TSPYL6,False
LRRC75B,False
DMAP1,False
ADAMTSL1,False
CALHM5,False
IMPDH2,False
ALS2CL,False
MLF1,True
PRSS42P,False
NDUFAF3,False
C2orf69,False
GRAMD1C,False
STAP2,False
ULK4P3,False
TWF1P1,False
HTR3C,True
TSSK6,False
BOLA1,True
PDE4DIP,False
DDX10,True
GOLGA8Q,True
PPP1R42,False
NDUFV2,False
FAM27E5,False
GK4P,True
DALRD3,True
ZNF114,False
FAR2P2,False
ZNF518B,False
AMER3,False
SPINK6,True
ZNF366,True
LCORL,False
PARD6G,False
ZNF454,False
SH2B1,False
ZC3H12D,True
VN1R1,False
POGLUT3,False
PLEC,True
SH2D4B,True
RNF212,False
PRSS36,False
ZNF543,False
TMEM151B,False
GALNT11,False
SLITRK1,False
LINC02907,False
FAM230I,False
WDR6,False
PRM3,False
TNP2,False
SPAG11A,False
GEN1,False
TMPRSS9,True
AQP11,False
TMEM11,False
ZNF354B,False
KCNG2,True
SHISA3,False
OR2D3,False
CALML3,False
CALML5,False
ZFAND2A,True
PLEKHM3,False
ZNF223,False
HTR1A,False
CCDC185,False
FAM220A,False
DNAJC22,False
NEUROG2,False
CEP295NL,True
BEND3,False
CTDP1-DT,False
NT5DC1,False
RPS3AP5,False
TIMM23B-AGAP6,False
GLDC,False
COX14,False
LINC00314,True
H3P16,False
MCMDC2,True
TUBAL3,False
RPL10P16,False
P4HTM,False
UCN3,False
DTX3,False
KLHL11,False
NECAP1P1,False
AMBN,False
CTXN1,False
SLC25A20,False
CA8,False
CKS1BP6,False
CD28,False
EPM2AIP1,False
ERBB4,False
MAF,False
CTNNBIP1,False
OR6B3,False
DEFB125,False
GAPDHP29,False
PSAPL1,False
OTOS,False
GTPBP6,False
ERN1,True
GPR35,False
ACTG1P1,False
MRPL42P1,False
C10orf53,False
PPIAP33,False
ARMC10P1,False
CSRNP3,False
ZNF713,False
PARP10,False
DYNAP,True
SUZ12,False
NSUN3,False
KCTD12,False
DHFR2,False
RPP25,False
GRINA,False
C5orf64,True
GLULP4,True
THBD,False
GP5,False
LMO7DN,True
COX5A,False
STX19,False
ERFE,False
FAM219B,False
H2BC2P,False
ZHX2,False
CPN2,True
CPNE7,True
C5orf46,True
CD300LB,False
GDPD4,False
RIIAD1,True
MPI,False
ADORA2A-AS1,False
H1-8,False
TRIM73,False
OPLAH,False
TMEM52,False
TMEM139,False
RNF186,False
EFCAB13,True
MSC,False
APOLD1,False
RFLNA,False
EXOSC4,False
DPY19L3,False
TAF7,False
ZNF852,False
FOXE1,False
PFAS,False
HYI,False
CYBC1,False
TPRX1,False
LGALS7B,False
ZNF552,False
SMIM10L2A,False
GAK,False
ZBTB7A,False
TUFM,False
ERICH3,False
RMI1,False
CTC1,False
FBXO34,False
LINC00324,False
SELENOW,False
EIF3K,False
MRFAP1L1,False
SNX18,False
EXD1,False
AURKB,True
TAS1R2,True
C14orf39,False
MRFAP1,False
C3orf38,False
KLHDC7A,False
TMEM107,False
NSA2P3,False
RRS1,False
EXOC3L1,False
TRIML2,False
RCC2,False
OR13D1,False
IGSF22,False
C9orf50,False
ZFP42,True
CCDC89,False
TAAR3P,False
LINC02913,False
FAM133A,False
DPM3,False
C12orf42,False
CYC1,False
PER1,True
HTR1F,False
H3P47,False
TMTC2,True
HES7,False
FARSA,False
SPTY2D1,False
C10orf67,False
SAMD4B,False
LINC00670,False
MTUS2-AS1,True
CYP11B2,False
GIMAP7,False
ALOXE3,True
EDC3,False
TCAIM,False
RPS2P28,False
FUCA1,False
PXT1,False
GGN,False
OR7E97P,False
HNRNPCL1,False
TMEM125,False
ZNF664,True
SIGLECL1,False
CALR,False
LINC00311,False
MAGED1,False
GVQW3,False
LDLRAD3,False
CDH4,False
SMCO3,False
RAD23A,False
PCARE,False
GADD45GIP1,False
MEIS3P1,False
DAND5,True
TMEM151A,False
PTPN11,False
NSUN7,False
RTL3,False
FAM156B,False
WSCD1,False
RAB39A,False
CLK3,False
HLA-DQB1,False
GATA2,False
ARID3B,False
HMGN2P46,True
TMEM31,False
PACS2,False
OR4K11P,False
ELMOD2,False
EGR3,False
CATSPERE,True
GPC5,True
VWA1,False
LINC00174,True
DNAJB8,False
GEMIN4,False
HNRNPCL4,False
OR6W1P,False
IL6-AS1,False
FJX1,False
OR13C6P,False
SLC24A3-AS1,False
LINC01699,False
KLHL28,False
MKRN3,False
ZBTB18,False
EEF1A1P27,False
OR9A2,False
C14orf28,False
ALOX12B,False
SLC17A8,True
EIF3J-DT,False
SHARPIN,False
LBX2,False
DNHD1,False
SLITRK4,False
HTR1D,False
GCC1,False
LSMEM2,True
NBPF17P,False
RNF151,False
CIITA,False
ZFPM1,False
ALOX15B,False
PLD6,False
GPHB5,False
GRM8,False
CDC42EP4,False
DGKZP1,False
OR2AP1,False
OR6C4,False
ZBTB42,False
LACC1,False
MAF1,False
TPPP2,True
FCER1A,False
RPRML,False
ARL14,False
LINC00305,True
OR6C2,False
WDR97,False
NLRP8,False
PCED1B,False
SPEN-AS1,False
APOBEC3B,False
SYCN,False
PIPOX,False
ATP8B5P,True
FOXS1,True
ATOH7,False
CDH5,False
LRRC3B,False
OR7E22P,True
FAM216B,False
MRGPRX4,True
PCBP1-AS1,True
MYADM,True
MRGPRX3,False
MROH1,False
SERTAD2,True
PIK3CD-AS1,False
AKAP5,False
NKPD1,False
GIPC3,True
RNF227,False
CITED4,False
ABCA13,True
NLRP11,False
TIGD5,False
PDXDC1,False
PHC1P1,False
CFAP276,False
ZNF154,False
R3HDM2,False
B3GNT3,False
ITLN1,False
NRXN1,False
SEPHS2,False
OR10A7,False
GPBAR1,True
ZNF784,False
ZNF648,False
C14orf119,False
CCR8,False
LINC00652,True
GOLGA8J,False
BBS10,False
FIZ1,False
PUF60,False
SSC5D,True
DCTPP1,False
ZNF771,False
PPP1R14BP3,False
NAIPP2,False
TSHZ1,False
PSTK,False
SPDYE7P,True
RPA3P1,False
SOCS4,False
PTGR3,False
OR1E1,False
ZNF48,False
OR1R1P,False
GARIN5B,True
C3orf80,False
NKX2-6,False
TMEM150B,True
LINC02870,False
OR3A4P,False
ANKRD18A,False
WFDC11,True
TMEM86B,False
OR3A1,False
SEPTIN1,False
TRNAU1AP,False
EXOC3,False
ACER2P1,False
TDRD6,False
C12orf40,True
CSNK1A1L,False
ACTA2-AS1,False
HMGN2P9,False
XIAPP3,False
LYNX1,False
RPS12P23,False
TH,False
FAR2P1,True
MED14,False
FAHD1,False
HMGB1P14,True
TDRP,False
RCC1,True
WFDC9,False
MYL11,False
F2,False
GARIN6,True
TPT1P10,False
PRKRA,False
HERC2P3,False
NACAP2,True
ZNRF2,False
RRH,True
SLC9A4,False
ZNF816,False
PRNT,False
FGD6,False
ADGRD2,False
GPR139,True
TMEM277P,True
CNEP1R1P1,False
PLD5,False
OAZ2,False
WFDC10A,False
PNPLA1,True
ALX1,False
CCDC43,False
KCTD4,False
MEIOC,False
FZD2,False
TIGD2,False
ITPRID1,True
HCLS1,True
MTURN,False
ZNF609,False
PAK2,False
CCDC66,False
DEFB124,False
EMC3-AS1,False
KRTAP9-7,False
ATP5F1EP2,False
MCFD2,False
OR10AA1P,False
LINC00304,False
HARBI1,False
DEFB123,False
C11orf71,False
CYP8B1,True
OR6K6,False
OR6K4P,False
TPRXL,False
SERTM1,False
GAS1,False
ARHGAP45,True
OR10Q1,False
ZNF571,False
GLIPR1L2,False
DEFB119,False
MIGA1,False
KCNE1,False
DIP2C-AS1,True
NRIP1,False
ZSCAN4,False
BHLHA15,False
RNF182,False
LINC02908,False
TSPYL5,False
FUT7,False
H2AC6,True
EIF2S3B,True
SRP9P1,False
SKIDA1,False
H2BC4,False
ZBTB12BP,False
MB21D2,False
GSX2,False
SSTR2,True
ZNF594,False
PCGF5,False
SLC47A2,False
PRF1,False
OR2A4,False
MAB21L1,False
RPL21P8,True
VN1R3,False
YOD1,False
EXOC5P1,False
TMEM64,False
C3orf22,False
OR10K2,False
LINC02363,True
OR5AZ1P,False
CHRM4,False
OR51A9P,False
SHISA2,False
S1PR5,True
CLRN3,False
SMG1P3,False
GPR157,False
PIPSL,True
CHST13,True
WDFY3-AS2,False
OR7E129P,False
AGTR2,False
SLC36A4,False
ZDHHC20,False
ANKRD30B,False
OR51E1,True
ZFP3,False
ARSJ,False
HOXC9,False
MAP3K15,False
PPA1,False
HOXC10,False
PSMG4,False
BHLHE22,False
MAP6D1,False
CSNK1G2-AS1,False
ZNF443,False
LINC01559,False
PDIA3P1,False
LINC01555,False
CXCR2,False
DEFB112,False
GREM2,False
C11orf42,True
SSR4,False
CAPS2,False
ZNF792,False
CUEDC1,False
SCRIB,True
KCTD2,False
D2HGDH,False
OR52B1P,False
TTTY11,False
OR56B3P,False
OXTR,True
CMTR2,False
OR56B4,False
FAM83H,False
OR7E18P,False
GPR62,False
OR56A1,False
ZNF572,False
ST20,False
PITPNB,False
TCEAL8,False
OR52E4,False
LRRC57,False
OR52N2,False
MRPL14,False
GPR137C,True
C1orf105,True
OR52N1,True
BBS12,False
ZFP82,False
OR52N5,False
LSMEM1,True
OR56B2P,False
NQO1,False
OR56B1,False
AEN,False
FKRP,False
TRAPPC5,False
RPH3AL,True
SLC25A42,True
FCRL6,False
METTL23,False
SLC26A11,False
HIGD1A,False
CHRM2,False
OR52N4,False
MAPK15,False
EHMT1,False
ADIPOQ,False
LINC02878,False
ENTR1P2,False
F2R,False
OR52P1,False
HLA-V,False
ZNF707,False
MUC16,False
NPM1,False
FER1L6-AS1,False
PJA1,False
DHTKD1,False
PENK,False
H2BC27P,False
HECW1-IT1,False
OR8G2P,False
C4orf50,False
H2AC25,False
ZNF746,False
POLR2A,False
DLSTP1,False
TMEM132C,False
SLC25A41,False
MTHFD2P7,False
TLCD5,False
OR5AK2,False
FRAT2,False
OR5AK3P,False
TMEM102,False
TMEM132E,False
OR5G1P,False
ZNF322,False
NME9,False
SPEM1,False
OR9G3P,False
HEPHL1,False
LRRC75A,True
OFCC1,False
CTAGE10P,False
HSP90AA6P,False
OR5M8,False
CCL13,False
CFAP65,True
DDX60L,True
SYNE4,False
OGFOD3,False
WASHC1,False
UTS2R,False
AATK,False
DDN,False
SAGE1,False
ZNF467,False
SOX2,False
ZNF678,False
TMEM45A,True
RAP2B,False
ZBTB2,False
RNF135,False
OR6T1,False
GLRX5P1,False
ACBD4,False
OR8D4,False
SGSH,False
RPL24P4,False
MAB21L2,False
FANCB,False
EDDM3B,True
SETD2,False
EDDM3A,False
LINC03040,False
TMIE,True
MEX3D,False
OR52D1,False
MRPS23,False
OR52H1,False
FDCSP,False
GPR135,False
SLX1B,False
ANKRD62,False
P2RY13,False
TNFSF15,False
ZFP41,False
PHLDA2,True
ATG9B,True
GPR88,False
ZNF875,False
PLAG1,False
OR8H1,False
OR5T1,False
YIPF6,False
OR5T2,False
ZBTB20,False
OR2Z1,False
FDX1P1,False
DIPK2A,True
MACIR,False
OR8K5,False
AMIGO1,False
OR8H3,False
OR8H2,False
GPR3,True
TMEM252,False
OR5J1P,False
ODF3L2,False
OR5AS1,False
ACTL9,False
SIAH2,True
COPG1,False
ADGRB1,False
LINC00471,False
CELF2-AS1,False
OR6S1,False
SLC9A9,False
LSM10,False
KCTD9P2,False
RELL1,False
RFX7,False
SLC35C1,False
OR5D17P,False
TIGIT,False
RNF41,False
SLC2A4,False
FTMT,False
IBA57,False
CLDN7,False
ZNF329,False
ZNF101,False
OR4C6,False
C5orf24,False
LINC02724,False
ADO,False
COA4,False
OR4P4,False
PRKAG1,False
GINS3,False
OR4C15,False
OR4A21P,False
OR4A13P,False
OR4A15,False
OR4A16,False
OR52K2,False
NEUROG1,False
PYY3,False
CCDC149,False
GOLGA8CP,False
MRPS11,False
LINC00301,False
AQP7P2,True
PPIAP73,True
SNRPE,False
RTKN2,False
PNMA8A,False
CHST15,True
ADIG,True
USH1G,True
TRPC2,False
MGAT4C,False
TRIM49B,False
IDH2,False
OGFRP1,False
OR52A1,False
PTCHD3,False
OR6B2,False
TMEM259,False
GET1,False
TNRC18,False
FAM181B,False
TMEM30B,False
DEXI,False
ZNF716,False
NOP10,False
FAM89A,False
KCNIP1,False
TDRKH,False
ZNF708,False
IST1,False
ERCC6L2,False
MRPL41,False
ENPP7,False
CREB3L2,False
P2RY8,True
TP53TG1,False
UNC5C,False
MRGPRG,False
TSEN54,False
RGMA,False
ASB18,False
UBA7,False
MRPS16,False
SHISAL2A,False
RAD51B,True
CRYGB,False
LDOC1,False
ARL6IP4,False
EXT1,True
SHMT2,True
MOB2,False
HHIPL1,True
ATP6AP2,False
ZAR1,True
CYB5D1,True
BACE2,True
UBE2E2,True
SYNM,True
KCNA4,False
GABRG3,False
PRR34,False
NLRP10,True
FIGN,False
IZUMO1,False
TMIGD1,False
B4GALNT4,False
AP1S2,True
C8orf33,False
DCAF4L1,True
SPACA6,False
MBD3L3,False
ZSCAN22,False
KCNJ14,False
FBXL6,False
C1S,True
GLTPD2,False
KIAA2012,False
PRAMEF8,False
LIPF,False
OR5P3,True
DAOA,False
PDSS1P1,False
ZNF804B,False
CRIP1P4,False
CD300LD-AS1,True
KBTBD3,False
YBEY,False
OR5F2P,False
FAM87A,True
CLN8,False
PLCXD1,False
NXPH4,False
RPL27AP5,False
CACNB4,True
IFNL1,False
DNM1P46,False
TRAPPC6B,False
PGBD4,False
CDY2A,False
NPLOC4,False
OTOL1,False
KCNK4,True
TEX19,False
TSHZ2,True
CAPN12,False
EXOC7,False
OR2B8P,False
KPNA2,False
WASH6P,False
NCF1B,False
XKRX,False
BGN,False
CEP97,False
LHFPL1,True
FES,False
GLRX5,False
FAM104B,False
TBPL2,False
OR7E115P,False
CAV3,False
MXRA7,False
LIMK2,False
MFSD5,False
RNASE10,False
ADI1,False
RWDD4,False
SPNS3,False
OR4C2P,False
CLEC4G,False
SATB1,False
CSGALNACT2P1,False
NXPH3,False
CSF1R,False
EPHB3,False
VCX,True
EPGN,False
LINC00334,True
KRTAP11-1,False
SNORC,False
HS3ST4,False
TRAK1,False
TSPAN10,False
OR2V2,False
PLCB1,False
SKA2,False
RXFP3,False
CCNYL2,False
OR10G7,False
NDN,False
CCDC172,False
RNF32-DT,True
OR4Q3,False
NTM,False
TTC3,False
KCNB2,False
PPP1R27,False
BRICD5,False
GALR2,False
RESP18,False
IGIP,False
TSKU,True
FXYD6P3,False
CMC4,False
ANXA2,True
SEPHS1P1,False
RGS6,False
HOXB4,False
SLC35D3,False
PAQR7,False
PAPPA,True
MAFA,True
NGRN,False
GRID1,False
RPS17,True
HCAR2,True
OR2T29,False
CCDC87,False
GSTA5,False
C1orf116,False
TMEM198B,False
MAGEB17,False
CRIP2,False
DDX28,False
FUNDC2P2,False
KRTAP13-2,False
FAM230E,False
ACBD3,False
HAPSTR1,False
PLCXD3,True
RRP7BP,False
VMO1,False
OR4F15,False
ALG12,False
LCK,False
GALNT9,False
COL18A1,False
RBM10,False
PRKCZ-AS1,False
ADGRG3,False
RPS27AP20,False
GLUD2,False
TMEM95,False
TCHHL1,True
RPL35A,False
RGS7,False
SLC25A18,False
ZNF721,False
TSPEAR-AS2,True
TCEAL7,False
C11orf54,False
GPATCH11P1,False
CEP63,False
WFDC10B,True
SRPRA,False
OTOP3,False
EWSR1,False
ODF3L1,False
HMGN4,False
SPATA13,True
GJC1,True
NPM1P14,True
SOX1,False
CNOT10,False
OR4M2B,False
MTA1,False
ZNF662,False
CADM1,False
ZNF320,False
C12orf60,False
PYCR1,False
NAA38,False
SPNS2,False
MCEMP1,False
AP2A2,False
TPM3P8,False
SLC8A1,False
OR1G1,False
SLC25A21,False
OTOP2,True
CYLC1,True
PCP4,False
ABAT,False
SLC25A10,False
CAMK1D,False
RGPD6,False
FAM133CP,False
LYSMD4,False
WBP2NL,False
IGSF5,True
NKX2-5,False
AFMID,False
GAS6,False
FREM3,False
NEB,True
BEGAIN,False
GPC6,False
ARHGEF37,False
FAM43B,False
CSMD1,False
OR2A3P,False
CALHM3,False
PTGDR2,False
CEP57L1,False
RIPPLY3,False
PRORY,False
ANKRD20A2P,False
GPR19,False
GJD3,False
RABIF,False
TMEM119,False
FANCF,False
CALN1,False
POM121L1P,False
SMDT1,False
GABRR3,False
C2CD4C,False
CHST6,False
HSP90AB3P,False
POTEC,False
RUVBL2,False
GDPGP1,False
CTNNA3,False
WT1-AS,False
RIMBP3C,False
PRR36,False
NF1P3,True
LINC01547,False
OR51B4,False
PTTG1IP,False
DDX41,False
ABHD16B,False
OR52E8,False
CCDC60,False
PLGLB1,True
DAZAP2,False
CCBE1,False
SELENOF,False
PRSS40A,False
RPSAP19,False
OR5P2,False
FAM9A,False
MAGEA2B,False
TMEM121B,False
ZNF623,False
OR2T34,False
OR52L1,False
EPHA10,False
SPDYE4,False
CCDC125,False
REC114,True
BOLA2,False
BCOR,False
JRKL,False
CABCOCO1,False
GBP6,False
KIAA2026,False
OVCH2,False
SYNDIG1L,False
TTTY8,False
FHL3,False
OR56A4,False
PMCH,False
TMEM89,False
TEKTIP1,False
CCDC159,False
RIPK4,False
LRIT3,True
NPIPA1,True
SF3A3,False
ZBTB8OSP1,False
TFDP3,True
TRIM61,True
OR7E38P,False
GRIN2A,True
PKD1P3,False
URAD,False
FLJ40288,False
GTF2H2C,False
ASB7,False
SH2D7,False
TREX2,False
GPR132,False
MX2,True
EP400,False
MEX3B,False
PI4KAP2,False
TENT5C,True
COA5,False
TDGF1P2,False
UTP11,False
PSMG1,False
PRR14L,False
COL18A1-AS1,False
KLRC4,True
ACSM5,False
C10orf120,True
IZUMO1R,False
BPIFA4P,False
SERHL2,False
PCBP3,False
PGPEP1L,False
SETD3,False
TNFAIP8L3,False
ZNRF3,False
FBXL7,True
HMGN3P1,False
TANGO2,False
H3C13,False
SMG1P5,False
SFXN4,False
GKN2,False
FAM167B,False
MRPL54,False
ZNF438,False
HMCES,False
CCR3,False
DGCR6,False
GOLGA8G,False
PRR32,False
TP53TG3,False
RP1L1,False
KRTAP8-1,False
C15orf32,False
HOATZ,False
ZNF530,False
NDUFB1,False
MARCHF11,False
KLHL25,False
TAFA1,False
GAPDHP30,False
TRMT12,False
GUSBP1,False
PSG9,False
CMKLR2,False
LINC00518,False
BMP8A,True
ALYREF,False
RFLNB,False
EFHC2,False
NOG,False
MRGPRX2,False
UPP1,False
SLC9B1P1,False
OR4N4,False
IFNL2,True
OPCML,False
TRIM52,False
LHFPL6,True
CMTM4,False
TMEM50A,False
FIGLA,False
ASCL2,False
TBK1,False
CBX6,False
MACC1,True
ACSM2A,False
TBL3,False
BPY2,False
ACP7,False
KREMEN1,False
TRAIP,False
CHEK2,False
FOXL2,False
AIFM3,False
KCTD16,False
B3GALT5,False
ZNF703,True
SLC35F3,True
KCTD8,False
DOCK8-AS1,False
TUBA8,True
NPIPA5,False
BPY2B,False
EMILIN3,False
OLFML1,False
FAM162B,False
RBM12B,False
CCR4,False
LIN9,False
NCF4-AS1,True
BTBD9,True
NUDT14,False
ANKRD45,False
CFAP91,False
PNMA3,False
GPR39,True
FAM3B,False
ZNF730,False
KIRREL1,False
IQGAP3,True
CNGA2,False
TOB2,True
SCN5A,False
ARSI,False
UTY,False
SRARP,False
NPIPA9,False
TTC32,False
LRRC55,True
OR4G2P,False
RPL21P132,False
DNAH2,False
SH2D1A,False
SDR42E2,False
DUSP5P1,False
HTR7P1,False
TRBV21OR9-2,False
PRKX,False
KMT5A,False
KCNH8,True
SMTN,True
NPW,False
PP2D1,False
COA3,False
NPB,False
MAGEA13P,False
ST6GALNAC3,False
PTP4A2,False
ACTG1,True
TMPRSS2,False
DENND5A,False
OR2T10,False
DSCR4,False
KRTAP20-2,False
CTAG1B,False
DIABLO,False
OR7E87P,False
VPS33B,False
TBX1,False
ADAP2,False
SREBF2-AS1,True
UQCR10,False
FAM120C,False
BRD7P2,False
TREML3P,False
TRIML1,False
EIF3C,True
RPL11P4,False
CLDN5,False
NIPSNAP1,False
RPL7AP28,False
OR4F6,False
CNTN2,False
SPRR4,False
LRRC51,False
OR10J5,False
KCNQ3,False
ADRA2C,False
NR2C2AP,False
C1QTNF12,False
CRELD2,False
OR1D2,False
SCFD2,True
UBE2F,False
KCNJ12,False
GPR173,False
PPP1R2,False
TSPYL2,False
GOLGA6L4,False
PGP,False
C22orf46,False
SNRNP35,False
DGAT2L6,True
IRAK1,False
CMSS1,False
OLIG1,False
NDUFV1-DT,False
PCDH9,True
ACOT1,True
OAF,False
ALDH1A3,False
H2AC20,True
KCNK12,False
H2AC21,False
POU6F1,False
LINC00315,False
DEFB108B,False
TM2D3,False
TSSC4,False
TACSTD2,False
CLECL1P,True
SIX6,False
DRD5P1,False
PRKD1,False
CCSER1,True
ZDHHC23,False
MROH7,False
RPL23AP82,False
OR51J1,False
S100A7A,True
SRPK3,False
GDF3,False
IQCF2,False
SLIT3,False
EFNA5,True
MRGPRE,True
KRTAP19-1,False
H1-5,False
SPATA32,False
PKP3,False
MAP7D2,False
CSF1,True
COLEC10,False
ACTRT3,False
PLA2G6,False
MAML2,False
UMODL1-AS1,False
PABPC1L2B,False
A3GALT2,True
OR4N5,False
SS18L1,False
KCND2,False
IRS3P,False
RPL23AP38,False
TOP1MT,False
COPB2,False
LRRC19,False
THAP7,False
KNTC1,False
CCR10,False
NCMAP,False
BPIFC,False
WDR27,True
TXNRD2,False
C1QTNF8,False
OR56A3,False
FOXO4,False
POU3F2,False
PTP4A3,False
FOXD4L1,False
TMEM255B,False
PROS1,False
GAST,True
NUTM1,False
HDDC3,False
BEX5,False
ZFP1,False
PTGER4P2,False
CEND1,False
C6orf58,False
DHRS7C,False
DUSP8,True
SOCS3,False
SPEM2,True
SLITRK6,False
PIWIL3,False
LPAR5,False
XPOT,True
STING1,False
PDE4B,False
TAFA3,False
C14orf180,False
SNN,False
FAM167A-AS1,False
KCNH7,False
RPL7P26,False
NELL2,False
SPDYE12,False
ZNF840P,False
KRBA2,False
ZNF72P,True
MED12,False
ZNF93,False
SEPTIN9,False
PRSS55,False
ODF4,False
FOXD4L4,False
CDCA2,False
OR7E14P,False
RALYL,False
AMER1,False
ZBTB40,False
H2BC21,False
CLDN6,True
OR51M1,False
SEPTIN5,False
EIF4ENIF1,False
LRRC26,False
SERINC4,True
RNLS,False
KRTAP6-1,False
APOBR,False
FAM110C,True
DDX53,False
OR5AQ1P,False
ATL3,False
NDUFA12,False
PRSS40B,False
MGAT4EP,False
SMIM10,False
DYNLT2,False
UBE2G2,False
SATL1,False
OR4C10P,False
OSBP2,False
UNC93B5,False
B3GALT5-AS1,True
TRARG1,False
PRR23B,False
ZBTB7C,False
APOO,False
PRR16,False
TMED9,False
CYCSP45,True
DRD1,False
LINC00308,False
TMEM186,False
SDR42E1,False
RBM33,False
ARMCX2,False
BTBD6,False
SRY,False
H1-10,False
RBM43,False
SUMO3,False
IMMP2L,False
TCEAL2,False
CLCNKB,True
DMRTC1B,False
JAG2,False
FMNL1,True
NUTM2A,False
PTRHD1,False
LCN12,False
OR6A2,True
WT1,False
ZFP90,False
AQP12A,False
FAM227A,False
OR6C70,False
MUC6,False
RPL7AP49,False
NOC4L,False
USP18,True
NDUFA6,False
CHRM5,False
SORCS2,True
TMEM121,False
TMEM106A,False
SIVA1,False
TTTY13,True
BRI3BP,False
IFNE,False
SLC22A10,False
DGAT1,False
RFX6,True
ROBO2,True
AP3M1,False
F8,False
NT5C1B,False
CA13,False
UBOX5,False
MAFF,False
BRF1,False
LRRC14B,False
SLC2A3P2,False
SEMA4B,False
ZNF733P,False
MROH2A,False
SPDYE16,False
CIB1,False
ANKS1B,True
NELFA,False
SLC24A3,False
SGCZ,False
EFCAB10,True
C5orf47,True
UFD1-AS1,True
KRT76,False
FLRT2,True
OR7E31P,False
RPL9P14,False
INTS5,False
RPS27L,False
MANEAL,False
ADSS1,False
ANO9,True
FAF1,False
MYADML2,False
FAM43A,False
NSMCE3,False
HSF1,False
C6orf120,False
PURA,False
H2BC13,True
INPP5J,True
NPY2R,False
MIXL1,False
MFSD6L,True
LRRC37B,False
DDX51,False
NOMO2,True
LINC00482,False
AQP12B,False
ZNF479,True
GOLGA8EP,False
LINC00313,True
SIGIRR,True
NRBP2,False
PRSS57,True
IFITM2,False
WASIR1,False
TNFAIP2,True
ZNF445,False
PGBD2,False
GAPDHP24,False
TCEAL9,False
MC2R,False
RAB11B,False
PRMT3,False
GP1BA,False
PRPF39,False
MAGEA11,False
PPIL6,False
ZNF74,False
KIAA0825,True
UBALD2,False
TEX33,False
CDNF,False
NOTUM,False
KLHL33,False
RBM11,False
GALNT17,False
CD24P4,False
ZBTB37,False
NUPR2,False
IL3RA,True
SPPL2C,False
CCDC137,False
SFTPA2,False
RGPD2,False
ARL15,False
C12orf56,False
SCN10A,False
SSXP4,False
CDK10,True
TMEM105,False
SOCS1,False
TCN2,False
GAS2L1,False
ATP6V0A2,False
PRKN,False
TEDC1,False
HS6ST3,False
HGS,True
TNFAIP8L1,False
OR2V1,False
RAD51D,False
OR7A17,False
MAPK11,False
FGF7P2,False
SP140L,False
MRPL30,False
TARS3,False
SMYD3,False
METTL7A,True
LINC00158,False
IFNLR1,False
SH3BGR,True
FAM174B,True
FAM47A,False
ZSWIM9,False
KPNA7,True
TMEM179B,False
GPRIN3,False
KRT6B,False
PARPBP,False
STAC3,False
ROR1,False
SDHAP1,False
SEPTIN7P13,False
MUC1,False
FAAP100,False
IRF7,False
L3MBTL1,False
BRCC3,False
SV2B,False
FAM131C,False
LMNTD2,False
SPATA45,False
PDE6G,True
PRKG1,False
NR2F2,False
DLK1,False
TLCD2,False
LSAMP,False
AHNAK2,True
OLFML2A,False
SP1,False
SPATA8,False
WASH3P,True
ACTBP7,False
MRPL40,True
DBX2,False
INKA1,False
PDIA2,False
PCGF3,False
LMLN,True
P4HB,True
PSMD13,False
PBX1,False
RPL14P6,True
NDUFA4L2,False
SHC4,False
FTH1P14,False
KRT79,True
ZFP36L1,False
UBE2L3,False
NTF3,False
BRWD1,False
SMIM23,False
PMEL,False
SYN3,False
POU3F1,True
SNAI3,True
ZBTB3,False
LYG2,False
MORN5,False
EP400P1,False
PRAME,False
TEX56P,False
MYBL1,False
TTTY8B,False
OR5M5P,False
SMG1P4,False
MOSMO,False
DRG1,False
ANKFY1,False
YTHDF3,False
ZNF696,False
ADARB2,False
NRG3,False
SRL,False
C11orf87,True
IFIT1,True
CXorf38,False
CLDN24,False
KCNQ5,False
ADAMTSL5,False
KCNIP4,False
SPATA31A6,False
MORF4L1,False
NLRP9,False
WDR53,False
DMWD,False
SLC52A2,False
PIGP,False
IKZF1,True
PCYT2,False
NAT8L,False
OR6C76,False
NPAP1,False
BCAP31,False
ARL17A,False
RPL12P4,False
HDHD5-AS1,False
GNB1L,True
DNAH14,False
LINC01405,False
CCDC190,False
EVI2B,False
TMEM210,False
NPIPB4,False
ZNF829,False
TMPRSS11B,False
THNSL1,False
TRIM69,True
ATP6V0C,False
IFITM1,True
PRSS38,False
BPY2C,False
LAMP1,False
FFAR3,False
TAS2R60,False
POMK,False
OR11N1P,False
LINC00839,False
C16orf54,False
KLHDC8B,False
KLHL34,False
SETD4,False
PTCH1,False
RTN4RL1,False
OR4C46,False
CALHM1,False
KRTAP5-5,False
NKAIN3,False
RNPC3,False
ZNF267,False
IRS2,False
SPACDR,False
FAM186A,False
SHOX,False
LCE3A,False
BICD2,False
LCE3E,False
CCIN,False
TMLHE,False
GRK1,False
DEFB128,False
SLITRK2,False
SDHAP3,False
PLK5,False
RASA3,False
LRCH3,False
LEMD1,True
RPS4XP21,False
ATP4B,False
NDUFA13,False
ZNF566,False
ZNF225-AS1,False
ZNF529,False
ZNF284,False
HTR3E,False
DLEU7,False
KRT73,True
TAL2,True
MATN1-AS1,False
AIDA,False
CDIN1,False
CD300LF,False
ZPBP2,False
KRT5,False
KRT18P14,False
NBPF6,True
GSAP,False
HTR3D,False
OR4F5,False
AGBL4,False
ARGFX,True
CYP2R1,False
LRRC70,False
ANKRD46,False
PIP5K1C,False
OR5D14,False
CYP4F2,True
TEX38,False
OR5D18,False
OR9M1P,False
ZBTB6,False
C2orf76,False
TAS2R42,False
POLR3C,False
PRR30,False
DEFB131A,False
UBL4B,False
LILRP1,True
WWOX,True
CYP4Z1,False
CIDECP1,False
PRSS59P,False
CENATAC,False
BCL9L,True
POLR1D,False
KIF18B,True
ZNRF1,False
FFAR4,False
BPIFB3,True
BPIFB4,True
SAPCD2,False
EDARADD,False
SLC51B,False
CYP4F12,True
MTARC1,False
LCE5A,True
SOWAHB,False
BLOC1S4,False
LCE1E,False
ZNF749,False
KLHL32,False
FAM86MP,False
LINC02610,False
MRTFB,False
BTLA,False
OR10D4P,False
ZNF17,False
KDM4D,False
GPAT2,False
TOR3A,False
PABPC1L2A,False
GABRA5,False
PPP1CC,False
ZNF555,True
MST1P2,True
OR10T2,False
NAP1L3,False
CA5BP1,False
PRELID2,False
BACE1,False
RGS9BP,False
TMEM212,False
SLC36A3,False
SLC36A2,False
THBS2,False
RXRA,False
ANKRD37,False
NUDT17,False
MINAR2,True
SERTAD4BP,False
ZNF75D,True
CYP4X1,False
KRT26,False
KRT10,False
GOLGA8R,False
CD300E,False
CCDC30,True
NKRF,False
GLDN,False
FCAR,False
KPNA4,False
TRDN,False
OR6P1,False
KRT3,False
ZNF501,False
ZNF197,False
SPATA12,False
TMPRSS12,True
FAM228A,False
DEFB132,False
NAP1L2,False
AQP7P1,True
RPS23,True
GNG2,False
BTN3A2,False
AKAP14,False
PCLO,True
KLK12,False
RGS7BP,False
INSIG1,False
ANKRD20A5P,True
MYT1L,False
IRX2-DT,False
ZNF396,False
TMEM222,False
OR9I2P,False
OR9Q1,True
CLCNKA,True
OR9Q2,False
ARHGAP30,False
SEPTIN10,False
FAM86B1,False
CYP4F8,False
CYP4F3,True
SMYD4,False
CROCCP5,False
DEFB105A,False
FOXD2,False
GPATCH8,False
CEACAM19,True
DEFB107A,False
NF2,False
SMIM29,False
DEFB106A,False
SPATC1,False
UBE2H,False
MIR22HG,False
DEFB105B,False
HPDL,True
KTN1-AS1,False
KATNA1,False
FSD2,False
ARAP1,False
KIF24,False
PDE2A,True
SPDYE17,False
CARMIL3,False
PRG2,False
PRR5,False
ZFP91,False
C17orf58,False
BCDIN3D,False
MAGEE2,False
EEF1GP1,False
CYP27C1,False
LYRM7,True
DTX2P1,False
CFAP73,True
CCDC73,True
MST1L,True
BCR,False
OR10H1,False
MPPED1,True
TPI1P3,False
FSCN2,True
FOXI2,False
SPIN4,False
ZNF732,False
SPIN2B,False
SPATA31D3,False
FOXE3,False
HYAL3,False
KCNK18,False
IFNA10,False
VSIG10L,False
CXCR3,False
ZNF397,False
ZSCAN30,False
TPCN1,True
LILRB4,False
CDRT15P3,False
TNFRSF4,False
KRT17P2,False
KRT16,True
HEXIM1,True
SELENOV,False
LCE1A,False
KRT14,False
TRABD2A,True
KRTAP17-1,False
PDZD7,False
POFUT2,False
QRFPR,False
MAPT,False
ERCC6L,False
OR13F1,False
OR5D3P,False
TMEM17,False
TNFRSF18,False
FGF3,False
C1QL4,False
RTN4RL2,False
ZDHHC17,False
SERPINA11,False
P2RY4,False
ZNF395,False
ZACN,False
KRTAP22-1,False
KRTAP19-6,False
KRTAP6-2,False
CHCHD2P9,False
OR13C8,False
PPARA,False
TMEM232,True
LINC01551,False
KRTAP19-2,False
KRTAP19-4,False
KRTAP15-1,False
KRTAP13-4,False
FAM183A,False
EFCAB6,False
KRTAP19-5,False
KRTAP23-1,False
KANK3,False
EMID1,False
ACTL7A,False
KRTAP21-1,False
RHD,False
LINC00207,False
LINC02875,False
ESPN,False
PNLIPRP1,False
PTRH1,False
KRTAP21-2,False
SAMD7,False
GPR141,False
TMPRSS6,False
CYP4A11,False
TMEM216,False
RPS19BP1,False
TMPRSS11A,False
TMEM262,False
C3orf70,False
TEAD1,False
OR2AK2,False
DEFB106B,False
PLCD1,False
CCK,False
ENTPD5,False
MITF,True
FUNDC2P3,False
HEATR4,False
NAP1L1,False
LILRA5,False
CMC1,False
SLIT1,False
LYPD6,False
AKR1C1,True
VSTM2B,False
FOXD3,False
SPATA21,False
RNF220,False
ANGPTL5,False
SHTN1,False
H1-7,False
LCE4A,False
BAGE2,False
LCE2A,False
KRTAP12-1,False
LCE2C,False
ZNF546,True
TSPYL4,False
DAZ3,False
MT1X,False
GCNT1,True
LCE2D,False
SESTD1,False
LCE3B,False
FNBP1,False
DYNC2H1,True
KRT12,False
MAGED4B,False
BCAM,False
RSBN1L,False
NPSR1,True
WDR86,False
EPOR,False
FAM9C,False
KRTAP9-8,False
CIDEC,False
DCC,False
TAF9B,False
PCDHB13,False
MAGI2,False
LUZP2,False
LHFPL3,False
CHP1,False
FPR3,False
H1-6,False
C11orf96,True
HSD3BP1,False
SERPINA13P,True
KCNJ11,False
CDHR4,False
COL4A1,False
RPL7P48,True
PLEKHG7,False
GJA4,False
PTMA,False
H2AP,False
HSPA14,False
ATP13A5,False
SIRT7,False
PRR27,False
PRR13P5,True
IFT140,False
TPM3P7,False
POTEG,False
PRAMEF10,False
AGMO,False
SBK2,False
CYP26C1,True
TLR5,False
USP7,False
NANOS3,True
FOXD4L3,False
NHLRC1,False
DPPA3,False
COX8C,False
PLEKHN1,False
TERF1P2,False
ZNF385C,True
LINC02583,True
MAGEH1,False
TET3,False
ZNF286A,False
ISG15,True
EXD3,False
OR5W2,False
MYMK,False
TCL6,False
C17orf97,False
ZKSCAN4,False
RGPD1,False
DHRS4L2,False
SAMD11,False
PERM1,False
VMAC,False
TMSB4XP8,True
TSPY13P,False
C5orf52,False
HAPLN4,False
ERC2,False
B3GLCT,False
SPRY4,True
ERAS,False
KRT18P59,True
TRPV2,False
AMTN,False
EZHIP,False
C2orf88,True
OR2T27,False
TMEM203,False
SLC18A3,False
KBTBD12,True
THSD4,True
GTF2IP3,False
DNAJB13,False
GABRD,False
AMY1C,False
TCEA1,False
NHEJ1,True
FANCA,False
SECISBP2,False
OR52B6,False
C9orf153,True
SSX7,False
ADH1A,False
HSPE1P11,False
OR2B7P,False
SEMA4D,True
KRTAP10-8,False
LIN28B,False
DIPK1C,False
DNAH17,True
MCRS1,False
TMEM72,False
FANCM,False
FAM205C,False
ZNF70,False
CARD9,False
PEAR1,False
ZFP69B,False
TMEM202,False
SOWAHD,False
GOLGA6EP,True
ZFP69,False
HELT,False
RTL4,False
TMEM220,False
C2orf78,True
H1-2,True
PLSCR3,False
EIF4EBP1,True
OR7E25P,False
P2RX2,False
ASCL4,False
OR6C75,False
CCDC157,False
TTC24,False
PABIR1,False
PALM3,False
RNFT1P3,True
GFRAL,False
FYB2,True
CXXC1P1,False
OR5H7P,False
SHISA7,False
LRRC74B,False
DMBT1,False
CLEC17A,False
OR51I2,False
LCN10,False
LDLRAD2,False
C2orf66,True
OVCH1,False
HS6ST1P1,False
PMS2CL,False
ZFTRAF1,False
COL14A1,True
DNER,False
CPSF4L,True
KLHL17,False
ZCCHC13,False
FAM230D,False
PLA2G2C,True
ANKRD19P,True
ZSCAN23,False
KCTD9P3,False
RINL,False
C17orf99,True
HNRNPA1P61,False
OR7D2,False
TPRG1,False
PDCD6P1,False
SNHG28,False
MORN2,True
RTP5,False
MEIS3P2,False
S100A3,True
UBQLN2,False
RILPL1,False
CTSL3P,False
C19orf67,False
ZNF490,False
CLCN1,True
NRN1L,False
NWD1,False
ARL4C,False
RNF133,False
TMEM221,False
TREML4,True
RAB42,False
WNT7B,True
ZFTA,False
SCGB1C1,False
PRSS45P,False
PLA2G4E,True
GPR89B,False
MESP2,False
FAM25A,False
ALOX15P2,True
EYS,True
C6orf132,False
DAZ1,False
OR2AG2,False
MAPK12,False
TMEM215,False
NUTM2G,True
COL4A5,False
KRTAP10-6,False
AGRN,True
NHS,True
OTOG,False
FAM166A,False
TMPPE,False
ZNF626,False
HEPACAM2,False
SMTNL2,True
ZC3H6,False
LINC00265,False
LAMTOR4,False
PRKAR1B,False
NUTM2B,False
NCR3LG1,True
DCUN1D3,False
POTEE,True
ZNF793,True
TUBB4B,True
AGAP4,False
PP7080,False
COMMD6,False
PLA2G2A,True
IL17REL,False
HYKK,False
OR7A5,False
C15orf62,False
FAM230G,False
RUFY4,True
ZNF383,False
HES4,False
IGFL1,False
ZNF669,False
PEAK3,True
LRRIQ4,True
CENPP,False
PLSCR1,True
OR7D1P,False
C3orf62,False
ENO4,False
ZNF559,False
SBK1,False
OR6C6,False
BSPH1,True
SLC38A3,True
OR6N2,False
GTF2F2,False
CIBAR1,False
FOCAD,False
PRR19,True
ZP3,False
GPR15LG,True
H3-5,False
IFNA2,False
GPAT2P2,False
JAKMIP3,False
PPP3R2,False
GOLGA6L3,True
PDCD1,False
CLEC2A,False
GPR21,False
DYNLT4,False
ANKRD36P1,False
IGHV1OR15-9,False
SELL,False
MAGEB5,False
CHM,False
NANOS2,False
BLOC1S5,False
DEFB108F,False
OR4P1P,False
SRP72P2,False
CERKL,False
WASF4P,False
ACTBP11,True
SLC24A5,False
IER5L,False
H2AX,False
INSC,False
SERPINA5,False
C19orf54,False
LCTL,False
NCCRP1,False
KRTDAP,False
MIR3667HG,False
COL25A1,False
FAM83G,True
CFAP77,True
SRSF10,False
HBA2,False
DUSP28,False
CCDC9B,False
NBR1,False
OR2G6,False
RALGAPA2,False
NDOR1,False
FBLL1,True
NKAIN2,False
KRTAP1-1,False
PAQR9,True
CLEC20A,False
CFAP54,False
NPIPP1,False
CLN3,False
FAM72B,False
ASAH2,False
SUMO2,False
NANOS1,False
HMX3,False
IGFL3,False
GOLGA8M,False
ZNF177,False
RTL6,False
DPYD,False
S100A16,False
PTAR1,False
CC2D2B,False
RNASE9,True
TSPY7P,False
SAXO2,True
LINC00319,False
H1-9P,True
OR7E90P,False
RHCE,False
C2orf80,True
IDO2,False
PARVB,False
TEKT4P2,False
SLC4A5,True
UROS,False
OR56A5,False
CYP51A1-AS1,False
KRTAP24-1,False
ZDHHC9,False
ZBED10P,False
QRFP,False
OR13D3P,False
DUSP29,True
SMIM15,False
OSTN,False
VWC2,False
FAM221A,False
TMEM120B,False
FSIP2,True
RBM34,True
NOXA1,False
TBC1D3P2,False
TMEM198,False
BCL2L15,False
FZD9,True
TMSB4XP2,False
SPRED3,True
OPTC,True
PLET1,False
ADRB3,False
SKOR1,False
CATSPER4,False
PRELP,False
PLA2G2E,False
ZNF548,False
MTF1,False
TMCO2,True
ZNF322P1,False
SHISA6,False
TMEM201,False
NHLRC3,False
HMX2,False
SNTN,False
ZDHHC11,True
CALHM6,False
CNR2,True
LINC00910,True
SLX4,False
GLRA4,False
DPPA3P2,False
ENTPD8,False
RPL14,True
BEND4,False
RPSAP47,False
FAM78B,False
ZNF563,False
TMC3,False
RPL10AP2,False
POTEA,False
FBF1,False
KLRG2,False
ASTL,False
MSL1,False
LRRK2,False
BSX,False
GJB3,False
INSYN2A,False
TRMT2B,False
HACD4,False
CFAP126,False
USP32P1,False
NYX,False
FAM120AOS,False
UTS2B,False
C9orf152,False
NOC2L,True
MSANTD1,True
AADACL3,False
DHFRP1,False
NELFB,False
SLC15A5,False
LIPI,False
LRRC66,True
ZNF292,False
HUS1B,False
KCTD21,False
SBSN,False
PROS2P,False
ADAT2,False
KIR2DL4,False
SHLD2P3,False
MAGEB16,False
VHLL,True
DUSP21,False
ZNF567,False
NDUFA4,False
ANKDD1B,True
ALKBH2,False
RNFT1,False
RNF222,False
CGB5,False
RELN,False
FAM111B,False
APOD,False
H1-0,True
GAGE2A,False
LITAF,False
VSTM1,False
TMEM120A,False
ARID2,False
RIMKLBP1,False
FAM25G,False
SF3B3,False
PRSS48,False
IL1RAPL2,False
BLOC1S3,False
SP6,True
ANKRD34B,False
PLAC9,True
FAM47B,False
NKAPL,True
UBE2Q2P1,False
FSCB,False
CLDN4,True
ZNF573,False
RPL32P36,False
ABCA15P,False
GRAPL,False
FAM47E,False
JPT1,False
ZNF527,False
TNRC18P3,False
ZAR1L,False
KRTAP10-12,False
S100A13,False
ZNF33A,False
OR14I1,False
KRT77,False
PCDH18,False
DCAF8L2,False
ZNF600,False
BTBD8,False
LINC00994,False
DPY19L2P1,False
MAOA,True
PAX8-AS1,True
C15orf61,False
NUGGC,False
LINC00943,False
TSPYL1,False
SPANXN3,False
TRIM64B,False
PNRC2,False
DRICH1,False
LINC01164,False
GJB5,True
FHIT,False
ALKAL2,False
ANKRD62P1-PARP4P3,False
ZKSCAN3,False
FOXR2,False
RRP7A,False
LIN54,False
FAM53B,True
FAM180A,False
BNIP5,True
SPANXN4,False
SLC25A51P4,False
S100A14,False
KAZN,False
SLC35E2B,False
RPS2P46,True
FAM90A27P,False
TOGARAM2,True
SPATA31D4,False
NEMP2,False
ALG1L1P,True
KIAA0408,True
GSPT2,False
TBC1D28,False
C8orf76,False
CXCL17,False
OR7E12P,False
OTUD6A,False
HMGB1,False
MMP23B,False
SH2D5,True
SPATA41,True
ZFP92,False
USP32P3,False
NCR1,False
RASSF10,False
GJB4,False
RNU1-75P,False
MIR494,False
RNU1-15P,False
Y_RNA,False
OR2L13,True
BLOC1S2,False
SYCP2,True
ZNF724,False
IL1RAP,False
SMIM7P1,False
PTPRT,False
MYBPC1,False
PAX5,False
SPAG16-DT,False
OR5K4,False
OR6M1,False
SPOCK3,False
ZNF676,False
ZNF699,False
IFITM3P3,True
ADAM5,True
TDRD7,True
CFAP119,False
OR8A1,False
MATCAP1,False
HLA-DRB1,False
VN1R2,False
MYT1,True
SERPINA3,False
AKR1C3,True
SPATS2L,False
OR11H13P,False
ZNF250,False
WDSUB1,False
ZNF79,True
S100A4,False
PLEKHG4,False
KRTAP4-3,False
FAT4,False
LINC03042,False
COLCA1,False
KIF19,False
OR6K2,False
ZNF681,False
ACADSB,False
STK40,True
RPS2P4,False
OR10J1,False
TMEM63A,False
CTSE,False
SEMA4A,True
HRCT1,False
MPHOSPH8,False
RNF216P1,False
EEF1A1P5,False
GREB1,False
SIRPB2,False
ZNF766,False
RYR1,False
SRGAP3,True
KRTAP5-3,False
FAM217B,False
SULT1C3,True
TUBB,False
LCOR,False
SUPT5H,False
XPNPEP3,False
OR2T2,False
OR2C3,False
LINC00615,False
ZNF107,False
OR10S1,False
SFTA2,False
PPIA,True
ZNF471,False
OR10J3,False
ZNF836,False
ZNF493,False
LINC00523,False
Metazoa_SRP,False
GTF2IRD2,True
GRM7,False
SUPT3H,True
BECN2,False
NIF3L1,False
GARS1-DT,False
ATP2A1,False
HLA-DRB9,False
GUSBP15,False
IARS1,True
MFSD14CP,False
POM121,False
ZBTB44,False
GIMAP5,False
STK31,False
CGB7,False
NLGN3,False
OR8D1,False
ADH7,False
ZKSCAN7,False
ZNF729,False
CD55,True
CPNE4,False
ZNF565,False
NTNG2,False
ELAVL3,False
WDR5,False
PRSS29P,False
LONP1,False
C9orf163,False
TRRAP,False
NUDT11,False
SRGAP2B,False
FUT4,False
ASB13,False
SLC35F1,True
ZNF34,False
ZNF781,False
OR4Q2,False
ZNF140,False
INCA1,False
ZNF774,False
PTPN1,False
OR10D1P,False
EVL,False
SPANXD,False
THEM5,False
NOXO1,False
EPHB4,False
PRTN3,True
ZNF765,False
ZNF124,False
XRCC6,False
S100A5,False
C20orf204,False
PPP1R26,False
NBPF4,True
TSC22D2,False
CRYBA4,True
ASMT,False
NPIPB15,False
ZNF569,False
ARMCX4,False
YRDC,False
ZNF777,False
PIK3R4,False
ZNF775,False
ZNF605,False
TRAPPC2,False
RFX8,False
MYL6B,False
ZNF799,False
FGF16,False
SIAH1,False
GK2,False
C20orf96,False
ESRRG,False
IPO4,False
NCOR2,False
SULT1A1,False
ARL9,True
PRPF40A,False
GDAP2,False
TCEAL3,False
ANAPC7,False
TPK1,False
SLC6A9,False
AFAP1,False
NACA,False
OR9K1P,False
MYO18A,False
OR2T3,False
SPTSSB,False
BORCS6,False
MAN2A2,False
MME,False
FAM72A,False
CCDC196,False
CACNA1H,True
SULF2,False
BLOC1S6P1,False
HBG2,False
LAMA2,True
PFN3,False
PLXNB2,False
OR5AC2,False
AJAP1,False
XRCC2,False
MYO6,False
MRTFA,False
MBD3L2B,False
HDAC2,False
ANKRD20A19P,False
ZNF782,True
SLC22A25,False
POTEF,True
ZNF846,False
MMP1,True
ADH1B,False
UGT2B15,False
TCF4,False
WNK3,False
LUADT1,False
SDHAF3,False
HRH1,True
RABL6,False
ZNF136,False
ZKSCAN5,False
ZNF502,False
TRAPPC4,False
TTC30B,False
SLC30A10,False
TECPR2,False
TLR7,False
FAM180B,False
LINC00173,False
ZFP62,False
ERI2,True
TOMM7,True
HSH2D,False
TRPV1,True
ZNF33B,False
PDXDC2P-NPIPB14P,False
ZNF512B,True
AMZ2,False
ZNF431,False
ALKAL1,False
NF1,False
VKORC1L1,True
ZNF418,False
DAPK1,False
LCE1B,False
HLA-DQA1,True
COL27A1,True
LINC01560,False
GM2A,True
H2AC13,False
CLPSL2,False
S100A2,False
SNHG17,False
ZNF700,False
LINC02991,True
POU3F4,False
OR14A16,False
CD47,False
OR52K1,False
TLE1,False
MAML3,True
H2AC11,False
STRN3,False
ZNF239,False
NPIPB10P,False
SPINK14,True
SPRR2B,False
CTBP1-DT,False
CHRNG,False
ZSCAN16,False
MVB12B,False
ILRUN,False
OR11G2,False
POTEI,False
ADA,False
ARID5A,True
PATE2,False
PPTC7,False
KRT39,False
TOMM20L,True
RGPD4,False
NHLRC2,False
H2AC7,False
ZFP28,False
CRACDL,False
ZNG1C,False
SCN8A,False
LAMB3,True
H2BC26,False
TEX43,False
KPNA5,False
ANKRD36B,False
ARHGEF12,False
HCAR1,False
ZNF252P,False
PDLIM7,False
FLNA,True
TMEM26,False
RPS26P11,False
SRGAP1,True
FAM3C,True
NOP9,False
OR2T4,False
ZNF705A,False
SLC39A10,False
SCOC-AS1,False
CASP4,False
AP2A1,False
ZNF585A,False
FUT11,False
NXF4,False
SMIM10L2B,False
ANXA4,False
LAGE3,False
GPRACR,False
WDR5B,False
FAM163B,False
NPIPB9,True
WDR45,False
METTL9,False
ZNF138,False
ZNF429,False
ZNF470,False
SERTAD1,True
ZNF100,False
EOLA2,True
OR51A6P,False
ZNF398,False
ZSCAN25,False
RBMY1A3P,False
ANXA6,False
ZNF441,False
GMFB,False
SIGLEC15,False
ZNF420,False
ZNF763,False
ZMYM1,False
DTHD1,True
H4C3,True
ZSCAN26,False
MAFG,False
OR2T32P,False
ARRDC1,False
KIAA1671,False
KRT35,True
IGF2R,False
ZNF300P1,True
LCE1C,True
NPSR1-AS1,True
GOLGA6L16P,False
GAL3ST4,False
HRG-AS1,True
DYNC1H1,False
SLC6A17,False
IFNL3,True
PCBP2,False
ZGPAT,False
SLC25A29,False
PGAP1,False
SRC,False
ZNF679,False
ZNF682,False
OR8B8,False
ZNF772,False
ZNF257,False
PCNX3,True
ADAM32,True
ACSL5,True
LRRC8B,False
ABCB8,False
H3C12,False
SND1,True
OR4C4P,False
ZNF785,False
SULT1A2,False
NEK5,False
PSMD12,False
LINC03003,False
MAGEA6,False
LINC02291,False
ADGRA1,True
ATP6AP1-DT,False
PIWIL2,False
MIRLET7BHG,False
NOL4L,False
SSXP1,False
CYSRT1,False
SLC22A4,False
ZSCAN5B,False
TCEA1P1,False
ENTPD4,False
C1D,False
TBC1D9B,False
OR1J2,False
H4C11,True
SLC2A7,False
FAM110D,False
SERPINA1,False
LINC00336,True
TPSB2,False
KANK2,False
EIF4BP6,False
C6orf141,True
GTF2E2,False
IL27,False
GUCA2A,False
RAD54B,False
ZNF165,False
SYNGAP1,True
RAMP2-AS1,False
FITM2,False
BLM,False
HMGA2-AS1,True
KRBOX5,False
GATA3-AS1,False
OR10D3,False
DDI2,False
SVIL,True
TMEM132E-DT,False
TRIM33,False
LRP10,False
PELI1,False
Metazoa_SRP-1,False
ZNF655,False
MRPL21,False
LYPD2,False
UAP1L1,False
BNIP3P1,False
ZNF98,False
FBXL22,True
ZNF786,False
ZNF517,False
S100A7L2,False
ZNF675,False
SLC22A5,False
DACT3,True
ADARB1,True
ZNF860,False
HTT,False
OR6N1,False
C5AR1,True
DIO3,True
CYP2B6,False
H3C4,True
DCHS2,False
VEPH1,True
FABP12,True
SHPK,True
GGT3P,False
OR51D1,False
IPP,False
OPALIN,True
OR13G1,False
MAP3K5,True
OGDHL,False
CYP2F1,False
GSTK1,False
HNRNPAB,False
OR2L5,False
STMN3,False
PDGFA,False
GYPE,False
COL13A1,False
OR7E85BP,False
SPN,True
ZNF695,False
ADAM3A,False
PCDHB11,False
ZNF628,False
GALP,True
SLC2A10,False
ZNF665,False
RPF2,False
LINC00477,False
SLC28A3,False
FAM177B,False
MIB2,False
OR6Y1,False
MYO5A,False
IRF1-AS1,False
GZMM,False
ATG7,False
PRAMENP,False
SIPA1L1,True
TTC30A,True
SSPOP,False
ELANE,False
RAB40C,False
PIGN,False
COL4A6,False
ZNF624,False
HHLA3,False
RPS17P2,False
HOXA4,False
TOPORS,False
BCO2,True
GPX1P1,False
KCNMB2,False
ENTPD6,False
DMBX1,False
KLKP1,False
OR11L1,False
ENPP1,True
ATP11AUN,False
CCDC154,False
FAR1,False
CPLANE1,False
ZNF841,False
MFAP5,False
MYH6,False
VN1R5,False
ZNF615,False
EOLA1,False
CDC42SE1,False
UBE2Q2P12,False
MPEG1,False
SERPINB2,False
DPP4,False
SERPINB13,False
PDCD1LG2,False
ZNF433,False
CCER1,False
DNAH10,True
SLC22A24,False
OR51C1P,False
KRTAP26-1,False
CBX3P7,False
SPTAN1,True
NMB,False
PARVA,False
KLHL14,False
OR6C74,False
FAM114A1,False
RPE,False
ZNF460,False
CR1L,False
PHF2,False
RPS26,False
C14orf178,False
PTMAP2,False
SCGB1D4,True
PSAP,False
S100A10,True
CFAP43,False
LHFPL5,False
RPL37A,False
HOXC6,False
TXNRD3,False
CFD,False
STPG3,False
MAP1LC3C,False
MCMBP,False
EME2,False
KLHDC1,False
ZNF81,False
TAF13,False
ZNF780A,False
ATAD3A,False
OR5B17,False
OR52M1,False
IGKV7-3,False
FAM118B,False
ZNF461,False
CCDC180,False
SLC9A8,False
OCLN,False
CFAP299,False
H4C16,True
CYP2A13,False
ZNF181,False
SLC22A20P,False
OR8G1,False
INKA2,False
ZNF44,False
GPAA1,False
ADAMTSL2,False
SGTB,False
ZNF790,False
OR5M12P,False
PRB3,False
CYRIA,False
MYO1C,False
MDS2,False
OR7E13P,False
NKIRAS1,False
OR1S2,False
UGT2B17,False
MEIG1,False
SLC22A12,False
KIF13B,False
NRAP,False
ADH5,False
SLC22A6,False
H2BC12,False
TEAD4,False
SPG7,False
HRNR,False
IFNA1,False
HES5,True
NBEAP2,False
ZNF677,False
ERO1A,False
ZNF823,False
CYYR1-AS1,False
ZNF311,False
ZNF347,False
OR5H2,False
PLCG2,False
FCHSD1,False
ZNF71,False
AADACL2,False
S100A6,True
RPL12,False
DNM3,True
ZNF121,False
MPZL1,False
VPS13A,False
MBP,False
AKAP17A,False
ELOVL2,False
GOLGA6L9,True
LEKR1,False
C1orf122,False
OR51A8P,False
SNHG12,False
ZNF734P,False
CLEC9A,False
KEL,False
NOL8,False
IRAK4,False
ODAD3,False
DLGAP2,False
MRPL42,False
ENTPD7,False
FCGR1BP,False
SPANXA1,False
SAGE2P,False
ZNF335,False
ZNF560,False
TUBA3C,False
RPS4X,False
ZNF273,False
ZNF84,False
MAK16,False
ZNF667,False
AVPR1B,False
SIRPA,False
DSCR8,False
GRK6,False
PRIM1,False
MARCHF5,False
POTEH,False
NPIPB13,False
AKR1B10,False
SULT1C4,False
CYP2A7,False
ZBTB14,False
KRTAP9-9,False
CD2AP,False
NUP62CL,True
SFI1,False
KRTAP4-6,False
TMPRSS11F,False
ZNF649,False
ADH4,False
OR2T6,False
ZNF248,False
CHSY3,True
TOR4A,False
LPAR1,False
MB,False
OR2L3,False
DEFB107B,False
HIBCH,False
ZNF544,False
TMEM229B,False
PTMAP9,False
SOWAHC,True
ZNF770,False
ZNF849P,True
ZNF876P,False
NPIPB6,False
HMGN5,False
MIER1,False
MAN1A2,False
SVIP,False
ZNF251,False
DDRGK1,False
FAM47C,False
TFDP1,False
CLEC4C,False
ZNF607,False
BPIFA1,True
ZNF334,False
HSD17B11,False
SZT2,False
SULT1C2,False
ZXDA,False
RPS6KL1,False
CACNA1E,False
OR51H2P,False
QRICH1,False
AFDN-DT,False
CSF2RA,False
FKBP1C,False
DDX42,False
GUSBP13,True
RPL23A,False
SLC29A3,False
CYP2A7P2,False
STYX,False
UBL5,False
OR5BB1P,False
HELZ,False
TMEM116,False
KRTAP4-5,False
UCKL1,False
OR5B21,True
NUP210P1,True
CARD11,False
ZNF485,False
PEG3,False
SDAD1,False
BMS1P9,False
ZKSCAN8,False
PHETA1,False
TMEM239,False
HYLS1,False
MYL4,False
ZNF442,False
ZNF813,False
HOXC4,False
DCAF12L2,False
PIM3,True
GET3,False
ASPH,True
OR7A11P,False
SPRED2,False
WWP2,False
GFPT1,False
UVRAG,False
KRTAP13-1,False
ZNF26,False
TMEM207,False
ITSN2,False
NTRK1,False
BZW1P2,False
OGA,False
TATDN2P1,False
ZNF658B,False
MT1F,False
TCAF1,False
ZNF69,False
TXNRD1,True
NRARP,False
ZNF583,False
KRTAP4-1,False
CCT8L2,False
OR14L1P,False
ZNF568,False
LINC02692,False
ZXDB,False
ZNF480,False
ZNF587,False
TPM2,False
FLVCR1-DT,False
RTP2,False
SH3BGRL2,True
ZNF808,False
ANKRD35,True
B3GNT6,True
YTHDF2,False
NBR2,True
TMA16,False
HLA-DRB5,False
ATL1,False
CNGA1,False
MAFK,False
ARMH1,False
ZNF43,False
GPN1,False
PLN,False
PABPC1P2,False
C2CD4A,False
ZNF28,False
ITGBL1,False
ZNF511,False
C20orf203,False
ZNF627,False
KCNRG,False
WDHD1,False
ZNF789,False
CTNND1,False
DDX39B,False
SLC34A3,False
RD3,False
SPANXC,False
SH2D1B,False
ARC,True
NUDT16,False
TLK1,False
LRBA,False
APRG1,False
ZNF536,False
MMP17,False
OR2M2,False
BAZ1A,True
AKR1C4,False
COPS8,False
PPIAP22,False
CCDC69,False
MDM4,False
RYR2,True
ZNF534,False
KLHL9,False
FAM3D,False
NCOA6,False
STK39,False
TAT,False
ABHD17AP1,False
C6orf89,False
CALM1,True
LPA,True
TAFA2,True
OR10G6,False
SKIC3,False
OR5BS1P,True
TUSC1,False
MAGEA1,False
PAPSS2,False
LINC01565,False
SLC9A6,False
FAN1,False
ABCA4,False
EIF1AY,False
MT-ND6,True
IPO9,False
OR10R3P,False
GPX6,False
CEP290,False
SSBP3-AS1,False
MT-CO2,True
GLMP,False
TOGARAM1,False
DLL1,False
ANKRD13B,False
ECI2,False
UNC13B,False
TEX45,True
MT-CYB,True
LDB1,False
PPP1R14C,False
CTR9,False
SMOC1,True
F5,False
MSRB1,False
SMIM11P1,False
LRRTM3,False
ZNF652,False
SMURF1,False
SLC5A3,True
MTCO3P12,False
GPATCH3,False
CDC42BPB,False
PLXNB3,False
OXCT2,False
RPL10A,False
COLGALT2,False
EPS8L3,False
EGFL6,True
MT-ND2,True
SYCP1,False
APCDD1L,True
RCSD1,False
RASSF9,True
FAM169A,False
ZNF830,False
GRIN3A,False
MT-ND5,True
OR7E103P,False
MUC2,True
CNOT7,False
TMEM184B,False
MTOR,False
SCAMP5,False
ZNF521,False
ALPK2,False
BRINP2,False
MAGEB3,False
LRIG2,False
MT-CO1,True
PNP,False
PAX9,False
LRRC10,False
GK,True
FOXJ3,False
ZNF358,False
SFT2D1,False
CD247,False
GRM3,False
CHAMP1,False
INPP5F,False
ARHGAP11A,True
SUCNR1,False
HMGN2,False
SELENOM,False
UBE2J1,False
GJC2,True
OPA1,False
DENND4B,False
RYR3,False
ZNF277,False
MT-ND3,False
KTI12,False
STYXL2,False
SELENOT,False
ARHGEF15,False
TOX,False
CES1,False
CD3E,False
RUSC2,False
C1orf68,False
FICD,True
OSTC,True
HSD3BP5,False
R3HDM4,False
TSEN15,False
LTN1,False
RUNDC1,False
CCDC152,False
MTND4LP30,True
STKLD1,False
GRK5,False
TYW1,False
DCAF12,False
SFMBT2,False
ASB12,False
PNMA5,False
ITPRIPL1,False
MT-ND4,True
SMC5,False
MT-ND1,True
DCAF12L1,False
PRMT6,False
SHISA4,False
CIPC,False
CAPZA2,False
MT-ATP6,True
TOP1,False
PRC1,False
GPRASP3,False
MAP3K3,False
L1CAM,True
SREBF2,False
C1orf174,False
POU3F3,False
RASGEF1A,False
SPOUT1,False
RPL39,True
DZIP3,True
KIAA0753,False
DCLRE1A,False
ATG9A,False
NOS1AP,False
CSAG1,False
APRT,False
GPRASP1,False
TBKBP1,False
MAGEE1,False
CCDC167,False
MT-CO3,True
ZFP2,True
SOWAHA,False
L3MBTL3,False
DMD,False
MFAP3L,False
NAGA,False
SMG5,False
KIFBP,True
TGM2,True
ARMCX6,False
PJA2,False
RORB,True
SGMS1,False
OR10R2,False
OR10Z1,False
MIRLET7E,False
MIR375,False
MIR30E,False
MIRLET7A2,False
MIR429,False
MIR380,False
MIR449A,False
MIR345,False
MIR16-2,False
MIR340,False
MIR107,False
MIR448,False
MIR370,False
MIR412,False
MIR377,False
MIR1-1,False
MIR381,False
MIR339,False
MIR103A2,False
MIR369,False
MIRLET7C,False
MIR371A,False
MIR425,False
MIR103A1,False
MIR219A1,False
MIR210,False
MIR335,False
MIR378A,False
MIR361,False
MIR324,False
MIR135B,False
MIR101-2,False
MIR323A,False
MIRLET7F1,False
MIR26A1,False
MIR129-2,False
MIR133B,False
MIR342,False
MIR148A,False
MIR379,False
MIR326,False
MIR410,False
MIR30C2,False
MIR372,False
MIR302C,False
MIR346,False
MIR409,False
MIR411,False
MIR26B,False
MIR148B,False
MIR383,False
MIR365A,False
MIR450A1,False
MIRLET7D,False
MIR101-1,False
MIR373,False
MIR302D,False
MIRLET7G,False
MIR337,False
MIR30D,False
MIR422A,False
MIR208A,False
MIR96,False
MIR126,False
MIRLET7A1,False
MIR374A,False
MIR367,False
MIR331,False
MIR31,False
MIRLET7I,False
RN7SKP72,False
Y_RNA-1,False
Y_RNA-2,False
RNA5SP289,False
Y_RNA-3,False
Y_RNA-4,False
RNU105C,False
RNU6-1123P,False
RN7SKP184,False
RNU6-500P,False
Y_RNA-5,False
Y_RNA-6,True
Y_RNA-7,False
Y_RNA-8,False
RNU6-50P,False
RNU6-834P,False
RNA5SP46,False
Y_RNA-9,False
Y_RNA-10,False
RNU6-896P,False
RNU6-28P,False
RNU6-664P,False
RNU6-874P,False
Y_RNA-11,False
SNORA60,False
RNA5S12,False
RNU6-349P,False
Y_RNA-12,False
RNA5SP26,False
RNU6-661P,False
RNU1-58P,False
Y_RNA-13,False
RNU6-1094P,False
RNU6-502P,False
Y_RNA-14,False
Y_RNA-15,False
SNORA21,False
RNU6-1312P,False
RNA5SP430,False
RNU6-208P,False
Y_RNA-16,False
RNU6-858P,False
RNU6-222P,False
SNORD115-34,False
RNU4-82P,False
RNA5SP347,False
RNA5SP52,False
RN7SKP25,False
RNA5SP183,False
RNU4-39P,False
RNU6-1298P,False
RNU6-230P,False
Y_RNA-17,False
Y_RNA-18,False
RNA5S11,False
RNU6-204P,False
RNA5S3,False
RNU5E-1,False
RNU6-766P,False
Y_RNA-19,False
RNA5SP432,False
RNA5S1,False
RNA5SP273,False
Y_RNA-20,False
RNU6-1115P,False
RNU1-150P,False
Y_RNA-21,False
SNORA63E,True
RNA5SP327,False
Y_RNA-22,False
RNU6-1084P,False
U3,False
RNA5SP453,False
RNU5F-1,False
Y_RNA-23,False
RNU6-79P,False
RNU6-369P,False
SNORD114-7,False
RNU6-600P,False
RNA5SP93,False
RNA5S5,False
Y_RNA-24,False
RNY4P19,False
RNA5SP308,False
SNORA1B,False
RNA5SP301,False
Y_RNA-25,False
Y_RNA-26,False
SNORD62,False
RNA5SP370,False
RN7SKP170,False
VTRNA3-1P,False
Y_RNA-27,False
RNU1-108P,False
SNORD9,False
Y_RNA-28,False
Y_RNA-29,False
Y_RNA-30,False
RNU6-543P,False
RNU6-845P,False
RNA5SP276,False
SNORD115-12,False
RNA5SP388,False
RNA5SP191,False
RNU4-35P,False
Y_RNA-31,False
RNU6-1216P,False
Y_RNA-32,False
Y_RNA-33,False
RNU6-556P,False
RNU1-62P,False
Y_RNA-34,False
Y_RNA-35,False
SNORA63,False
RN7SKP104,False
Y_RNA-36,False
SNORA31,False
RNA5SP389,False
RNU6-633P,False
RNU4-15P,False
Y_RNA-37,False
RNU1-70P,False
SNORD115-25,False
Y_RNA-38,False
RNU6-1313P,False
RNU1-94P,False
RNU6-247P,False
RNA5SP110,False
RNA5SP477,True
RNU6-212P,False
RNU6-235P,False
Y_RNA-39,False
Y_RNA-40,False
RNU6-386P,False
RNA5SP226,False
RNA5SP295,False
RNU6-462P,False
Y_RNA-41,False
RNA5SP305,False
RNU6-315P,False
Y_RNA-42,False
RNA5SP195,False
Y_RNA-43,False
Y_RNA-44,False
RNU6-545P,False
SNORA63-1,False
RNA5SP361,False
RNU6-37P,False
RNA5SP502,False
Y_RNA-45,False
Y_RNA-46,False
RNU5A-1,True
RNU6-228P,False
RNA5SP174,False
SNORD18C,False
SNORD114-1,False
RNU6-822P,False
Y_RNA-47,False
Y_RNA-48,False
RNA5SP119,False
Y_RNA-49,False
RNA5SP321,False
SNORD114-14,False
RNU6-1301P,False
Y_RNA-50,False
RNU6-859P,False
RNU6-562P,False
RNU6-951P,False
RNY4P24,False
RNA5SP124,False
RNA5SP258,False
RN7SKP20,False
RNU6-989P,False
RNU6-1010P,False
RNU1-14P,False
Y_RNA-51,False
SNORD33,False
SNORA63-2,False
RNU4-79P,False
Y_RNA-52,False
Y_RNA-53,False
RNA5SP319,False
RN7SKP294,False
RNU4-90P,False
RNU6-1330P,False
RNU6-1272P,False
RNU1-35P,False
RNU6-1266P,True
SNORD3G,False
Y_RNA-54,False
Y_RNA-55,False
RNU4-21P,False
SNORD16,False
RNU6-862P,False
Y_RNA-56,False
Y_RNA-57,False
RN7SKP185,True
RNU1-38P,False
RN7SKP173,False
RNU6-1128P,False
RNU6-446P,False
Y_RNA-58,False
RNU6-223P,False
Y_RNA-59,False
RNU6-170P,False
SNORD115-29,False
Y_RNA-60,False
RNU4-23P,False
Y_RNA-61,False
Y_RNA-62,False
SNORD115-2,False
U8,False
Y_RNA-63,False
Y_RNA-64,False
RN7SKP74,False
RNU6-655P,False
RN7SKP95,False
RNU6-1079P,False
Y_RNA-65,True
RNA5SP307,False
RNU6-227P,False
RNU6-552P,False
Y_RNA-66,True
SNORD36A,False
Y_RNA-67,False
SNORD104,False
Y_RNA-68,False
Y_RNA-69,False
Y_RNA-70,False
Y_RNA-71,False
RNU6-363P,False
RNU6-78P,False
RNA5SP426,False
RNU1-76P,False
Y_RNA-72,False
Y_RNA-73,False
SNORD115-9,False
RNU6-1287P,False
SNORA52,False
RNA5SP188,False
SNORA80C,False
RNY3P2,False
RNU6-836P,False
RNU6-451P,False
RNU6-1233P,False
RNU6-924P,False
Y_RNA-74,False
SNORD114-5,False
Y_RNA-75,False
RNU6-1159P,False
RNA5SP383,False
RNU1-134P,False
RNA5SP491,False
RNA5SP374,False
RNU6-428P,False
RNU6-1260P,False
RNU6-199P,False
RNU6-1290P,False
RN7SKP291,False
Y_RNA-76,False
SNORD115-21,False
RNU1-47P,False
RNA5SP150,False
Y_RNA-77,False
RNA5SP358,False
RNA5SP375,False
RNU1-72P,False
RNU5F-6P,False
U3-1,False
RNU6-490P,False
U3-2,False
RNU6-1120P,False
RNU6-582P,False
Y_RNA-78,False
RNU6-495P,False
Y_RNA-79,False
Y_RNA-80,False
Y_RNA-81,False
RNU6-942P,False
RNA5SP452,False
Y_RNA-82,False
RN7SKP149,False
RNVU1-22,False
RNU6-888P,False
Y_RNA-83,False
RN7SKP90,False
Y_RNA-84,False
RNU6-330P,False
RNU6-249P,False
Y_RNA-85,False
RNU1-17P,False
Y_RNA-86,False
Y_RNA-87,False
Y_RNA-88,False
RNU6-1273P,False
RNU6-492P,False
RNU5B-2P,False
RNA5S10,False
Y_RNA-89,False
Y_RNA-90,False
Y_RNA-91,False
SNORD114-16,False
RNU4-44P,False
RNU6-161P,False
RNU6-1252P,False
RNA5SP405,False
RNU1-18P,False
RNY1P16,False
SNORD81,False
Y_RNA-92,False
Y_RNA-93,False
RN7SKP75,False
SNORD114-19,False
RNU6-653P,False
Y_RNA-94,False
RNA5SP443,False
SNORD115-14,False
SNORD1B,False
Y_RNA-95,False
RNU6-605P,False
Y_RNA-96,False
SNORD115-19,False
SNORD115-3,False
RNU6-797P,False
RN7SKP243,False
SNORA73,False
Y_RNA-97,False
RNA5SP264,False
RNU6-486P,False
VTRNA1-1,False
RNA5SP145,False
RNU6-986P,False
Y_RNA-98,False
Y_RNA-99,False
RNU6-623P,False
RNA5SP448,False
Y_RNA-100,False
U8-1,False
RNA5SP98,False
RNU6-642P,False
RNU6-403P,False
RNU4-73P,False
RNA5SP65,False
Y_RNA-101,False
Y_RNA-102,False
RN7SKP115,False
RNU6-812P,False
Y_RNA-103,False
Y_RNA-104,False
RN7SKP63,False
RNA5SP218,False
Y_RNA-105,False
Y_RNA-106,False
RNU4-58P,False
RNY4P9,False
Y_RNA-107,False
RNU4-80P,False
RNA5SP326,False
SNORD68,False
Y_RNA-108,False
RNU6-433P,False
SNORA73B,False
SNORD114-31,False
Y_RNA-109,False
RN7SKP163,False
RNU6-181P,False
RNU6-1167P,False
RNU6-508P,False
RNU6-252P,False
RNU6-251P,False
RNU6-984P,False
RNU6-1249P,False
RNU6-774P,False
RNA5SP123,False
Y_RNA-110,False
Y_RNA-111,False
Y_RNA-112,False
RN7SKP77,False
RNU6-1021P,False
Y_RNA-113,False
RNY1P10,False
RNU6-778P,False
Y_RNA-114,False
RNU6-544P,False
RN7SKP231,False
RNU6-216P,False
RNU6-23P,True
RNU5B-1,True
RN7SKP145,False
Y_RNA-115,False
SNORD115-18,False
Y_RNA-116,False
RNA5SP350,False
RNU5D-1,False
Y_RNA-117,False
Y_RNA-118,False
Y_RNA-119,False
RNU6-1309P,False
RNU1-19P,False
Y_RNA-120,False
RNU6-238P,False
RNU1-20P,False
RNU6-832P,False
U8-2,False
RNU1-21P,False
RN7SKP211,False
Y_RNA-121,False
RNU1-22P,True
Y_RNA-122,False
Y_RNA-123,False
RNY4P27,False
RNU6-992P,False
SNORD113-6,False
RNU6-745P,False
RNU6-839P,False
RNU6-697P,False
RNU6-179P,False
U3-3,False
RNU6-626P,False
RNA5SP382,False
RNA5SP197,False
RNU1-23P,False
SNORA70,False
RNA5SP133,False
Y_RNA-124,False
RN7SKP79,False
RNA5SP263,False
RNU6-254P,False
RNA5SP214,False
RNU6-1147P,False
Y_RNA-125,False
RNU6-529P,False
RNU6-536P,False
Y_RNA-126,False
RNU6-97P,False
SNORD35A,False
Y_RNA-127,False
Y_RNA-128,False
RNU6-66P,False
RNU6-838P,False
RNU4-32P,False
RNA5SP199,False
RNA5SP352,False
SNORD114-10,False
RNU6-624P,False
Y_RNA-129,False
Y_RNA-130,False
Y_RNA-131,False
RNA5SP393,False
RNU6-527P,False
RNU1-83P,False
Y_RNA-132,False
RNA5SP483,False
RNU6-940P,False
RNU6-1255P,False
Y_RNA-133,False
Y_RNA-134,False
RNA5SP215,False
RN7SKP255,True
RNA5-8SP7,False
Y_RNA-135,False
SNORD3P1,False
SNORA63-3,False
Y_RNA-136,False
RNA5SP391,False
RNA5SP62,False
RNU6-183P,False
Y_RNA-137,False
Y_RNA-138,False
RNA5SP333,False
RNU1-49P,False
RNU1-105P,False
RNA5S8,False
Y_RNA-139,True
RNU6-485P,False
RNU6-1285P,False
Y_RNA-140,False
SNORA71D,False
SNORA72,False
RNU6-833P,False
RNU6-792P,False
Y_RNA-141,False
RNU6-511P,False
SNORD113-8,False
RNU6-666P,False
RNA5S17,False
RNU5E-8P,False
RNU5E-10P,False
RNU5B-4P,False
RN7SKP45,False
RNA5S4,False
RNU6-618P,False
RNU6-509P,True
Y_RNA-142,False
Y_RNA-143,True
RNU6-698P,False
SNORA38B,False
Y_RNA-144,False
SNORD115-24,False
RNU6-1099P,False
SNORD114-23,False
RNU6-1169P,False
RNA5SP74,False
RNA5SP346,False
SNORD114-26,False
SNORA63B,False
Y_RNA-145,False
Y_RNA-146,False
RNU6-1155P,False
Y_RNA-147,False
Y_RNA-148,False
RNU4-81P,False
Y_RNA-149,True
RNA5-8SP2,False
Y_RNA-150,False
RNU6-799P,False
RNU6-1066P,False
RNU6-1339P,False
RNU6-1085P,False
Y_RNA-151,False
RNU6-1112P,False
RNU6-1097P,False
RNU6-727P,False
SNORD118,False
RNA5SP403,False
RNU6-112P,False
RNU6-1125P,False
RN7SKP44,False
RNA5SP507,False
RN7SKP162,False
SNORD115-41,False
SNORD114-28,False
RNU6-1017P,False
RNU6-1244P,False
Y_RNA-152,False
SNORD115-11,False
RNA5SP322,False
RN7SKP203,True
U3-4,False
Y_RNA-153,False
RNU6-1205P,False
U8-3,False
Y_RNA-154,False
SNORD115-5,False
Y_RNA-155,False
Y_RNA-156,False
RNA5SP378,False
RNU6-1214P,False
Y_RNA-157,False
RNU6-957P,False
RNU6-1209P,False
RNY4P14,False
RNA5SP457,False
RNU6-1331P,False
SNORD35B,False
SNORA33,False
RNY4P6,False
U3-5,False
Y_RNA-158,False
U3-6,False
Y_RNA-159,False
RNU6-137P,False
Y_RNA-160,False
Y_RNA-161,False
RNU6-1020P,False
RNU6-525P,False
RNU6-103P,False
RNA5SP429,False
RNU6-288P,False
RNU6-640P,False
SNORD115-39,False
RNU5F-7P,False
RNU6-829P,False
RNU6-1284P,False
Y_RNA-162,False
RNU6-414P,False
Y_RNA-163,False
RNA5SP514,False
Y_RNA-164,False
SNORD115-33,False
RNU6-824P,False
RNVU1-33,False
Y_RNA-165,False
RNA5SP50,False
Y_RNA-166,False
SNORD114-11,False
Y_RNA-167,False
SNORD114-25,False
RNA5SP349,False
Y_RNA-168,False
Y_RNA-169,False
RNA5SP447,False
RNU6-1059P,False
SNORD18A,False
RNA5S6,False
RNA5SP325,False
RNY1P11,False
Y_RNA-170,False
SNORD113-7,False
Y_RNA-171,False
SNORD114-27,False
RNU5F-3P,False
SNORD115-37,False
RNU6-1210P,False
Y_RNA-172,False
RNU6-226P,False
RNA5SP114,False
Y_RNA-173,False
RNU4-92P,False
SNORA5B,False
SNORD116-10,False
Y_RNA-174,False
RNU6-1188P,False
RNU6-912P,True
RN7SKP174,False
RN7SKP160,False
SNORD18,False
SNORD115-4,False
RNU6-263P,False
RNU6-379P,False
Y_RNA-175,False
RNY3P3,False
RNA5SP335,False
Y_RNA-176,True
U3-7,True
RNU6-674P,False
Y_RNA-177,False
RNU6-873P,False
RN7SKP93,False
RNA5SP27,False
RNA5SP28,False
RNU6-682P,False
Y_RNA-178,False
RN7SKP103,False
RNA5SP260,False
RNU6-931P,False
SNORD115-8,False
RNU6-271P,False
RNU1-124P,False
RNU6-194P,False
Y_RNA-179,False
RNA5SP472,False
RNA5SP161,False
Y_RNA-180,False
RNU1-31P,False
Y_RNA-181,False
Y_RNA-182,False
Y_RNA-183,False
RNA5SP68,False
RNU6-236P,False
SNORD115-16,False
RNU6-884P,False
RN7SKP113,False
RNU6-961P,False
Y_RNA-184,False
Y_RNA-185,False
RNU6-478P,False
RNU6-105P,False
RN7SKP180,False
SNORD8,False
RNA5SP234,False
Y_RNA-186,False
RNU1-65P,False
RNU6-631P,False
SNORA80A,False
RN7SKP250,False
RNU4-1,True
RNU6-753P,False
RNU6-770P,False
RNU1-130P,False
SNORD115-28,False
RNA5SP275,False
RNU1-32P,False
SNORD115-6,False
RNU6-595P,False
RNU6-1091P,False
SNORA38,False
RNU6-899P,False
RNU6-1204P,False
Y_RNA-187,False
SNORD114-2,False
RNU6-324P,False
Y_RNA-188,False
RN7SKP134,False
SNORD36B,False
SNORD114-4,False
Y_RNA-189,False
RNA5SP48,False
RNU6-82P,False
Y_RNA-190,False
Y_RNA-191,True
Y_RNA-192,False
RNA5SP499,False
Y_RNA-193,False
Y_RNA-194,False
Y_RNA-195,False
RN7SKP36,False
RNU6-457P,False
RNU6-810P,False
RNA5SP456,False
RNA5SP399,False
Y_RNA-196,False
RNU6-340P,False
RNU6-560P,False
SNORD14E,False
RNU6-681P,False
Y_RNA-197,False
Y_RNA-198,False
RNU1-146P,True
RNU6-598P,False
Y_RNA-199,False
RNU4-13P,False
RNA5SP99,False
RNU6-944P,False
RN7SKP245,False
RNU6-1243P,False
RNU6-627P,False
RNU1-42P,False
RNU6-854P,False
SNORD46,False
RNA5SP435,False
RNU6-553P,False
Y_RNA-200,False
RNU6-1048P,False
RNU6-960P,False
RNU6-1090P,False
RNU6-694P,False
RNU6-501P,False
SNORD115-32,False
Y_RNA-201,False
RNU6-801P,False
SNORA74A,False
RNU6-289P,False
RN7SKP87,False
RNU5A-8P,False
RNU4-87P,False
RNU1-7P,False
Y_RNA-202,False
Y_RNA-203,False
SNORA3A,False
RNA5SP493,False
RNU6-819P,False
SNORD115-30,False
RNVU1-34,False
Y_RNA-204,False
RNA5SP516,False
RNU6-270P,False
Y_RNA-205,False
RN7SKP224,False
Y_RNA-206,False
Y_RNA-207,False
RNA5SP232,False
RNU6-280P,False
RNU6-374P,False
RNU6-743P,False
RNY3P11,True
SNORD74B,False
Y_RNA-208,False
RN7SKP107,False
RNU6-151P,False
Y_RNA-209,False
RNU6-704P,False
RNU1-96P,False
Y_RNA-210,False
RNA5SP469,False
RNA5SP242,False
RNU6-268P,False
Y_RNA-211,False
Y_RNA-212,False
RNU6-668P,False
RNA5SP336,False
RNU6-461P,False
RN7SKP280,False
RNU4-84P,False
Y_RNA-213,False
Y_RNA-214,False
Y_RNA-215,False
RNU4-51P,False
RNU6-188P,False
RN7SKP214,False
Y_RNA-216,False
RNU6-173P,False
RNA5SP394,False
Y_RNA-217,False
RNU6-266P,False
RNA5SP387,False
RNU6-366P,False
RNY1,False
Y_RNA-218,False
RNU6-11P,False
RNA5SP245,False
RNU6-647P,False
Y_RNA-219,False
Y_RNA-220,False
RNU1-33P,False
RNY1P12,False
SNORA58B,False
Y_RNA-221,False
RNU6-777P,False
RNU6-353P,True
RN7SKP128,False
RNU1-151P,False
SNORD115-42,False
RNA5SP175,False
RNA5SP42,False
RNU6-371P,False
RNU1-24P,False
SNORA62,False
Y_RNA-222,False
RN7SKP10,False
RNU6-454P,False
RNU4-36P,False
RNU6-1229P,False
RNA5SP368,False
RNU1-132P,False
RNU6-853P,False
Y_RNA-223,False
RNU6-1322P,False
RNU6-115P,False
RNU6-670P,False
RNVU1-3,False
RNU4-68P,False
RNA5SP202,False
RNU4-33P,False
Y_RNA-224,False
RNU6-879P,False
RN7SKP118,False
Y_RNA-225,False
Y_RNA-226,False
SNORD42,False
RNA5SP139,False
Y_RNA-227,False
Y_RNA-228,False
Y_RNA-229,False
RNU4-40P,False
RNU6-1305P,False
Y_RNA-230,False
SNORA63D,False
RNU4-50P,False
Y_RNA-231,False
SNORD114-9,False
RNU6-978P,False
RNY1P1,False
RNU6-654P,False
SNORD114-13,False
RNU4-10P,False
RNU6-990P,False
RNU6-1075P,False
SNORD114-6,False
SNORD73B,False
RNU6-755P,False
RNU1-112P,False
RNU6-776P,False
RNA5SP192,False
Y_RNA-232,False
Y_RNA-233,False
Y_RNA-234,False
RNA5SP524,False
RN7SKP171,False
RNU6-1047P,False
RN7SKP76,False
RNU1-34P,False
RNU6-153P,False
RNU6-1019P,False
RNU4-41P,True
Y_RNA-235,False
RNU6-1164P,False
SNORD115-27,False
RNA5SP130,False
SNORA65,False
RNU6-512P,False
Y_RNA-236,False
Y_RNA-237,False
RNA5SP72,False
Y_RNA-238,False
RN7SKP227,True
RNU4-59P,False
SNORD114-30,False
RNA5S9,False
RNU6-361P,False
RNA5SP142,False
SNORD115-22,False
U3-8,False
SNORD32B,False
SNORD115-23,False
Y_RNA-239,False
Y_RNA-240,False
RNU6-421P,False
RNU4-38P,False
Y_RNA-241,False
U3-9,False
RNA5SP69,False
RNU105B,False
Y_RNA-242,False
Y_RNA-243,False
RNA5S14,False
RNA5SP500,False
RN7SKP193,False
RNA5SP433,False
Y_RNA-244,False
RN7SKP37,False
Y_RNA-245,False
RNU6-522P,False
U3-10,False
Y_RNA-246,False
Y_RNA-247,True
RNU6-1251P,False
SNORA70-1,False
RNY4P23,False
RNU4-76P,False
RNU6-558P,False
RNU6-1163P,False
SNORA68B,False
RNU6-1141P,False
RNU6-1078P,False
SNORA71,False
RNA5SP140,False
RN7SKP257,False
U8-4,False
SNORD14B,False
Y_RNA-248,False
Y_RNA-249,False
RNA5SP141,False
RNA5SP204,False
RNA5SP512,False
Y_RNA-250,False
RN7SKP246,False
Y_RNA-251,False
RN7SKP71,True
RNU6-1277P,False
Y_RNA-252,False
RNU6-335P,False
RNU4-24P,False
RNU6-660P,False
RNU4-67P,False
RNA5SP515,False
RNU6-646P,False
Y_RNA-253,False
RNU6-309P,False
RNU6-1082P,False
RNA5SP509,False
SNORA63C,False
Y_RNA-254,False
RNU6-1317P,False
SNORA55,False
RNU4-4P,False
Y_RNA-255,False
Y_RNA-256,False
RNA5SP379,False
RNY4P7,False
RNU6-164P,False
RNA5SP353,False
SNORD115-17,False
Y_RNA-257,False
SNORD45B,False
Y_RNA-258,False
RNU4-75P,False
RNA5SP78,False
RNU1-141P,False
RN7SKP275,False
Y_RNA-259,False
RNU6-312P,False
Y_RNA-260,False
RN7SKP217,True
Y_RNA-261,False
SNORA71C,False
RNU6-707P,False
RNA5SP513,False
RNU6-645P,False
RNA5SP205,False
RNU6-450P,True
RNA5SP478,False
Y_RNA-262,True
RNA5SP194,False
RN7SKP237,False
Y_RNA-263,False
SNORA62-1,False
SNORA16B,False
RNU4-85P,False
Y_RNA-264,False
Y_RNA-265,False
Y_RNA-266,False
RNU6-726P,False
Y_RNA-267,False
Y_RNA-268,False
SNORD114-15,False
RNVU1-6,False
RNU6-973P,False
Y_RNA-269,False
RN7SKP50,False
Y_RNA-270,False
Y_RNA-271,False
RNA5SP510,False
SNORD114-17,False
RNU4-56P,False
Y_RNA-272,False
RNU1-93P,False
RNU6-343P,False
RN7SKP78,False
RN7SKP191,False
Y_RNA-273,False
RNU6-593P,False
RNA5S2,False
RNU6-99P,False
RNA5SP517,False
RNA5SP132,False
Y_RNA-274,False
RNU6-219P,False
RN7SKP124,False
Y_RNA-275,False
RNU6-740P,False
RNU4-16P,False
RNU4-42P,False
RNU4-28P,False
RNA5SP84,False
RN7SKP15,False
RNU6-200P,False
RNU1-91P,False
RNA5SP505,False
RNA5SP51,False
RNU6-621P,False
RNU6-923P,False
Y_RNA-276,False
Y_RNA-277,False
RNU4-7P,True
Y_RNA-278,False
SNORD115-48,False
Y_RNA-279,False
RNY4P16,False
RN7SKP28,False
RNU6-1187P,False
RNU6-865P,False
SNORA14A,False
Y_RNA-280,False
RNU4-91P,False
RNY4P34,False
RNU6-7,False
RNU6-283P,False
RNU12-2P,False
RNU6-60P,False
Y_RNA-281,False
RN7SKP6,False
Y_RNA-282,False
RNA5SP90,False
SNORD113-4,False
U3-11,False
SNORD32A,False
Y_RNA-283,False
SNORD115-15,False
Y_RNA-284,False
Y_RNA-285,False
RN7SKP239,False
RNU6-1107P,False
SNORD114-29,False
RNY1P2,False
RNA5SP334,False
RNVU1-24,False
SNORD113-3,False
RNA5SP396,True
RNU6-818P,False
RNA5SP359,False
RNU6-686P,False
RNU6-1303P,False
RNA5SP125,False
RN7SKP133,True
Y_RNA-286,False
Y_RNA-287,False
RNU6-304P,False
RNA5SP173,False
RNA5SP479,False
RNA5SP160,False
RNU1-133P,False
Y_RNA-288,False
RNU6-563P,False
RNU6-34P,False
RNU6-828P,False
RNU6-534P,False
Y_RNA-289,False
RNU6-119P,False
SNORD52,False
Y_RNA-290,False
RN7SKP55,False
RNU6-336P,False
RNA5SP267,False
RNA5SP302,False
RNU6-384P,False
SNORA5C,False
Y_RNA-291,False
RNU6-1325P,False
Y_RNA-292,False
RNU6-275P,False
RN7SKP226,False
SNORD117,False
Y_RNA-293,False
Y_RNA-294,False
RNU6-1071P,False
RNA5SP189,False
SNORA63-4,False
RN7SKP9,False
RN7SKP130,False
RNU6-392P,False
Y_RNA-295,True
RNU5E-4P,True
RNU6-1180P,False
RNU4-8P,False
U8-5,False
U8-6,False
SNORA71-1,False
RNA5SP488,False
RNU6-915P,False
RNU6-526P,False
SNORA73-1,False
RNY4P17,False
Y_RNA-296,False
RNU4-9P,False
RNA5SP149,False
SNORD48,False
RNU6-1131P,False
RNU6-867P,False
Y_RNA-297,False
SNORD115-1,False
SNORD114-3,False
Y_RNA-298,False
RNA5SP166,False
SNORD31B,False
Y_RNA-299,False
RNU6-702P,False
RNA5SP331,False
Y_RNA-300,False
RNA5SP298,False
Y_RNA-301,False
Y_RNA-302,False
RNU6-294P,False
RN7SKP178,False
RNA5SP97,False
Y_RNA-303,False
Y_RNA-304,False
Y_RNA-305,False
Y_RNA-306,False
RNU6-967P,False
RN7SKP153,False
SNORA72-1,False
SNORD114-24,False
RNY1P13,False
RN7SKP48,True
SNORD115-38,False
RNU6-590P,False
RNU1-140P,False
RN7SKP189,False
Y_RNA-307,False
Y_RNA-308,False
RNU6-1022P,False
RNA5SP442,False
RNU1-43P,False
RNA5SP485,False
RNA5S15,False
RNA5SP172,False
Y_RNA-309,False
Y_RNA-310,False
RNA5SP224,False
RNA5SP363,False
SNORD115-10,False
SNORA72-2,False
SNORA70-2,False
SNORD113-9,False
RNU6-673P,False
RNY3P1,False
Y_RNA-311,False
RNA5SP126,False
Y_RNA-312,False
RNA5-8SP4,False
RN7SKP22,False
RNA5SP138,False
SNORD115-20,False
SNORA62-2,False
Y_RNA-313,False
Y_RNA-314,False
Y_RNA-315,False
Y_RNA-316,False
SNORD115-35,False
SNORA23,False
RNA5SP428,False
RNU1-36P,False
Y_RNA-317,False
Y_RNA-318,False
Y_RNA-319,False
RNU6-619P,False
RNU6-806P,False
Y_RNA-320,False
Y_RNA-321,False
SNORD81-1,False
RNU6-934P,False
RNU6-1240P,False
RNU6-1134P,False
Y_RNA-322,False
RNU6-580P,True
SNORD38A,False
RNU6-399P,False
Y_RNA-323,False
RNU6-215P,False
Y_RNA-324,False
RNA5SP223,False
Y_RNA-325,False
RNA5SP324,False
SNORD114-20,False
RNU6-391P,False
RNU6-382P,False
RNA5SP152,False
RNA5SP19,False
RN7SKP80,True
RNA5SP455,False
RNA5SP79,False
RNU4-66P,False
RNU6-1175P,False
Y_RNA-326,False
RNU6-715P,False
Y_RNA-327,False
Y_RNA-328,False
RNU6-1280P,False
RNU6-290P,False
RNU6-1306P,False
RNA5SP190,False
SNORD58C,False
RNU6-1172P,False
RNU6-234P,False
Y_RNA-329,False
RNU4-12P,False
VTRNA1-2,False
RNU6-690P,False
RNU6-302P,False
RNY4P3,False
RNU1-100P,False
Y_RNA-330,False
Y_RNA-331,False
SNORD114-18,False
Y_RNA-332,False
Y_RNA-333,False
RNA5SP329,False
RNU6-407P,False
RNY4P28,False
RNU4-11P,False
RNU6-742P,False
RNU5E-7P,False
RNA5SP117,False
RNU1-114P,False
Y_RNA-334,False
RNU6-1327P,False
RNA5-8SP5,False
RNA5SP128,False
Y_RNA-335,False
Y_RNA-336,False
RNU6-1283P,False
RNU6-497P,False
RNA5SP355,False
SNORD115-31,False
SNORA30B,False
Y_RNA-337,False
SNORD113-1,False
RNA5SP427,False
Y_RNA-338,False
7SK,True
RNU1-115P,False
Y_RNA-339,False
RNU6-1034P,False
RNU6-169P,False
Y_RNA-340,True
RNU1-51P,False
RN7SKP47,False
Y_RNA-341,False
Y_RNA-342,False
RNA5SP240,False
RNU6-282P,False
RNU6-1138P,False
U3-12,False
RNU6-53P,False
RNU6-396P,False
RNU6-737P,False
RN7SKP186,False
RNU6-1276P,False
RNU6-728P,False
RNU5E-5P,False
Y_RNA-343,False
SNORD14C,False
Y_RNA-344,False
Y_RNA-345,False
RNA5S16,False
RNU6-1318P,False
RN7SKP69,True
SNORD115-44,False
RNA5SP22,False
RNA5SP77,False
RNU6-596P,False
U3-13,False
U8-7,False
SNORD114-12,False
Y_RNA-346,True
Y_RNA-347,False
Y_RNA-348,False
Y_RNA-349,False
RNA5SP235,True
RNU6-117P,False
RNA5SP37,False
SNORD114-22,False
RNU6-1335P,False
RNY3P12,False
RNU6-487P,False
RNU6-1130P,False
Y_RNA-350,False
RNU6-996P,False
Y_RNA-351,False
Y_RNA-352,False
RNU1-64P,False
SNORD6,False
RNU1-84P,False
Y_RNA-353,True
RNA5SP131,False
RNA5SP366,False
RNU6-609P,False
RNA5SP167,False
Y_RNA-354,False
RNA5SP238,False
RNU6-359P,False
RNU6-8,False
RNU4-45P,False
RNU6-1051P,False
RN7SKP208,False
Y_RNA-355,False
RNU1-16P,False
RNU6-326P,False
RN7SKP204,False
RNY3,True
RNA5SP277,False
Y_RNA-356,False
RNU6-652P,False
RN7SKP249,False
Y_RNA-357,False
SNORA62-3,False
Y_RNA-358,False
SNORD115-43,False
SNORA62-4,False
SNORA25B,False
SNORA70-3,False
RNU1-55P,False
Y_RNA-359,False
RNA5SP279,False
Y_RNA-360,False
RNA5SP211,False
Y_RNA-361,False
SNORA70-4,False
RN7SKP292,False
RN7SKP1,False
RNU6-61P,True
Y_RNA-362,False
SNORD82,False
Y_RNA-363,False
RN7SKP187,False
Y_RNA-364,False
RNVU1-21,False
Y_RNA-365,False
RNA5SP259,False
RNY3P13,False
Y_RNA-366,False
RN7SKP269,False
Y_RNA-367,False
RNA5SP30,False
RNU6-827P,False
RNU6-744P,False
RNU6-108P,False
RNU4-48P,False
RNA5SP88,False
RNU6-438P,False
RNU6-54P,False
Y_RNA-368,False
SNORD42-1,False
RNY4P10,False
RNU5E-6P,False
RNU6-669P,False
SNORA63-5,False
Y_RNA-369,False
Y_RNA-370,False
RNU4-17P,False
Y_RNA-371,False
Y_RNA-372,False
RNU4-20P,False
RNA5SP248,False
RN7SKP81,False
RNA5SP283,False
Y_RNA-373,False
RNU6-81P,False
SNORD14,False
RNU6-499P,False
RNU6-597P,False
RNU6-716P,False
Y_RNA-374,False
RNU6-898P,False
SNORD116,False
SNORD115-36,False
RNA5SP151,False
SNORD34,False
Y_RNA-375,False
RN7SKP230,False
RNU6-805P,False
Y_RNA-376,False
VTRNA1-3,False
RNA5S7,False
Y_RNA-377,False
Y_RNA-378,False
RNA5S13,False
RNU6-650P,False
SNORD18B,False
RNU6-395P,False
Y_RNA-379,False
RNU6-1329P,False
Y_RNA-380,False
U8-8,False
RNU4-2,True
Y_RNA-381,False
MIR539,False
MIR421,False
MIR146B,False
MIR582,False
MIR488,False
KIAA1671-AS1,False
Metazoa_SRP-2,False
TDRKH-AS1,False
FAM78B-AS1,False
CARNMT1-AS1,False
ZNF525,False
LINC01562,False
POLH-AS1,True
GPR160P1,False
SNF8P1,True
SHISA5P2,False
OR6C71P,False
Metazoa_SRP-3,False
ACTBP6,False
BTBD7P1,False
FAM32BP,False
E2F3P2,False
Metazoa_SRP-4,False
LINC00449,False
SUGCT-AS1,False
INF2,False
HMGB1P39,False
OR2N1P,False
PDCD4-AS1,False
IQANK1,False
RBMS3-AS2,False
TAS2R2P,False
SCUBE1-AS1,False
OR52J1P,False
Metazoa_SRP-5,False
OR1F2P,False
LINC02408,True
IGBP1-AS1,False
LINC00970,True
RHOT1P2,False
GP1BB,False
LINC00501,False
LINC01285,True
OR2T5,False
OR2L2,False
OR2W5P,False
EFCAB2,True
COX20,False
CHML,True
IBA57-DT,False
STUM,False
LINC02487,False
TCP10L3,False
CAPN8,False
TATDN3,False
SERTAD4-AS1,False
MIR29B2CHG,False
CR1,False
LINC02901,False
LINC00862,True
RAET1G,False
C1orf53,False
SAMD5,False
LINC00272,True
TEDDM1,False
GJE1,False
ECT2L,False
GPR52,False
PRDX6-AS1,False
NTMT2,False
FCGR3A,False
TMEM244,False
OR6K3,False
OR10T1P,False
CENPW,True
MSTO2P,False
SPRN,False
FAM229B,False
FANK1,True
S100A7P1,False
LORICRIN,False
PRR9,False
LELP1,False
SPRR2E,False
KPRP,False
EEF1AKMT2,False
FAM24A,False
DDO,False
CCDC162P,False
LINC00222,False
ADAMTSL4-AS1,True
PLPP4,False
BVES-AS1,False
LIN28B-AS1,False
H3C14,False
H2BC18,True
PNLIPRP3,False
H3C15,False
HSD3BP4,False
HSD3B1,True
HSD3BP2,False
HSD3B2,False
LINC02868,False
ATP1A1-AS1,False
RBM20,False
SMIM9,False
C6orf163,False
SNHG5,True
ADD3-AS1,True
RIPPLY2,False
CHIAP2,True
GDI1,False
PCMTD2,False
SOX18,False
LIME1,False
SPATA42,True
OOEP,False
KHDC3L,False
DPPA5,False
C1orf146,False
HSP90B3P,False
SPANXN1,False
SPANXA2,False
LINC00632,False
CXorf66,True
C10orf62,True
SAMD13,False
RTL8A,False
CCDC160,False
C1orf141,False
EFCAB7,False
DEFB110,True
GLYATL3,True
LDLRAD1,True
RHOXF2B,False
ARRDC1-AS1,False
ZYG11A,False
LINC01270,False
LCN8,False
C1orf185,True
GLT6D1,False
IFIT1B,False
COL5A1-AS1,False
CT83,False
LIPN,False
LIPK,True
LIPJ,False
TRPC5OS,False
LCN1P2,False
LRIT2,False
SLC12A5-AS1,False
LRRC73,False
MYCLP1,False
LINC00963,False
IER5L-AS1,False
FOXO6,False
TCEAL5,False
SYS1,False
TCEAL6,False
ARMCX7P,False
INPP5B,False
RPA4,False
TDRG1,False
NEU4,False
MAFB,False
TRAF3IP1,False
LINC02520,True
BMP2KL,False
CHIC1,False
NAP1L6P,True
GIGYF2,False
ECEL1P1,False
C2orf72,False
RUFY2,False
NHSL2,False
GGTA1,False
PHACTR4,False
CLPSL1,False
ASAH2B,False
LINC00474,False
AGAP6,True
TIMM23B,False
ZDHHC18,False
TMEM273,False
CXorf65,False
AGAP9,False
LRRC37A5P,False
NPY4R,False
GPRIN2,False
SYT15,False
BMS1P1,False
MACO1,False
PTPN20,False
GDF5-AS1,False
ZDBF2,False
GGNBP1,False
TXNDC8,False
RPL12P1,False
AWAT1,False
RPL12P16,False
DAXX,False
BMPR2,False
TCEA3,False
PFDN6,False
RING1,False
HSD17B8,False
RXRB,False
OXLD1,False
LINC02731,True
OR13C3,False
COL11A2,True
LINC00587,False
HLA-DOA,False
HNRNPCP2,False
BRD2,True
HLA-DMA,False
PSMB8-AS1,False
COL5A2,False
PSMB8,True
TAP2,True
SPIN3,False
NBDY,False
LINC01993,False
TMEM235,False
PAGE3,True
LINC01973,False
HLA-DRA,False
BTNL2,False
COL15A1,True
TSBP1,False
TMEM225,False
NOTCH4,False
PBX2,False
AGER,False
RNF5,False
AGPAT1,False
PJVK,False
PRRT1,False
FKBPL,False
MRPL38,False
SMIM5,True
ERICH2,False
SP5,False
CYP21A1P,True
STK19,False
CD300LD,True
BTBD17,False
DXO,False
SKIC2,False
FAM120A2P,False
NELFE,False
NXPE2,False
LINC02783,False
SPANXN5,False
ZBTB12,False
SDHD,False
EHMT2,False
XAGE1A,True
PKP4-AS1,False
LAYN,False
XAGE1B,False
SLC44A4,True
NEU1,False
SNHG32,False
HSPA1B,True
HSPA1A,True
HSPA1L,False
LSM2,False
NOL4L-DT,False
VARS1,False
VWA7,False
CARD16,False
CASP12,False
MBD5,False
MSH5,False
CSHL1,False
MPIG6B,False
LY6G6C,True
LY6G6F,False
ABHD16A,False
LY6G5C,False
POTEKP,True
CSNK2B,False
CTSLP6,False
GPANK1,False
C6orf47,False
NALF1,False
APOM,True
LINC02872,False
TRIM49C,False
TRIM64,False
TRIM51BP,False
LINC01854,False
BAG6,True
TMEM51-AS2,False
PRRC2A,False
TBC1D3P4,True
AIF1,False
NCR3,False
PRAMEF20,False
PRAMEF17,False
PRAMEF19,False
PRAMEF14,False
LST1,True
NFKBIL1,False
PRAMEF15,True
PRAMEF9,False
PRAMEF7,False
MCCD1,False
ZNF814,False
MICB,False
AADACL4,False
ZNF551,False
MICA,False
ZNF805,False
HLA-C,True
PSORS1C3,False
GUCY2EP,False
POU5F1,False
ZSCAN5C,False
CCHCR1,False
PSORS1C2,False
CDSN,False
PSORS1C1,False
C6orf15,False
MUC21,False
DEFB122,False
DEFB121,False
CFTRP3,False
DHX16,False
C6orf136,False
MRPS18B,True
PPP1R10,True
KRTAP5-11,False
KRTAP5-10,False
ABCF1,False
PRR3,False
LILRB3,False
DDR1,False
ACOXL-AS1,False
LRCOL1,True
LINC01123,False
GNL1,False
HLA-E,False
DPRX,False
TRIM39,False
LINC01257,True
ZNF468,False
TRIM15,False
ZNF616,False
FOXB2,False
TRIM10,True
TRIM40,False
TRIM31,False
RNF39,False
PPP1R11,False
HLA-J,False
POLR1HASP,False
DISP3,True
HCG9,True
RACK1,True
HLA-G,False
TBC1D8,False
ARPP19P2,False
NMS,False
HLA-F,True
ZFP57,False
SSX9P,False
LINC02210,False
RPS26P8,False
ASPDH,False
MOG,False
OR2H2,False
CST9LP2,False
CBY3,True
C5orf60,False
CST9LP1,False
CST13P,False
ZNF473CR,False
C9orf57,False
IGKV1OR2-3,False
IL31,False
AKT1S1,True
FAM153CP,False
GABBR1,True
MIR1915HG,False
STARD7-AS1,False
MAS1L,False
OR2H1,False
OR11A1,True
OR14J1,False
OR2U1P,False
UBTFL3,False
OR2J2,True
OR2J3,False
OR2J1,False
OR2B3,False
OR2W1,False
UBTFL5,False
MAMDC2-AS1,True
LINC01556,False
SPDYC,False
CFAP95,False
TRIM27,False
CNN2P12,False
MALRD1,False
LINC01951,False
RPL26L1-AS1,False
RANBP17,True
INSYN2B,False
IGKV1OR-3,False
ZNG1DP,True
FOXD4L5,False
IGKV1OR9-1,False
REG1CP,False
ZNF204P,False
SMPD5,False
LINC01291,True
FGF7P7,False
FAM88C,False
ODAD4,False
FGF7P5,False
ADGRF5P2,False
MRPL53,False
ST8SIA6-AS1,False
FGF7P3,False
MROH6,False
ATXN2,False
DCTN1,False
SPATA31A1,False
PNMA8B,False
TCTN1,False
FAM216A,False
ZBTB48,False
FAM201A,False
IGFL2,False
IGFL4,False
NAT8B,False
KRTAP9-3,False
KRTAP4-8,False
GPR20,True
KRTAP1-4,False
KRT40,False
KRT25,False
MZT1,False
LINC01545,False
SPINK9,False
LRRC3C,False
MFFP3,False
PRR20B,False
PRR20A,False
ZNF155,False
UQCC3,False
FBXO48,False
GRXCR2,True
LINC02934,True
FAM221B,False
CD177P1,False
ATP6V0E2-AS1,False
CD177,True
PSG5,True
ZNF783,False
ZNF425,False
FAM83A-AS1,False
LRRC10B,False
FBXO47,False
C12orf73,False
PCDHGA1,False
ARHGEF34P,False
BLACE,False
PCDHA9,False
PCDHA8,False
PCDHA7,False
PCDHA5,False
PCDHA4,False
PCDHA2,False
PCDHA1,True
TRIM13,False
ERICH4,True
MS4A13,True
PRSS3P4,False
PRSS1,False
OR4D8P,False
SPIRE2,False
CRTC1P1,False
AARD,False
LINC02138,False
PABPN1L,True
OR5G5P,False
OR5D16,False
OR5L2,False
GRM5P1,False
PKHD1L1,False
SLFN12L,False
LINC01121,True
LINC02397,False
CLLU1-AS1,True
SLC35B4,False
LGALS7,False
SYCE1L,False
TMEM231,False
GARIN1A,True
LINC02898,False
CCNI2,True
TMEM240,True
FRG2,False
HSP90AA4P,False
COX17P1,False
LINC02716,False
FAM205A,False
CDKL4,True
TMEM88B,False
ACCSL,False
C4orf47,False
TRIQK,False
SDHAF1,False
ARID3C,False
PSENEN,False
LINC02903,False
REXO1L1P,False
C11orf91,True
LINC00654,True
SLC10A5P1,True
FABP9,False
ZBTB10,True
C4orf46,False
SCGB2B2,False
CCDC144NL,False
LGR4,False
KRT17P7,False
PSMB10,False
VIT,False
TTLL10-AS1,False
SPDYE2,False
OR7E36P,False
E2F4,False
KRT17P5,False
DGAT2L7P,False
PDE7A,False
TMEM170B,False
TRBV20OR9-2,False
MUC12,False
CTXN3,False
LINC01602,False
MGAT4D,True
SNX2,False
SAP25,False
NT5M,False
KRT17P4,False
GCNT2P1,False
SARNP,False
OR6C68,False
OR6C65,False
OR6C3,True
OR6C1,False
OR6C72P,False
GOLGA2P1,False
LINC01460,False
ADGRG1,False
IPO7,False
PRR13,False
TECPR1,False
MT1H,True
SLCO6A1,True
MT1CP,False
MT1DP,False
MT1A,False
INSYN1,False
MT1M,False
LINC00661,False
CFI,True
OR52E6,False
HNRNPA1P20,False
SAMD9,True
KRT6A,True
CNEP1R1,False
PCBP3-AS1,False
KRT81,False
SNRPGP6,False
EXOC3L4,False
KRTAP12-3,False
IZUMO3,False
KU-MEL-3,False
KRTAP10-2,False
NBPF22P,False
TP53TG3D,False
TP53TG3C,False
ATP6AP1L,True
CCDC85C,False
SPDYE18,False
LINC03009,False
CALML3-AS1,True
OR52A4P,False
OR52J3,False
OR51A2,False
OR51A4,False
MAPRE3-AS1,False
C2CD4B,False
RGL3,False
NAP1L4,False
SMG1P2,False
TMSB4X,True
TMEM256,False
LINC03041,False
CHKB-DT,True
CPT1B,False
FLRT2-AS1,False
SMN2,False
SERF1B,False
POM121B,False
DYNLL1P1,False
HMGN1,False
STAG3L1,True
MUC19,True
DENND6B,False
EIF3CL,False
LINC01597,False
LINC01446,True
LCMT1,False
LINC01310,False
LINC00898,False
LINC00583,False
MFSD2B,True
VCX3B,False
CDPF1,False
HTN3,True
LIN52,False
ARSH,False
ACOT6,True
SMIM11,False
TECRL,False
DPF3,True
MANSC4,False
ADARB2-AS1,False
CYP2D7,False
SMIM45,True
ETFRF1,False
C17orf107,False
FAM183DP,False
MBD3L4,False
ITSN1,False
ITPRIPL2,False
DENND1C,False
PKD1P4,True
SLCO1B7,False
CRLF2,False
CRYZL1,False
RP9P,False
RIMOC1,False
CATSPER2P1,False
GAGE1,False
ARRDC5,False
LINC01531,False
DPP9-AS1,False
LOH12CR2,False
CYS1,False
PLPP6,False
KLRC2,True
KLRC3,True
TPTE2P6,False
C16orf96,False
GMNC,False
LINC00487,False
TTC23L,True
CLEC6A,False
OR7E91P,False
RFPL3S,True
C22orf42,False
NANOGNB,False
LRRC72,False
PCOTH,False
C1QTNF9B,False
KRTAP5-6,False
FAM99B,False
FAM99A,False
KRTAP5-2,False
KRTAP5-1,False
RPS3AP47,True
FAM90A2P,False
DEFB134,False
DEFB135,False
DEFB136,False
C1RL-AS1,False
OR7E136P,False
BHLHA9,False
ZNF316,False
SRRM2-AS1,False
DAZ4,False
PDPK2P,False
ONECUT3,False
CEMP1,False
OLIG2,False
C21orf62,False
C21orf62-AS1,True
PPP1R12BP2,False
RNPS1,False
HSP90AB2P,True
DAZ2,False
USP17L6P,False
HSP90AA5P,False
NYNRIN,False
DNAJC19,False
DEFB109C,False
IFITM5,False
OR7E161P,False
SMIM21,False
DEFB109B,False
DEFA7P,False
C18orf63,False
DEFA1,False
DOK6,False
JPT2,True
IGLL3P,False
LHFPL7,False
SERPINB11,False
SERPINB4,False
SERPINB5,False
ZDHHC11B,True
KRTAP19-8,False
KRTAP20-3,False
KRTAP20-4,False
KRTAP22-2,False
KRTAP27-1,False
CFAP99,True
EGFEM1P,False
GOLGA8O,False
TMEM191C,True
FAM230H,False
MAPK6P1,False
P2RX6P,True
RPL23AP57,False
HERC2P9,False
RNASE13,False
GYG2P1,False
C4orf46P1,False
HBA1,False
HBM,False
HBZP1,False
ELOA2,False
LINC02346,False
ATP10A,False
ANKRD20A9P,False
DUXAP8,False
ANKUB1,False
TSSK2,False
HNRNPA1P4,False
PRR23A,False
FOXL2NB,False
HCP5,False
HLA-H,False
HCG27,False
COL6A6,False
H1-10-AS1,False
RAB12,False
LRRC30,False
TMEM200C,False
PPIAP30,False
OR10C1,False
HLA-A,False
HACD2,False
CFAP44,True
CD200R1L,False
LNP1,True
OR5K3,False
VGLL3,True
KRBOX1-AS1,False
TRIM71,False
ZCWPW2,False
ANKRD28,False
COLQ,False
METTL6,False
THUMPD3-AS1,True
XKR4,True
Y_RNA-382,False
RNU6-1292P,True
RNVU1-7,False
RNU6-46P,False
RNU1-28P,False
RNU6-354P,False
RNU6-132P,False
RNU6-47P,False
RNU6-877P,False
RNU1-27P,False
SNORA57,False
RNU6-1286P,False
RNU6-841P,False
RNU6-25P,False
RNU6-431P,False
SNORD58A,False
SNORA22B,False
RNU6-425P,False
RNU6-946P,False
RNU6-1296P,False
SNORD116-11,False
SNORD24,False
SNORA2A,False
RNU6-1336P,False
RNU6-477P,False
RNU6-338P,False
RNU6-741P,False
RNY1P5,False
RNU6-1264P,False
SNORD45C,False
SNORD116-14,False
SNORA69,False
RNU6-979P,False
RNU1-39P,False
RNU6-1,False
RNU6-969P,False
RNU1-63P,False
SNORD60,False
RNU6-657P,False
SNORA80B,False
SNORA22,False
RNU6-1062P,False
Y_RNA-383,False
SNORA70H,False
RNU6-672P,False
Y_RNA-384,False
Y_RNA-385,False
RNU6-449P,False
RNU6-1279P,False
Y_RNA-386,False
Y_RNA-387,True
SNORA70G,False
Y_RNA-388,False
RNU1-1,False
RNU6-608P,False
SNORD116-17,False
RNU6-1039P,False
Y_RNA-389,False
Y_RNA-390,False
SNORA70-5,False
Y_RNA-391,False
Y_RNA-392,False
RNU6-573P,False
Y_RNA-393,False
RNU6-471P,False
Y_RNA-394,False
RNU6-945P,False
RNU6-32P,False
Y_RNA-395,False
Y_RNA-396,False
RNU6-144P,False
Y_RNA-397,False
SNORD21,False
RNU6-730P,False
Y_RNA-398,False
RNU6-157P,False
RNU6-1189P,False
RNU6-1036P,False
RNU1-109P,False
SNORD116-18,False
Y_RNA-399,False
Y_RNA-400,False
SNORA56,False
RNU6-442P,False
RNY1P8,False
RNU1-73P,False
Y_RNA-401,False
RNU6-723P,False
RNU6-1040P,False
RNU1-11P,False
RNU6-128P,False
Y_RNA-402,False
Y_RNA-403,False
Y_RNA-404,False
RNU6-1227P,False
RNU6-1080P,False
RNU6-147P,False
Y_RNA-405,False
RNU6-26P,False
Y_RNA-406,False
Y_RNA-407,False
RNU6-444P,False
RNU6-133P,False
Y_RNA-408,False
RNU6-546P,False
Y_RNA-409,False
Y_RNA-410,False
RNU6-1074P,False
RNU6-1056P,False
RNU6-756P,False
RNU6-1027P,False
RNU6-259P,False
SNORD116-9,False
Y_RNA-411,False
RNU6-1126P,False
RNU6-468P,False
RNU6-936P,False
RNU6-641P,False
Y_RNA-412,False
RNVU1-18,False
Y_RNA-413,False
Y_RNA-414,False
Y_RNA-415,False
RNU6-484P,False
RNU6-620P,False
RNU6-643P,False
RNU6-142P,False
RNU6-245P,False
RNU6-1083P,False
Y_RNA-416,False
RNU6-1323P,False
SNORD101,False
SNORA30,False
Y_RNA-417,False
RNU6-317P,False
RNU6-787P,False
SNORA6,False
RNU6-418P,False
RNU6-10P,False
RNU6-152P,False
RNU6-203P,False
RNU6-435P,False
RNU6-949P,False
Y_RNA-418,False
RNU6-116P,False
Y_RNA-419,False
RNU6-44P,False
RNU6-211P,False
SNORD37,False
RNU6-637P,False
RNU6-213P,False
Y_RNA-420,False
SNORA75B,False
Y_RNA-421,False
RNU6-224P,False
Y_RNA-422,False
SNORA15B-2,False
RNU6-701P,False
RNU6-76P,False
RNU6-629P,False
Y_RNA-423,False
RNU1-129P,False
Y_RNA-424,False
Y_RNA-425,False
RNU6-811P,False
Y_RNA-426,False
SNORA32,False
RNY3P7,False
RNU6-639P,False
RNU6-926P,False
RNU6-968P,False
RNU6-1293P,False
Y_RNA-427,False
Y_RNA-428,False
RNU6-815P,False
Y_RNA-429,False
SNORA10,False
RNU6-38P,False
Y_RNA-430,False
Y_RNA-431,False
RNU6-483P,False
Y_RNA-432,False
Y_RNA-433,False
RNU6-849P,False
RNU6-260P,False
RNU1-138P,False
Y_RNA-434,False
Y_RNA-435,False
RNU6-974P,False
RNU6-1032P,False
RNVU1-30,False
RNU6V,False
RNU6-20P,False
SNORA1,False
RNU1-74P,False
RNU6-1029P,False
SNORA5A,False
RNU6-746P,False
Y_RNA-436,False
RNU6-409P,False
RNU6-413P,False
RNU6-206P,False
Y_RNA-437,False
RNU6-209P,False
Y_RNA-438,False
Y_RNA-439,False
RNU6-890P,False
Y_RNA-440,False
RNU6-895P,False
RNY3P5,False
RNU6-571P,False
RNU6-214P,False
Y_RNA-441,False
RNU6-767P,False
Y_RNA-442,False
RNU5A-6P,False
RNU6-207P,False
Y_RNA-443,False
RNU6-187P,False
RNU6-356P,False
SNORA70F,False
RNU6-398P,False
RNU6-533P,False
RNU6-761P,False
RNU6-1103P,False
RNU6-1310P,False
RNU6-190P,False
RNA5SP87,False
SNORA75,False
SNORA70-6,False
RNU6-1008P,False
RNU6-48P,False
RNU6-1200P,False
RNU6-217P,False
RNU6-42P,False
Y_RNA-444,False
RNU6-1124P,False
SNORA9B,False
RNU6-36P,False
RNU6-98P,False
SNORA72-3,False
SNORA24B,False
Y_RNA-445,False
RNU6-458P,False
RNU6-1013P,False
RNU1-136P,False
SNORA70J,False
SNORA29,False
Y_RNA-446,False
Y_RNA-447,False
Y_RNA-448,False
RNU6-439P,False
RNU1-52P,False
RNU6-1181P,False
RNY1P6,False
RNU6-481P,False
RNU6-80P,False
RNU6-432P,False
RNU6-689P,False
Y_RNA-449,False
RNU6-1024P,False
Y_RNA-450,False
Y_RNA-451,False
RNU6-1042P,False
RNU6-4P,False
RNU6-514P,False
RNU4-52P,False
SNORA70B,False
RNU4-31P,False
RNU6-281P,False
SNORD15A,False
RNU6-708P,False
SNORA20B,False
SNORA36A,False
RNU6-1324P,False
Y_RNA-452,False
Y_RNA-453,False
SNORA50A,False
RNU6-1201P,False
Y_RNA-454,False
SNORA70-7,False
Y_RNA-455,False
RNU6-793P,False
RNU6-74P,False
RNU6-675P,False
Y_RNA-456,False
RNU6-5P,False
Y_RNA-457,False
RNU6-1316P,False
RNU6-474P,False
RNU6-17P,False
RNU6-1145P,False
RNU6-1144P,False
RNU6-13P,False
Y_RNA-458,False
SNORD61,False
RNU6-662P,False
RNU6-40P,False
Y_RNA-459,False
RNU6-49P,False
RNU6-198P,False
U8-9,False
SNORD63,False
Y_RNA-460,False
RNU6-610P,False
RNU6-574P,False
Y_RNA-461,False
RNU6-842P,False
RNU6-524P,False
Y_RNA-462,False
RNU6-622P,False
RNU6-820P,False
SNORD116-2,False
RNU6-611P,False
RNU6-301P,False
RNU1-2,False
RNU6-891P,False
SNORA54,False
Y_RNA-463,False
RNU6-318P,False
RNY4P13,False
RNU6-72P,False
RNU6-804P,False
SNORD116-3,False
SNORA36C,False
RNU6-167P,False
Y_RNA-464,False
Y_RNA-465,False
RNU6-975P,False
Y_RNA-466,False
Y_RNA-467,False
RNU6-472P,False
RNU6-43P,False
SNORD59A,False
Y_RNA-468,False
RNU6-154P,False
Y_RNA-469,False
RNY3P14,False
RNU6-339P,False
Y_RNA-470,False
RNU6-3P,False
RNU6-196P,False
RNU6-1226P,False
RNU6-532P,False
RNU6-886P,False
SNORD51,False
Y_RNA-471,False
SNORA27,False
RNU6-378P,False
RNU6-937P,False
RNU1-8P,False
RNU6-784P,False
RNU6-480P,False
Y_RNA-472,False
SNORA15B-1,False
SNORD116-1,False
RNU5A-2P,False
SNORA72-4,False
RNU6-463P,False
Y_RNA-473,False
RNU6-1207P,False
RNU6-39P,False
Y_RNA-474,False
Y_RNA-475,False
RNU6-1113P,False
RNU6-1119P,False
Y_RNA-476,False
RNU6-616P,False
RNU6-171P,False
RNU6-22P,False
SNORA72-5,False
Y_RNA-477,False
RNU6-242P,False
SNORA7B,False
RNU6-921P,False
RNU6-517P,False
Y_RNA-478,True
Y_RNA-479,False
SNORD116-8,False
RNU6-424P,False
RNU6-614P,False
SNORA70-8,False
RNU6-166P,False
Y_RNA-480,False
RNU6-434P,False
Y_RNA-481,False
Y_RNA-482,False
SNORD38C,False
RNVU1-32,False
SNORA25,False
RNU6-16P,False
RNU6-348P,False
RNU6-364P,False
RNU6-31P,False
Y_RNA-483,False
SNORD14D,False
U3-14,False
RNU6-1230P,False
RNU6-591P,False
Y_RNA-484,False
RNU6-163P,False
Y_RNA-485,False
RNU6-729P,False
RNA5SP187,False
Y_RNA-486,False
Y_RNA-487,False
SNORD116-7,False
RNU6-106P,False
RNU6-452P,False
RNU6-769P,False
SNORD116-13,False
RNU6-869P,False
Y_RNA-488,False
Y_RNA-489,False
RNU6-1297P,False
SNORA18,False
Y_RNA-490,False
Y_RNA-491,False
RNU6-465P,False
RNU6-185P,False
Y_RNA-492,False
RNU6-933P,False
RNU1-46P,False
RNY1P14,False
RNU6-505P,False
RNY3P4,False
RNU6-929P,False
RNU6-1289P,False
Y_RNA-493,False
RNU6-549P,False
RNU6-905P,False
Y_RNA-494,False
SNORA70-9,False
SNORA68,False
RNU6-1340P,False
SNORA15,False
RNU6-24P,False
RNU6-1215P,False
RNU6-1162P,False
Y_RNA-495,False
SNORD116-15,False
RNU1-67P,False
Y_RNA-496,True
RNU6-1122P,False
RNU6-411P,False
SNORA14B,False
RNU1-44P,False
RNU6-843P,False
RNU6-1157P,False
RNA5SP122,False
SNORA10B,False
Y_RNA-497,False
RNU6-809P,False
SNORD116-5,False
RNU6-649P,False
Y_RNA-498,False
RNU6-1026P,False
Y_RNA-499,False
Y_RNA-500,False
SNORD116-12,False
RNU6-1195P,False
SNORD38D,False
RNU6-45P,False
RNU1-148P,False
RNU6-800P,False
RNU6-71P,False
RNU6-393P,False
RNVU1-15,False
RNU6-1035P,False
Y_RNA-501,False
RNU6-790P,False
Y_RNA-502,False
Y_RNA-503,False
RNU6-102P,False
SNORD3H,False
SNORA80D,False
Y_RNA-504,False
RNU1-57P,False
SNORA70E,False
RNU6-456P,False
Y_RNA-505,False
RNU6-692P,False
RNU6-900P,False
Y_RNA-506,False
Y_RNA-507,False
SNORA37,False
RNU6-125P,False
Y_RNA-508,False
RNU6-110P,False
Y_RNA-509,False
SNORD45A,False
RNU6-1065P,False
Y_RNA-510,False
SNORA70-10,False
SNORD116-29,False
Y_RNA-511,False
RNU6-1005P,False
SNORA72-6,False
RNU6-342P,False
Y_RNA-512,False
RNU6-1117P,False
RNU6-880P,False
RNU6-18P,False
Y_RNA-513,False
RNU6-35P,False
RNU6-738P,False
SNORD116-16,False
RNU6-15P,False
Y_RNA-514,False
RNU6-1241P,False
RNU6-1081P,False
SNORA70C,False
RN7SKP62,False
RNU6-601P,False
Y_RNA-515,False
SNORA70I,False
RNU6-441P,False
RNU6-1160P,False
RNA5SP284,False
RNU6-831P,False
SNORD116-24,False
SNORD20,False
Y_RNA-516,False
Y_RNA-517,False
Y_RNA-518,False
Y_RNA-519,False
RNU6-1274P,False
RNU6-1235P,False
Y_RNA-520,False
RNU6-30P,False
Y_RNA-521,False
Y_RNA-522,False
Y_RNA-523,False
RNU6-851P,False
RNU6-140P,False
SNORD7,False
RNU6-83P,False
Y_RNA-524,False
Y_RNA-525,False
Y_RNA-526,False
SNORA8,False
Y_RNA-527,False
RNU6-1152P,False
RNU6-145P,False
RNU6-878P,False
RNU4-70P,False
RNU6-1127P,False
RNU6-429P,False
SNORA2B,False
Y_RNA-528,False
Y_RNA-529,False
RNU6-1184P,False
Y_RNA-530,False
Y_RNA-531,False
RNU6-160P,False
RNU1-89P,False
RNU6-901P,False
RNY1P4,False
Y_RNA-532,False
RNU6-883P,False
RNU6-636P,False
Y_RNA-533,False
RNU6-73P,False
RNU6-1263P,False
RNU6-146P,False
RNU6-680P,False
RNU6-12P,False
RNU6-658P,False
RNU6-296P,False
RNVU1-1,False
RNA5SP64,False
Y_RNA-534,False
RNU6-225P,False
SNORA22C,False
RNU6-1222P,False
RNU6-306P,False
RNVU1-17,False
Y_RNA-535,False
RNU6-540P,False
RNU6-1257P,False
Y_RNA-536,False
RNU6-2,False
RNU6-925P,False
RNU6-14P,False
RNU6-178P,False
RNU6-422P,False
Y_RNA-537,False
RNU6-939P,False
Y_RNA-538,True
RNU6-297P,False
RNU6-29P,False
Y_RNA-539,False
RNU6-665P,False
Y_RNA-540,False
Y_RNA-541,False
SNORD116-23,False
RNU6-748P,False
Y_RNA-542,False
Y_RNA-543,False
RNU6-950P,False
Y_RNA-544,False
Y_RNA-545,False
Y_RNA-546,False
RNU6-310P,False
Y_RNA-547,False
Y_RNA-548,False
RNU1-4,False
Y_RNA-549,False
SNORA20,False
RNU6-136P,False
RNU6-1060P,False
Y_RNA-550,False
RNU6-1179P,False
RNU6-1011P,False
Y_RNA-551,False
RNU6-959P,False
Y_RNA-552,False
Y_RNA-553,False
SNORA64,False
SNORA41,False
Y_RNA-554,False
Y_RNA-555,False
RNU6-455P,False
RNU6-768P,False
RNU6-1151P,False
Y_RNA-556,False
Y_RNA-557,False
Y_RNA-558,False
SNORD38B,False
RNU6-813P,False
Y_RNA-559,False
Y_RNA-560,False
RNU6-95P,False
U8-10,False
RNU6-906P,False
U8-11,False
RNU6-246P,False
RNU6-1072P,False
RNU6-114P,False
Y_RNA-561,False
Y_RNA-562,False
RNU6-541P,False
RNU6-21P,False
SNORD116-6,False
RNU6-417P,False
SNORD56B,False
SNORD15B,False
RNU6-520P,False
RNU6-19P,False
Y_RNA-563,False
RNU6-291P,False
RNU6-606P,False
RNU6-535P,False
RNU6-1104P,False
RNU6-331P,False
RNU6-997P,False
RNU6-476P,False
RNY3P9,False
RNU6-1311P,False
SNORD116-19,False
RNU6-253P,False
RNU6-376P,False
Y_RNA-564,False
Y_RNA-565,False
SNORA19,False
RNU6-41P,False
Y_RNA-566,False
RNY1P7,False
SNORA80E,False
RNU6-286P,False
Y_RNA-567,False
Y_RNA-568,False
RNU6-1067P,False
Y_RNA-569,False
RNU6-1044P,False
Y_RNA-570,False
RNU6-987P,False
RNU6-713P,False
SNORA46,False
Y_RNA-571,False
RNY3P10,False
SNORA7A,False
Y_RNA-572,False
Y_RNA-573,False
SNORD102,False
RNVU1-14,False
RNU6-1031P,False
RNU6-1105P,False
RNU6-9,False
RNU6-1237P,False
RNU6-771P,False
Y_RNA-574,False
RNU1-3,False
RNU6-555P,False
SNORA41B,False
RNU6-59P,False
SNORA66,False
RNU6-33P,False
Y_RNA-575,False
MIR548C,False
MIR25,False
MIR217,False
MIR521-2,False
MIR99B,False
MIR608,False
MIR633,False
MIR647,False
MIR578,False
MIR635,False
MIR34C,False
MIR23B,False
MIR203A,False
MIR433,False
MIR615,False
MIR550A2,False
MIR661,False
MIR649,False
MIR587,False
MIR583,False
MIR662,False
MIR526B,False
MIR199B,False
MIR30B,False
MIR606,False
MIR181D,False
MIR135A2,False
MIR544A,False
MIR593,False
MIR508,False
MIR215,False
MIR520A,False
MIR181A2,False
MIR490,False
MIR124-3,False
MIR520E,False
MIR598,False
MIR206,False
MIR191,False
MIR554,False
MIR200A,False
MIR127,False
MIR491,False
MIR149,False
MIR604,False
MIR181C,False
MIR193A,False
MIR515-2,False
MIR515-1,False
MIR3074,False
MIR585,False
MIR516A2,False
MIR619,False
MIR194-1,False
MIR128-2,False
MIR562,False
MIR581,False
MIR651,False
MIR526A1,False
MIR7-3,False
MIR641,False
MIR588,False
MIR505,False
MIR521-1,False
MIR499A,False
MIR595,False
MIR99A,False
MIR193B,False
MIR510,False
MIR571,False
MIR512-2,False
MIR512-1,False
MIR655,False
MIR153-1,False
MIR138-2,False
MIR570,False
MIR28,False
MIR621,False
MIR558,False
MIR128-1,False
MIR489,False
MIR548AA2,False
MIR548A2,False
MIR183,False
MIR592,False
MIR602,False
MIR184,False
MIR659,False
MIR573,False
MIR32,False
MIR518A2,False
MIR597,False
MIR211,False
MIR7-2,False
MIR548AA1,False
MIR129-1,False
MIR518F,False
MIR141,False
MIR525,False
MIR627,False
MIR200C,False
MIR584,False
MIR572,False
MIR551B,False
MIR623,False
MIR186,False
MIR520B,False
MIR222,False
MIR455,False
MIR449B,False
MIR556,False
MIR200B,False
MIR506,False
MIR218-1,False
MIR517A,False
MIR520D,False
MIR657,False
MIR181B2,False
MIR520C,False
MIR218-2,False
MIR590,False
MIR487A,False
MIR495,False
MIR10B,False
MIR575,False
MIR299,False
MIR553,False
MIR199A1,False
MIR487B,False
MIR450A2,False
MIR580,False
MIR93,False
MIR532,False
MIR181A1,False
MIR329-1,False
MIR329-2,False
MIR617,False
MIR626,False
MIR516A1,False
MIR188,False
MIR586,False
MIR550A1,False
MIR642A,False
MIR548A1,False
MIR551A,False
MIR3591,False
MIR15B,False
MIR648,False
MIR625,False
MIR150,False
MIR542,False
MIR500A,False
MIR519C,False
MIR26A2,False
MIR187,False
MIR216A,False
MIR520G,False
MIR504,False
MIR646,False
MIR518A1,False
MIR599,False
MIR483,False
MIR95,False
MIR27A,False
MIR519E,False
MIR34B,False
MIR605,False
MIR147A,False
MIR563,False
MIR124-2,False
MIR105-2,False
MIR545,False
MIR640,False
MIR519B,False
MIR596,False
MIR30A,False
MIR517B,False
MIR517C,False
MIR33B,False
MIR520H,False
MIR518B,False
MIR125B2,False
MIR27B,False
MIR514A2,False
MIR514A3,False
MIR514A1,False
MIR498,False
MIR221,False
MIR513B,False
MIR513A1,False
MIR610,False
MIR559,False
MIR196A2,False
MIR516B2,False
MIR135A1,False
MIR302A,False
MIR603,False
MIR577,False
MIR33A,False
MIR9-1,False
MIR654,False
MIR204,False
MIR511,False
MIR567,False
MIR552,False
MIR136,False
MIR634,False
MIR574,False
MIR516B1,False
MIR152,False
MIR328,False
MIR561,False
MIR624,False
MIR138-1,False
MIR219A2HG,False
MIR579,False
MIR105-1,False
MIR656,False
MIR153-2,False
MIR496,False
MIR30C1,False
MIR569,False
MIR629,False
MIR620,False
MIR507,False
MIR660,False
MIR125B1,False
MIR638,False
MIR589,False
MIR557,False
MIR181B1,False
MIR607,False
MIR154,False
MIR527,False
MIR23A,False
MIR519D,False
MIR548B,False
MIR613,False
MIR513A2,False
MIR518E,False
MIR576,False
MIR493,False
MIR182,False
MIR601,False
MIR519A1,False
MIR134,False
MIR100,False
MIR325,False
MIR301A,False
MIR644A,False
MIR509-1,False
MIR431,False
MIR643,False
MIR549A,False
MIR323B,False
MIR503,False
MIR16-1,False
MIR125A,False
MIR130A,False
MIRLET7F2,False
MIR652,False
MIR653,False
MIR362,False
MIR140,False
MIR645,False
MIR618,False
MIR185,False
MIR199A2,False
MIR591,False
MIR485,False
MIR616,False
MIR548A3,False
MIR609,False
MIR106B,False
MIR320A,False
SNORA40B,False
SNORD94,False
SNORD73A,False
SNORA35,False
SNORD96B,False
SNORA49,False
SNORD12C,False
MT-TL1,False
SNORD83B,False
SNORD83A,False
SNORA48,False
SNORD105,False
SNORD41,False
MT-TF,False
MT-TV,False
MT-RNR2,False
MT-TI,False
MT-TQ,False
MT-TM,False
MT-TW,False
MT-TA,False
MT-TN,False
MT-TC,True
MT-TY,False
MT-TS1,False
MT-TD,False
MT-TK,False
MT-TG,False
MT-TR,False
MT-TH,False
RNU6ATAC4P,False
MT-TS2,False
MT-TL2,False
MT-TE,False
MT-TT,False
MT-TP,False
RNU6ATAC2P,False
RNU6ATAC3P,False
MIR196A1,False
SNORA40,False
RNU6ATAC5P,False
RNU6ATAC26P,False
MIR190A,False
GPX3,True
DIO2,True
SELENOH,False
GNRHR2,False
DIO1,False
AKR7L,False
STK38L,True
SACM1L,False
MT-RNR1,False
TSN,False
MIR320D1,False
MIR320E,False
MIR454,False
MIR216B,False
MIR526A2,False
MIR501,False
MIR320B1,False
MIR3065,False
MIR670,False
MIR770,False
MIR760,False
MIR766,False
MIR759,False
MIR769,False
MIR765,False
MIR758,False
MIR767,False
SLC48A1,False
MIR802,False
MIR762,False
IGKC,False
IGKJ5,False
IGKJ4,False
IGKJ3,False
IGKJ2,False
IGKJ1,False
IGKV4-1,False
IGKV5-2,False
IGKV6-21,False
IGKV2D-26,False
IGKV3D-20,False
IGKV6D-41,False
IGKV3D-11,False
IGKV1D-42,False
IGLV4-69,False
IGLV8-61,False
IGLV4-60,False
IGLV6-57,False
IGLV11-55,False
IGLV10-54,False
IGLV5-52,False
IGLV1-51,False
IGLV1-50,False
IGLV5-48,False
IGLV1-47,False
IGLV7-46,False
IGLV5-45,False
IGLV1-44,False
IGLV7-43,False
IGLV1-40,False
IGLV5-37,False
IGLV1-36,False
IGLV2-33,False
IGLV3-32,False
IGLV3-27,False
IGLV3-25,False
IGLV2-23,False
IGLV3-22,False
IGLV3-21,False
IGLV3-19,False
IGLV2-18,False
IGLV3-16,False
IGLV2-14,False
IGLV3-12,False
IGLV2-11,False
IGLV3-10,False
IGLV3-9,False
IGLV4-3,False
IGLV3-1,False
IGLJ1,False
IGLC1,False
IGLJ2,False
IGLC2,False
IGLJ3,False
IGLC3,False
IGLJ4,False
IGLJ5,False
IGLJ6,False
IGLJ7,False
IGLC7,False
TRGJ2,False
TRGJP2,False
TRGC1,False
TRGJ1,False
TRGJP,False
TRGJP1,False
TRGV11,False
TRGV10,False
TRGV9,False
TRGV8,False
TRGV5,False
TRGV4,False
TRGV3,False
TRGV1,False
TRBV6-1,False
TRBV7-1,False
TRBV4-1,False
TRBV6-4,False
TRBV7-3,False
TRBV5-3,False
TRBV9,False
TRBV10-1,False
TRBV11-1,False
TRBV6-5,False
TRBV6-6,False
TRBV5-5,False
TRBV7-6,False
TRBV5-6,False
TRBV5-7,False
TRBV5-1,False
TRBV12-2,False
TRBV4-2,False
TRBV19,False
TRBV20-1,False
TRBV23-1,False
TRBV24-1,False
TRBC1,False
TRBV27,False
TRBV28,False
TRBJ2-1,False
TRBJ2-2,False
TRBJ2-2P,False
TRBJ2-3,False
TRBJ2-4,False
TRBJ2-5,False
TRBJ2-6,False
TRBJ2-7,False
TRBC2,False
TRAV2,False
TRAV3,False
TRAV4,False
TRAV5,True
TRAV6,False
TRAV7,False
TRAV8-1,False
TRAV9-1,False
TRAV10,False
TRAV12-1,False
TRAV8-2,False
TRAV8-3,False
TRAV13-1,False
TRAV12-2,False
TRAV8-4,False
TRAV13-2,False
TRAV14DV4,False
TRAV9-2,False
TRAV12-3,False
TRAV8-6,False
TRAV16,False
TRAV17,False
TRAV18,False
TRAV19,False
TRAV20,False
TRAV21,False
TRAV22,False
TRAV23DV6,False
TRDV1,False
TRAV24,False
TRAV25,False
TRAV26-1,False
TRAV8-7,False
TRAV27,False
TRAV29DV5,False
TRAV26-2,False
TRAV34,False
TRAV35,False
TRAV36DV7,False
TRAV38-1,False
TRAV38-2DV8,False
TRAV39,False
TRAV40,False
TRAV41,False
TRDV2,False
TRDJ1,False
TRDJ4,False
TRDJ2,False
TRDJ3,False
TRDC,False
TRAJ61,False
TRAJ59,False
TRAJ58,False
TRAJ57,False
TRAJ56,False
TRAJ54,False
TRAJ53,False
TRAJ52,False
TRAJ50,False
TRAJ49,False
TRAJ48,False
TRAJ47,False
TRAJ46,False
TRAJ45,False
TRAJ44,False
TRAJ43,False
TRAJ42,False
TRAJ41,False
TRAJ40,False
TRAJ39,False
TRAJ38,False
TRAJ35,False
TRAJ34,False
TRAJ33,False
TRAJ32,False
TRAJ31,False
TRAJ30,False
TRAJ29,False
TRAJ28,False
TRAJ27,False
TRAJ26,False
TRAJ25,False
TRAJ24,False
TRAJ23,False
TRAJ22,False
TRAJ21,False
TRAJ20,False
TRAJ19,False
TRAJ18,False
TRAJ17,False
TRAJ16,False
TRAJ14,False
TRAJ13,False
TRAJ12,False
TRAJ11,False
TRAJ10,False
TRAJ9,False
TRAJ8,False
TRAJ7,False
TRAJ6,False
TRAJ5,False
TRAJ4,False
TRAJ3,False
TRAJ2,False
TRAJ1,False
IGHA2,False
IGHE,False
IGHG4,False
IGHG2,False
IGHA1,False
IGHG1,False
IGHG3,False
IGHD,False
IGHM,False
IGHJ6,False
IGHJ2,False
IGHJ1,False
IGHD1-26,False
IGHD5-24,False
IGHD3-22,False
IGHD2-21,False
IGHD6-19,False
IGHD5-18,False
IGHD3-16,False
IGHD2-15,False
IGHD6-13,False
IGHD5-12,False
IGHD3-10,False
IGHD3-9,False
IGHD2-8,False
IGHD5-5,False
IGHD3-3,False
IGHD2-2,False
IGHV6-1,False
IGHV1-2,False
IGHV1-3,False
IGHV2-5,False
IGHV3-7,False
IGHV3-11,False
IGHV3-13,False
IGHV3-15,False
IGHV3-16,False
IGHV1-18,False
IGHV3-20,False
IGHV3-21,False
IGHV3-23,False
IGHV1-24,False
IGHV2-26,False
IGHV4-28,False
IGHV3-33,False
IGHV4-34,False
IGHV3-35,False
IGHV3-38,False
IGHV4-39,False
IGHV1-45,False
IGHV1-46,False
IGHV3-48,False
IGHV3-49,False
IGHV5-51,False
IGHV3-53,False
IGHV1-58,False
IGHV4-61,False
IGHV3-66,False
IGHV1-69,False
IGHV2-70D,False
IGHV3-73,False
IGHV5-78,False
IGHV7-81,False
MIR676,False
MIR708,False
MIR509-2,False
MIR509-3,False
MIR548U,False
MIR550A3,False
MIR374B,False
MIR548BA,False
MIR543,False
MIR320C2,False
MIR764,False
MIR301B,False
TSSK1B,False
PRR22,False
TAS2R19,False
TAS2R15P,False
TAS2R50,False
TAS2R14,False
TAS2R13,False
RNU6-1168P,False
SNORD67,False
RNU6-696P,False
RNA5SP372,False
RNU6-1320P,False
U8-12,False
U8-13,False
RNU6-910P,False
RNU6-1106P,False
RNU1-82P,False
RNA5SP377,False
RNU6-576P,False
RNU6-1319P,False
SNORD66,False
RNU6-205P,False
SNORD91A,False
U3-15,False
RNU6-763P,False
RNU1-77P,False
RNA5SP86,False
RNU1-149P,False
RNA5SP207,False
U3-16,False
RNU6-440P,False
RNU6-258P,False
RNU6-328P,False
RNU6-298P,False
U3-17,False
RNU6-127P,False
RNA5SP91,False
Y_RNA-576,False
RNU6-1321P,False
U3-18,False
SNORA48B,False
RNU6-913P,False
RNU6-816P,False
RNU6-604P,False
RNU6-220P,False
RNU6-907P,False
RNU6-747P,False
SNORD17,False
RNA5SP18,True
RNA5SP244,False
RNU6-930P,False
Y_RNA-577,False
RNA5SP219,False
RNU6-360P,False
RNU6-278P,False
RNU6-750P,False
U8-14,False
RNA5SP376,False
RNU6-1176P,False
RNA5SP176,False
RNU6-308P,False
RNU6-724P,False
SNORD65C,False
RNA5SP185,False
RNU6-788P,False
RNA5SP292,False
SNORD81-2,False
RNA5SP256,False
RNU6-578P,False
SNORD89,False
RNA5SP339,False
RNU6-239P,False
SNORD28B,False
SNORD72,False
RNU6-821P,False
RNU6-1009P,False
RNU6-1154P,False
SNORD12,False
RNU6-679P,False
Y_RNA-578,False
RNA5SP23,False
SNORD70B,False
RNA5SP109,False
RNU6-1307P,False
RNU6-1228P,False
Y_RNA-579,False
U3-19,False
RNU6-129P,False
Y_RNA-580,False
RNU6-882P,False
RNU6-316P,False
RNU6-244P,False
RNA5SP297,False
RNU6-780P,False
RNA5SP213,False
Y_RNA-581,False
RNA5SP210,False
RNU6-739P,False
RNU6-823P,False
RNU6-700P,False
RNU6-1300P,False
RNU6-1242P,False
RNU6-837P,False
RNU6-550P,False
RNU6-1177P,False
RNA5SP332,False
RNU6-1246P,False
RNU6-1000P,False
RNU6-482P,False
RNA5SP171,False
RNU6-401P,False
RNU6-269P,False
SNORD115-45,False
RNU6-159P,False
SNORD113-2,False
RNU6-817P,False
RNU6-1055P,False
RNU6-796P,False
RNU6-1275P,False
Y_RNA-582,False
RNA5SP323,False
RNU6-1248P,False
SNORA74B,False
Y_RNA-583,False
RNU6-663P,False
RNY4P18,False
RNU6-932P,False
SNORD115,False
RNU11-3P,False
SNORD77B,False
RNY4P36,False
RNU6-1111P,False
U3-20,False
RNU1-119P,True
RNA5SP105,False
SNORD115-49,False
RNU11-6P,False
SNORA75-1,False
RNA5SP252,False
U3-21,False
SNORA75-2,False
RNU6-1269P,False
RNU6-243P,False
SNORA53,False
RNU6-131P,False
SNORD90,False
Y_RNA-584,False
RNU6-241P,False
RNU11-4P,False
SNORD69,False
RNA5SP286,False
RNU6-644P,False
RNU6-695P,False
RNU6-460P,False
SNORA12,False
RNU6-952P,False
RNU6-754P,False
RNU6-1158P,False
RNU1-101P,True
RNU6-400P,False
U3-22,False
RNU6-530P,False
RNU6-1197P,False
RNU6-1109P,False
SNORD19,False
RNU6-332P,False
RNU6-1093P,False
RNA5SP465,False
SNORD86,False
RNA5SP300,False
RNA5SP299,False
RNU6-972P,False
U3-23,False
Y_RNA-585,True
RNU6-1268P,False
RNU11-5P,False
RNU6-1250P,False
RNU6-918P,False
RNA5SP212,False
RNU6-466P,False
RNA5SP63,False
SNORD115-47,False
SNORA75-3,False
SNORD70,False
RNU6-808P,False
RNA5SP474,False
U3-24,False
U3-25,False
RNU6-510P,True
RNA5SP496,False
RNU6-337P,False
RNU6-995P,False
RNA5SP354,False
RNU1-78P,False
U3-26,False
SNORD116-31,False
RNU6-192P,False
Y_RNA-586,False
RNA5SP35,False
RNU6-630P,False
RNU6-381P,False
RNU6-1326P,False
RNU6-1254P,False
Y_RNA-587,True
RNA5SP482,False
RNU6-903P,False
RNA5SP467,False
SNORA75-4,False
U8-15,False
RNU6-587P,False
SNORA40C,False
SNORA26,True
SNORA75-5,False
U8-16,False
RNA5SP525,False
RNU6-876P,False
U3-27,False
RNU6-279P,False
RNA5SP53,False
RNU1-56P,False
SNORA3B,False
RNU1-139P,False
U3-28,False
SNORD30,False
RNU6-1239P,False
SNORD58,False
SNORA75-6,False
RNU6-493P,False
RNA5SP397,False
RNA5SP241,False
ZRSR2P1,False
KRTAP16-1,False
KRTAP29-1,False
KRTAP9-6,False
LINC01089,False
CTAGE1,False
DEFB117,False
LINC02693,False
KRTAP4-11,False
KRTAP4-9,False
KRTAP2-3,True
KRTAP2-1,False
LINC02656,False
RTL8B,False
EWSAT1,False
HMGN2P8,False
ST13P5,False
RPL15P3,False
OR2A42,False
RPS26P3,False
TTTY2,False
TTTY2B,False
RNF208,False
KRTAP3-3,False
KRTAP3-2,True
KRTAP3-1,False
MT-ND4L,True
MAP10,False
RPL23AP4,False
KRTAP12-4,False
KRTAP10-3,False
KRTAP6-3,False
HNRNPA1P40,False
C2orf74-DT,False
POU5F1B,False
RPS26P6,False
BTF3P12,False
PTTG3P,False
RPS15AP36,False
VN2R17P,False
ZNF580,False
PABPN1P1,False
ZNF611,False
KLK9,False
SYT3,True
NUP62,True
COX20P1,False
CFL1P4,False
CGB8,False
NDUFA3P3,False
AURKAP1,False
RPL23AP80,False
EEF1A1P32,False
DENND1B,False
OR5S1P,False
HNRNPA1P34,False
TPM3P1,False
RPL5P5,False
EEF1B2P7,False
C1orf220,False
PFN1P11,False
RPL29P7,False
SFT2D2,False
CEP43,False
KRT8P40,False
HMGB3P6,False
LPAL2,True
CHP1P2,False
RPL31P11,False
SCAF8,False
ARPC1BP1,False
PPP1R14BP2,False
VPS26CP1,False
CFAP45,False
ACKR1,False
PDCL3P5,False
SCYL2P1,False
PHB1P1,False
ZNF254,False
KRT18P68,False
NPM1P46,False
AHCYP5,False
BTF3L4P3,False
RPL7AP37,False
RNF11P1,False
COX5BP2,False
TUBB8P8,False
MEMO1P2,False
CHCHD2P4,False
LIN28AP1,False
RPL23AP46,False
DYNLT2B,True
TXNL4AP1,False
RPL32P31,False
EEF1DP5,False
YWHAZP4,False
PPP1R14BP5,False
ARF1P2,False
CRYGS,False
ELK2AP,False
CRIP1,False
RPL23AP60,False
JPT1P1,False
CNN2P9,True
RPL7AP60,False
RPL32P10,False
GAPDHP36,False
CEND1P1,False
KLHL23,False
Metazoa_SRP-6,False
SAR1AP2,False
LINGO4,False
RPL13P6,False
PRDX2P4,False
RPL22P1,False
RPL17P41,False
RPL36AP48,False
OR10N1P,False
OR10D5P,False
RPS7P8,False
FAM24B,False
TRIM59,True
COPS5P1,False
YBX1P4,False
BTF3L4P2,False
MLLT11,True
CDK7P1,False
NUDCP1,False
ASIC3,False
FABP5P10,False
GIMAP1,False
STRADBP1,False
RPL32P17,False
KRT18P64,False
NCLP1,True
CCDC183,False
ARHGEF35,False
OR2F1,False
CSH2,False
DNLZ,False
TOMM40P4,False
NOC2LP1,False
RPL12P38,False
TCL1B,True
PPP1R2P10,False
RPL23AP62,False
ST13P10,False
EEF1A1P16,True
YWHAZP2,True
PTMAP10,False
NPM1P32,False
H3P4,False
SUPT4H1,False
RBMS2P1,False
RPL12P42,False
YWHAZP5,False
EEF1B2P6,False
VDAC2P3,False
NIP7P2,False
TSGA13,False
RPS6P26,False
RPL6P25,False
RPL7AP9,False
IFITM9P,False
MARCKSL1P1,False
NRAS,False
RPL23AP45,False
PGK1P2,False
RPL22P10,False
ZNF625-ZNF20,False
HNRNPA3P6,False
HMGB3P11,False
HNRNPCP6,False
RPL18P11,False
RPL9P18,False
CYCSP19,False
RPL7AP34,False
LTC4S,False
RPS7P11,False
SLC25A5P6,False
NPM1P50,False
CLNS1AP1,False
ANKRD39,False
ATF4P1,False
QTRT1,False
CHUK,False
RPL21P18,False
PCNPP3,True
MXD3,False
GAPDHP44,True
CNN2P8,False
RPL36P12,False
FTH1P12,True
RPS3P6,False
GSTM2,False
ST13P11,False
RANP6,False
NAP1L1P3,False
LINC00671,False
GAPDHP71,False
COG8,True
EIF4E2P1,True
RPL7AP39,False
ARHGAP19,False
RPSAP46,False
HAUS7,False
LCAT,False
RPS2P17,True
RPL12P18,False
MAGEA12,True
PTPRCAP,False
CISD1P1,False
ANXA2P1,False
C1QBPP2,False
RBM22P2,False
HNRNPA1P33,False
PVRIG,False
KRTAP4-12,False
KRTAP2-4,False
GPC2,True
RPL7AP17,False
RBMX2P2,False
KRT222,False
HSPD1P1,False
RPL17P34,False
RPLP1P6,False
VTI1BP2,False
ATP6V0CP3,False
YBX2P1,False
OR5AC1,False
H2AZP1,True
RPL18AP3,False
NPM1P7,False
SIPA1,False
RPS23P2,False
GAPDHP28,False
VDAC1P7,True
OR6C69P,False
AKR1B1P2,False
FTH1P3,False
PPIAP82,False
RPL32P15,False
ERV3-1,False
SYNJ2BP,True
ARL2,False
HMGB1P37,False
FIRRE,True
TTLL13,False
CFL1P2,False
NDUFAF4P2,False
EIF4A1P8,True
ASS1P4,False
FBLIM1P1,False
NT5C3AP1,False
ACTN4P1,False
RPL26P13,False
TPT1P13,False
LAP3P2,False
PPIAP16,False
GBP7,False
IMPDH1P5,True
RBMXL1,False
RPL36P7,False
RAC1P5,False
SRA1,False
FAM32CP,False
SETP8,False
RPL32P22,False
MTHFD2P5,False
STIMATE,False
GNG5P1,False
KRT8P41,True
YBX1P6,False
TXN2P1,False
RPL7AP43,False
RARRES2P2,False
VN1R64P,False
PPIAP81,False
DNAJC9,False
RPLP0P6,False
HMGN2P32,False
HNRNPA1P64,False
C8orf82,False
HNRNPA1P13,False
GTF3C6P2,False
LDHAP5,True
CPLX3,False
VDAC1,False
ZBTB9,True
PPIAP42,True
TMX2,False
GAPDHP25,False
SLX1A-SULT1A3,False
KRT18P19,False
NAA50P1,False
AKR1B10P1,False
OR4A45P,False
SLC25A14P1,False
RPL7AP50,False
FAM220CP,False
RPL11P3,False
HEXA,False
NDUFS3,False
RPSAP54,False
LEPROT,False
LBH,False
BOLA3P3,False
ADAT3,False
PPP1CB,False
EEF1DP4,False
RPL7AP4,False
VN1R37P,False
SAPCD2P1,False
SLC25A1P3,False
SULT1A4,False
HMGB3P30,False
RPL22P22,False
GPSM3,True
RPL31P44,False
LAT,False
RSU1P3,False
RPS16P8,False
PGGT1BP1,False
OLA1P2,False
NCKIPSD,False
SLC25A5P3,False
ATF6B,False
LDHBP2,False
TREX1,False
SEC14L1P1,False
S1PR3,False
RPS7P14,False
CTBP2P6,False
CAPZA1P3,True
SLC35F6,True
RPL17P50,False
SETP22,False
EEF1A1P15,True
RHOG2P,False
HMGB1P10,False
SLC16A14P1,False
PHB1P7,False
PIGCP1,False
FAM209B,True
FABP5P5,False
CLIC1,False
HMGN2P30,False
DDAH2,False
PRDX2P2,False
RPS2P52,True
RPS16P2,False
POLD2P1,False
RAB5CP1,False
ANAPC10P1,False
BRI3P2,False
PPIAP68,True
SERBP1P1,False
RPS29,True
ZNF337-AS1,True
RPS10P14,False
WASHC3P1,False
CENPBD2P,False
KPNA4P1,False
RPS3AP20,False
UGT2B11,False
ATP6V1G2,False
MT1P1,False
ZNF134,False
ACTBP2,False
FAM210CP,False
KRT8P37,False
EIF1P7,False
HNRNPA1P32,False
GTF2H4,False
PSMC1P2,False
DDX47,False
RPL35P4,False
AKR1B1P3,False
NHP2P2,False
RPL7AP38,False
OLA1P1,False
ZNF888,False
RPL7AP41,False
ZNF845,False
ZNF321P,False
KLRK1,True
CNN2P4,False
RPL13P2,False
CEACAM18,False
CFL1P5,False
TMX2P1,False
SUGT1P2,False
EMP2,True
CNN2P6,False
VDAC1P2,False
ACTBP15,True
KCTD11,False
RPL21P75,False
RPL7AP62,False
EEF1B2P2,False
YBX1P10,True
TAF9BP1,True
RPL32P11,False
PPIAP86,False
RPL7AP64,False
CFL1P7,False
RPL7AP7,False
NPM1P6,False
CYB5AP4,False
RPL13AP7,False
UBD,True
LINC01521,True
PPM1N,False
RPL3P6,False
CEACAM16,True
RPS17P1,False
SLC23A3,True
LTB4R,False
LIPE-AS1,False
LTB4R2,False
CYP2A7P1,False
OR2G1P,False
RPL13P,False
RPL5P8,False
DNASE1,False
MDP1,False
LEUTX,False
CSNK1E,False
HNRNPH1P2,False
NPM1P33,False
MSRB1P1,False
CCL27,False
IRF9,False
GALT,False
HBE1,False
HBG1,False
RPL22P16,False
CLDN9,False
SEPHS1P6,False
KRT18P17,False
DNAJB1P1,False
ITGA1,False
RPS10P2,False
ATP5PDP3,False
KRT18P29,False
API5P2,False
CHCHD4P4,False
NUDT19,False
ZNF726,False
ZNF99,True
TAX1BP3,False
RPL7AP14,False
AP1G2,False
RPL36AP9,False
ZNF90,False
NAXD,False
TM6SF2,False
PGAM1P7,False
MEF2B,False
ATP5PBP3,False
PCNAP3,False
KRT18P38,False
GANC,False
RPL32P23,False
RPSAP61,True
RRM2P3,False
RBM39P1,False
FTLP4,False
TTLL3,True
REPIN1,False
RPL23AP29,False
ATP5PBP4,False
MRPL23,False
ARPC3P5,False
ZNF891,False
CLDN7P1,False
LINC02418,False
PGAM1P4,False
IFNA7,False
LINC02347,False
IMPDH1P2,False
SMIM7,False
RPS11P7,False
UCA1,False
FBXO16,False
ARF4P3,False
RPL7P17,False
TSPAN4,False
RPL6P5,False
MANEALP1,True
RPL21P17,False
RPL23AP39,False
CPSF1P1,False
GNAQP1,False
CPNE1,False
CYP4F30P,False
ARL16,False
RPL9P21,False
SMCO1,False
PLAC9P1,False
WEE2,False
PAXIP1-AS2,False
MAGEB1,False
TPT1P5,False
LDHAP4,True
PAFAH1B2P1,False
LYRM4,False
MYCBP,False
PRDX1P1,False
SNRPEP9,False
TMEM213,True
SDHAP4,False
PRCD,False
ACTN4P2,False
RPL7P60,False
LINC00887,False
LINC02026,False
ALG3,False
SDC4P,False
AMZ2P1,False
PLEKHM1P1,False
PPIAP23,False
PTMAP5,False
GCC2-AS1,False
XPOTP1,False
ST7-OT4,False
ZNF788P,False
RNF152P1,False
UBE2V1P2,False
SH3D21,False
SMIM30,False
HMGN2P31,False
TTC41P,False
EEF1A1P12,True
TPM3P2,False
RPS4XP1,False
HNRNPA1P43,False
KRT18P10,False
CTAGE14P,False
C19orf38,True
IQCJ,False
TUBBP2,False
HNRNPA1P10,True
C17orf67,True
MINDY4B,False
SETP21,False
PUDPP3,False
CTAGE11P,False
AZGP1P2,False
FIS1,False
RPS2P6,False
ANKRD36BP1,True
RPSAP53,False
KCTD9P4,False
STARP1,False
RPS3AP33,False
LGMNP1,False
AGGF1P1,False
ANG,False
SCART1,True
HMGN2P39,False
KRT8P14,False
RAD51AP1P1,True
NPS,False
PDCL3P3,False
HMGB3P13,False
RPL39P5,False
POU2AF3,False
APTR,False
FOXO1B,False
ALDOAP2,False
MRPS21P6,False
SPDYE3,False
Metazoa_SRP-7,True
MBLAC1,False
AZGP1P1,False
ATP5MC1P6,False
CXADRP1,False
CBX1P4,True
CBX1P2,False
C3orf56,True
RPL31P1,False
SLC9B1P2,True
ABCD1P5,False
PDPR2P,False
CTAGE16P,True
FOXI3,False
SOGA3,False
ATP5PBP2,False
OR4F13P,False
OR1X5P,False
VAC14-AS1,False
PAFAH1B1P1,False
NEURL1B,False
RPL18P10,False
EFCAB9,False
RPS3AP36,False
EIF4EP5,False
HAUS3,False
CYB5AP2,False
RPLP2P1,False
VSTM5,False
NFYBP1,False
LINC00488,False
RPS3AP26,False
TUBAP2,False
KANSL1-AS1,False
LCNL1,False
RAP1BP2,False
RDUR,False
BBIP1,False
TRIM77,False
GNAT3,False
KRT18P13,False
FAM149B1P1,False
LRRC37A4P,False
NPM1P10,False
CYCSP6,True
VPS33B-DT,False
GOLGA2P8,False
NIFKP1,False
AS3MT,False
FAM185BP,False
FAM187A,False
RCN1P2,False
PLIN5,False
RPL7P29,False
TPT1P6,True
SMARCE1P6,False
RPSAP28,False
RPL7P1,False
OR7E148P,False
SEC14L6,False
SPINK13,True
HIGD1C,True
NOTO,False
KRT42P,False
PPME1,False
KRTAP2-2,False
STARD10,False
KRT18P33,False
ZNF705EP,False
RPS15AP1,True
RPS4XP3,False
GTF2IRD2P1,False
MEG3,True
SDHCP2,False
COPS8P2,False
LRRC37A11P,False
ZC3H11C,False
RPL21P41,False
RBBP4P4,False
NUTM2D,False
GAPDHP15,False
CPEB1,True
HMGN2P15,False
ZNF971P,False
PGGT1BP2,True
EML6,False
CTBP2P5,False
NPM1P36,False
ADAM24P,True
RPS19P1,False
SLC6A10P,False
POLR3DP1,False
NDUFB5P2,False
RPSAP6,False
DEFB113,False
DEFB133,False
COMMD4P1,False
ZNF727,False
HNRNPA3P3,False
B3GALT9,False
ZSWIM8,False
RPLP1P5,False
KRT8P26,False
SLC29A4P2,False
SLC29A4P1,False
RPL6P12,False
RPL9P16,False
IQCF5,False
ANKRD49P4,False
IQCF6,False
C10orf105,True
LINC01913,False
ARHGEF33,True
NPAP1P2,False
C12orf71,False
COMMD4P2,False
IFRD2,False
CAPN14,False
ZBED1,False
KRT18P49,False
CDIPTOSP,False
RPL5P35,False
TOMM6,False
MRPS5P3,False
GOT2P6,False
HNRNPUL2,False
SRSF8CP,False
CSKMT,False
RPL36AP2,False
RPL21P1,False
HNRNPA1P15,False
SEPTIN7P2,False
GUCY2C-AS1,True
MS4A18,False
POLR2J4,False
RPS3AP21,False
MS4A4E,True
KRT18P42,False
TUBA5P,False
NPM1P31,False
CYCSP55,False
FER1L6,True
IMPDH1P3,False
CDRT15L2,False
MPRIPP1,False
HMGB1P4,False
KRT16P3,False
NXT1P1,False
EI24P3,False
DDX12P,False
MTCP1,True
UPF3AP2,False
RPL23AP6,False
LINC01347,True
RAD51AP2,False
ZFYVE9P2,False
LINC00612,False
PPIAP79,False
APOC1P1,False
KRT16P1,False
SEM1P1,False
EVPLL,True
DCDC2C,True
SRSF9P1,False
TPM3P4,False
LINC02981,False
SMTNL1,False
MED28P1,False
RPL5P31,False
OR7E5P,False
TMEM14DP,False
FAM177A1P1,False
RPS9P1,True
TRIM64C,True
USP8P1,False
LINC00243,False
RPSAP55,False
PNMA6E,False
LINC01588,True
RPS15AP3,False
DUTP8,False
RPL23AP3,False
HLA-F-AS1,False
RPL36AP52,False
SPATA31D1,False
KRT8P6,False
NPIPA8,False
ZSWIM7,False
GPR33,False
ARHGEF28,False
TBC1D26,False
LRRC69,True
CRPPA,False
NT5DC1P2,False
NPIPA7,True
CHCHD3P3,False
PPIAP29,False
VDAC2P1,False
GSG1L2,False
RPL7AP26,False
AKAP17BP,False
CCNB2P1,False
GAPDHP77,False
RPL23AP59,False
RPL15P20,False
MESTP4,False
HSPD1P7,False
CHCHD2P2,True
DNAJA1P3,False
ACSM4,False
RTL10,False
RPL24P7,False
COL28A1,False
PHB2,False
TCP11X2,False
RPL13P12,False
GNL3LP1,False
DSTNP4,False
FDPSP5,False
VENTXP2,False
CD27-AS1,True
NEURL4,False
GLULP6,False
GRID2IP,False
PRDX2P1,False
HNRNPCP10,False
PKMP5,False
RPL21P2,False
DUSP8P1,False
ALOX12-AS1,False
ANXA2R-AS1,False
XRCC6P5,False
GTF3C6P1,False
NPM1P24,True
RPS5P3,False
KRT18P11,False
EEF1A1P29,False
IFITM8P,False
TERF1P4,False
TTC3P1,False
UGT2B25P,False
FAM74A1,False
CXorf49B,False
UBXN2B,False
CXorf49,False
LINC00588,True
SOCS6P1,True
AMD1P4,False
ZNG1F,False
SYT14P1,False
C16orf90,False
PRSS41,True
KRT18P32,False
ABCD1P2,False
GUSBP18,False
OR7E122P,False
LINC00269,False
TCEA1P3,False
ATXN7L3P1,False
NLRP2B,False
IGLV8OR8-1,False
MAPK6P4,False
MUC5AC,True
MSMP,True
RPS12P16,False
GOLGA6B,False
FAM166B,False
LINC00680,False
PEX26,False
BASP1-AS1,False
PGAM4P1,False
YWHAZP6,False
GRXCR1,False
TRBV24OR9-2,False
KRT18P60,False
RBMXP2,False
C5orf49,False
UBE2QL1,False
UBA52P6,False
CYP51A1P3,False
NUTF2P5,False
LINC01020,False
RPL7P33,False
LINC02449,False
LINC02649,False
LINC02982,True
FASTKD5,False
GOLGA8B,False
DHRS4-AS1,False
KCNU1,False
RPL10AP3,False
AKR1C7P,True
GAGE12G,False
TOMM40P2,False
GAGE10,True
RNF212B,False
RPS7P6,False
HMGB3P24,False
CHMP5P1,False
SRSF6P1,False
TMCO5B,True
DDX3X,False
WHAMMP4,False
VPS16,False
NPM1P12,False
RPL6P30,False
THUMPD1P1,True
EIF5P1,False
ASS1P10,False
GPX1P2,False
KRT18P23,False
ZNF705CP,False
ZNF705D,False
SLC25A5P1,False
MRPL3P1,False
PPIAP1,False
C1QBPP1,False
FAM90A24P,False
ZNF705B,False
HSPD1P8,False
TMED11P,False
BOD1P2,False
RPL37P3,False
DEFB108C,False
ZNF705G,False
FAM90A5P,False
FAM66B,False
MYL5,False
DEFT1P,False
MIR99AHG,False
ACTG1P3,False
SCRT2,True
HMGB3P7,False
LL22NC01-81G9.3,False
PSMA6P1,True
MIR17HG,False
PEX12P1,False
ZNF407,True
MCM3AP-AS1,False
NPEPL1,False
CTAGE12P,False
SRMP1,False
ZNF663P,True
KRTAP10-4,False
KRTAP10-1,False
BCRP4,False
RPS8P3,False
AATBC,False
RPL27AP,False
RPL17-C18orf32,False
SKOR2,False
SIAH3,False
RCN1P1,False
CES5AP1,False
OR7E37P,False
BCRP3,True
CALM2P3,False
LINC00598,True
ARL2BPP3,False
HNRNPA1P7,False
FAM230B,False
TPTE2P4,False
RBMY2DP,False
IFIT1P1,False
RPS4XP4,False
EFCAB8,True
LINC00189,False
ZNF736P11Y,False
RBMY2CP,False
BCRP7,True
DEFB116,False
DKKL1P1,False
DEFB115,True
FRG1JP,False
KRT18P3,False
ANKRD20A11P,False
TTTY5,False
CNN2P7,False
GAB4,False
GRK6P1,False
ESRRAP1,False
BCORP1,False
ASS1P6,False
KANK1P1,False
C20orf202,False
TSPY24P,False
ZNF92P1Y,False
ZNF962P,False
KRT18P35,False
HMX1,False
GUSBP9,False
GCGR,False
RSC1A1,True
CELA2B,False
TMEM242,False
TMEM167B,False
MFFP1,False
MRPL20P1,False
TAF9BP2,False
ARHGAP27P1-BPTFP1-KPNA2P3,False
LRRC37A14P,False
FAM72D,True
CFL1P6,False
TNFRSF25,False
SLC35E2A,False
RSL24D1P4,False
RFKP1,False
KRT18P65,False
LINC01139,False
BTNL10P,False
ZNF847P,False
ZC3H11B,False
KRT18P12,False
QRSL1P1,False
FMO9P,True
SDHAP2,False
TSTD1,False
MPTX1,False
RPTN,False
PDZK1P1,True
NBPF7P,False
LINC01356,False
KRT18P57,False
FEN1P1,False
CAPNS1P1,False
ST13P20,False
MARCKSL1P2,False
LINC02337,False
CYB5RL,False
ZNF859P,False
RPL23AP17,False
HSPA5P1,False
EEF1A1P46,False
SELENOWP1,False
RPL36P5,True
LACTBL1,True
CROCCP2,False
BRWD1P1,False
C1orf167,True
TTC34,False
MMP23A,False
ATAD3C,True
MIR942,False
MIR190B,False
MIR873,False
MIR892A,False
MIR921,False
MIR300,False
MIR297,False
MIR876,False
MIR933,False
MIR208B,False
MIR450B,False
MIR888,False
MIR874,False
MIR298,False
MIR938,False
MIR891A,False
MIR944,False
MIR934,False
MIR891B,False
MIR875,False
MIR890,False
MIR887,False
MIR892B,False
MIR889,False
MIR877,False
MIR885,False
MIR941-2,False
MIR513C,False
MIR541,False
MIR8485,False
MIR920,False
MIR941-4,False
FABP12P1,False
KRT19P2,False
H1-12P,False
RPL10P10,False
MRPL42P2,True
RPL37P15,False
RPL7AP36,False
RPL12P2,True
PIMREGP2,False
H2AC2P,False
DUTP5,False
RAET1M,True
RPSAP43,False
IFI30,False
EEF1GP6,False
LINC00955,False
IGSF23,False
GAPDHP72,False
OR2W4P,False
RPL7P25,False
RPL7AP35,False
GAGE12E,False
GLRX3P2,False
CCNYL3,False
RPL8P1,False
CIR1P3,False
COX6A1P3,False
MTND4P13,False
NUDT19P3,False
ANXA2P3,False
HMGA1P7,False
RPL6P17,False
VN1R13P,False
PRRC2CP1,False
MTCH1P1,False
R3HDM2P2,False
TUBB2BP1,False
ZNF736P10Y,False
FGF7P4,False
RBMXP1,False
MTCYBP36,False
RPL17P26,False
DHFRP5,False
LY86-AS1,False
RPS2P55,False
RPL22P12,False
RBM33-DT,False
ZNF603P,True
SOCS5P5,False
GPR89P,False
FAM240C,False
CCDC7,True
RPL7P58,True
RPL21P65,False
HSPD1P10,True
CYP2AC1P,True
RPL10P1,False
TPT1P4,False
MTCO3P31,False
MTCO2P33,False
HMGB3P19,False
RPS29P13,False
PPIAP31,False
FNIP1,False
LARP1P1,False
MTCO2P31,False
ANKRD18EP,True
MTHFD2P2,False
FAM136FP,False
MTCYBP2,False
TFGP1,False
GSTA12P,False
SP9,False
CBX3P9,False
POM121L4P,True
TXNP7,False
RAB1AP2,False
UQCRFS1P3,False
OR2W2P,False
PRELID1P1,True
RPS7P5,False
SSXP10,False
TUBB4BP7,False
AK4P5,False
PSMC1P11,False
RPS4XP9,False
PRELID1P2,False
DDX18P3,False
ISCA1P1,False
SYCE3,True
HMGB1P17,False
RPS16P5,False
IQCB2P,False
CKLF,False
TDGF1P4,False
MDH1P2,False
YWHAZP10,False
PTGES3P2,False
H2BC16P,False
PIMREGP3,False
UBE2V1P15,False
RPS3AP24,False
NUS1P4,False
SERPINB8P1,False
RPS10P3,False
NDUFB4P4,True
CCT7P1,True
NDUFAB1P1,False
FEM1AP3,False
LDHAL6FP,False
ASS1P9,False
FAT1P1,False
HNRNPDP2,False
SNRPEP6,False
RBMXP5,False
H4C10P,False
OR4F7P,False
KRT18P48,True
ZNF839P1,False
HSPE1P8,True
SEPTIN14P6,False
PAM16,False
NOC2LP2,False
KRT19P1,False
ZKSCAN8P2,False
RBM38-AS1,False
THAP12P5,False
RPL31P33,False
ADAMTS7P4,True
RSL24D1P1,False
DNAJA1P4,False
KIRREL3-AS3,False
ERHP2,False
KRT18P22,False
SLC25A5P7,False
KRT8P43,False
POM121L14P,False
HLFP1,False
RPS20P32,True
RPS27AP11,True
FTH1P26,False
TATDN2P2,False
NEPNP,False
RPA3P2,False
RPS4XP7,False
H2AC9P,False
MORF4L1P1,True
RPL22P14,False
CDC14C,False
TENM3,False
HNRNPA1P1,False
LYPLA1P3,True
RPS3AP23,False
LINC01644,False
RAET1K,True
SUMO2P13,False
SLC25A20P1,False
GPC1-AS1,False
NDUFS5P1,False
NIP7P3,False
HNRNPA1P19,False
RPS27P15,False
ACTG1P18,False
RPL6P18,False
FCF1P10,False
H2AZP3,False
LINC00339,False
SPTLC1P2,False
MIF-AS1,False
OR4K12P,False
HNRNPA1P37,False
GAPDHP63,False
RPL7P28,False
RPL5P20,False
LINC03010,False
BRD7P4,False
RPL5P21,False
H2AC10P,False
ST13P16,False
RPL12P23,False
B3GALNT2P1,False
KRT18P44,False
CEBPZOS,False
DBIP1,False
RPL36P9,False
RPL18AP8,False
FAM8A6P,False
MTATP6P31,False
HSPD1P16,False
GSTM2P1,False
TDRD15,True
PAPOLB,True
FAM138C,False
CNN3P1,False
SLC25A6P6,False
NUFIP1P1,False
ZNF579,False
SUMO2P12,False
TUBB8P2,False
PTMAP3,False
NACAP7,True
IMPDH1P9,False
FTH1P15,False
CCNG1P1,False
ARL4AP5,False
RPS3AP2,False
TRIM51FP,True
CELA3B,False
SOD1P1,False
NPM1P37,False
MTND4LP19,False
DHFRP6,False
HNRNPA3P12,False
RPL23AP48,False
TYMSP1,False
RPS4XP8,False
PPIAP87,False
HMGB1P20,False
FTH1P19,False
CACYBPP3,False
RNASEK,False
RPL12P47,False
AMZ2P2,False
RPS6P7,False
NPM1P38,False
OR2E1P,False
RPS20P2,False
VN1R8P,False
PIP5K1P1,True
MRPL42P3,False
RPL31P52,False
RPSAP72,False
ZNF299P,False
ATF1P1,False
ZNF602P,False
HSPA8P15,False
MBL3P,False
BTBD10P2,False
CATSPERZ,False
TAFA5,False
RPL23P8,False
RPSAP42,False
NBPF1,False
TPT1P8,False
FTH1P8,True
SELENOKP2,False
UMAD1,False
RPL17P25,False
ZPR1P1,False
HNRNPA1P58,False
NCSTNP1,False
PPP1R3G,False
HIGD1AP16,False
FAM228B,False
CYCSP17,False
BMPR1AP1,False
GCNT1P4,False
ZNF433-AS1,False
BECN1P2,False
FGF7P8,False
PTCHD3P3,False
RAP1BP3,False
RPL26P20,False
CD83P1,False
RPL32P16,False
VN1R11P,False
RPSAP45,False
RPL21P67,False
OSTCP6,False
PPIAP9,False
ATP5PBP6,False
ARF1P1,False
RPL23AP47,False
RPL31P28,False
BRK1P1,False
GAPDHP42,False
ZSCAN12P1,True
RPL35P3,False
OR7E104P,False
GAPDHP67,False
RPL12P8,False
SPTLC1P3,False
KRT18P50,False
BTF3P7,False
LINGO3,False
RPL7P27,False
LAP3P1,False
MTCYBP4,False
MRPL32P1,False
CPSF1P2,False
HNRNPA1P12,False
LINC02076,False
MTRES1P1,False
HMGB3P18,False
ZGLP1,True
VAMP2,False
OR4F1P,False
RPS24P12,False
ZNF402P,False
ACTBP8,False
HNRNPH1P1,False
RPL35AP18,False
H2BC19P,False
MTCO1P56,False
PPIAP74,False
H3P28,False
GSTA8P,False
KRT8P42,False
FCF1P5,False
TUBB3P1,False
SLC25A51P1,False
YAP1P1,False
EIF4EBP2P3,False
MTND4LP20,False
PGAM1P10,False
ASS1P1,False
PPIHP2,False
RPL5P19,False
HMGB1P13,True
PKMP3,False
HTR5A-AS1,False
VN1R12P,True
RPL35P2,False
DDX18P6,False
TUBBP9,False
SSR1P1,False
KRASP1,True
RCC2P7,False
OR1F12P,False
H3P27,False
MTND3P20,False
RPL5P18,False
RPL21P28,False
VN1R10P,False
BOLA2P3,False
RPSAP44,False
MTMR9LP,False
RPL21P119,False
LINC01881,False
NDUFA5P9,False
RPL21P16,False
RPS18P9,False
HSPE1P26,False
MRPL35P1,False
DNAJC19P6,False
H3C9P,False
MESTP1,False
LL22NC03-63E9.3,False
LINC02531,False
OSTCP4,False
IGBP1-AS2,False
HNRNPA1P41,False
TRIM51G,False
SNORD88C,False
RNU6ATAC29P,False
MIR1323,False
RNU6ATAC19P,False
MIR1250,False
MIR1231,False
MIR1272,False
MIR1193,False
RNU6ATAC7P,False
MIR1286,False
U3-29,False
U3-30,False
U3-31,False
RNU6ATAC38P,False
MIR1266,False
MIR1302-3,False
RNU6ATAC6P,False
MIR1296,False
MIR1233-2,False
SNORD111,False
MIR320D2,False
MIR1302-5,False
SNORA11B,False
RNU6ATAC30P,False
SNORD110,False
MIR1224,False
U3-32,False
SNORA11F,False
MIR1207,False
MIR548M,False
MIR1184-2,False
MIR1253,False
MIR1262,False
RNU6ATAC15P,False
MIR548E,False
RNU6ATAC27P,False
MIR1305,False
MIR548L,False
MIR1285-2,False
MIR1258,False
SNORD88A,True
MIR1263,False
RNU6ATAC37P,False
MIR1208,False
MIR548P,False
MIR1284,False
MIR1255A,False
MIR1302-8,False
MIR1237,False
MIR548I2,False
MIR1289-2,False
MIR663B,False
MIR548T,False
SNORA79,False
MIR548I3,False
MIR1200,False
MIR548Q,False
U3-33,False
MIR548K,False
RNU6ATAC18P,False
U3-34,False
MIR548F5,False
MIR1288,False
RNU6ATAC20P,False
MIR1228,False
MIR548G,False
MIR1265,False
RNU6ATAC23P,False
SNORD88B,False
RNU6ATAC8P,False
MIR1295A,False
MIR1302-6,False
MIR1229,False
SNORD3J,False
MIR320B2,False
MIR1238,False
MIR1227,False
SNORA81,False
MIR1283-1,False
MIR1294,False
MIR548F3,False
RNU4ATAC16P,False
RNU6ATAC31P,False
MIR548F4,False
MIR1301,False
U3-35,False
MIR1202,False
SNORA11C,False
U3-36,False
MIR1277,False
MIR1271,False
MIR548AJ2,False
RNU6ATAC11P,False
SNORA11D,False
MIR1827,False
MIR1251,False
SNORA2C,False
MIR320C1,False
MIR548I4,False
U3-37,False
SNORD100,False
MIR1245A,False
RNU6ATAC40P,False
MIR548O,False
SNORD111B,False
RNU6ATAC16P,False
MIR1285-1,False
MIR1185-1,False
RNU6ATAC41P,False
MIR1184-1,False
MIR548H1,False
SNORD99,False
MIR1180,False
MIR1255B2,False
MIR1283-2,False
MIR1303,False
RNU6ATAC10P,False
MIR1269A,False
RNU6ATAC42P,False
RNU6ATAC35P,False
RNU6ATAC33P,False
RNU6ATAC21P,False
MIR1226,False
MIR1261,False
MIR548F1,False
MIR1249,False
RNU4ATAC2P,False
MIR1184-3,False
MIR1293,False
MIR1185-2,False
MIR548H4,False
MIR1302-4,False
MIR1179,False
U3-38,False
MIR1276,False
U3-39,False
MIR1268A,False
SNORA77,False
MIR1233-1,False
MIR1267,False
MIR1225,False
MIR1290,False
MIR548N,False
U3-40,False
RNU6ATAC,False
MIR1278,False
MIR1275,False
MIR548H3,False
MIR302E,False
SNORA11E,False
MIR1298,False
SNORA11,False
SNORA3C,False
RNU6ATAC25P,False
MIR548I1,False
MIR1203,False
SNORD93,False
MIR1197,False
SNORA11G,False
MIR1260A,False
MIR548J,False
MIR1289-1,False
MIR1302-7,False
MIR1205,False
MIR548F2,False
MIR1183,False
MIR1252,False
MIR1282,False
MIR548H2,False
SNORD23,False
RNU6ATAC34P,False
MIR1256,False
OR6B1,False
PPP3CB-AS1,False
EBF2,False
GAS8-AS1,False
C6orf226,False
PPP3R1,False
PSG3,False
FANCG,False
OR2A5,False
KRTAP10-9,False
AP4M1,False
OR4A5,False
C2orf16,False
DPP3P2,False
LINC02902,True
KRTAP1-5,True
TAS2R41,False
OR2A12,False
KRTAP10-10,False
KRTAP12-2,False
PLXNA4,False
MAGEA3,False
CEBPD,False
ZNF816-ZNF321P,False
PSG7,False
MRPS21P3,False
KRTAP1-3,False
OR3A2,False
ARIH2OS,False
ZBED8,False
HMSD,False
OR1C1,False
NPTXR,True
FAM218BP,False
POM121L12,False
FAM200A,False
OR2F2,False
PPP2R2A,False
C19orf73,False
ZNF880,False
TRIM16,True
DENND10P1,False
OR6X1,False
HEPN1,True
OR2A25,False
TAS2R40,False
OR2A14,False
TIGD1,False
FXYD7,False
XKR9,False
LINC01465,False
LINC02897,False
OR4C12,False
SLC12A8,True
KIR2DS4,False
TMEM14EP,False
APOL6,True
FADS3,False
OR2A1,False
TTC4P1,False
OR4E2,True
CCNL2,False
UBA52,False
MYBPHL,False
PPT2,False
OR2A2,False
EXOC3-AS1,False
ZNF630,False
OR52B4,False
LINC02860,False
LINC01118,False
BTBD19,True
FAM185A,False
RAB6C,False
C21orf140,False
URAHP,False
HDAC4-AS1,False
PSMB11,False
LINC01793,False
LINC01124,False
KIAA2012-AS1,False
POTEM,False
IGLC6,False
POTEJ,False
CYTOR,True
DCDC2B,False
C10orf55,False
RNU6-1165P,False
RNA5SP177,False
RNU4-62P,False
RNU4-86P,False
RN7SKP154,False
RN7SKP285,True
MIR1915,False
Y_RNA-588,False
RNU2-3P,False
RN7SKP110,False
RNU6-721P,False
RNU6-908P,False
RNU2-65P,False
RN7SKP32,False
RN7SKP232,False
RN7SKP117,False
RNA5SP317,False
RN7SKP148,False
RN7SKP16,False
RNU6-985P,False
RNA5SP487,False
RNU6-648P,False
RNA5SP390,False
RNU2-9P,False
RNA5SP36,True
RNU6-380P,False
SNORA73-2,False
RNU4-37P,False
RNY4P30,False
RNA5SP239,False
RN7SKP218,False
Y_RNA-589,False
RN7SKP151,False
RN7SKP266,False
RNU6-257P,False
RN7SKP146,False
RNU4-30P,False
RNA5SP181,False
RN7SKP26,False
RNA5SP156,False
RNU4-26P,False
RNA5SP266,False
Y_RNA-590,False
RNA5SP407,False
RNA5SP129,False
RNA5SP56,False
RN7SKP65,False
RNU6-588P,False
RN7SKP129,False
RNU2-17P,False
Y_RNA-591,False
RNU6-447P,False
RNA5SP158,False
RNU2-54P,False
RNA5SP89,False
RNA5SP163,False
RNU2-43P,False
RN7SKP156,False
RNA5SP431,False
MIR1471,False
RNA5SP201,False
RNU6-262P,False
RNA5SP95,False
RNU6-101P,False
RN7SKP199,False
RN7SKP114,False
RNU6-757P,False
RNU6-892P,False
RNA5SP425,False
RNU2-33P,False
RN7SKP111,False
RNU6-584P,False
RNA5SP193,False
RNU6-1043P,False
RNU2-36P,False
RNU6-1156P,False
RNU2-21P,False
RNA5SP371,False
RNU6-935P,False
Y_RNA-592,False
RNA5SP198,False
RNA5SP178,False
RN7SKP267,False
RNU6-1118P,False
RNA5SP118,False
RNU6-1050P,False
MIR1912,False
RNU6-855P,False
RNU2-2P,False
RNU6-1076P,False
Y_RNA-593,False
RN7SKP225,True
RNU6-174P,False
RN7SKP139,False
RNU6-613P,False
SNORD19C,False
RNA5SP237,False
RNY1P15,False
RN7SKP221,False
RNU2-29P,False
RNU6-710P,False
RNU2-20P,False
RNU6-355P,False
RNU6-1186P,False
RNU4-34P,False
SNORD12B,False
SNORA36B,False
RN7SKP202,False
RN7SKP127,False
RN7SKP152,False
RNA5SP44,False
RNA5SP203,False
RN7SKP158,False
RN7SKP86,False
RNU2-28P,False
Y_RNA-594,False
Y_RNA-595,False
RN7SKP229,False
RNU6-554P,False
RNU6-791P,False
RN7SKP281,True
RNU4-65P,False
RNA5SP80,False
Y_RNA-596,False
RN7SKP125,False
RNU2-59P,False
RNA5SP274,False
RNA5SP113,False
RNA5SP511,False
Y_RNA-597,False
RNU2-50P,False
RNA5SP338,False
RNA5SP231,False
RNU6-955P,False
Y_RNA-598,False
RNU6-141P,False
Y_RNA-599,False
RN7SKP278,False
RNU6-1077P,False
RNU6-994P,False
RNU2-26P,False
RN7SKP56,False
RN7SKP150,False
RNU6-1140P,False
RN7SKP143,False
RN7SKP59,False
RNA5SP296,False
RNU6-121P,False
RNA5SP293,False
RN7SKP271,False
RNU2-5P,False
Y_RNA-600,False
RNA5SP261,False
RN7SKP7,False
RNU2-23P,False
RNU6-77P,False
RNU6-285P,False
SNORA79B,False
RNU6-712P,False
RN7SKP200,False
RN7SKP177,False
RNA5SP475,False
RNU4-25P,False
Y_RNA-601,False
Y_RNA-602,False
Y_RNA-603,False
Y_RNA-604,False
RN7SKP223,False
RN7SKP240,False
RNA5SP451,False
RNU6-519P,False
RN7SKP109,False
Y_RNA-605,False
MIR1468,False
RNU6-705P,False
RNU2-39P,True
RN7SKP220,False
RNU6-735P,False
RNA5SP251,False
RNA5SP60,False
RNU6-1064P,False
RNU4-43P,False
RNU6-1025P,False
RN7SKP61,False
RNA5SP345,False
Y_RNA-606,False
RNU2-47P,False
RNU2-66P,False
RN7SKP222,False
RNA5SP494,False
RN7SKP159,False
RNU6-887P,False
RN7SKP235,False
RNU2-49P,False
Y_RNA-607,False
RNU6-628P,True
RNA5SP504,False
RNU4-69P,False
RNU6-402P,False
RNU2-52P,False
Y_RNA-608,False
Y_RNA-609,False
RN7SKP27,False
RN7SKP254,False
RNU6-1100P,False
RNU2-15P,False
RNU2-48P,False
RNU2-37P,False
RNU2-42P,False
RN7SKP131,False
RNU6-1203P,False
RN7SKP54,False
RNU2-51P,False
RNU2-16P,False
Y_RNA-610,False
RNU2-70P,False
RNU6-248P,False
Y_RNA-611,False
RNU2-8P,False
RNU4-55P,False
RN7SKP123,False
U3-41,False
RNU6-394P,False
RNA5SP146,False
RN7SKP213,False
RNU6-1267P,False
RNA5SP38,False
RN7SKP119,False
RNU4-72P,False
RNU6-733P,False
RN7SKP120,False
Y_RNA-612,False
Y_RNA-613,False
RN7SKP182,False
RN7SKP39,False
RN7SKP89,False
RN7SKP51,True
RN7SKP38,False
MIR1911,False
RN7SKP188,False
RNU2-63P,False
RNU2-7P,False
RNU4-64P,False
RNY4P29,False
RNU4-6P,False
RNA5SP328,False
RNA5SP229,False
RNU6-1190P,False
RN7SKP166,True
RNA5SP25,False
RNU4-46P,False
RN7SKP206,False
RNU4-53P,False
RNU6-684P,False
RN7SKP106,False
RNU2-40P,False
Y_RNA-614,False
RN7SKP121,False
RNU6-233P,False
RNA5SP144,False
RN7SKP212,False
RN7SKP91,False
RNU2-38P,False
RNU4-14P,False
RNU6-67P,False
RNU6-860P,False
RNU4-83P,False
RNU6-383P,False
RNU2-62P,False
RNA5SP225,False
RNU4-47P,False
RNU2-68P,False
RNU4-27P,False
RN7SKP286,False
MIR1537,False
RNA5SP120,False
RNA5SP100,False
RNA5SP136,False
RN7SKP168,False
RNU6-321P,False
RN7SKP42,False
RNA5SP21,False
Y_RNA-615,False
RNA5SP59,False
RNU6-920P,False
RN7SKP136,False
RNU6-1086P,False
RNU6-565P,False
RNU6-1328P,False
RNU4-78P,False
RN7SKP33,False
RN7SKP261,False
Y_RNA-616,False
Y_RNA-617,False
RN7SKP29,False
RNU6-1068P,False
RNU6-1133P,False
RN7SKP97,False
RNU6-193P,False
RNU6-564P,False
RNA5SP29,False
RNA5SP104,False
RNA5SP501,False
RNU2-41P,False
RNU6-1148P,False
RN7SKP205,False
RNU6-172P,False
RN7SKP284,False
SNORD63B,False
RNU6-370P,False
Y_RNA-618,False
RN7SKP58,False
RN7SKP262,False
RNA5SP41,False
RNA5SP265,False
MIR1913,False
RNU6-272P,False
RN7SKP8,False
RNA5SP222,False
RNU6-651P,False
RNU2-25P,False
RN7SKP228,False
RN7SKP94,False
RN7SKP167,False
RN7SKP216,False
RNA5SP127,False
RNU2-14P,False
RNU5A-5P,False
RN7SKP68,False
RNU4-22P,False
Y_RNA-619,False
RN7SKP259,False
RNU2-61P,False
RNA5SP184,False
SNORD29,False
RN7SKP137,False
RN7SKP73,False
RN7SKP264,False
RNA5SP344,False
RNU6-1135P,False
RNA5SP306,False
Y_RNA-620,False
RNU6-55P,False
RN7SKP247,False
RNU6-284P,False
RN7SKP268,False
RN7SKP144,False
RN7SKP161,False
RNU6-130P,False
RNA5SP369,False
RNU6-847P,False
RN7SKP169,False
Y_RNA-621,False
RNU6-1245P,False
RNU6-325P,False
RN7SKP126,False
RNA5SP31,False
RNU2-55P,False
Y_RNA-622,False
RNA5SP155,False
RNU6-602P,False
RMRPP5,False
RNA5SP115,False
RNU5E-9P,False
RNU2-72P,False
MIR1538,False
RNA5SP247,False
RN7SKP296,False
RN7SKP102,False
RN7SKP181,False
RNU2-32P,False
RN7SKP263,True
RN7SKP140,False
RNA5SP304,False
RN7SKP207,False
RNA5SP450,False
RN7SKP252,False
RN7SKP112,False
RNU4-88P,False
RNU2-18P,False
RNY1P3,False
RNA5SP280,False
RN7SKP142,False
RNA5SP209,False
RN7SKP17,False
RNU4-61P,False
RNA5SP39,False
RNU6-373P,False
RNU6-1199P,False
Y_RNA-623,False
RNU6-177P,False
RN7SKP100,False
RNU6-293P,False
RNU6-1001P,False
RNU2-22P,False
RN7SKP297,False
RNA5SP221,False
RNU6-1217P,False
RNU4-74P,False
RNU6-607P,False
RNU6-938P,False
Y_RNA-624,False
RN7SKP192,False
SNORD71,False
RNU6-1054P,False
RN7SKP270,False
RNA5SP294,False
RNU4-63P,False
RNU2-64P,False
Y_RNA-625,False
RNU6-785P,False
RNU6-575P,False
RNA5SP508,False
RN7SKP194,False
RNA5SP492,False
RNU6-387P,False
RNU6-592P,False
RN7SKP53,False
Y_RNA-626,False
RN7SKP172,False
RNA5SP498,False
RNU6-57P,False
RN7SKP85,False
RN7SKP165,False
RNU6-195P,False
RNU6-954P,False
RNA5SP107,False
RNA5SP270,False
SNORD83,False
RNY3P8,False
RN7SKP108,False
Y_RNA-627,False
Y_RNA-628,False
RN7SKP30,False
RNU6-1304P,False
RN7SKP101,False
RNU6-722P,False
RNU6-516P,False
RN7SKP279,False
RNA5SP111,False
RN7SKP293,False
RN7SKP273,False
RNU2-71P,False
RNU6-1052P,True
RNU6-603P,False
RNU2-6P,False
RN7SKP3,False
H2BP1,False
KLF2P3,False
IGLV9-49,True
ZNF385D-AS2,False
EHHADH-AS1,False
FTH1P10,False
CDY15P,False
LINC02661,False
LINC01778,False
H2ACP1,False
LINC02068,False
SDCBP2P1,False
RDXP2,False
CLDN10-AS1,True
TRBV29OR9-2,False
RBM22P7,False
RPS10P7,False
MEG9,True
LINC00397,False
XKRYP5,False
USP9YP18,False
RPL17P17,False
RPS26P15,False
TRIM49D1,False
LIMK2P1,False
RBM7P1,False
MTND6P21,False
RPS29P9,False
TMSB4XP3,False
TH2LCRR,False
USP17L2,False
RPL6P21,False
HMGN2P18,False
HTATSF1P1,False
LMO7DN-IT1,False
TCAF1P1,True
GAPDHP69,False
LINC01825,True
CALM1P1,True
LINC02629,False
VOPP1-DT,False
VN1R42P,False
ZDHHC12-DT,False
LINC02238,False
NUTM2A-AS1,False
TRPC6P1,True
LINC01615,False
FRMPD4-AS1,False
MAPK6P2,False
NEFHP1,False
CHCHD2P5,False
EXOSC6,True
H2BL1P,False
SLC35C2P1,False
RNF14P4,False
VPS52,False
RPL35AP5,False
SLC20A1P1,False
RPL23AP53,False
WHAMMP1,False
CDRT15,False
LINC02968,True
ATP6V0E1P2,False
AFF2-IT1,False
CSNK1A1P1,False
KIF28P,False
RABGAP1L-IT1,False
EEF1A1P8,False
HLA-DQB1-AS1,False
ZBTB24-DT,True
RPS15AP5,False
TCEAL4P1,False
LINC00630,False
ZNF844,False
ACSL6-AS1,False
MTND5P28,False
SNRPBP1,False
TMSB4XP4,False
CCR5AS,False
SMPD4P1,False
USP9YP23,False
TRIM60P17,False
LINC03007,False
CYP4F32P,False
TNRC18P2,False
RPL3P11,True
USP17L15,False
DHRSX-IT1,False
CKMT1A,False
TINCR,True
TPMTP4,False
RBMX2P3,False
LINC02665,False
TVP23CP1,False
LINC01312,True
LINC01986,False
CENPVL1,False
FNDC3CP,False
LYPLA1P1,False
LINC02142,False
EEF1A1P41,False
EBLN1,False
CRPP1,False
RPL17P13,False
DSCR4-IT1,False
HBD,False
SUPT20HL2,False
ZNF735,False
LINC00370,False
MTCO1P17,False
RBM48P1,False
AK4P4,False
GSTA6P,False
CYCSP32,False
LINC01044,True
DEFA8P,False
LINC01120,False
NUP133-DT,False
UBE2Q2P5Y,False
RBMY2EP,False
RFPL4A,False
RPL30P3,False
TTTY17C,False
LINC01946,True
IGHV3-64,False
UHRF2P1,False
PRDM6-AS1,False
BCL10-AS1,False
RAB9AP3,False
HMGB3P10,False
KRT8P51,False
C1GALT1C1L,False
SAMSN1-AS1,False
NDUFB4P8,False
EEF1A1P24,False
RPL34P3,False
RPL34P26,False
OR2AD1P,False
RPSAP65,False
IFNWP18,False
LINC00571,True
RPS24P14,False
DIP2A-IT1,False
ADH5P3,False
MYH9-DT,False
GOLGA6L11P,False
RAET1E-AS1,False
ZDHHC20P2,False
IGSF3P2,False
LINC01422,False
NSUN5P1,False
SFR1P2,False
TRIM64EP,False
CRYGGP,False
LINC02601,False
LINC01208,True
DNAJA1P1,False
UQCRFS1P2,False
IFITM3P2,False
TFDP1P2,True
RAD17P2,False
LINC02247,False
RPL6P28,False
SUPT20HL1,False
RPL18AP14,False
LAPTM4A-DT,False
OR51B3P,False
RPS15AP15,False
PSMD4P1,False
RBMY2GP,False
CCDC18-AS1,False
ELOCP30,False
MIR503HG,False
SIRPB3P,False
TSSC2,False
MED15P9,False
LINC02593,False
LINC01626,True
LINC00205,False
CACNA2D1-AS1,False
GEMIN8P3,False
CD99P1,False
LGALS8-AS1,False
RPS21P8,False
LINC01983,False
LINP1,False
DIS3L2P1,False
UBE2E1-AS1,False
COX5BP8,False
ENTPD3-AS1,False
IL10RB-DT,False
CERS1,False
RPS20P14,False
LINC00114,False
BOLA3P4,False
KRT8P28,False
PYDC2-AS1,True
PRR15-DT,False
DIAPH3-AS2,False
IGKV1OR2-2,False
CDH23-AS1,False
PPIAP89,False
CFL1P1,False
EEF1A1P1,False
LINC01342,False
TERF1P6,False
DAZAP2P1,False
LINC01870,False
BANF1P4,False
FAM95B1,False
EFCAB6-AS1,False
VN1R40P,False
MYCNUT,False
PDGFA-DT,False
RAB9AP2,False
LINC01805,False
NPM1P19,False
HLA-DPB1,False
SAP18P2,False
LINC01921,False
NBEAP3,False
RPS27P1,False
RPS8P10,False
PPIAP53,False
LINC01078,False
ABCC5-AS1,False
LINC01707,True
FAM90A13P,False
OSER1-DT,False
GNL2P1,False
CCNJP2,False
SEC13P1,False
RPL23P4,False
HMGB1P12,False
ZNF32-AS3,False
EEF1A1P36,False
LINC02471,False
DPPA2P1,False
MTND1P27,False
ASS1P2,False
TNS1-AS1,True
NUP35P1,False
LGALSL-DT,True
KRT8P8,False
LINC01014,False
RPL6P31,True
ROR1-AS1,False
H2ACP2,False
C1QTNF5,False
MTND6P1,False
LINC01767,False
AFG3L1P,False
CHROMR,True
UBBP3,False
THAP12P8,False
ZNF587P1,False
RRBP1P1,False
DDX11L1,False
PAFAH1B1P2,False
BNIP3P42,False
EXTL2P1,False
ZNF736P1Y,False
SMCR2,False
SNRPD2P2,False
HNRNPRP1,False
LINC01874,False
RPL26P28,False
LINC02647,True
RPL32P35,False
TRDD1,False
YES1P1,False
ATP5F1CP1,False
USP12P2,False
LINC01441,False
RPL36AP46,False
LINC01449,False
RPL21P32,False
MIR181A2HG,True
EDRF1-DT,False
LINC01853,False
TCEAL3-AS1,False
EPB41L4A-AS1,False
CDY8P,False
LINC02561,False
SFPQP1,False
CDYLP1,False
HMGN1P4,False
IGKV3D-15,False
MTND4P6,False
CCNT2-AS1,True
PAEPP1,False
DMTF1-AS1,False
LINC02612,True
CPTP,False
GAPDHP55,False
EGFR-AS1,False
HSPA8P16,True
ARSLP1,False
SRSF3P4,False
TUBB4BP5,False
CALCRL-AS1,True
RPL32P6,False
SRIP2,False
HMGN1P6,True
DNMT3AP1,False
VEZTP1,False
LINC00691,True
TTTY22,False
SNHG14,False
UBE2FP1,False
SLC44A3-AS1,False
UBTFL8,False
MTCO1P11,False
RPL23AP41,False
PPM1F-AS1,False
POTEF-AS1,False
CT47A10,False
BCAR3-AS1,False
RPS24P8,False
LINC01935,False
ELMO1-AS1,False
CYP4F25P,False
ETDB,False
CENPVL3,True
MTRF1LP2,False
INHBA-AS1,False
PTPN2P2,False
ATG12P2,False
POU6F2-AS1,False
POM121L10P,False
UBE2SP2,False
LINC01248,False
DPPA2P2,False
LINC01857,False
MIR548XHG,False
AMMECR1-IT1,False
ASH2LP1,False
USP9YP28,False
BAZ2B-AS1,False
LINC02054,True
HCG14,False
HMGB1P9,False
CICP10,False
RPS26P54,False
UQCRHP3,False
LINC02828,False
DNAJC27-AS1,False
PRYP1,False
LINC01357,False
HSFY6P,False
LINC02831,False
LINC00570,False
SDHDP6,False
MIR3681HG,True
SNX18P9,False
PITX1-AS1,False
LINC01991,False
UBE2D3P4,False
HAGLR,False
LINC02667,False
SEZ6L-AS1,False
CAMK2G-AS1,False
RPS23P10,False
PHEX-AS1,False
GSTT3P,False
ZCRB1P1,False
LINC00466,False
TRIM60P5Y,False
C10orf67-AS1,False
PRPF4BP1,False
SEC61GP1,False
DTNB-AS1,False
RPS6P8,False
LINC02636,False
VSTM2A-OT1,False
HAUS1P2,False
OR2L1P,False
LINC01832,True
KCTD5P1,False
OR2J4P,False
MRRFP1,False
MICOS10P3,False
WARS2-IT1,False
CYCSP49,False
SOX1-OT,False
KRT224P,True
MTCO1P39,False
PDCL3P6,False
VWC2L-IT1,False
LINC01133,True
RPSAP18,False
CYCSP12,False
LINC02633,False
EPIC1,False
RABGEF1P3,True
ENSAP1,True
ARHGEF2-AS1,False
RPS29P31,False
SLC25A5-AS1,False
LINC01142,False
MSL3P1,False
MTCYBP11,False
IFIT6P,False
RPL38P6,False
PORCN-DT,False
PINCR,False
OLFM5P,False
MRPL49P1,False
MTATP6P16,False
OR51P1P,False
LINC02975,False
LINC01527,False
ANKRD30BP2,False
LINC01567,False
WDTC1-DT,True
MCCD1P2,False
TCERG1P1,False
RPL7P7,False
GTF2IP5,True
CHL1-AS2,False
RPL12P14,True
DPRXP1,False
THAP5P1,False
MDC1-AS1,False
LINC00297,True
GAPDHP20,False
FAM197Y1,False
FAM8A3P,False
MTCYBP45,False
SC4MOP,False
AKR7A2P2,False
KNOP1P3,False
BICD1P1,False
SCEL-AS1,False
RPL36P6,False
FAM135A-AS1,False
CDKN2AIPNLP3,False
ACE3P,False
MTND2P5,True
ATG3P1,False
TMCO1-AS1,False
OACYLP,False
ARAFP2,False
HLA-N,False
IGHV4-59,False
LINC00703,False
PRR29,False
BACE2-IT1,False
C4B,True
LINC01280,False
GPC6-AS2,False
METTL15P3,False
PELATON,True
RPL7P57,False
OR6D1P,False
DPPA2P3,False
LINC00572,False
LINC02052,False
USP9YP22,False
HSP90AA2P,True
IFNA22P,False
STK24-AS1,False
KRT18P27,False
ADM5,False
ATP5MFP1,False
PRKAR2A-AS1,False
SSBP3P2,False
SLC31A1P1,True
LINC00539,True
MKRN5P,True
NF1P6,False
PIGUP1,False
RPL23AP14,False
RPSAP10,False
CXorf51A,False
RPL4P7,False
NME2P2,False
LINC01708,False
H3P26,False
ATP5PBP1,False
RSL24D1P6,True
GUSBP6,False
SLC25A34-AS1,True
C4BPAP1,False
RPL39P14,False
PGAM1P6,False
SOCS2P2,False
CDCA4P2,False
TANK-AS1,False
LAMC1-AS1,False
ATXN1L,False
MTCO3P19,True
CCND3P1,False
RPL7AP40,False
RPL36P16,False
HSFY4P,False
USP9YP7,False
SAMM50P1,False
TTC21B-AS1,False
HNRNPA3P14,False
RPL36P4,False
MAPKAPK5P1,False
HEXIM2-AS1,False
LINC02523,False
MRPS9-AS2,True
POLR2KP2,False
LINC00365,False
LINC00620,True
HTR2A-AS1,False
HMGN1P19,False
KRT8P45,False
CYCSP42,False
PPIAP10,False
SMIM13,False
TMLHE-AS1,False
LINC02771,True
CSRP1-AS1,False
MEP1AP4,False
SAGE4P,False
TFDP1P1,False
SNRPGP15,True
EIF4BP3,False
ZNF619P1,False
NDUFA4P1,True
HMGB3P21,False
RPS26P20,False
HLA-DPB2,False
LINC01087,False
LPP-AS1,False
LINC01754,False
CIAO2AP2,False
LINC01886,True
USP9YP13,False
RPL7AP78,False
COL18A1-AS2,False
LINC01117,True
HNRNPA1L3,False
LINC01015,False
UBE2V1P13,False
GPX5,False
ORC1P1,False
MTND3P16,False
MIR3659HG,True
RPL29P19,False
ZMIZ1-AS1,False
SVIL-AS1,False
RPS5P2,False
BMS1P12,False
RPS26P5,False
TGFA-IT1,False
IGKV1D-27,False
FGGY-DT,False
RNPC3-DT,False
TNK2-AS1,True
RTCA-AS1,False
MEF2AP1,False
OR9R1P,False
TUBB8P6,False
RPL37P10,False
RPL36AP30,False
RPS27AP16,False
NUDT19P2,False
ZNF736P6Y,False
PDSS1P2,False
SRSF1P1,False
RPS28P5,False
LINC01627,False
IGHV3-74,False
LINC00885,False
LINC01823,True
SMSP1,False
RBMY2BP,False
GAGE12J,False
SH3BP5-AS1,False
ATP6V1G1P3,False
RPL36AP53,False
ETV7-AS1,False
IPO8P1,False
RPL17P10,False
EIF3EP2,False
PDIA3P2,False
GAPDHP46,False
MED15P4,True
PLA2G12AP1,False
SOCS5P2,False
RPL36AP29,False
RPL36AP12,False
ELOCP23,False
RASAL2-AS1,False
E2F6P2,False
ZNF812P,False
UBE2D3P3,False
MTND6P7,False
NEFMP1,False
LAMTOR5-AS1,False
MED28P4,False
LMX1A-AS2,False
RPS17P13,False
E2F3-IT1,False
OR11M1P,False
LINC01706,False
NPIPA3,False
LINC02671,False
LEMD1-DT,False
LINC01657,False
FLVCR2-AS1,False
GUSBP10,False
CEP57L1P1,True
FCF1P7,False
IMPDH1P8,False
PCOLCE-AS1,False
LILRB1-AS1,False
MAGEA7P,False
TEX26-AS1,False
MTCYBP21,False
SHMT1P1,False
VN1R21P,False
HMGN1P34,False
LINC01167,False
C1DP3,False
CCNYL4,False
FDPSP8,False
LINC02931,False
MUC20P1,False
ATP2B2-IT2,False
HSPA8P7,False
BRAFP1,False
RPSAP50,False
OR4F2P,False
CENPIP1,False
EIF4A2P4,False
MIPEPP2,False
S100A15A,False
CETN4P,False
LINC02670,False
HLCS-AS1,False
KRT18P39,False
IQCF4P,False
NTM-AS1,False
RPL32P1,False
RPS27AP6,False
TUBB4BP2,False
LINC00853,False
ARL5AP4,False
DUX4L9,False
SRGAP3-AS1,False
BEND3P2,False
TMEM72-AS1,False
NAP1L4P2,False
LINC03046,False
BTF3P4,False
COL4A2-AS2,True
THRB-IT1,False
RORB-AS1,False
USP21P1,False
LINC00265-2P,False
TOMM20P1,False
OR2X1P,False
TMEM183BP,False
LINC01689,False
BTF3P9,True
GCSHP5,False
RPL12P17,False
LMX1B-DT,True
LINC00240,False
NQO2-AS1,False
LINC00502,False
MTND5P24,False
LINC00393,True
CDKN2A-DT,False
OPA1-AS1,False
RPL35AP36,False
LINC01691,True
RPL29P11,True
GXYLT1P2,False
YBX1P1,False
LINC01398,True
USP9YP25,False
MRPL20-AS1,False
CDY13P,False
EML4-AS1,False
NDUFAF8,False
MTCYBP29,False
EIPR1-IT1,False
NFYCP2,False
ARL14EPP1,False
RPS4XP16,False
LINC02840,True
VPS26BP1,False
SIGLEC30P,False
POT1-AS1,False
LINC02830,False
GAGE12H,False
RNF32-AS1,True
SBF1P2,False
SRP14P1,True
RPL21P91,False
TIMM8BP2,False
LINC01766,True
LINC00863,False
APOC4-APOC2,False
TACC1P1,False
LINC00320,False
NDUFA5P10,False
KRT8P30,True
LINC02262,False
LINC01034,False
GOT1-DT,False
SUCLA2P1,False
LINC00184,True
PRRT4,False
EEDP1,False
LINC02819,False
CASC6,False
VN1R25P,False
ATP5MC1P8,False
RPL37P24,False
SRIP3,False
KCTD10P1,False
LINC01266,False
PGM5-AS1,True
PPP4R3C,False
LINC01752,True
PSAT1P4,False
ECMXP,False
TRAPPC2P3,False
KCNC4-DT,True
TBC1D3P6,False
LINC01645,False
SUMO2P3,False
LARGE-AS1,False
INE1,False
PARP4P2,False
RC3H1-DT,False
CD84P1,False
RPL23AP85,False
TMEM233,False
PPP1R8P1,False
FAM41AY1,False
RPL29P12,False
LINC01526,False
VTA1P1,True
OR51A5P,False
RPL7AP77,False
TWF1P2,False
KCTD9P1,False
LINC00328-2P,False
UBE2D3P1,True
RPL37P11,False
KIF4CP,False
IFNWP4,False
EIF4BP7,False
CDK4P1,False
EIF1AX-AS1,False
LINC01058,False
RPL18AP2,False
MTND5P27,False
HMGB3P22,False
PRPF38AP1,False
CATIP-AS1,True
TMCC2-AS1,False
LINC01802,False
MDM4P1,False
RPL23AP2,True
RPS26P58,False
OR7E116P,False
WWC3-AS1,False
ICMT-DT,False
FTH1P22,False
PFN1P4,False
DAP3P1,False
GRTP1-AS1,True
SNORA71A,False
RPL3P7,False
SETP20,False
BCRP1,False
ATP6V1E1P1,False
DPY19L2P5,False
OR52K3P,False
LINC01076,True
ZBTB45P1,False
PNMA6F,False
ARSDP1,False
EEF1B2P5,False
RPL23AP36,False
RANP4,False
CAMTA1-AS1,False
LINC00237,False
LINC00972,False
PSME2P2,False
MORF4L1P4,False
PGBD4P5,False
DYNC1I2P1,False
SLC9A3-AS1,False
RPS12P10,False
GOLGA2P7,False
TUBAP9,False
TOMM22P5,False
HSPE1P24,False
NPM1P39,True
RTRAFP2,False
TXNP2,False
BRI3P1,False
DUTP6,False
OSTM1-AS1,True
ATP5MGP4,False
NHSL1-AS1,False
LINC00457,False
PVALEF,False
PPIAP8,False
REREP1Y,False
PLEKHM1,False
ZNF33BP1,False
RPS12P26,False
LINC00092,False
RPL10P17,False
SSXP3,False
PDK1-AS1,True
MIR137HG,False
DUXAP9,False
AKR1B1P6,True
SMARCE1P1,False
HSPA7,True
PLA2G12AP2,False
CHCHD4P5,False
RPS27AP12,False
ARL2BPP10,False
LINC01795,False
LINC02470,True
TRAPPC12-AS1,False
INTS6L-AS1,False
GEMIN7P1,False
RPL21P107,False
COX6B1P7,False
RPS2P1,False
LINC00378,False
RPL5P25,False
ARMC8P1,False
PSLNR,False
TRAPPC2P5,False
ST13P6,False
PCDH9-AS3,False
ZNRF2P2,False
TAF1A-AS1,False
RPL8P2,False
LINC00705,False
CICP12,False
NOLC1P1,False
NUP210P2,False
MTND1P18,False
LINC01770,False
OFD1P13Y,False
RPL29P29,False
LINC02935,False
ABCD1P4,False
OSTCP2,False
MTND4P4,False
LINC00113,False
ASS1P11,False
DNAJC19P4,False
CDCA3P1,False
LINC00350,False
LINC01427,True
HBAP1,False
USP9YP19,False
USP17L3,False
LINC01594,False
LHFPL3-AS2,True
LINC01678,False
LINC02813,False
HMGB3P1,True
RPL23AP18,False
LRRK2-DT,False
RPL21P66,False
SNX18P3,False
SLC25A5P8,False
ANKRD49P2,False
FREM2-AS1,False
RPL31P53,False
RPL7AP52,False
ARL6IP1P2,False
RPF2P1,False
MIPEPP1,False
PPP1R26-AS1,False
CT62,False
ATP6V0E1P1,False
TDGF1P3,True
CAPZA1P2,False
CICP8,False
TMEM246-AS1,True
NRSN2-AS1,False
IGKV1OR9-2,False
RPS5P7,False
SFTA1P,False
LRRC3B-AS1,True
NHEG1,False
MRPL36P1,False
FAM236D,False
PGM5P4,False
RAB28P5,False
TGIF2P1,True
RPL26P34,False
RPS15AP17,False
ELF2P4,False
LINC02557,False
ACKR4P1,False
RPL36AP28,True
AKR1C5P,False
RPL21P3,False
RBMS1P1,True
TNPO1P1,False
LINC00331,False
NDUFB4P7,False
LINC01671,False
MTND1P12,False
LINC01504,True
PACRG-AS2,False
KRT41P,False
BOLA3-DT,False
MPRIP-AS1,False
RPL36AP27,False
LINC01867,True
LINC01763,False
RPS15AP10,False
RAB6C-AS1,False
TPI1P4,False
FDPSP1,True
ZNF70P1,False
RFPL1S,True
OFD1P10Y,False
JPX,False
TPT1P15,False
NFIB-AS1,False
ATP13A4-AS1,False
MTCO3P5,False
PLCB1-IT1,False
RPS6P14,False
RPL22P4,False
NUTM2B-AS1,True
RPL35AP7,False
UBE2Q2P4Y,False
GBP1P1,False
LINC01107,False
RTRAFP1,False
KCNMA1-AS2,False
RPL15P4,False
SNRPFP3,False
GAPDHP16,False
CYP4A22-AS1,False
SSXP5,False
AIFM1P1,False
PCDH8P1,False
LINC00475,False
MTND1P34,False
FAM197Y5,False
LINC01703,False
SNED1-AS1,False
IGKV6D-21,False
MKRN2OS,False
SP3P,False
PAWRP1,False
LINC01393,False
STIP1P3,True
OR5BE1P,False
LINC01821,False
ZNF385D-AS1,False
LINC02476,False
LINC01980,False
SELENOKP3,False
NAALADL2-AS1,False
C2CD4D,False
MTCO3P20,False
UBE2D3P2,False
FAM197Y8,False
LINC01710,False
LINC01492,False
CCT4P2,False
DOCK4-AS1,False
RPL35P5,False
DRAXINP1,False
NCBP2-AS1,False
EDNRB-AS1,False
PA2G4P5,False
TRIM53AP,False
IPPKP1,False
LINC01623,False
MTOR-AS1,False
CDY20P,False
CCDC13-AS2,False
LINCMD1,False
ZNF469,False
RBMY2UP,False
MYT1L-AS1,False
PPIAP17,False
AGBL4-IT1,False
TBL1YP1,True
CFAP95-DT,False
MTND2P28,True
HNRNPA3P15,False
PABPC1P12,False
PGAM1P2,True
LINC01729,True
SNRPEP5,False
RPL35AP4,False
SBDSP1,False
EIF2S2P5,False
KCNMA1-AS3,False
RNF19BPY,False
LINC01716,False
TAF13P2,False
RPL14P5,False
MCRIP1,False
YWHAZP8,False
SAR1AP3,False
RPL23AP27,False
CADM3-AS1,False
FCF1P6,False
CCNT2P1,False
IPO7P2,False
LRP8-DT,False
PACRG-AS3,True
FAM225B,False
TSPY5P,False
TREML5P,False
LAGE3P1,False
HNRNPA1P35,False
SLC26A6,False
IGHV3-72,False
EIF4A1P13,False
PTPRD-AS1,False
PDE4DIPP8,False
ATP5MC2P1,False
RPL30P1,False
PSMA1P1,False
ELOCP13,False
NMNAT1P2,False
RPL24P9,False
MTND6P15,False
ASH2LP3,True
FAM66E,False
TMEM230P1,False
ADGRF5-AS1,False
PDE9A-AS1,False
FGD5-AS1,False
NEK4P1,False
NRG3-AS1,False
NPM1P18,False
ELOCP6,False
LINC02036,False
MEG8,True
DBH-AS1,False
RPS17P17,False
LINC00489,True
LINC00431,False
LINC01389,False
P3H2-AS1,False
LINC01831,False
DHRS4L1,False
FAF1-AS1,False
LINC02620,True
CROCCP1,False
RPS29P3,False
SIRPAP1,False
DDX39AP1,False
PROSER2-AS1,True
OR6V1,False
MIAT,False
LSM3P3,True
TRAM2-AS1,False
SNX10-AS1,False
TMEM30A-DT,False
MTND4P23,False
UBDP1,False
RABEPKP1,False
WARS1P1,False
MRPS11P1,False
DEFB131B,False
DNAJC19P5,False
RBMY2KP,True
GRPEL2P2,False
GTF3AP5,False
UBXN7-AS1,False
RPL7P45,False
IGHD6-25,False
LINC00626,False
SFTPA3P,False
FAM229A,False
ERCC6,False
RPS18P1,False
RPL36AP25,False
ACE2-DT,False
TRMT2B-AS1,False
GGCTP3,False
NIPA2P1,False
RPL36P8,False
MKRN7P,False
HLA-S,False
RUSC1-AS1,False
PCNPP2,False
LINC02816,True
MATR3P1,False
WDR87BP,False
LINC00368,False
TEX14BP,True
C3orf86P,False
PSG8-AS1,False
SERBP1P2,False
LINC00115,False
LINC01456,False
BMS1P11,False
DHDDS-AS1,False
TRAPPC2P8,False
ELOCP36,False
FRG2B,False
HSPE1P13,False
MTND2P9,False
MORF4L1P7,False
ANKRD65-AS1,False
RPS27P16,True
RPL26P36,False
TSBP1-AS1,False
RPL7P59,False
LINC01745,False
RIMKLBP2,False
NOL7,False
RPL21P92,False
TAB2-AS1,False
CACYBPP1,False
LINC02249,False
RPS14P5,False
FAM133FP,False
BANF1P5,False
SLC18A2-AS1,False
PCA3,False
S1PR1-DT,False
C5orf67,True
LINC01875,False
RIOK3P1,False
ZFAND3-DT,False
LINC02648,False
NTF4,False
ODF2-AS1,False
SATB2-AS1,False
MTND4P3,False
NRIR,True
ELFN1,True
BICDL3P,False
RPS3AP51,False
MTND1P23,False
PIGBOS1,False
ZNF567-DT,False
CKS1BP2,False
HAR1A,False
ANKRD44-DT,False
OR7E19P,False
MICALL2-DT,False
HMGB1P26,False
LAMP5-AS1,False
SNRPEP7,False
RPL23AP34,False
TRGVA,False
OR4A8,False
NDUFA12P1,False
GTF2IP14,True
PPIAP37,False
LINC02528,False
LINC02660,True
FAM88F,False
SEPTIN14P3,False
KCNIP2-AS1,False
OFD1P1Y,False
MRPS18BP1,False
CCT8P1,False
RPL36AP55,False
PRICKLE2-AS3,False
CDK2AP2P3,False
CT47A6,False
COX5BP7,False
RWDD3-DT,False
PFN1P12,False
LINC01772,False
HLA-DQB3,False
FGF13-AS1,False
NANOGNBP1,False
LINC01040,True
PPIAP21,False
CDY10P,False
AP1S2P1,False
YBX1P8,False
TLK2P1,False
ZNF503-AS1,False
LINC01776,False
MEMO1P1,False
PAICSP1,False
MTND4P32,False
PHF2P2,True
HMGB3P20,False
PCMTD1P1,False
PGBD4P6,False
ZBTB45P2,False
ZP3P2,False
LINC00623,False
HNRNPA3P4,False
LINC00951,False
PRSS44P,False
PHKG1P1,False
RPL6P4,False
USP12PX,False
SLC39A12-AS1,False
UQCRFS1P1,True
EIF3LP3,False
HHLA3-AS1,False
LINC00937,False
RBMY2AP,False
RPS28P8,False
RPL7P3,False
SEC11B,False
LINC02097,False
SEPTIN7P3,True
RPL36AP54,False
RAB28P1,True
FCF1P4,False
NDUFB4P5,False
USP9YP6,False
MTND3P1,False
C3orf49P1,False
AHCTF1P1,False
DDC-AS1,False
FTCDNL1,False
LINC01907,False
PSMC1P12,False
RPL26P9,True
PPIAP66,False
RPS3AP46,False
LINC02794,True
BAIAP2-DT,False
LINC02654,False
RPL35P8,False
RPS27AP3,False
KRT16P6,False
TUBBP10,False
SLC25A39P1,False
CHP1P3,False
RPL23AP76,False
OR52E3P,False
CLCP2,False
LINC01375,False
EIF4A1P5,False
FGFR3P6,False
AP4B1-AS1,False
TEX22,True
LINC00685,True
RANP7,False
TRIM64FP,True
ELOCP21,False
HNRNPA1P3,False
CLK3P2,False
LINC02519,False
GAPDHP75,False
SGMS1-AS1,False
LINC01733,False
RPS3AP27,False
RBISP1,False
WASH8P,False
TRGV6,False
UBQLN4P2,False
RPS12P5,False
RPL19P1,False
CICP22,False
RPL26P19,True
H2BP7,False
TSPY16P,False
PRELID3BP1,False
RPLP0P1,False
NPIPB14P,False
KRT18P24,False
LEMD1-AS1,False
GAS1RR,False
LINC00381,False
RPS17P8,False
RPL37AP1,False
ZNF32-AS1,False
KRT18P36,False
SUPT4H1P1,False
LINC00408,False
LINC02608,False
MRPL35P3,False
PTP4A1P3,False
UBE2V2P1,False
GRM7-AS3,False
GTF2H2B,False
PIMREGP1,False
PHKBP1,False
ISM1-AS1,False
ZNF736P2Y,False
ARHGAP26-AS1,False
STUB1P1,False
PSPHP1,False
RPL12P10,False
ARPC3P1,False
NUP35P2,False
TMEM191A,True
OR52I2,False
CDCA4P3,False
RPS3AP10,False
RPL17P14,False
RAD23BP3,False
RPSAP62,False
PDCL3P1,False
NPY6R,False
HNRNPDLP1,False
SMARCE1P2,False
CFLAR-AS1,True
MTCYBP12,False
ZKSCAN8P1,False
LINC00351,False
RPS3AP38,False
LINC01811,True
CROCC2,False
RPSAP49,False
NUP50-DT,False
PPP1R15B-AS1,False
RPL23AP28,False
MRPS16P3,False
TMEM252-DT,False
RPS26P56,False
USP8P2,False
MTCYBP39,False
NMD3P1,False
CST12P,False
VN2R10P,False
PSPC1-AS2,True
TAF9P1,False
RPS6P20,False
KRT8P38,False
ACTG1P24,True
RPL10AP6,False
TERF1P5,False
FAM41AY2,False
HAGLROS,False
LINC02089,True
CCDC12P1,False
ST7-AS2,False
USP9YP11,False
LINC00375,False
DCAF8L1,False
LINC01345,False
LINC01876,False
PARD3-DT,True
SORCS3-AS1,False
ELL2P4,False
MAPK6P6,False
KCNQ2-AS1,True
MTATP6P21,False
IFNA20P,False
MRPS21P5,False
LINC02909,False
RBMX2P1,False
RPL23P11,True
LINC02628,False
OR8T1P,False
MTCYBP38,False
TPI1P1,False
MRPL23-AS1,True
SLC16A1-AS1,True
IGLV3-4,False
SLC25A5P5,False
CYP26C1-DT,False
HMGN2P7,False
RPL15P13,False
USP17L7,False
ANKRD18DP,False
H3P43,False
LAMA4-AS1,False
PLCL2-AS1,False
GAPDHP32,False
ACTR3BP7,False
THBS2-AS1,False
NOTCH2P1,False
ZNF25-DT,False
RPL7AP51,False
CDY5P,False
CYP2D8P,False
LINC02542,True
RPL22P3,False
OR10G5P,False
RPA2P2,False
ADAM1B,True
RPS29P33,False
PPIAP62,False
LINC01748,False
UPF3AP1,False
TMEM185B,False
OR7H1P,False
ACTR3BP2,False
ADIPOQ-AS1,False
RBM22P3,False
LINC01035,True
LINC01824,False
RPL36AP17,False
C8orf90,False
FTOP1,False
RPL26P27,False
LINC00323,False
LINC02549,False
RPSAP21,False
USF1P1,False
KRT8P27,False
TMEM167AP1,False
IPMKP1,False
LINC01918,True
UPK1A-AS1,False
FAM138B,False
LINC00390,False
KIRREL1-IT1,False
HDAC9-AS1,False
RPS7P10,False
MTND1P1,False
BTBD9-AS1,False
SETP15,False
OR7E33P,False
MLXP1,False
GAPDHP73,False
RPL36P10,False
MYL6P1,False
RPL7P22,False
SSU72P1,False
SCDP1,False
IMPDH1P7,False
MTCL1P1,False
AGKP1,False
NPM1P49,False
TRAF6P1,False
CYP4F26P,False
FTH1P20,False
LINC00606,False
SNORD57,False
RPL36P17,False
MICC,False
MTCYBP31,False
RPL39P40,False
LINC02848,False
UBE2V1P5,False
UBE2V1P10,False
IFNWP9,False
CT47A9,False
PAPPA-AS2,True
FTLP3,False
SNX30-DT,False
OFD1P2Y,False
OR52M2P,False
RPL21P110,False
LINC00343,True
RBM17P1,False
NOP56P2,False
SHANK2-AS1,False
LINC00974,False
SLC9A3P3,False
UBE2V1P1,False
PPIAP28,False
SHISA5P1,False
ACTG1P12,False
BUD13-DT,False
RPL7P37,False
PLCG1-AS1,False
KIF4B,False
PSMD10P2,False
OR13Z1P,False
RPL23AP30,True
TSPAN14-AS1,True
TRBV2,False
CHMP1AP1,False
MTND4P10,False
SSR1P2,False
HSPA9P1,False
BCAS2P3,False
LINC01108,False
TEX41,False
LINC02679,False
IGBP1P1,False
PWWP2AP1,False
CT47A12,False
LINC01535,False
ENTPD1-AS1,False
NXNP1,False
ANKRD20A10P,False
LENG8-AS1,False
MTND4P25,False
RPL15P14,False
MIR217HG,False
NPM1P4,True
SDCBPP1,False
FGF12-AS3,True
FAM66C,False
LINC01709,False
PTPRD-DT,False
SNRPGP8,False
EEF1DP2,False
LINC00424,False
PABPC1L2B-AS1,False
TMEM256P2,False
RPL35AP30,False
SNRPGP12,False
LINC02554,False
HSBP1L1,False
OAZ1P1,False
SMCR5,True
FSIP2-AS2,True
CUTALP,False
FOXN3P2,False
MAGOH-DT,False
VPS25P1,False
PP12613,False
DISC1-IT1,False
DAB1-AS1,False
TAS2R46,False
LINC02668,True
SRRM5,False
RPSAP33,False
FABP7P1,False
GAPDHP54,False
LINC03012,False
HIKESHIP1,False
KRTAP3-4P,False
FAM30A,False
NAALADL2-AS2,False
AVPR1B-DT,False
TBCAP1,False
TLK1P1,False
PGAM4,True
WBP11P2,False
HNRNPA3P1,False
LINC02611,False
C13orf42,True
MTND1P20,False
CACTIN-AS1,False
OSTCP8,False
RUVBL2P1,False
ZNF451-AS1,False
LCT-AS1,False
MROH5,False
LINC00840,False
R3HDML-AS1,False
LINC01941,False
SLC6A6P1,False
MEIS1-AS3,False
LINC02785,True
SUGT1P1,False
LINC01509,False
NPM1P11,False
LINC02774,False
MED15P3,False
PPP1CB-DT,False
ARHGAP29-AS1,False
RPL32P19,False
HMGB1P32,False
MTND6P11,False
PAICSP3,True
EEF1GP3,False
LINC00348,False
PRPS1P1,False
ZNF277-AS1,False
GPR155-DT,False
RPSAP17,False
THORLNC,False
DUTP3,False
LINC02051,False
RBX1P1,False
SHROOM2P1,False
ATE1OSP,False
LHFPL3-AS1,True
CDY14P,False
TRPC6P10,True
ZNF877P,False
SMYD3-AS1,False
GSTM3P2,False
H3P44,False
RPS29P10,False
E2F6P3,False
ERVMER34-1,True
RPLP1P10,False
ATF6-DT,False
LINC01359,False
CHCHD2P1,False
LINC00354,False
TTTY4,True
H2BP6,False
ISCA2P1,False
BSN-DT,False
RPL19P4,False
LINC01276,False
LINC00454,False
IL1R1-AS1,False
PDZPH1P,True
RPS14P4,False
CT47A11,False
GTF2IP2,False
NRBF2P2,False
LINC00161,False
CEP164P1,False
RBMY1J,False
IL9RP3,False
ALG1L5P,False
RNF207-AS1,False
LCEP4,False
RPS4XP2,True
OR6K5P,False
DANCR,False
NCKAP5-AS2,False
MTCO1P21,False
PPIAP60,False
RAC1P6,True
RHEBP2,False
HAUS4P1,False
LINC00423,False
PRKCZ-DT,False
NEDD8P1,True
RPL12P19,False
COX6A1P2,False
HMGN1P24,False
MAGI2-AS2,False
LTA,True
ABHD17AP6,False
CENPCP1,False
LINC01692,False
LINC01203,False
PRELID1P5,True
LINC00658,True
MTATP6P30,False
HSPD1P14,False
NBPF2P,False
SNRPEP10,False
LINC01247,False
RPS24P19,False
FUNDC2P4,True
LINC02876,False
LINC02527,False
OR7E96P,False
FKBP14-AS1,False
LINC02796,False
IL6STP1,False
OR7E101P,False
OR51A3P,False
SLC8A1-AS1,False
RPS2P36,False
MTATP6P18,False
LINC00511,False
GTF2IP7,False
ITGB2-AS1,False
LINC01682,False
C14orf132,False
MUC12-AS1,False
FDX1P2,False
RPL6P2,False
WDR46,False
ANHX,False
LINC00629,False
RPL41P1,False
NAA20P1,False
DPPA3P1,False
CNN2P2,False
EPS15-AS1,False
FOCAD-AS1,False
SDHDP2,False
LINC02094,False
LINC02798,True
RBMX2P5,False
SLC6A17-AS1,False
HMGB3P8,False
RPS28P7,False
OR2AS1P,False
PIGQP1,False
PARP1P1,False
IGHD1-14,False
CRIP1P3,True
LMCD1-AS1,False
LINC01630,False
HORMAD2-AS1,False
BTF3P13,False
LINC02672,False
RPL12P44,False
ZNF717,False
LBX1-AS1,False
OTX2P2,False
USP17L5,False
LINC01153,False
IL21-AS1,False
MTCO1P44,False
PRR20D,False
OR2T7,False
MKRN6P,True
DOCK8-AS2,False
DDX11L16,False
THEM7P,False
WDR11-DT,False
STSP1,False
TRPS1-AS1,False
YAE1-DT,False
MYL6P3,False
BEND7-DT,False
NSA2P5,True
AIMP1P2,False
PGBP,False
LRRC2P1,False
LINC01688,False
VN1R28P,False
HDGFP1,False
RPL21P31,False
MGAT3-AS1,False
TRGC2,False
MIR663AHG,False
IGHD4-23,False
C6orf47-AS1,False
ST7-AS1,False
CNN2P1,False
SUB1P1,False
RBMY2JP,True
PFN1P9,False
RPL31P12,False
WARS2P1,False
WDR35-DT,False
H3P45,False
PFN1P6,False
SPATA13-AS1,False
HCG15,False
MTND1P14,False
WASH7P,False
CICP17,False
SPANXB1,False
ZNF692-DT,False
TTC39DP,False
SLAMF6P1,False
LINC00845,False
TRIM60P13,False
NALF1-IT1,False
TRIM60P9Y,False
COPS8-DT,False
VDAC1P12,False
CDRT15P2,False
MIS18A-AS1,False
SMIM2-AS1,False
HMGN2P22,False
LINC01985,False
YWHAZP7,False
HCG4B,False
ACTR3BP5,False
GXYLT1P7,False
KLLN,True
RPL39P25,False
MYOCD-AS1,False
MTND6P10,False
RPL35AP12,False
MARK2P10,False
ARID3BP1,False
HSFY3P,False
LINC01364,False
ELL2P1,False
ARAFP3,False
KRT16P2,False
SSXP9,False
LINC02708,False
LINC02832,False
LINC02630,False
MTND4P15,False
RPL7AP22,False
IGHJ1P,False
LINC00434,False
RPL23AP43,False
THRAP3P1,False
LINC00307,False
RPL15P1,False
HAUS6P1,False
PARG,False
HNRNPKP2,False
MTND5P25,False
CEACAMP7,False
PPIAP88,False
NANOGP6,False
ARHGEF7-AS1,False
RAB28P3,False
RBM26-AS1,False
GOLGA7B-DT,False
LINC02936,True
RPS24P7,False
SLC9B1P4,False
CDK8P2,False
TP73-AS1,False
RABGAP1L-DT,False
DLG1-AS1,False
FTH1P16,False
PPIAP2,False
EIF4A2P2,False
RPL35AP2,False
SALL1P1,False
HPN-AS1,False
RPL11P1,False
EIF2AP4,True
KIF9-AS1,False
RPL37P1,False
LINC01806,False
KRT8P20,False
RNF6P1,False
AMYP1,False
ZMYM4-AS1,False
ACNATP,False
STK33P1,False
PCGEM1,False
LINC01724,False
OR10U1P,False
MRPS21P2,False
VN1R33P,False
MDH1P1,False
H3P9,False
CSE1L-DT,False
ASIC4-AS1,False
RNF19BPX,False
FCF1P1,False
RPS8P4,False
COL6A2-DT,True
TTTY17B,False
ATP5MC1P4,False
H3P30,False
OR10R1P,False
XGY1,False
FGF7P6,False
HNRNPA1P63,False
MTND4P30,True
LINC00310,True
PSME2P6,False
GPN3P1,False
PDE4B-AS1,False
LINC01537,False
RPL39P16,False
AKR1B15,True
TSSK5P,False
RPL6P24,False
STK4-DT,False
CCDC148-AS1,True
NCAM1-AS1,False
GAGE12D,False
CCNJP1,False
CHUK-DT,True
USP9YP14,False
KIF1C-AS1,True
PABPC1P6,False
SCAMP4,False
MROCKI,False
SLIRPP1,False
LTB,True
LINC01624,True
LINC01839,False
LINC01442,False
ILRUNP1,False
C1DP4,False
LINC01483,True
MIR1302-9HG,False
TUBB4BP8,False
RPS20P15,False
RPL7P6,False
DIAPH3-AS1,False
SLC2A1-DT,False
AP1M2P1,False
SOCS5P4,False
HNRNPFP1,False
DNAJC9-AS1,False
SFR1P1,False
MYO1B-AS1,False
SPAG5-AS1,False
LINC03013,False
OR4A2P,False
TRBV7-5,False
USP17L12,False
MIR4290HG,True
MTND3P9,False
RPS15AP30,False
RNF11P2,False
LINC00376,False
SNX18P26,True
RPS3AP53,False
STAU2P1,False
ADGRF5P1,False
RPS3AP37,False
MTND4P5,False
RPS26P39,False
CNTN4-AS2,False
TP73-AS3,False
ATP5MC1P5,False
HSD11B1-AS1,False
PIGFP3,False
PHB1P16,False
WASF1P1,False
PTPRT-AS1,False
TOMM22P3,False
SUMO2P2,False
TMEM183AP1,False
FRMPD3-AS1,False
LINC01074,False
QRSL1P2,False
CERS6-AS1,False
ALG1L8P,False
PHB1P11,False
SNRPEP3,False
SLC25A15P1,False
LINC01132,True
RBMY2YP,False
LINC01714,True
USP9YP21,False
HNRNPA1P14,False
SOX21-AS1,False
HIGD1AP11,False
RPL7P54,False
STEAP2-AS1,True
MTND6P32,False
ISCA1P6,False
SERPINA7P1,False
CLYBL-AS2,False
UST-AS1,False
MTCO3P18,False
RPL7P2,False
CYCSP24,False
ZNF731P,False
LINC00355,False
LINC01068,False
ATP5F1AP2,False
CROCCP4,False
LINC02088,False
HNRNPA3P2,True
SRP68P2,False
MED28P3,False
GSTM3P1,False
RPL23AP74,False
DNMBP-AS1,False
LINC00111,False
SDAD1P3,False
LINC01850,False
MTND6P18,False
GOLGA6L25,False
RPSAP64,False
POLR2MP1,False
RD3L,False
MTND6P5,False
CYCSP5,False
MTCO3P16,False
OR8B1P,False
PSMD14P1,False
LINC02803,True
CALR4P,False
LINC01940,False
RCC2-AS1,False
RPL36AP31,False
HCG9P5,False
VTI1BP4,False
GUSBP8,False
NTRAS,False
MYL12BP2,False
RPL7P12,False
ASH1L-IT1,False
AKR1D1P1,False
RPL7AP19,True
NDUFB3P5,False
ZNF965P,False
MTCO3P43,False
MTCYBP7,False
SPECC1P1,False
RPS10P9,False
MTND4LP9,False
CDPF1P1,False
IGHD4-17,False
DNAJB3,False
RPL21P90,False
OR5W1P,False
INKA2-AS1,False
MRPS17P9,False
ARHGAP42P1,False
SLC9A7P1,False
PKD1P2,True
TRIM60P3Y,False
ST13P21,False
CARM1P1,False
TRIM60P11Y,False
CPMER,False
KRTAP8-3P,False
MTND5P31,False
UGT1A11P,False
PPIAP93,False
SUCLA2-AS1,False
SEPTIN2P1,False
RPS29P17,False
DPY19L2P3,False
MTND5P18,False
HNRNPA1P31,False
ARL5AP1,False
ELOCP11,False
TEX46,True
USP9YP12,False
FAM136GP,False
GRAMD4P1,False
RPL23AP89,False
MRLN,True
PSPC1P1,True
ASS1P5,False
THAP12P6,False
ATP6V0E1P4,False
RPS26P13,False
FAM66A,False
PSMA2P3,False
OR5P4P,False
LINC00352,False
WAPL-DT,False
MED6P1,True
SNAP25-AS1,True
IL6ST-DT,False
LINC02344,False
KRT8P44,False
ELOCP16,False
SPTLC1P5,False
RBPJP6,False
LINC01655,False
MACROD2-IT1,False
SRGAP3-AS3,True
SELENOOLP,True
MTND2P30,False
RPL3P2,False
LINC01696,False
UQCRBP2,False
FRMD8P1,False
PTPRK-AS1,False
INO80D-AS2,False
LINC01738,False
CYCSP46,False
RPL18AP17,False
LINC01341,False
TARID,False
EPHA2-AS1,False
RBM15-AS1,False
LINC01429,False
BUB3P1,False
NPM1P22,True
NR1H5P,True
THAP12P3,False
PIN4P1,False
RPL7P30,False
BRK1P2,False
TRIM60P18,False
TDGF1P1,False
RAB11AP1,False
MTND5P1,False
RPL7AP65,False
DHX9P1,False
MYCLP2,False
RPL36AP7,False
IL6R-AS1,False
ZNF680P1,False
RAPGEF4-AS1,False
HNRNPA1P46,False
HCG20,False
CYP1D1P,False
HMGN2P21,True
NGF-AS1,False
HSPD1P9,False
VN1R51P,False
EIF3JP1,False
M6PRP1,False
SPOPL-DT,True
DNAJA1P6,False
MTCO3P40,False
POLR2J2,False
TOP3BP1,False
WBP11P3,False
RANP5,False
FAM245A,False
CFL1P3,False
SEC63P1,False
LINC01736,False
PABPC4-AS1,False
LYPLAL1-DT,False
LINC01515,True
LINC01740,False
MTCO3P29,False
RPL7P47,True
UBBP5,False
BOD1L2,True
HLA-U,True
SIM1-AS1,True
IFNA14,False
PNKDP1,False
COX6CP15,False
MTATP6P11,False
LINC01820,True
LINC01757,False
SPTBN1-AS1,False
MELTF-AS1,False
ST13P19,True
TPT1P2,True
MYL6P5,False
PHB1P3,False
MTND1P17,False
MDN1-AS1,False
AKIRIN1P2,False
FALEC,True
LINC01649,False
IGHD6-6,False
UBE2V1P14,False
LINC01494,False
EFHD2-AS1,False
CASP16P,False
RPL3P1,True
TLE1P1,False
LINC01674,False
MTND1P11,False
HNRNPA1P21,False
PPIAP19,False
GEMIN8P4,False
MTND2P25,False
SNX19P1,True
LINC02843,False
RPL23AP16,False
ZNF691-DT,False
ELOCP14,False
RPL5P27,False
PTPN2P1,False
OR2M3,False
GRASLND,False
LINC02869,False
PNPP1,False
RPL7AP12,False
HYAL6P,False
OFD1P17,False
NLGN1-AS1,False
LINC02770,False
PNRC2P1,False
ATF4P3,False
NPM1P30,False
LINC00578,False
HCG11,False
NACA4P,False
CRLF3P3,False
TINAG-AS1,False
GAPDHP1,True
GLRXP1,False
TXNP5,False
EFCAB14-AS1,False
TTTY17A,False
MOB1AP1,False
XPC-AS1,True
UBBP2,True
NUTF2P3,False
COL6A4P2,False
MT-ATP8,True
ITPRIP-AS1,False
LINC01320,False
PSMD8P1,False
LINC02048,False
ARMCX3-AS1,True
UMLILO,False
ORM2,True
KATNBL1P6,False
LYPLA2P1,False
PCAT6,False
TBX18-AS1,False
ARL4AP3,False
IDH3B-DT,False
BMS1P17,False
LINC00392,False
TTTY4C,False
FAM174C,False
RPL7P55,False
OR4K6P,False
PRELID1P6,False
OR2S1P,False
LINC01209,False
LINC01350,False
GAPDHP45,False
CYP4F29P,False
GUSBP11,False
MTATP6P19,False
FKTN-AS1,False
SPATA2P1,False
GLIS3-AS2,False
MYADM-AS1,False
IGKV3D-7,False
PGK1P1,False
LINC01890,False
RPL17P43,False
OR9H1P,True
PPIAP69,False
LINC01784,False
AMD1P1,False
MIR646HG,False
FTLP17,False
EFCAB14P1,False
RPS26P4,False
LINC02585,False
LINC02263,True
CHMP3-AS1,False
SAR1AP1,False
TXNDC12-AS1,False
SMIM10L2B-AS1,False
RPL9P13,False
RPS20P25,False
GAS2L1P2,False
MYL6BP1,False
ITPKB-IT1,False
FAM197Y7,False
LINC01004,True
LINC01635,False
HMGN2P25,False
CNTNAP5-DT,True
CCT6P1,False
ELOCP24,False
CDY4P,False
LNC-LBCS,True
REL-DT,False
PTMAP1,False
LINC01768,False
LINC00687,False
ARL5AP3,False
DHFRP2,False
OR7E23P,False
RRAGC-DT,True
LINC02474,True
MTND5P6,False
UGT1A2P,False
ANKRD49P1,False
NLRP7P1,False
SDAD1P1,False
C1orf50-AS1,False
RPS15AP9,False
LINC01546,False
CYP2C59P,False
RPS19P7,False
TRAPPC2P10,False
TUBB4AP1,False
LIN28AP2,False
OST4,False
CSTP1,False
PRKCE-AS1,False
LINC01713,False
GRK5-IT1,False
C2orf92,True
RPL21P50,False
RAB11FIP1P1,False
LINC01013,False
TMSB10P1,False
RPL15P18,False
EEF1A1P11,False
LINC01760,False
PNISR-AS1,False
DAP3P2,False
CT47A7,False
SURF6P1,False
RANBP1P1,True
DNAJB6P4,False
MIR34AHG,False
SUMO2P21,False
LYPLAL1-AS1,False
CCDC183-AS1,False
PMS2P12,False
OR7E26P,False
ITPKB-AS1,False
SNRPGP9,False
HSPA8P17,False
LINC01005,False
VN1R4,False
RPS15AP13,False
NUTM2E,False
HSFY7P,False
TUBB1P2,False
SPCS2P4,False
MIR4432HG,False
D21S2088E,True
CFTRP1,False
FNDC10,False
PAICSP2,False
MTND4P1,False
MACC1-AS1,True
RPL7P52,False
POLR2CP1,False
RPL39P,False
DCAF8-DT,False
CLDN25,False
PDCL2P1,False
HNF4GP1,False
HK2P1,False
CENPNP2,True
ZNF883,False
HDAC2-AS2,True
HOTAIR,False
LINC02663,True
FCF1P2,False
ROCR,False
PHKG1P2,False
RPL31P13,False
SNHG26,False
HNRNPCP7,False
MYO5BP3,False
RPL23AP58,False
LINC01201,False
VN1R35P,False
STIM1-AS1,False
PSMD10P1,False
KRT18P1,False
TRGV5P,False
LINC00448,False
NANOGP2,False
PROB1,False
PPIAP59,False
TTC3-AS1,False
COL11A2P1,False
MTND4P18,False
CES1P1,True
ARL17B,False
TNKS2-DT,False
LINC00659,False
LINC02575,False
DHFR,True
NAB1P1,False
LINC02521,False
SRGAP3-AS2,False
MTND2P12,False
SAPCD1,False
PPIAP91,False
LINC02013,True
GABRG3-AS1,False
SPATA13-1,False
LINC02577,False
RPS3AP30,False
LINC01672,True
EIF4BP2,False
RPL13AP19,False
PABPC1P8,False
FAF2P1,False
LIMS1-AS1,False
ZNF885P,False
RPL7L1P8,False
KRT8P18,False
MIR365BHG,False
ABCF2P2,False
WEE2-AS1,False
LINC02534,False
H3P29,False
LINC00954,False
SEPTIN14P23,False
NLGN4Y-AS1,False
HCG22,False
THRB-AS1,False
LINC01128,False
FAM207BP,False
LINC01939,False
PCMTD1-DT,False
MTCYBP42,False
MRPS18CP6,False
HMGB3P4,False
PABPC1P11,False
LAMA5-AS1,False
MARK2P13,False
AK3P5,False
BACH1-IT2,False
AGKP2,True
RPSAP1,False
PDE4DIPP10,False
MIR4500HG,False
LAMTOR3P1,False
TLK2P2,False
ATP5MFP2,False
CT45A5,False
CBX3P6,False
PIK3IP1-DT,True
PCDH9-AS2,False
ATP5MC2P4,False
RPS20P13,False
CDY12P,False
MTCO3P4,False
NEGR1-IT1,False
USP17L30,False
ACTR3-AS1,True
RPL23AP12,False
MYLKP1,False
COX4I1P2,False
CSP1,False
SEPTIN7-DT,True
RPL35AP6,False
CICP9,True
RPL23AP26,False
EEF1DP1,True
LINC01428,False
UBAC2-AS1,False
TTTY21,False
MTCO1P43,False
HMGN2P36,False
ST6GALNAC2P1,False
RASA4CP,False
LINC01803,False
OR1H1P,False
OR7E128P,True
NECTIN4-AS1,False
LINC01344,False
TSPY3,False
KPNA2P2,True
RPS13P2,False
MTCO1P3,False
MTA3P1,True
SNRPD2P1,False
AKT3-IT1,False
UBE3AP2,False
CLUHP2,False
SLC25A6P5,False
UGT1A12P,False
LINC02041,False
RPL7AP82,False
SATB1-AS1,False
PIGPP3,False
OR2A9P,False
LINC01690,False
OR7E93P,False
RPSAP60,True
HOMER2P1,False
UBTFL6,False
LINC02607,False
SUMO2P8,False
PPIAP55,False
LINC01205,False
SLC47A1P1,False
TRDD3,False
PHF10P1,False
RPL5P32,False
MTND1P9,False
SEPTIN7P8,False
ACTBP14,False
HNF4A-AS1,False
EXOSC3P1,False
TMPRSS11GP,False
LINC01038,True
RPL30P13,False
LINC01277,True
PMS2P7,False
AKR7A2P1,True
RPL6P3,False
RAB1AP1,False
HSFY1P1,False
KRT223P,False
CDCA4P1,True
MTCO1P25,False
SPRR2C,False
VDAC1P8,False
MRPL32P2,True
ZFAND2A-DT,False
HMGN1P2,False
DUTP1,False
LINC01788,False
RPS29P14,False
HECW2-AS1,True
RPS3AP54,False
TRBV23OR9-2,False
TMPOP1,True
HMGN2P24,False
MTCO3P30,False
LINC01165,False
OR5AW1P,False
PSMA6P2,False
LINC01548,False
RPS26P18,False
MTND1P10,False
ANKRD20A8P,False
HSPA8P8,True
IGHV3-47,False
OR51AB1P,False
CALM2P2,False
ELOCP20,False
PIK3CA-DT,False
YY1P2,False
ASTN2-AS1,False
BTBD6P1,False
ABHD17AP4,False
LINC02587,False
FRMD3-AS1,False
MED4-AS1,False
RPL41,True
RPLP0P9,False
CYCSP4,False
AGBL5-IT1,False
VIM-AS1,False
KANSL1L-AS1,True
ACTG1P2,False
EIF4A1P10,False
RPS7P4,False
CDY6P,False
CCDC26,False
HCG4P8,True
ACTBP1,False
SNX18P4,False
SMPD4P2,False
CRYGEP,False
ANKRD10-IT1,False
EPHA1-AS1,True
KCNQ5-AS1,False
LINC02038,False
TSPY23P,False
TCP1P1,False
RUNX3-AS1,False
NAP1L1P2,False
GDI2P1,False
RPL19P20,False
SRMP3,False
LINC00382,False
RABGEF1P1,False
MRPS16P1,False
PGA4,False
ATP5PDP2,False
ADAM1A,False
LINC03008,False
RPS15AP28,False
LINC02787,False
PTGES3P3,True
LINC00200,False
SERPINH1P1,False
RBMY2NP,False
KCTD9P6,False
LINC00242,False
CYCSP11,False
HNRNPA1P66,False
KRT18P4,False
BTF3L4P4,False
LINC00582,False
MT1P3,False
FEM1AP1,False
KRT18P53,False
RBMY1KP,False
RPL37P18,False
TTTY10,False
HMGN1P37,False
PPP1R12BP1,False
EEF1A1P48,False
LINC00710,False
PNPT1P1,False
LINC01981,False
LINC00377,False
WBP2P1,False
LINC00446,False
USP9YP31,False
HNRNPA1P8,False
OR8C1P,False
ST13P13,False
LPGAT1-AS1,False
LRRC37A12P,True
POM121L8P,False
SNHG31,False
PES1P2,False
LINC03036,False
LINC02829,False
REV3L-IT1,False
EEF1DP6,False
GPR53P,False
FABP5P4,False
LINC02768,False
RFPL4AL1,True
TUBB8P1,False
ZBTB46-AS2,False
TAF9P2,False
PPIAP25,False
LINC00459,False
RPP40P1,False
ORM1,True
MCHR2-AS1,False
HMGB1P45,False
KRT8P12,False
NUTF2P7,False
ACAP2-IT1,False
RPL17P15,False
EPC1-AS1,False
GK-IT1,False
PGBD4P8,False
TMEM44-AS2,True
DANT1,False
SREK1IP1P1,False
NME2P3,False
CDY22P,False
MTCO2P12,False
HYI-AS1,False
ACTG1P9,False
KRTAP9-11P,False
LRRC3-DT,False
CYCSP51,False
DPY19L1P1,False
PIN1P1,False
PPP1R2P5,False
UBTFL7,False
HMGN2P19,False
SZT2-AS1,False
LINC00452,True
USP24P1,False
CICP3,False
PRKAR1B-AS2,True
HMGB1P16,False
CTNNA2-AS1,False
OR8B9P,False
TAF12-DT,False
MICD,False
HLA-DRB6,False
CNIH3-AS1,False
MIR5689HG,True
LINC00858,False
OFD1P4Y,False
KCNQ1-AS1,True
SFTA3,False
USP9YP8,False
NPM1P25,False
RALGAPA1P1,False
H3P10,False
RPL27AP8,False
ANKRD26P4,False
MED8-AS1,False
LINC02069,False
PIP5K1P2,False
LINC00366,True
THEMIS3P,False
LINC00433,False
ST3GAL3-AS1,False
CPVL-AS1,False
SPINK8,True
RPS10P18,True
RLIMP1,False
LINC01789,False
WDR4P2,False
LYST-AS1,False
ACTG1P11,False
LINC02627,False
RPL39P18,False
RGS17P1,False
PATL2,True
ROBO2P1,False
LINC00362,False
LINC02766,False
KSR1P1,False
ALG13-AS1,False
RPL17P1,False
RPL21P37,False
PHKG1P4,False
GAS2L1P1,False
FLT1P1,False
UBE2V1P3,False
LINC00404,False
MYCBP2-AS2,False
LINC01523,False
DNPEP-AS1,False
KRT16P4,True
RABGAP1L-AS1,False
HNRNPA1P53,False
LINC02572,False
LINC01739,False
PANK2-AS1,False
GAPDHP26,False
NKX1-2,False
LINC00428,True
UBE2DNL,False
TSPY8,False
GAPDHP17,False
USP9YP17,False
RPL21P24,False
LINC00379,False
SACS-AS1,True
LYARP1,False
ZFYVE9P1,False
LINC01204,True
LINC02264,False
SMC4P1,False
GAPDHP58,False
PRAMEF25,False
EIF4BP4,True
LINC00358,False
USP17L26,False
PBX3-DT,False
RPL21P44,False
TNPO1P3,False
ACVR2B-AS1,False
MSX2P1,False
SUCLA2P3,False
MYL12BP3,False
PRDX3P1,False
LINC00411,False
MTATP8P2,False
RPL21P93,False
LINC01718,True
GOLGA2P4,False
LINC01079,False
LINC02851,False
SUMO1P2,False
LINC01501,False
MBNL1-AS1,False
LINC01822,False
MTND5P2,False
METTL21AP1,False
PIGCP2,False
BSNDP4,False
LINC01264,False
KRT8P21,False
PRAC2,False
RPL4P4,False
LINC01758,False
CYP2C56P,False
LINC00280,False
NAMPTP1,False
MYOSLID,False
RPSAP22,False
LINC02681,True
LINC02526,False
ITGB1-DT,True
PABPC1P9,False
RPL26P6,True
BUD31P2,False
DPY19L4P1,False
PRR20C,False
MAST4-AS1,False
UBE2V1P9,False
PKP4P1,False
LINC01150,True
H2AL3,False
ZNF492,False
SNORD56,False
CRPPA-AS1,False
ANKRD33BP1,False
MTCO2P1,False
SOS1-IT1,False
SKP2P1,False
LINC00484,False
KARS1P1,False
FAM242E,False
MTND2P20,False
LYPD9P,False
EIF2S2P2,False
SKP1P3,False
MARK2P12,False
USP9YP36,False
LCEP2,False
EEF1DP3,False
RPL23AP19,False
MIR194-2HG,False
LINC01054,False
OR2AQ1P,False
FTLP16,False
PDC-AS1,True
LINC01159,False
SDHDP5,False
BPY2DP,False
COTL1P1,False
RPL7P10,False
RPS27AP15,False
CXCR2P1,False
RPL31P20,False
RPL7AP21,False
DYNLT3P2,False
MRPS18AP1,False
MTCO1P52,False
RPS20P1,False
TMX4-AS1,False
TRBV10-2,False
LINC02624,False
C4B-AS1,False
UBE2Q1-AS1,False
RRN3P4,True
SPNS2-AS1,False
SLC25A38P1,False
SNRPFP2,False
LINC00388,False
LINC00399,False
MTCYBP32,False
RPS21P1,False
KRT18P26,False
ATP8A2P2,False
LINC01813,False
RPS15P5,False
XIST,False
ZNF688,False
RPL35AP21,False
CCNB1IP1P1,True
DDX50P1,False
RPS15AP39,False
RPL12P34,False
PDE4DIPP1,False
DUTP4,False
PET100,True
KHSRPP1,False
ISCA1P2,False
MTATP6P13,False
EMX2OS,False
PYHIN5P,False
ARSD-AS1,False
KHDC1-AS1,False
PGA3,False
EEF1A1-AS1,False
RPL31P54,False
STEAP3-AS1,False
LARP4B-DT,False
RPL21P89,False
RPSAP20,False
OGFR-AS1,False
EIF1P1,False
CASC20,False
PAICSP5,False
IMMTP1,False
HNRNPA1P6,False
ACTP1,False
LINC01315,False
TAX1BP1-AS1,True
GK3P,False
SEPTIN7P7,False
HSPD1P21,False
FOXO6-AS1,False
SNRPGP11,False
DEFB108A,False
TRIM60P16,False
HNRNPA1P18,False
RPL7P46,False
DOCK9-AS1,False
ELOCP3,False
RPS4XP5,False
KIF25-AS1,True
LINC02865,False
FAM90A26,False
IL9RP1,False
RHEBP1,True
LINC00400,False
ATXN1-AS1,True
YWHAZP3,False
MTCYBP9,False
PRPS1L1,True
MYO16-AS2,False
TSPY22P,False
PDE11A-AS1,False
EIF4EP2,True
B3GNT2P1,False
B3GALNT1P1,False
TFAP2A-AS1,False
FOSL2-AS1,False
BCAN-AS2,False
MTND2P2,False
ZRANB2-DT,True
RPS3AP7,False
MAGEA4-AS1,False
IQCF3,False
LIPT1P1,False
PRAMEF36P,False
HMGN2P48,False
TOB1-AS1,False
LINC01435,True
GTF3AP6,False
HBBP1,False
MIR181A1HG,False
AKR1B1P1,False
HMGB3P9,False
RPL5P4,False
SGSM3-AS1,True
ALMS1-IT1,False
SNAP47-AS1,False
ANKRD36BP2,False
MTCO2P3,False
CTSLP4,False
CT70,False
LINC00709,True
PPIAP39,False
YWHAQP9,False
NHS-AS1,False
FNTAP2,False
LINC02800,False
CDY11P,False
POTEB2,False
IGSF21-AS1,False
UBBP1,False
CCNYL5,False
LINC00364,True
AK3P3,False
TMSB4XP6,False
CDK8P1,False
FAM90A15P,False
BIRC6-AS1,False
HIGD2AP1,False
MTND3P2,False
TEX53,False
DDX6P1,False
TRPM2-AS,False
ANKRD66,False
FAM197Y3,False
HSPD1P6,False
CDC42-IT1,False
LRRC37A15P,False
RPL4P6,False
RPL10P6,True
MTAPP2,False
STK24P1,False
HSPE1P28,False
PRRT3-AS1,True
ZBTB47-AS1,False
VN1R96P,False
KRT16P5,False
TMEM254-AS1,False
ME2P1,False
TCERG1L-AS1,False
TRBV5-4,False
TUBB3P2,False
LINC02028,True
SNRPCP15,False
LINC02643,False
H3P11,False
AGBL4-AS1,False
TPRG1-AS2,True
RPS3AP11,False
ECEL1P3,False
DLEC1P1,False
ACBD6,False
EEF1A1P39,False
FGF12-AS2,False
MTND2P39,False
LINC02641,False
LINC01721,True
LINC02812,False
NPAS2-AS1,True
LINC01075,False
SEPHS1P4,False
HOXB-AS1,False
LINC02927,False
AIDAP1,False
CEP250-AS1,False
LINC00443,False
ATP5MC1P1,False
MTND1P28,False
CT45A11P,False
MAS1LP1,False
AURKAP2,False
RPL35AP24,False
RPL30P16,False
HNRNPA1P28,True
RPL22P18,True
LINC01790,False
LINC01149,True
LINC01433,True
OR4F3,False
RPL12P49,False
RNF10P1,False
CNOT6LP1,False
SMYD3-IT1,False
HSDL2-AS1,False
RABGEF1P2,False
IFITM3P4,False
DDX43P3,False
RPL37P4,False
ATP6V0CP1,False
FTH1P5,False
RPL4P5,False
IFNNP1,False
CBR1-AS1,True
OR8V1P,False
FTLP18,False
LINC01840,False
HSPB1P2,False
CIBAR1P2,False
ATXN8OS,False
PHB1P9,True
MTND5P14,False
SIAH1P1,False
H3P1,False
FMO7P,False
GNA13P1,False
PDE4DIPP9,False
RPL34P19,False
FKBP1AP3,False
RAD23BP2,False
SPATA31C1,False
HNRNPH3P1,False
RPS24P21,False
LINC01753,True
PHB1P4,False
MTND2P4,False
FGFR1OP2P1,False
NFE4,False
OR52J2P,False
LINC02603,False
XXYLT1-AS2,False
HERC2P4,False
SSU72P8,False
LINC02525,False
BRI3P3,False
PGAM1P3,False
SERBP1P4,False
HNRNPA1P59,False
RPL7P61,False
RPS12P24,False
ARMC2-AS1,False
NAALADL2-AS3,False
LINC02370,True
GTF2IP23,False
SNRPEP11,False
STARD13-IT1,False
OR5H6,False
MTND3P4,False
CICP6,False
BANF1P2,True
OR6C5P,False
LINC02926,False
TOMM20P4,False
SLC25A53P1,False
HCG24,False
ELOVL2-AS1,False
FEZF1-AS1,False
LINC01284,False
XRCC6P3,False
TTLL1-AS1,False
BEND7P1,False
MTCO2P27,False
LINC00159,False
LINC01734,False
HMGN1P33,False
MTCO1P42,False
HMGN2P3,False
DNAJB5P1,False
EXOSC10-AS1,False
MTND4P19,False
FANCD2P2,False
CT47A8,False
RPL35AP3,False
RPS21P2,False
NCAPD2P1,False
SPDYE21,False
TPI1P2,False
DDX10P2,False
VN1R32P,False
ACTG1P23,False
RPL4P3,False
DSCR9,True
FAM41C,True
RPL23AP52,False
KARS1P2,False
GOLGA6L5P,True
GSTA11P,True
MEMO1P4,True
ELOCP7,False
RPL6P19,False
RPSAP25,False
LINC01048,False
RPSAP23,False
ANAPC1P3,False
SPTLC1P1,False
HINT2P1,False
RBBP8P1,False
LINC01747,True
LINC01972,False
LINC01349,False
LINC01066,False
RPS3AP52,False
RPL23P5,False
BZW1-AS1,True
TCEA1P2,False
OR3D1P,False
ELOCP12,False
LINC01786,False
OR5M4P,False
LINC00595,False
ARL2BPP7,False
EMC1-AS1,True
RSU1P1,False
LINC01036,False
ALG14-AS1,False
USP17L25,False
LINC01650,False
SERPINB9P1,False
ASB15-AS1,True
TFAMP1,False
LRRC37A6P,False
CTF2P,False
LINC00276,False
RPL7P4,True
NEK2P4,False
RPS29P6,False
LINC01381,False
ANKRD18B,False
PA2G4P4,False
GPM6BP1,False
PROX1-AS1,False
VENTXP4,False
CLUHP5,False
RPL5P26,False
ATP6V1G1P7,False
OFD1P9Y,False
IGKV1OR22-5,False
ATP5MC2P3,False
OR51A10P,False
PSMG3-AS1,False
VAV3-AS1,False
SRD5A2P1,False
MTCO2P7,False
EEF1B2P8,False
MKX-AS1,False
ANKRD30BP3,True
RPL7AP8,False
RPL19P21,False
PPP5D1P,False
THAP7-AS1,False
HMGB1P49,False
MBD3L2,False
LINC01756,False
COL6A4P1,False
LINC01799,False
NOS2P3,False
CEACAMP9,False
LIMD1-AS1,False
MTND5P7,False
LINC03004,False
BASP1P1,False
LINC02937,True
PNPLA10P,False
AOAH-IT1,False
LINC00102,False
SNX3P1X,False
HMGB1P11,True
MTND4P27,False
USP17L1,False
ERLNC1,True
LINC02916,False
CEACAMP2,False
RPL17P12,False
CCDC192,False
FAM133DP,False
CALM1P2,False
ZNF32-AS2,False
SF3A3P1,False
KMT2CP5,False
LINC02639,False
OR6R1P,False
TMLHEP1,False
RPL19P5,False
ACTG1P14,False
GTF2IRD1P1,True
CCT5P2,False
PHB1P12,True
LINC02580,False
IMP3P1,False
FTX,False
RPSAP8,False
PPIAP40,False
CT47A4,False
RSL24D1P2,False
GPAA1P2,True
OR2H4P,False
TEX48,True
TSEN15P2,False
MTCYBP6,False
APPAT,True
HMGB1P27,False
HM13-AS1,False
DYNLL1P7,False
H3P12,False
UQCRHP1,False
RPS23P8,False
DNM3OS,False
FAM136EP,False
CYP4F60P,False
RPL36P1,False
VN1R36P,False
USP12-DT,False
LINC01818,False
KLF2P2,False
RGPD4-AS1,False
MTCO2P25,False
OR7E55P,False
PRB4,False
KLHL7-DT,False
YY1P1,False
TNPO1P2,False
FAM224B,False
THAP12P1,False
CEACAM22P,False
SETSIP,True
NDUFS5P5,False
PABPC1P3,False
ENO1-AS1,False
CEACAMP4,False
GRPEL2P3,False
DDTP1,False
MRPL35P4,False
FN1-DT,False
SAP18P3,False
FBXW4P1,False
RPL31P30,False
MYOM3-AS1,False
TMEM184CP1,False
LINC00332,False
CTAGE13P,False
GGTLC4P,False
KRT8P7,False
LINC02644,False
LINC01001,False
RBMY2WP,False
LINC02938,False
RPL10P3,False
PRELID1P7,False
MEIS1-AS2,False
SDAD1P2,False
ZNF341-AS1,False
MTATP6P23,False
RHOQP3,False
NFU1P1,False
SNAP23P1,False
MTND1P4,False
LINC01676,False
VN1R108P,True
RPS29P5,False
ANKRD63,False
RPLP0P4,False
RPS3AP13,False
PSAT1P3,False
CTDSPL2P2,False
ARHGAP26-IT1,False
SMARCE1P5,False
HLA-K,False
YY2,False
FOXD3-AS1,False
RPS2P16,False
CDRT15P14,False
SRGAP2-AS1,False
RPS6P15,False
USP9YP24,False
LINC01362,False
MTND2P16,False
ZNF736P5Y,False
CBX1P1,False
LINC03016,True
ARPP21-AS1,False
SSBL4P,False
RPEP3,False
LINC01293,True
RPL31P2,False
LINC01614,False
RPL23AP15,False
ZNF674-AS1,False
GSTA10P,False
OCLNP1,False
GOT2P2,False
LINC02857,False
RPL10P11,False
USP9YP20,False
YRDCP3,False
CCNB1IP1P2,False
TSEN15P1,True
LINC02558,False
AGAP10P,False
FBXW11P1,True
RPS6P23,False
MFSD13B,False
STMND1,False
LINC00486,True
RBMX2P4,False
HMGB1P25,False
SHC1P1,False
LINC00692,True
RPS18P12,False
MAGEA8-AS1,False
FAM204CP,False
XKRYP2,False
ADGRB3-DT,False
PPIHP1,False
NPM1P51,False
KIF19BP,False
MTCO1P53,False
DPP4-DT,False
HAO2-IT1,False
LINC00309,False
TMBIM7P,False
GXYLT1P1,False
RPS3P1,False
MIR205HG,True
HMGN1P5,False
LINC02541,True
LINC01507,False
HNRNPA1P68,False
AURKBP1,False
MTND2P21,False
GPS2P2,False
LINC03037,False
CAPZA1P1,False
LINC01520,False
SNX18P13,False
LINC02090,False
HHATL-AS1,False
LINC00160,True
RPL36AP39,False
DSTNP1,False
DDX3P2,False
RPL23AP11,False
HSBP1,False
FAM201B,False
RPL12P15,False
FGFR3P1,False
RAB42P1,False
MTND5P8,True
CCNB1IP1P3,False
CECR9,False
RPL39P39,False
RPL7P32,False
CDC20P1,False
CUBNP1,False
SCTR-AS1,True
RPS27P10,False
EIF4A1P3,False
LINC00373,False
RPS3AP9,False
LINC00326,True
XKRYP4,False
AHI1-DT,False
LINC01804,False
CEP19P1,False
RPL7L1P9,False
LINC01911,False
MFSD4B-DT,False
GCNT1P3,False
OR52B5P,False
GNB1-DT,False
USP17L28,False
TRAPPC2LP1,False
LINC02522,False
NEK2-DT,False
MSANTD2P1,False
FARSBP1,False
LINC00395,False
RPL6P6,False
THBS3-AS1,False
NPM1P9,False
KRTAP21-3,False
OR52Y1P,False
IDI1P3,False
GAPDHP64,False
HCG18,True
KIF5C-AS1,False
LINC02655,False
RPL22P24,False
TSSK1A,False
FDPSP7,False
MIR4422HG,True
TRMT1P1,False
GYG1P3,False
NDUFB4P3,False
BMS1P19,False
PRAMEF30P,False
ECE1-AS1,False
LINC01436,False
LINC01508,False
PRELID3BP11,False
MTHFD2P3,False
LINC02976,False
BTF3P10,False
FAM25E,False
SPATA20P1,False
UBE2V1P11,False
HLA-T,True
LNCAROD,True
HAR1B,False
TCF7L1-IT1,False
RBM22P5,False
TTTY3,False
EEF1A1P40,False
ARHGAP42P2,False
HMGB1P7,False
DNAH8-AS1,False
MTND2P15,False
MORF4L2-AS1,False
PTP4A1P1,False
OFD1P8Y,False
KLF3-AS1,False
COX11P1,False
CSMD2-AS1,False
RPL7P56,False
TRBV26OR9-2,False
TUBB4BP6,False
YBX1P2,False
EEF1B2P1,False
PDK4-AS1,False
LINC01098,False
EVA1A-AS,False
LINC01720,False
LINC00852,False
CCNQP3,False
SPRY4-AS1,True
SYT15-AS1,False
OR5H1,False
FARP1-AS1,False
IFNA11P,False
MTND5P19,False
TRGVB,False
KRT8P10,True
ZNF826P,False
HNRNPA1P25,False
ZBTB46-AS1,False
COMETT,True
RPL17P49,False
PLSCR5,False
GS1-600G8.3,False
PRAMEF32P,False
LINC01593,False
ARF4P4,False
TRIM31-AS1,True
ARPP19P1,False
LINC01423,False
CFAP58-DT,False
SKP1P1,False
CTNNBL1P1,False
OR6K1P,False
LINC00349,False
KLF2P1,False
RPS3AP3,False
PSMC1P3,False
C1DP1,False
LINC02884,False
FAM242D,False
ITPR1-DT,False
LINC01640,False
PCED1CP,False
CFAP97D1,False
ZSWIM5P2,False
ANAPC1P2,False
HMGN2P10,False
ARAFP1,False
TRERNA1,False
COBLP1,True
SBK3,False
E2F4P1,False
OR9S24P,False
SALL4P6,False
APCDD1L-DT,True
IGKV1OR2-108,False
RPL36AP6,False
MANCR,True
SEPTIN14P24,False
EZH2P1,False
RPL13AP,False
RPL36P2,False
SGO1-AS1,True
RPS3P2,False
TBL1XR1-AS1,False
PRYP2,False
MAP4K3-DT,False
CLIC1P1,False
RPL13AP17,False
LINC02662,False
LINC01816,True
TPT1P7,False
OOEP-AS1,False
RPL34P6,False
EML6-AS1,False
ACTG1P10,False
VDAC1P6,False
BEND3P1,False
LINC01160,False
WBP1P1,False
MTFR1P1,False
RPS29P23,False
LINC01712,False
WARS2-AS1,True
RPS26P40,False
LINC02613,True
RPSAP40,False
AKR1B1P8,False
GNA14-AS1,True
CDY17P,False
HMGN2P16,False
NDUFAF4P4,False
RNF2P1,False
NBPF21P,False
FGF12-AS1,True
MOB4P1,False
FMN2P1,False
HLA-DPA1,False
SNX18P8,False
ARL4AP4,False
USP17L10,False
SNRPEP8,False
WASF5P,False
RAC1P3,False
GORAB-AS1,False
RPL36AP8,False
DUX4L31,False
RPL39P15,False
IRX1P1,True
LINC00689,False
LINC01817,False
LINC01516,False
RAB9AP5,False
FILNC1,False
LINC01445,False
LINC00396,False
FAR2P4,False
HSP90AA3P,False
RBMY3AP,False
LINC01750,False
WASIR2,False
DST-AS1,False
LARP1BP1,False
TIMM8AP1,False
LINC01305,False
RNASEH1P2,False
HLA-DPA2,False
PRDX3P2,False
HMGB3P2,False
HMGN2P34,False
RB1-DT,False
IGHV4-31,False
FCF1P9,False
SNRPGP13,False
RPL7L1P2,False
JKAMPP1,False
RPL21P35,False
RPS18,True
MTND4LP1,False
PTMAP4,False
NMD3P2,False
LINC01353,False
RPL34P20,False
LINC02782,False
SEPTIN14P21,False
E2F6P4,False
CCNQP2,False
CBX1P5,False
SEPTIN14P1,False
FAM27C,False
FAM225A,False
LINC02779,False
HINT1P1,False
LINC01249,False
FBXO36-IT1,False
LINC00278,False
MTCO3P10,False
DPP10-AS3,False
ELOCP9,False
RPS6P2,False
TAB3-AS1,False
RSL24D1P11,False
RPL3P5,False
OR55B1P,False
ATP5MKP1,False
PTCHD3P2,False
PDE4DIPP6,False
IGBP1P3,False
MRM3P1,False
RSL24D1P3,False
CLEC12A-AS1,False
CEACAMP5,False
RPL7AP44,False
EIF4A1P11,False
NEK2P2,False
LINC02595,False
MTND2P19,False
S100A11P7,False
PPIAP63,False
LINC02015,True
MTCO2P20,False
RPL7P21,False
MTND4LP21,False
FAHD2CP,False
RPS23P9,False
SNORD62B,False
SHQ1P1,False
LINC01363,False
DLEU2,False
EHBP1-AS1,True
PIK3CDP1,False
ANAPC15P1,False
ANKRD44-AS1,False
RPS29P7,False
SLC47A1P2,True
ATP5F1BP1,False
AGBL5-AS1,False
USP17L29,False
LUARIS,True
YWHAQP8,False
KRT17P6,False
FSIP2-AS1,True
LINC01698,False
SPATA31B1P,False
RFESDP1,False
DLG3-AS1,False
CD109-AS1,False
RPS6KA2-AS1,True
EMP2P1,False
RPS8P6,False
COA6-AS1,False
OGFOD1P1,False
LINC01704,False
OR7E111P,False
PPP2R2DP1,False
LINC01307,False
DIRC3,True
LINC00410,False
LINC02723,False
LINC01891,False
EIF1P3,False
ANKRD11P2,False
RPL21P43,False
LINC01090,False
LINC00574,False
NANOGP5,False
BMS1P13,False
CYCSP43,False
PABPC1P1,False
LINC00899,False
H3P5,False
COX6CP2,False
CDY23P,False
LINC02789,False
LINC-PINT,False
CHMP4AP1,False
CAPZBP1,False
VN1R110P,False
HMGN2P38,False
TMSB15B-AS1,True
ARHGEF9-IT1,False
RPS2P18,False
TSPAN19,False
GAPDHP59,False
LINC01273,False
ABCA9-AS1,False
NANOGP10,False
EMBP1,False
CHODL-AS1,False
ARHGAP15-AS1,False
SLC66A2P1,False
DLX6-AS1,False
PPP1R11P2,False
MTCO2P5,False
RPS27AP5,False
LINC01354,False
TMEM44-AS1,False
LINC01611,False
MTND4P21,False
LINC00575,False
DBIL5P,False
H2BP9,False
RPL31P50,False
PIK3CD-AS2,False
DOC2GP,False
ITCH-IT1,False
PA2G4P6,False
ANP32BP2,False
DNAJB6P3,False
PCAT7,False
LINC01388,False
NANOGP9,True
RPL36AP35,False
SNRPCP9,False
LINC00210,False
LINC01198,False
NPM1P48,False
SMC3P1,False
AKAIN1,False
LINC01819,False
MTHFD1P1,False
RPS7P2,False
DPY19L4P2,False
TMEM139-AS1,False
FAM192BP,False
HMGB3P14,False
KRTCAP2P1,False
UBE2V2P4,False
MRPS9-AS1,False
CYP21A2,False
MORF4L1P5,False
STAT4-AS1,False
OR5K2,False
KRT17P3,False
IPO9-AS1,False
TSPY18P,False
SNRPFP1,False
TXNL1P1,False
F10-AS1,False
NDUFB1P1,False
PRH1,True
MTND5P15,False
TRAF3IP2-AS1,False
DARS1-AS1,True
WDR95P,False
MARK2P14,False
MYO3B-AS1,False
GOT2P1,False
SETP10,False
GAPDHP37,False
IDH1-AS1,False
MAP1LC3BP1,False
GAMTP2,False
TPRKBP1,True
RARRES2P3,False
LINC00387,False
SALL4P5,False
NEBL-AS1,False
PSG1,False
TAPBP,True
SEPHS1P7,False
HMGB3P31,False
MYO18B-AS1,False
FAM242A,True
RPS7P3,False
HNRNPA1P36,False
PGM5P4-AS1,False
PHKA1-AS1,False
MTND2P24,False
HS1BP3-IT1,False
DPY19L1P2,False
MTND2P22,False
HNRNPA1P9,False
GNAI2P2,False
LINC02818,True
MMADHC-DT,True
CT69,False
FAM238B,False
RPL7L1P12,False
LINC00415,False
LINC01787,False
OFD1P3Y,False
PPP1R2B,True
ANXA2P2,False
EP300-AS1,True
RPL7AP76,False
LRRC8C-DT,False
CLCN3P1,False
LINC01880,True
ZNF736P12Y,False
CAP1P2,False
DNMT3L-AS1,True
HSPE1P25,False
LEF1-AS1,False
FAAHP1,True
LINC01807,False
LSM12P1,True
PRKD3-DT,False
ELOCP15,False
MAGEB6B,False
DEFT1P2,False
ZBED9,False
PSMD10P3,False
SILC1,False
LINC01798,False
HNRNPCP9,False
NPM1P34,False
SLC4A1APP1,False
USP9YP33,False
LINC01063,False
RPS29P28,False
TMEM253,True
MRPL35P2,False
LINC01031,True
LINC01697,False
LARGE-IT1,False
RPS6KA2-IT1,False
RPL31P7,False
LINC01104,False
HCFC2P1,True
POLR2DP1,False
PNLIPP1,True
DCST1-AS1,False
YPEL5P1,False
ZNF584-DT,False
LINC01653,False
MTCO3P2,False
RFX3-DT,True
RPL32P28,False
VN1R54P,True
TMA7,False
TEX50,False
NPLP1,False
LINC00384,True
BACH1-AS1,False
MCTS1,False
DYTN,False
MTCO3P45,False
NCOA7-AS1,False
NDFIP2-AS1,False
IMPDH1P10,False
RPS15AP12,True
DUXAP7,False
IFNWP5,False
LINC00867,False
RPS25P9,False
PSAT1P2,False
FMO11P,False
FERP1,False
ST13P4,False
MTCYBP15,False
C11orf98P1,False
RAB9BP1,True
RAP2C-AS1,False
USP12-AS1,False
RPLP1P13,False
LINC01873,False
P2RY10BP,False
LINC00708,True
OR2H5P,False
MTND4P24,False
MTATP6P29,False
CNOT7P2,False
TERF1P7,False
FTH1P7,False
LINC02181,False
KIF26B-AS1,False
TOMM22P2,False
MTCO2P34,False
RPL3P8,False
CHORDC1P1,False
SLC25A6P2,False
TET1P1,True
CDY18P,False
LINC01701,False
OR2L6P,False
IGHV3-43,False
FTLP8,False
CNN2P10,False
LINC01047,False
ARSFP1,False
RPL36AP16,False
LINC00865,False
TPM4P1,False
LINC02043,False
CDY3P,False
ASCL5,False
RPS29P8,False
RBPJP5,False
DYNLT3P1,False
ZYG11AP1,False
CSF2RBP1,False
TMEM114,False
BTF3L4P1,False
KRTAP25-1,False
USP17L24,False
LINC02805,False
ACTR3P2,False
OR52I1,False
FTH1P1,False
SLC30A6P1,False
IFNWP15,False
MTND1P32,False
HSD17B3-AS1,True
GNG12-AS1,True
ELOBP3,False
SLC6A1-AS1,False
ALDH7A1P2,True
PAICSP7,False
GRHL3-AS1,False
FAM215B,False
LNCPRESS1,False
DFFBP1,False
CLCP1,False
DAOA-AS1,False
LINC03002,False
PSMC1P13,False
LINC02518,False
MXRA7P1,False
ARL5AP5,False
RPS27AP2,True
RPL4P2,False
YBX1P7,False
SEMA3B-AS1,True
VIPR1-AS1,False
TRPC6P3,False
ATP5MGP2,False
VDAC1P9,False
FTLP2,False
PPIAP35,False
BAG1P1,False
MTCYBP3,False
GPR79,False
RPL29P28,False
RPL22P23,False
ZDHHC20P4,False
OR52U1P,False
OR5K1,False
RPS3AP25,False
SKA2P1,False
SMIM26,False
NDUFA5P1,False
RANP2,False
GOT2P7,False
RPL5P6,False
LNCPOIR,False
CABP7-DT,True
TMPRSS11CP,False
USP17L13,False
RAD17P1,False
LINC00112,False
RPL27P5,False
EPB41L1-AS1,False
PPIAP70,False
STAG2-AS1,False
ELN-AS1,False
BPESC1,False
TTTY19,False
IL9RP2,False
KNOP1P4,False
PRAMEF6,False
USP9YP29,False
RPL21P131,False
RPL31P15,False
GXYLT1P3,False
AJM1,True
RPS26P42,False
RPL18AP7,False
MHENCR,False
EMSLR,False
MTND5P3,False
LINC02777,False
LARS2-AS1,False
FAM131C2P,False
SLC16A6P1,False
LINC01450,False
OR4F14P,False
BMPR1AP2,False
H3P31,False
TMA16P2,False
EEF1B2P3,True
NCKAP5-IT1,False
HSFY5P,False
KRT8P52,False
TGFB2-AS1,False
RPL37A-DT,False
DEPDC1P2,False
RASA3-IT1,False
MFAP1P1,False
OSBPL10-AS1,False
SAPCD2P3,False
NPM1P13,False
RPL12P11,False
RPL3P12,False
ADIPOR1P1,False
CYCSP8,False
ST3GAL5-AS1,True
MRPL45P1,False
OR2AH1P,False
CSPG4BP,False
GCSIR,False
ZNF886P,False
SS18L2P1,False
VDAC1P13,False
LINC02802,False
LIF-AS1,False
KMT5AP2,False
FAM131B-AS2,False
OR5H8,True
LINC00945,True
RPL36P19,False
DPYD-IT1,False
IGHD4-11,False
LINC01809,False
SRD5A1P1,False
MTCO1P14,False
CLK2P1,True
RSU1P2,False
PRCPP1,False
KCND3-IT1,False
LINC01549,False
TPMTP3,False
CRB3P1,False
MRTFA-AS1,False
RPL23AP35,False
RPL3P4,False
MTCO1P27,False
GPR143P,True
OFD1P12Y,False
KIAA1614-AS1,False
EEF1A1P3,False
LINC02642,False
KANTR,False
CST2P1,False
LINC01646,False
TONSL-AS1,False
ANAPC15P2,False
HMGN2P11,False
LINC01412,False
TIMM9P2,False
CCT6P4,False
RPL31P35,False
LINC02576,True
USP9YP9,False
HIVEP2-DT,True
TSPY17P,False
C4BPAP2,False
MRAP-AS1,False
LINC01517,False
RPL23AP31,False
HLA-DQB2,False
PRPS1P2,True
MTND2P23,False
NEFLP1,True
LINC00385,False
LINC01431,False
POLR3KP1,False
ING2-DT,False
LINC01780,False
GOLGA8N,False
FAM136BP,False
LINC01656,False
IDI2-AS1,True
SLC44A3P1,False
CFTR-AS1,False
LDHBP1,False
LARP1BP3,False
PHB1P10,False
ZNF687-AS1,False
ACTG1P21,False
ADH5P2,True
LINC00665,False
SPTLC1P4,False
LINC01705,True
ATP11A-AS1,False
LINC00442,True
RPL12P9,False
LINC01628,False
HSPE1P9,True
ELOCP17,False
BDH2P1,False
RPL21P108,False
NUTM2HP,False
AP1B1P2,False
MARK2P9,False
KIZ-AS1,False
RPS12P3,False
MTND3P8,False
LINC01022,False
TRIM51JP,False
GAPDHP48,False
MROH4P,True
RPS17P7,False
TRIM80P,True
PLXNB3-AS1,False
YWHAEP1,False
PHB2P1,False
GTF2I-AS1,False
FAM8A4P,False
ATP5MC1P7,False
ATG4AP1,False
LINC01826,False
RHOQP2,False
ELF2P3,True
USP9YP16,False
LINC02022,True
IGKV1D-35,False
MTCO3P21,False
DDX3ILA1,False
ETF1P1,False
STEAP1B-AS1,False
TRIM60P8Y,False
KIAA1143P2,False
HSPA12A-AS1,False
PPP1R26P5,False
MTND4P22,False
DEFB130D,False
LINC03033,True
BMS1P22,False
MRPL51P2,False
RPL23AP50,False
GAPDHP74,False
FRG2FP,False
TIMM9P3,False
OR7L1P,False
ITGA6-AS1,False
LINC01162,False
OR11I1P,False
FTH1P25,False
DNAJC19P8,False
HNRNPDP1,False
ZBED9P1,False
FAM207CP,False
CRYGFP,False
SLC7A15P,False
SDCBPP3,False
SLCO4A1-AS1,False
NIP7P1,True
TTTY20,False
VDAC1P10,False
TNF,True
LINC01717,False
S100A11P6,False
COL4A2-AS1,True
DUX4L50,False
RPS2P32,False
TXNP1,False
PRR13P1,False
PLPPR5-AS1,False
LINC01189,False
GSTO3P,False
FAM136CP,True
LMLN-AS1,True
LINC01700,False
PET117,False
BRWD1P3,False
KAT7P1,False
SNX18P2,False
TRAPPC2P9,False
SLC25A6P3,False
RPL7AP18,False
LINC00363,False
PTGES2-AS1,False
ATP5MFP3,False
CICP4,False
LUZP4P1,False
KATNBL1P2,False
RPL34P27,False
LYRM9,False
SMG7-AS1,False
NUCKS1P1,False
RPL36AP34,False
TRBV29-1,False
SEC1P,False
CTAGE3P,False
RPL23AP93,False
LINC02924,False
HMGN2P35,False
DPYD-AS1,False
GLRX5P2,False
NDUFB4P10,False
RPS10P21,False
PHKA1P1,False
RPLP0P5,False
GPC5-AS2,False
RPS11P5,False
RGS5-AS1,False
IQCA1-AS1,False
MRPS31P2,False
CDY9P,False
CYCSP10,False
LINC01166,True
DLGAP4-AS1,True
HSD17B7P1,False
RAB9AP1,False
RERE-AS1,False
PLCE1-AS2,False
TRAPPC2P4,False
RNF14P1,False
HMGN2P27,False
HSPE1P6,False
LINC01400,False
MTND6P24,False
ELOCP4,False
MRPS16P2,False
USP12PY,False
DDX3P1,False
LINC00342,True
PANK1-AS1,False
RPL23AP87,False
HCG25,False
GGCTP2,False
RPL35AP20,False
LINC02543,False
DEFB130A,False
ZNF519P1,False
IPO7P1,False
HSPA8P18,False
LINC00374,False
SNHG15,False
HMGN2P20,False
LINC01737,False
RPS12P18,False
EIF4EP4,False
POLHP1,False
CYP1B1-AS1,False
MTCO1P57,False
TRIM60P10Y,False
LINC00327,False
MTCO1P51,False
MTCO1P45,False
LINC01219,False
MTATP6P7,False
GACAT1,False
AHCYP4,False
RPL7P14,False
RGS5-1,False
VPS13A-AS1,False
TBC1D26-AS1,False
CICP26,False
MIR3936HG,False
UBTFL11,False
LINC01725,False
NALCN-AS1,False
RPEP4,False
SLC9A3P1,False
HDAC1P2,False
FAM157B,False
TBC1D3P7,False
SLC25A6P1,False
SNHG7,False
CHORDC1P5,False
NPIPA9-1,True
CRYZP1,False
MTCO1P5,False
CASK-AS1,False
KRTAP8-2P,False
PTPRN2-AS1,True
MTND5P30,False
FAM204BP,False
PHGR1,False
RPL15P5,False
LINC01677,False
LINC01722,False
DEFB130B,False
ERVH48-1,False
EEF1A1P14,False
ATP13A3-DT,False
TTLL7-IT1,False
SAR1AP4,False
PTCHD1-AS,False
ZFY-AS1,False
RPSAP59,False
RPS15AP6,False
GRM3-AS1,False
LINC01271,False
LINC01755,False
LINC01399,True
FTH1P6,False
RPL23AP25,False
LNCARSR,False
RAB6D,False
LINC00892,False
CCDC144NL-AS1,False
HOXB-AS3,False
RPL12P3,False
SUCLA2P2,False
GLCCI1-DT,False
SORBS2-AS1,False
RAB1C,False
FAM90A11P,False
LINC00702,False
UBE2V1P8,False
USP9YP15,False
VN1R20P,False
CTAGE7P,False
LINC01007,False
LINC00456,False
ACTBP12,False
ZNF736P3Y,False
LINC01794,True
RPS15AP14,False
FAM90A3P,False
MTND3P17,False
RPS27P18,False
USP17L11,False
DIRC3-AS1,True
BPIFB5P,False
SYF2P2,False
UBE2E2-DT,False
LINC01762,False
HMGA1P8,False
HSFY8P,False
RPS24P6,True
RPL31P16,False
MORF4L1P6,False
RPS12P17,False
EEF1A1P26,False
VN1R34P,False
FMNL1-AS1,False
OR7E157P,False
DPH5-DT,False
KLF4P1,True
RPL12P29,False
RPS24P13,False
TMEM256P1,False
RNF224,False
LINC02634,False
DHCR24-DT,False
MAPRE1P3,False
WBP1P2,False
RPS3AP1,False
LINC00642,False
GRPEL2P1,False
KCNJ6-AS1,False
LINC01687,False
MROH3P,True
PRDM10-DT,False
ARHGEF4-AS1,False
SSBP3P1,False
LPCAT2BP,False
CNOT7P1,False
HNRNPA1P49,True
NPIPB7,False
LINC02573,False
LINC00472,False
DEFA9P,False
VKORC1P1,False
PHC2-AS1,False
UBE2E4P,False
MTND6P9,False
CRIP1P1,False
RPL21P134,False
FABP3P2,False
RPSAP63,False
FAM238A,False
SLC28A3-AS1,False
CAPZA1P4,False
HMGB1P31,False
SNRPEP4,False
PNPT1P2,False
AMMECR1LP1,False
GPX1,False
LINC01728,False
RPS26P2,False
MTCYBP10,False
MTND3P10,False
RPL7AP61,False
FAM90A20P,False
TMEM18-DT,False
RASA4DP,False
HIGD1AP4,False
EIF4A1P1,False
OR4C14P,False
XXYLT1-AS1,False
LINC01346,False
TRGV2,False
SRSF3P6,False
OSTN-AS1,False
RPS6P12,False
MTCO1P54,False
HMGA1P5,False
DSCR10,False
RPL31P45,False
PPIAP32,False
LINC02669,False
EEF1A1P34,True
MIPEPP3,False
USP32P2,False
PFN1P1,False
RPS16P3,False
RNFT1P2,False
FAM53B-AS1,False
RPL36AP14,False
UBE2FP3,False
TLR8-AS1,False
ATP6V1G1P4,False
ERP29P1,False
LINC00333,True
RPS7P9,False
LINC00028,False
CHRM3-AS2,False
RPL30P15,False
PDXP-DT,False
ZNF90P2,False
GTF2IP4,False
ACTR1AP1,False
MTND4P20,False
USP9YP34,False
RPS2P48,False
AK4P3,False
NKAPP1,False
CNIH3-AS2,False
MTCO3P8,False
IATPR,True
UICLM,False
LINC00841,False
LINC01719,False
LINC01648,False
PRKAR1AP1,False
TARDBPP1,False
LINC01046,False
FANK1-AS1,False
LINC01222,False
OR5H15,False
RPS25P3,False
IFITM3P7,False
LINC01783,False
KRT18P67,False
EIF3FP3,True
PPIAP65,False
HOTAIRM1,False
PDE4DIPP3,False
LINC02596,False
MTIF2P1,False
CBLL1P1,False
AGGF1P2,False
BTBD18,False
HMGA1P6,False
CYP2AB1P,False
PPP6R2P1,True
RPL17P11,False
PDK1P2,False
PMS2P9,False
MTATP6P14,False
STXBP5-AS1,False
LINC01077,False
RPL35AP31,False
NANOGP11,False
HAX1P1,False
ST6GALNAC4P1,False
KRT18P62,False
RAD1P2,False
EEF1A1P6,False
PPIAP38,False
LINC01683,False
EFCAB15P,False
FHAD1-AS1,False
RPSAP69,False
PAXBP1P1,False
TMEM238,False
SYNJ2-IT1,False
HNRNPA1P60,True
OR5B1P,False
HNRNPLP1,False
PTPRT-DT,False
ZNF197-AS1,False
LINC01518,False
RPL7P35,False
LINC01638,False
FAM224A,False
PHB1P5,False
RANP8,False
RFC5P1,False
ZNF529-AS1,False
LINC00430,False
HCG21,False
DEFA10P,False
LINC00460,False
MKNK2P1,False
LINC02524,False
TEDDM2P,False
DNM3-IT1,False
RPL31P47,False
CHTF8P1,False
EIF3KP2,False
CYCSP33,False
PRYP5,False
CYCSP44,False
CYCSP35,False
MTCYBP8,False
LSM1P1,False
B4GALT1-AS1,True
RPL7AP46,False
NFU1P2,False
LINC00513,False
KRT8P39,False
RPS3AP8,False
OR52E7P,False
LINC00690,False
HTR3C2P,False
EIF4EP1,True
KRT8P15,False
ACAA2P1,False
LINC01884,False
CYP51A1P2,False
LINC02640,True
LINC02609,False
BTF3P5,False
MTND2P29,False
NCOR1P3,False
ERI3-IT1,False
JTBP1,False
LINC01851,False
OR6C66P,False
LINC01392,False
TWIST2,False
RPL10P19,True
LINC00462,False
GBX2-AS1,False
DCUN1D2-AS,False
DDX11L10,False
HNRNPA1P42,False
USH2A-AS2,False
ZC3H12A-DT,False
CYP2T1P,False
PGAM1P11,False
C4A-AS1,False
GOT2P5,False
PANTR1,True
KRTAP13-5P,False
GPR158-AS1,False
LINC02625,False
ARHGEF7-IT1,False
OR52T1P,False
NENFP1,False
CICP1,False
CICP7,False
NEMP2-DT,True
IGHD4-4,False
NDUFA5P4,False
SPIN4-AS1,False
CALM2P4,False
NDUFS5P3,False
PIRT,False
CENPNP1,True
RNASEH2B-AS1,False
ANAPC1P1,False
FDPSP6,False
DDX39BP1,False
HNRNPA1P27,False
CEACAMP1,False
FNDC1-AS1,False
LINC01865,False
OR6L1P,False
PIEZO1P1,False
ZNF622P1,False
EBAG9P1,False
PBX1-AS1,False
LINC02579,False
GAS6-AS1,False
TTTY18,True
PRR23C,False
RPL37P13,False
SLC26A4-AS1,False
RPL22P11,False
MTND4P28,False
EIF4EBP2P1,False
MTFR2P1,False
RPS29P29,False
MYCNOS,True
GOT2P3,False
LINC01122,False
NRAD1,False
NCKAP5-AS1,False
LINC01765,False
IGHV3OR16-10,False
H2AZP6,False
CICP2,False
RPL27P7,False
LINC00656,False
RPL36AP13,False
CICP27,True
RRAS2P2,False
RPL21P36,False
DSCAM-IT1,False
RPS15P4,False
MTCO1P20,False
CDRT15P12,False
CAVIN2-AS1,False
PSMA6P3,False
CICP5,False
MED14P1,False
HNRNPA1P30,False
ZNF90P3,False
CDC27P1,False
BTG2-DT,False
PUDPP2,False
UFL1-AS1,False
TRIM49D2,False
TSPY4,False
LINC01237,False
AMZ2P3,False
MOB1AP2,False
H3P32,False
IFNA13,False
CLDN14-AS1,False
LCEP1,False
ENOX1-AS1,False
H2BC15,False
CCNQP1,False
MIR4280HG,False
RPL26P15,False
EIF4HP1,False
ETF1P3,True
MACC1-DT,False
EIF3LP2,True
DPH3P1,True
PCDH9-AS4,True
CYCSP48,False
SELENOTP1,False
ERCC8-AS1,False
LATS2-AS1,False
POU6F2-AS2,False
LINC02599,False
ADH5P4,False
SHROOM3-AS1,False
MGAT2P1,False
SLC9B1P3,False
LLPHP3,False
RPSAP27,False
DLG5-AS1,False
TOR1BP1,False
RPL7P44,False
MFN1P1,False
GAPDHP68,False
NFYCP1,False
LINC01680,True
YEATS2-AS1,False
MTCO2P17,False
PAIP1P1,False
EZR-AS1,False
PDYN-AS1,False
RPL17P35,False
LINC01503,False
LONRF2P2,False
LINC01761,False
UBE2V1P4,False
GTF2F2P2,False
RPL10P9,False
UBE2Q2P10,False
ZDHHC20P1,True
POTEB,False
RPS15AP40,False
LINC01694,False
RPSAP13,False
TLE1-DT,False
RPS28,False
MT1XP1,False
KRTAP5-AS1,True
CTXN2,True
RPL21P38,False
CTC-338M12.4,False
RPL27AP4,False
RPL12P45,False
LINC00265-3P,False
LINC02650,False
RPS29P4,False
ASS1P3,False
RCC2P3,False
FTLP15,False
UQCRHL,False
AHCYP3,True
BTF3P6,False
ATP8A2P3,True
UBE2SP1,False
RPS20P10,False
LINC01360,False
LINC02574,False
RPL22P21,True
FDPSP2,False
RPSAP14,False
LINC01681,False
DTD1-AS1,False
GDI2P2,False
KDM3AP1,False
LINC01425,False
SETP5,False
IGKV3OR2-268,False
MTATP6P27,False
GAPDHP22,False
DDX39B-AS1,False
PPP1R2P2,False
RPL5P34,False
LINC02530,False
GNG10P1,False
CHIAP3,False
RBPMS2P1,False
EIF2AK3-DT,False
TMEM97P1,False
RPS3AP44,False
RAC1P8,False
TXNP6,False
NDUFA5P7,False
RPL10P12,False
NUDT9P1,False
CIAO2AP1,False
LINC01673,False
LINC00463,False
CASKP1,False
EDDM3CP,False
TM9SF5P,False
PRAMEF29P,False
MTND4P26,False
TAS2R62P,False
RPL5P10,False
PAGE2,False
GAPDHP53,False
SPATA17-AS1,False
GTF3C2-AS2,False
RPL35AP,False
TPRG1-AS1,True
ELOCP10,False
RPS15AP7,False
RPS15AP11,False
MTND4P11,False
KRT19P4,False
SRP14P2,True
TPT1P1,False
RPL7P36,False
TSPY25P,False
LINC02433,False
LEFTY3P,True
RPL13AP6,False
METAP2P1,False
GPM6BP3,False
TRBV22OR9-2,False
RHBDF1P1,False
CSN1S2AP,False
EEF1GP8,False
TRIM26,False
HCCS-DT,False
AP2B1P1,False
ELOCP8,False
RPL23AP83,False
LINC01675,False
UGT1A13P,False
COX6CP13,False
NAP1L4P3,False
AKAP8P1,False
LINC01961,False
ELOBP1,False
LINC02535,False
RPEP2,False
RBPMSLP,False
PABPC5-AS1,False
MTND4LP11,True
ARHGEF19-AS1,False
ELOBP4,False
LINC01039,False
LINC01868,True
LINC02645,False
RNASEH1-DT,False
HSPA8P1,False
LINC01114,False
DEFA11P,False
MTCYBP1,False
PIGO-AS1,False
H2AZ2-DT,False
LINC01781,False
C16orf82,False
AIMP1P1,False
LINC01283,False
RPS26P38,True
ACSL3-AS1,False
ETV5-AS1,False
LINC01191,True
BMI1P1,False
H3P3,False
PIGPP2,False
LINC01830,False
FHP1,False
CT66,False
RBPJP7,False
CDCA4P4,False
LIX1L-AS1,False
TMEM229A,False
NDUFS5P2,False
RPL7L1P1,False
NCLP2,False
ZFX-AS1,False
ANAPC1P4,False
PDE4DIPP7,False
KCNH1-IT1,False
MTCO2P8,False
BOK-AS1,False
CFL1P8,False
DNAJB6P6,False
RPL7P13,False
PTCD2P2,False
SOD2P1,False
MAP3K5-AS1,False
DEPDC1-AS1,False
LINC01723,False
TULP3P1,False
RPL36P20,False
RPL30P2,False
COX7BP2,False
SDR42E1P3,False
LINC01641,False
PRR20E,False
LINC01937,False
LANCL1-AS1,False
LINC01731,True
ZNF879,False
GAPDHP49,False
OR1AA1P,False
H2BC12L,False
BACH1-IT3,False
PSIP1P1,False
LINC00229,True
CLYBL-AS1,False
SGO1P2,False
LINC01878,False
SLC25A18P1,False
SAPCD2P4,False
OSTCP5,False
RPS12P2,False
ST13P18,False
LINC01505,False
RPL9P2,True
MRPS10P2,False
ZNF232-AS1,False
RPL7AP16,False
BCAS2P2,False
CYCSP53,False
RPS4XP11,False
JAZF1-AS1,False
ELF2P1,False
GLUD1P9,False
ERICH2-DT,False
RPS26P47,False
FTH1P27,False
RPL7AP42,False
ELK1P1,False
LINC01914,False
PPIAP27,False
PFN1P3,False
TATDN1P1,False
RPSAP31,False
SNX18P7,False
UBTFL2,False
OBI1-AS1,False
HMGB1P48,False
LINC01426,False
MED15P7,False
CTBP2P8,False
LINC01049,True
RCC2P1,False
OR7E162P,False
TXNP3,False
USP27X-DT,False
LINC03025,False
PPIAP34,False
RBMY2XP,False
ELK2BP,False
SPRYD7P1,False
CCDC188,True
MPV17L2P1,False
RBMY1A1,False
RPL5P7,False
CICP13,False
ZNF37BP,False
SLC25A5P4,False
UBE2WP1,False
LINC01250,True
ANKRD11P1,False
LINC02983,False
LINC01432,True
KBTBD13,False
KRT18P2,False
ZNF736,False
FGF14-AS1,False
SLC16A12-AS1,False
MAGI2-AS3,False
OR7E130P,False
COX6CP12,False
PINLYP,False
HDGFL3P1,False
SLC25A1P2,False
CLDN34,False
ZNF101P2,False
MIR3663HG,False
LINC02765,False
ACBD3-AS1,False
AP1B1P1,False
MTCO2P18,False
OR7E46P,False
RPL27P6,True
ALDH7A1P4,False
HNRNPA1P51,True
RPL34-DT,False
RHOXF1P1,False
SP2-AS1,False
MRPS21P1,False
ERICH3-AS1,False
RPL13AP20,False
FYTTD1P1,False
LINC01506,False
SOD1-DT,False
C5orf58,True
TLR12P,False
PPP1R2P1,False
PTGES3P1,True
HRAT17,False
NDUFB1P2,False
RPL12P43,False
PCDH9-AS1,False
GAPDHP19,False
CSNK1G2P1,False
ZNF114P1,False
CHEK2P5,False
PTGES3P5,False
FAM133B,False
LNCTAM34A,False
LINC02020,True
LINC01309,False
LINC00701,False
PPIAP90,False
API5P1,False
RPL22P7,False
OR10G8,False
TPMTP2,False
HSPA8P20,False
COX6B1P1,False
RPL7AP71,False
BIN2P1,False
RAD1P1,False
ZFRP1,False
H2BP2,False
LINC01800,False
CTSLP8,False
MTND1P26,False
SYNE1-AS1,False
TSPY19P,False
CCT6P3,False
MRPL50P1,False
FABP5P14,False
GNG5P5,False
TJAP1P1,False
KAZN-AS1,False
CHRM3-AS1,False
MCIDAS,False
MAPKAPK5-AS1,False
OR2AT2P,False
H2AZP5,False
C2CD4D-AS1,False
JRK,False
SNRK-AS1,True
RPSAP9,False
RPL7P11,False
PUDPP1,False
LINC00380,False
NUS1P3,False
WDR82P1,False
NECAP1P2,False
LINC02093,False
MED14OS,False
RPS19P6,False
OTX2P1,False
YWHAEP5,True
PCCA-AS1,False
AGPAT5P1,False
LRRTM4-AS1,False
OR7E155P,False
LINC00440,False
CHL1-AS1,True
LINC01934,True
HMGN2P5,False
LERFS,False
ACTL11P,False
OR6C64P,False
MTCYBP5,False
IFT74-AS1,False
ELF3-AS1,False
VN2R3P,False
VDAC2P4,False
SDCBP2-AS1,True
NUS1P2,False
CACNG2-DT,False
EPCAM-DT,False
RIPOR3-AS1,False
CDC20-DT,False
TFPI2-DT,False
GPR50-AS1,False
MTCO1P8,False
PRDX3P3,False
VDAC1P3,False
HMGA1P4,False
PRUNEP1,False
SEC61G-DT,False
UPF3AP3,False
TUBB8P11,False
SLC26A5-AS1,False
TMEM212-AS1,False
NPIPB2,False
ATP5F1AP8,False
LINC02092,False
LINC01287,False
HDAC1P1,False
MTND4LP16,False
RPEP5,False
FAM170B-AS1,False
KRT18P15,False
GAS5,True
EIF5AP4,False
USP9YP26,False
HLA-B,True
FAM90A21P,False
LINC02676,True
FOXP4-AS1,False
LINC02817,False
LINC02621,False
MGAT4FP,False
E2F6P1,False
ELL2P3,False
LINC01496,True
LINC01052,False
WASH4P,False
GULOP,False
SLC25A25-AS1,False
LINC00412,False
C11orf94,False
LINC02529,False
BNC2-AS1,False
LINC01103,False
TPT1P9,True
EEF1GP5,False
LINC00458,False
HSPA8P3,False
NUTF2P4,False
RFTN1P1,False
RPS3AP6,False
PCMTD1P3,False
MORF4,False
FAM197Y2,False
RPL26P29,False
LINC01135,False
SVIL2P,True
H2AC5P,False
ECI2-DT,False
MRPS33P4,False
XRCC6P2,False
IQCM,False
IFNA17,False
FAM197Y9,False
NXT1-AS1,False
PHB1P13,False
PPIAP78,False
RPS26P30,False
LINC01239,True
MTCO2P16,False
CDC42P2,False
MTND2P3,False
RPL23AP42,False
NDUFA5P3,False
LINC00676,False
SLIT1-AS1,False
HNRNPUL2-BSCL2,False
ATP5F1AP1,False
LINC02632,True
ADH5P5,False
LINC02925,False
HSPE1P1,False
LINC00163,True
PIGFP2,False
EIF3EP1,False
MIR155HG,True
GRK3-AS1,False
MTND5P26,False
OFD1P15Y,False
KPNB1P1,False
HNRNPDLP2,False
OR52X1P,False
OR7E62P,False
CHEK2P3,False
SOX9-AS1,False
MTND6P13,False
APOC2,False
IL6RP1,False
TEX21P,False
SNHG20,False
LINC01827,True
TSEN15P3,False
ATP5PDP4,False
HMGN1P18,False
LINC01659,False
MARK2P15,False
CDC42P1,False
MTND5P29,False
MTND2P18,False
GRID1-AS1,False
LINC02623,False
GTF3C2-AS1,False
SDHCP3,False
LINC01524,False
RAB17-DT,False
RBMY2OP,False
LINC02674,True
LINC02539,False
FABP5P13,False
LINC00700,True
FABP5P7,False
SHISA8,False
AARSD1P1,False
LINC02658,False
FTH1P2,False
RPL7AP20,False
RPL7AP47,False
FMO10P,False
LINC01849,False
CUBNP2,False
RPS3AP28,False
ACTG1P25,False
LINC02966,False
SNRPCP19,False
EIF4A1P2,True
USP9YP30,False
LINC01883,True
JAKMIP3-AS1,True
JCADP1,False
COX20P2,False
REREP2Y,False
GEMIN2P1,False
SEMA3F-AS1,False
CDK5R2-AS1,True
DPP10-AS1,False
PRADX,False
HMGN1P30,False
MNX1-AS2,False
BMP7-AS1,True
DAAM2-AS1,False
C19orf81,False
MTND6P12,False
MTCO3P1,False
SMARCAL1-AS1,False
TECRP1,False
PPIAP3,False
RPL7P8,False
LINC00940,False
MLIP-AS1,False
LINC01777,False
ZMYND10-AS1,False
VDAC1P4,False
UBE2V1P7,False
BCRP5,True
SLC25A5P2,True
RPL24P2,False
ARNILA,False
GAPDHP52,False
ZRANB2-AS1,True
MTND5P23,False
SUMO1P3,False
CHCHD2P6,False
FNDC1-IT1,False
RPL7L1P3,False
ID2-AS1,False
LINC00330,False
ANKRD65,False
SETP9,False
ADI1P1,False
BRD3OS,False
IFNA12P,False
ZSCAN31,False
HSPE1P27,False
CHCHD2P8,False
FAM237A,False
BSN-AS1,False
DSCAM-AS1,False
KRT8P17,False
FABP7P2,False
TP73-AS2,False
RPL35AP22,False
PSMA5P1,False
HSP90AB6P,False
LINC03017,False
COX6CP17,False
LINC02532,True
RPSAP16,False
HMGB3P23,False
RCBTB2P1,False
TMEM30CP,True
LINC02939,False
LINC02248,False
C12orf75,False
RPL7AP81,False
CDK5P1,False
LINC01440,False
SMIM1,False
MTND1P31,False
LINC01366,False
HGH1,False
RPL39P3,False
RPL26P37,False
LINC00601,True
SRP14P3,False
MICOS10-DT,False
NUCB1-AS1,False
PPP1R3E,False
ZNF33CP,False
CYP2C58P,False
LINC01702,False
LINC02578,False
LINC01525,False
TBC1D3P3,False
TATDN2P3,False
TUBBP6,True
RPL7AP13,False
TMSB10P2,False
OR6E1P,False
FAM83C-AS1,False
TSPY26P,False
DNAJC17P1,False
LINC00383,False
RPL31P17,True
VN1R38P,False
MRPS18BP2,False
IGKV1OR2-1,False
SUMO2P1,False
ACTRT1P1,False
DANT2,True
OR13C1P,True
EEF1A1P50,False
TMEM185AP1,False
FKBP4P7,False
ITGA9-AS1,False
NDUFB4P6,False
KDM5C-IT1,False
RPL5P28,False
RPL22P17,False
KDM4E,False
LINC02331,True
RAMACL,False
KRT18P16,False
ZNF652P1,False
MCF2L-AS1,False
DYNLL1P3,False
SNORD62A,False
SMIM2-IT1,False
BRD7P6,False
HLA-W,True
RPL7AP25,False
LINC01634,False
FAUP1,False
HNRNPK-AS1,False
MRPL53P1,True
SKAP1-AS2,False
HLA-Z,False
LINC01281,False
GAPDHP34,False
GXYLT1P6,False
KRTAP19-10P,False
HM13-IT1,False
LINC00957,False
RPL23AP69,False
DUSP8P5,True
MTND4LP13,False
COTL1P2,False
SRSF3P5,False
RPL12P25,False
RPSAP76,False
PVRIG2P,False
BTG3P1,False
B3GALT1-AS1,True
DUSP5P2,False
GEMIN2P2,False
LINC01665,False
SGCEP1,False
RPS29P16,False
LINC01621,False
SCMH1-DT,False
ABR-AS1,False
SNRPGP10,False
LINC01055,True
SAPCD2P2,False
RPL36AP15,False
DNM1P51,False
SSR4P1,False
RPEL1,True
MRPS10P1,False
RPL7P31,False
MTND4P31,False
LINC02154,False
SPAAR,False
EPN2-AS1,False
CYMP-AS1,False
SNORA71B,True
DRG1P1,False
TTTY4B,False
KRT18P63,False
RPSAP24,False
TIPINP1,False
RPL29P30,False
KATNBL1P3,False
SUMO2P10,True
RPS7P13,False
ZSWIM5P1,False
MTATP6P17,False
RNF186-AS1,False
DPY19L2P4,False
LINC01278,False
ESRRAP2,False
RPS2P15,False
PSMB3P2,False
LINC02791,False
TRAPPC13P1,False
LURAP1L-AS1,True
PNPLA4P1,False
SMIM27,False
HAUS6P3,False
IQCF5-AS1,False
RPS26P31,False
TAB3P1,False
RPL10AP5,False
MRPL50P4,False
NEURL1-AS1,True
EIF4A1P7,False
LINC01664,False
RAB9AP4,False
UBE2R2-AS1,False
RPL21P135,False
GYG2-AS1,False
ANAPC1P6,False
JARID2-AS1,True
DBF4P1,False
LINC01889,False
LINC01221,False
LINC01967,False
LINC02923,False
SNX19P2,False
CNN3-DT,False
CASP4LP,False
RPS2P7,False
OFD1P18Y,False
TAB3-AS2,False
L3MBTL2-AS1,True
LLPHP2,False
LINC01815,True
USP9YP27,False
MTCO1P23,False
FTLP1,False
HIPK1-AS1,False
AGAP1-IT1,False
TMEM11-DT,False
MSC-AS1,True
LINC00402,False
FECHP1,False
TRDN-AS1,True
MTND1P33,False
RPS11P1,False
DOCK7-DT,False
NDUFB11P1,False
HEBP2P1,False
EIF1P2,False
ANKRD26P2,False
RPL6P27,True
SRSF6P2,False
SUMO1P4,False
GUSBP17,False
NOP56P1,False
ZNF747-DT,False
NFAM1,False
LINC00533,False
SNX18P14,False
LINC01871,False
RPL38P5,False
GAPDHP65,False
GNAS-AS1,False
RBMS3-AS1,False
GAPDHP23,False
LINC01102,False
RRM2P4,False
BARX1-DT,False
POU5F1P3,False
AK4P6,False
NKX1-1,False
NSRP1P1,False
ST13P2,False
FAM21EP,False
RPL36AP33,False
LINC00494,False
OR7E110P,False
KRT18P66,False
SNRPFP4,False
TNR-IT1,False
LINC02922,True
RNF148,False
NUS1P1,False
MTND6P14,False
ELOAP1,False
LINC00484-1,False
PTP4A1P5,False
LINC01647,False
RPL10P5,False
LINC02651,True
MTND1P2,False
MTFR2P2,True
MXRA5Y,False
G3BP1P1,False
EPM2A-DT,False
H3P6,False
RPL36P18,False
LINC00345,False
MIR670HG,False
SAPCD1-AS1,False
LINC00298,True
CHN2-AS1,False
RPL21P40,False
LDHAP2,False
NPM1P26,False
OR5AN2P,False
PPIAP20,False
LINC00993,True
SNTG2-AS1,False
CUBNP3,False
HIGD2AP2,False
PA2G4P2,False
CXorf51B,False
CYCSP52,False
PCBP2P1,False
EOLA2-DT,True
DICER1-AS1,False
TRIM67-AS1,False
ANKRD34C,False
KRT18P46,False
DPP10-AS2,False
MFRP,False
GABPAP,True
PSMD14-DT,False
LINC03050,False
OR2AF1P,False
LINC02250,False
HMGN1P36,False
RPL7AP72,False
TRIM60P19,False
PHACTR2-AS1,False
LINC02784,False
CTBP2P2,False
SEPTIN14P12,False
KIAA0040,False
ARHGAP42P3,False
MSH2-OT1,False
MTCO3P46,False
SNRPGP5,False
BRD7P5,False
LINC00607,True
RPL7AP70,False
DPYD-AS2,True
USP17L27,False
LINC02569,False
HNRNPA1P29,True
ZNRF3-IT1,False
RPL35AP8,False
PEF1-AS1,False
MTND3P21,False
HCFC1-AS1,False
MTCO2P23,False
SOCS5P3,False
MYL6P2,False
ADAM21P1,False
PRELID1P3,False
VN1R17P,False
IFITM4P,False
OLMALINC,False
LINC00837,False
TUBB8P9,False
RPL36AP26,False
TBCAP2,False
SRGAP3-AS4,False
BHLHE40-AS1,False
CNN2P3,False
KIF3AP1,False
HSP90AB7P,False
LDHAP7,True
RMDN2-AS1,False
HS6ST2-AS1,False
OR7E145P,False
CTBP2P1,False
B3GALT4,False
HSPA8P6,False
GSN-AS1,False
GAPDHP31,False
ARHGEF7-AS2,False
FEM1AP4,False
FAR1P1,False
LINC00941,False
LINC01828,False
LINC02799,False
LINC02940,False
TSPEAR-AS1,True
PKMP2,False
TM4SF19-AS1,False
LINC01564,True
CPB2-AS1,False
RBMS3-AS3,False
RHOA-IT1,False
APOA1-AS,False
MACROD2-AS1,False
MRPS18CP7,False
MTCO2P11,False
ASH1L-AS1,False
THRAP3P3,False
ZNRF2P3,False
RPS29P15,False
NEXN-AS1,True
TPT1P14,False
HSPE1P12,False
LINC01553,False
LINC01779,False
RPL21P30,False
MTND1P21,True
LCE6A,False
TMEM212-IT1,False
ZNF815P,False
H2BW3P,False
EGOT,True
TTC28-AS1,False
CICP20,False
COX7CP1,False
UBOX5-AS1,False
PNMA6A,False
RPL7AP53,False
MCCD1P1,False
FXYD6P2,False
COX5BP3,False
FBXL12P1,False
CHEK2P4,False
VN2R19P,False
TPM2P1,False
H2BP8,False
GPC5-AS1,False
MORC2-AS1,False
RPL23AP20,True
GRAMD4P2,False
UBE2V1P6,False
LINC01936,False
TAAR7P,False
MTCO1P46,False
LINC01814,True
HIGD1AP12,False
LINC02941,False
ASMTL-AS1,True
COP1-DT,True
PRRX2-AS1,False
PATE3,False
OR5H14,True
NSA2P1,False
LINC00445,True
LINC02889,True
CHIAP1,False
COX6CP18,False
FABP5P2,False
RPL13AP12,False
SSBL5P,False
LINC01920,False
MYCBP2-AS1,False
LINC01643,False
LINC01067,False
SYN3-AS1,False
GAPDHP14,False
RPL17P36,False
HSPB1P1,False
GSTM5P1,False
NT5ELP,False
SRSF2P1,False
LINC01072,False
SLC6A14P1,False
LINC01447,False
YAP1P2,False
ELFN1-AS1,False
OR13E1P,False
ACTG1P4,False
HMGN2P28,False
COX10-DT,False
LDHAP3,True
LINC02243,True
LINC00545,False
BNIP3P2,False
RAC1P7,False
ZBTB22,False
PRELID3BP10,False
SCN1A-AS1,False
OR2AM1P,False
RPL6P1,False
LINC01639,True
HAUS6P2,False
CEACAMP11,False
HMGN2P23,False
USP17L4,False
CT47A3,False
PTCSC2,False
MED13P1,False
LINC01069,False
ADORA2BP1,False
CD101-AS1,False
DUX4L26,False
TMEM147-AS1,False
RPL23AP37,False
MRPS36P1,False
UBE2E3-DT,False
ZPLD2P,False
CHCHD4P3,False
RFC3P1,False
PRADC1P1,False
GAPDHP57,False
IGHD1-1,False
RPL12P26,False
MIR7515HG,True
SSU72P6,False
LINC00353,False
PRAMEF35P,False
TCEA1P4,False
HNRNPDLP3,False
GJA6P,False
PRKX-AS1,False
RPL18AP15,False
RPS15AP25,False
LINC01953,False
MRM3P2,False
PPP1R9A-AS1,False
SMARCA2-AS1,True
KDM4A-AS1,False
GRM7-AS1,False
LINC01376,True
C10orf71-AS1,False
MTCO1P7,False
PPP1R11P1,False
C1DP2,False
VEZF1P1,False
MTCYBP24,False
GPC5-IT1,False
MYO16-AS1,True
RPL6P29,False
SLC35F3-AS1,False
SLC25A3P1,False
MTND4P14,False
DIAPH2-AS1,True
EI24P2,False
TIMM8BP1,False
PPIAP64,False
SHANK2-AS2,False
RPL26P30,False
LINC01361,True
SCUBE1-AS2,True
NDP-AS1,True
NIPA2P5,False
PEBP1P3,False
CLEC2L,False
NDUFB9P2,False
VN1R31P,False
NPM1P8,False
ZBED5,False
GACAT3,False
EEF1GP7,False
USH2A-AS1,True
GUSBP5,False
EEF1A1P23,False
MTND4LP12,False
MRGPRG-AS1,False
LINC02646,True
SLC12A9-AS1,False
LINC01241,False
EEF1E1P1,True
TLX1NB,False
RPL34P34,False
VN1R53P,False
OR7E109P,False
LINC02888,False
SLFN14,False
BMP6P1,False
SNX9-AS1,False
RPL32P5,False
RPL5P9,False
TRHDE-AS1,False
PPIAL4G,False
CDYL-AS1,False
FMR1-IT1,False
POM121L13P,False
GRM8-AS1,False
EI24P4,False
SCAT8,False
PSMC1P10,False
SUCLG2P2,False
LINC00437,False
DNAH8-DT,False
EI24P1,False
OR51B8P,False
RRAS2P1,False
GAGE12F,False
EIF3MP1,False
CT47A1,False
LINC02653,True
POU5F1P5,False
ZNF736P4Y,False
VENTXP7,False
KRTAP10-13P,False
CCDC200,True
LINC00479,True
ITCH-AS1,False
SLC35G4,False
DDX11L2,False
TAS2R39,False
KRTAP21-4P,False
SLC4A1APP2,False
VLDLR-AS1,True
UBQLN1P1,False
HMGB1P18,False
NRADDP,False
NDUFAF4P3,False
CTSLP1,False
CHCHD3P1,False
LINC01134,True
TSPY10,False
CCDST,False
GPM6BP2,False
KRT8P29,False
MFF-DT,False
RPL37P21,False
TSPY12P,False
LINC02850,True
LINC02151,False
FAM157A,False
COPRSP1,False
ANKRD54P1,False
UBE2L5,False
LINC00608,False
CT47B1,False
ATG10-IT1,False
HNRNPA1P22,False
SNX2P2,False
LINC00427,False
LINC02559,False
RCAN2-DT,False
KCNMA1-AS1,True
EEF1A1P44,False
LINC02920,False
KRT43P,False
GCNT1P1,False
TRIM26BP,False
RPS24P1,False
PKMP1,False
LINC02195,False
MTND2P40,False
RRM2P2,False
LINC01945,False
EIF2S2P3,False
GPS2P1,False
LINC01744,False
LINC00896,False
CD24P1,False
SIX3-AS1,True
TRPC6P8,False
ATP13A5-AS1,True
RPL21P133,False
LINC01231,False
KLF2P4,False
LINC01424,False
GPC6-AS1,False
NPAP1P4,False
NPM1P40,False
BTBD3-AS1,False
ARF4P2,False
KPNA2P1,False
LINC01695,False
RPS12P4,False
H3P36,False
RC3H1-IT1,False
ZNF863P,False
HNRNPA1P54,False
VN2R9P,False
MED28P7,False
EN2-DT,False
MYCL-AS1,True
RNF217-AS1,False
RPS27AP7,False
RPL13AP5,False
ASNSP3,False
BCL2L1-AS1,False
IFITM3P1,False
YWHAQP5,False
HNRNPA3P5,False
TCF3P1,False
HNRNPA1P73,False
RAD23BP1,True
SNRPGP14,False
RPL36P13,False
STARD13-AS,False
PRPF38AP2,False
MTATP6P4,False
UST-AS2,True
S100A11P2,False
RPS27AP14,False
MED15P5,False
CRLF3P1,False
IGHD7-27,False
ELOCP26,False
RANP1,False
LYPLA2P3,False
EEF1DP8,False
EIF4A1P6,True
ZNF853,True
SOCS5P1,False
LINC02556,True
KRTAP19-11P,False
BAK1P2,False
CHFR-DT,False
PITPNA-AS1,False
XKRYP3,False
MTND5P17,False
LINC02540,False
IFNA4,False
LAMTOR5P1,False
LINC02810,True
DLX2-DT,False
LINC01923,True
SLC6A14P3,False
FIBCD1-AS1,False
FRGCA,False
POTEH-AS1,False
RPL27AP3,False
LHX2-AS1,False
KRT18P5,False
PRKG1-AS1,False
MTX1P1,False
SETD4-AS1,True
LINC00347,False
RPL23AP24,False
DSTNP5,False
MAP3K2-DT,True
HMGA1P1,False
BZW1P1,False
MTCO2P21,False
NDUFA4P2,False
MTCO1P10,False
HNRNPA1P47,False
EIF1AXP1,False
ARHGEF38,True
LINC01010,False
MYB-AS1,False
CNOT4P1,False
SDK1-AS1,False
DAPK1-IT1,False
SMAD9-IT1,False
LINC01844,False
RBMY2QP,False
OVAAL,False
LINC01741,False
RPL31P63,False
UQCRC2P1,False
GAGE12B,False
CLIC4P1,True
YRDCP2,False
LINC01282,False
LINC01186,False
MKLN1-AS,False
DNAJC9-AS1-1,False
MTUS2-AS2,True
CTAGE9,False
RPL19P16,False
TRMT112P4,False
COX7A2P2,False
LINC02659,True
RPL21P23,False
INTS6-AS1,True
LINC01829,False
ZNF593OS,False
RPS15AP27,False
SDR42E1P5,False
TSPY15P,False
LINC00299,True
OR2AI1P,False
BCRP8,False
CNTNAP2-AS1,False
SPA17P1,True
LINC02626,False
RPL24P8,False
SDAD1P4,False
RPS3AP12,False
RPL7AP15,True
SNX25P1,False
ELOA-AS1,False
GAPDHP2,False
BTF3P8,False
ANKRD20A7P,False
ARL5AP2,False
LINC01563,False
NMBR-AS1,False
BCYRN1,False
RAB28P2,False
LINC00529,False
DMD-AS3,False
CBR3-AS1,False
YME1L1P1,False
CBY1P1,False
LINC00421,False
PCYT1B-AS1,False
RPL23AP95,False
LINC01474,False
SSBL2P,False
OR2R1P,False
LINC00486-1,True
RAP1BP1,True
NIFK-AS1,False
RPL39P29,False
BET1-AS1,False
RPS20P24,False
RPL23AP23,False
TENT5C-DT,False
ZKSCAN7-AS1,False
POMPP1,False
LINC00106,False
PPIAP36,False
DDX11L5,False
TMSB4XP1,False
SETD6P1,False
MTATP6P26,False
RPS26P57,False
LINC01554,True
RPS20P5,False
ASS1P7,False
LINC03028,False
TIMM9P1,False
MIR600HG,False
LINC02827,False
OR2P1P,False
RPS13P3,False
LINC01852,False
CLCA4-AS1,False
DNAJA1P2,False
PHKG1P3,False
LINC01378,False
RPL35AP37,False
SDHDP4,False
CEACAMP8,False
PTGES3P4,False
BAALC-AS2,False
MIX23P2,False
HNRNPA1P70,False
LINC01774,True
ZDHHC20-IT1,False
NF1P8,False
SULT1D1P,True
LINC01141,True
OR52N3P,False
GGT8P,True
FABP5P1,True
GAPDHP51,True
LINC02814,False
RPL6P20,False
ANKRD44-IT1,False
C3orf84,False
OR10G9,False
BLOC1S2P1,False
NDUFA5P8,False
CTDSPL2P1,False
EDRF1-AS1,False
RPL12P12,False
GAPDHP21,False
YBX1P9,True
MLIP-IT1,False
ATP2B2-IT1,False
PTMAP6,False
WASF3-AS1,False
RPL36AP11,True
ZNRF2P1,False
HIGD1AP15,False
KRT18P52,False
LAPTM4BP1,False
GLIS3-AS1,False
LINC01812,False
LRRFIP2P1,False
PRPF31-AS1,False
IGHD1-20,False
USP9YP3,False
RPL21P33,False
PARD6BP1,True
RPSAP7,False
CASP3P1,False
ZEB1-AS1,False
NDUFA6-DT,False
USP17L8,False
RPS28P4,False
DPH3P2,False
RPL27P8,False
MICG,False
TTTY12,False
RPL34P1,True
FUCA1P1,False
PRMT5-AS1,False
MTCO1P48,False
LINC02087,False
MMEL1-AS1,False
EIF3IP1,False
NANOGP4,False
RPL5P2,False
LINC02942,False
RPL38P2,False
EHMT2-AS1,False
COX5BP6,False
RPL7AP48,False
PCNPP4,False
MKRN8P,True
LINC01065,False
GYG1P2,False
FABP5P15,False
RPL36AP5,False
RPL21P111,True
TAAR9,False
IGHJ3P,False
CYP2F2P,True
LINC01056,False
PIEZO1P2,False
MTND2P11,False
HAND2-AS1,False
LINC02652,True
MTCYBP34,False
MRPS6P2,False
DDX10P1,False
C4orf51,False
HUNK-AS1,False
RPS26P41,False
HSPE1P16,False
DNAJC19P1,False
HIGD1AP2,False
ZNF503-AS2,False
MCFD2P1,False
CNTFR-AS1,True
RPS20P9,False
SLC25A15P2,False
LINC01792,False
RPL12P27,False
RPS7P15,False
B3GNT9,False
NME1P1,False
H3P7,False
LINC01797,False
CYP46A4P,False
PRKAR1B-AS1,False
KRTAP9-10P,False
VN1R66P,False
NR2F1-AS1,True
CDKN2AIPNL,False
SNAI1P1,False
DLGAP5P1,False
IGHD1-7,False
ZBTB40-IT1,False
RPL7P34,False
IMPDH1P4,False
RBM17P3,False
SETP4,False
RPL23AP22,False
DEFB131D,False
PPEF1-AS1,False
LINC01968,False
SULT1C2P1,False
OR13K1P,False
RPS3AP39,False
KRTAP2-5P,False
ZNF295-AS1,False
TMEM26-AS1,False
TRDD2,False
BMS1P10,False
BTF3P15,False
CREB3L2-AS1,False
MBD3L5,False
LINC00987,False
MMADHCP1,False
TRBV30,False
PGAM3P,False
MTND2P8,False
ZNF133-AS1,False
PPIAP67,False
Metazoa_SRP-8,False
MAPK6P3,False
FTH1P11,False
LINC01810,False
LINC01519,False
RBMY2TP,False
OR51R1P,False
RSL24D1P8,False
GTF3AP1,False
S100A11P10,False
ANO7L1,True
RLIMP2,True
H3P2,False
CATIP-AS2,False
LINC00851,False
HNRNPA1P2,False
CARD11-AS1,False
CKMT1B,False
LINC01343,False
LINC01732,False
EIF4BP9,False
SMG1P1,False
TTN-AS1,True
MTCO1P19,False
OFD1P11Y,False
HIGD1AP8,False
HSPE1P22,False
SRRM1P3,False
MTND2P6,False
LINC03011,False
RPL12P39,False
RPL7L1P10,False
UPP2-IT1,False
RAI1-AS1,False
RNF223,True
XIAP-AS1,False
ELAVL4-AS1,True
FTCD-AS1,False
LINC01502,False
SYP-AS1,False
CDC42P6,False
ITPK1P1,False
LINC01358,False
PATE4,False
OR52S1P,False
FAM88E,False
CHCHD4P2,False
TUSC8,False
BRWD1-IT1,False
CBX1P3,False
HOXD-AS2,False
NT5DC1P1,True
RPL21P121,False
CNN2P11,False
OR4A47,False
LNCNEF,False
HLA-DPA3,True
PITRM1-AS1,False
LINC01304,False
CAMTA1-IT1,False
NDUFA9P1,False
ART2BP,False
NRXN2-AS1,False
PRSS56,False
MGC27382,True
NRBF2P3,False
XRCC6P1,False
LINC01522,False
FOXD2-AS1,False
RPSAP2,False
ZIK1P1,False
TOMM22P1,False
ASH2LP2,False
RPS7P12,False
RPSAP11,False
LINC02790,False
CAMTA1-DT,False
ASS1P12,False
CECR7,False
ZNF737,False
RGL2,False
HNRNPA1P57,False
OR13D2P,False
RHEBP3,True
CDC27P2,True
TAAR4P,False
RPL23AP71,False
CDK2AP2P2,False
MEIOSIN,True
ID2B,True
BRINP3-DT,False
TUBB4BP3,False
LINC01661,False
LRRC52-AS1,False
MTCO3P41,False
USP9YP35,False
ADGB-DT,False
TUBB8P10,False
DCLRE1CP1,False
RPL7P53,False
LINC01637,False
RPS27AP8,False
LINC01684,False
VN1R48P,True
C10orf143,True
RPS27AP17,False
LINC01409,False
OR2L9P,False
LINC02919,False
WAKMAR2,True
PKN2-AS1,True
RPSAP15,False
GPAT2P1,False
UNC5B-AS1,False
PTP4A1P7,False
SHISA9,False
CELSR1P1,False
LINC02971,False
OR7E24,False
NONOP2,False
LINC00857,False
TEX51,True
UQCR10P1,False
RPL36AP36,False
HLA-DQA2,False
MTCO3P17,False
XKRYP6,False
IGHJ2P,False
RPS6P3,False
LINC02567,False
KCND3-AS1,False
YWHABP1,False
CDY7P,False
LINC01497,False
TTTY21B,False
LINC02836,False
TUBAP1,False
LINC02862,False
LINC01856,False
PYY2,False
LINC01888,False
LINC01514,False
GCSHP3,False
RPL34P8,False
RAC1P4,False
LINC00407,False
HMGN1P32,False
IGKV1OR10-1,False
TIAM1-AS1,False
LINC01275,False
HMGB3P12,False
DYRK3-AS1,False
LINC02943,False
OR4C50P,False
Metazoa_SRP-9,False
FAM138A,False
USP9YP32,False
BTBD7P2,False
OR3B1P,False
GCNT1P5,False
OR9A1P,False
ELOCP18,True
NICN2P,False
OXCT2P1,False
MTCO2P19,False
UQCRHP2,False
NIFKP9,False
PARK7P2,False
S100A11P1,False
DUX4L29,False
ANKRD26P3,False
FRY-AS1,False
LINC02245,True
RPL28P2,True
HMGB3P5,False
LINC01610,False
HLCS-IT1,False
KIFC1,True
OR11Q1P,False
C2orf74,False
RNASEH2CP1,True
TNIP2P1,False
SOCS2P1,False
DNAJC19P7,False
LINC00316,False
GRM7-AS2,False
LINC01115,False
RPS15AP38,True
LINC01866,False
GAGE12C,False
KRR1P1,False
GSTA7P,False
TEX36-AS1,False
RPL30P4,True
VDAC1P11,False
PRKCIP1,False
RPSAP35,False
SCIRT,True
LINC00686,True
IFNWP2,False
IRGM,False
PRAMEF33,False
ATP5PFP1,False
TRBV3-1,False
TRIM51EP,False
SPIN2P1,False
EEF1A1P28,False
MTCO3P11,False
P4HA2-AS1,False
MTND1P29,False
CAMTA1-AS2,False
RPS5P8,False
RNGTTP1,False
CT75,False
DCTN1-AS1,False
RNF216-IT1,False
NPAP1P3,False
HEY2-AS1,True
FBP2P1,False
RPL22P8,True
ZNF101P1,False
UQCRBP1,False
KCNH7-AS1,False
LINC01143,False
NCKAP1P1,False
SLC20A1-DT,False
EEF1A1P30,False
BANF1P3,True
AMY1A,False
FAM200B,False
GGTA2P,False
LINC01370,False
SPATA31D2P,False
LINC02631,False
DDR1-DT,False
ADAMTSL4-AS2,True
PLLPP1,False
RPS20P12,True
GFOD1-AS1,False
LINC02877,False
LINC01318,False
RPL18AP16,True
MACORIS,True
CICP11,False
AMD1P2,False
FAM197Y6,False
LINC00211,False
HNRNPA1P39,False
FAUP2,False
LINC02984,False
RPL21P109,False
RPS3AP29,False
CDK6-AS1,True
ST13P7,False
CDY19P,False
RPL23AP33,False
RPS15AP29,False
PA2G4P1,False
ETS2P1,True
PHKA2-AS1,False
FAM21FP,False
KRTAP19-9P,False
SMU1P1,False
NFYAP1,False
GOLGA6L24,False
NFIA-AS1,False
LINC00674,False
EEF1A1P31,False
SLC6A14P2,False
IRS4-AS1,True
LINC00322,True
POU5F1P4,False
DLGAP5P2,False
AKR1B1P4,False
LINC01473,False
LINC00398,False
LINC01885,False
PPIAP13,True
DGUOK-AS1,False
NALT1,False
RPL23AP32,False
UBE2V1P16,False
KLF7-IT1,False
TSPY21P,False
MUPP,False
MTCO1P18,True
SRP68P3,False
FTLP19,False
SIRPG-AS1,True
RPL37P12,False
PARP4P1,False
LRRC7-AS1,True
LINC02570,False
RPL21P112,False
NFIA-AS2,True
RPL31P3,False
RPL31P14,False
CLIC4P3,False
LINC02702,False
IDI1P1,True
LINC01238,False
KCNQ1DN,False
PRKCQ-AS1,False
LINC00649,False
MTATP6P20,False
LINC00844,False
LINC02918,False
PPIL1P1,True
RPL7AP73,True
RPS13P5,False
TRIAP1P1,False
CT47A5,False
RPL36AP10,False
PRXL2CP1,False
RAD52P1,False
TMEM161BP1,False
TUBG1P,False
MTCO1P12,False
FLG-AS1,True
RFX5-AS1,False
EIF4HP2,False
KCNMB2-AS1,True
DNAJB12P1,False
LINC02773,False
PTENP1,False
CELF2-AS2,False
OR2I1P,False
LINC01679,False
CNTN4-AS1,False
RPL35P1,True
LINC01808,False
RCC2P2,False
ACTG1P19,False
PSME2P1,False
SNRPCP1,False
NPAP1P6,False
RPL10P4,False
LNCATV,False
COX6CP10,False
SPTBN1-AS2,True
HTR3E-AS1,False
ODAD2P1,True
LMX1A-AS1,False
DDX39BP2,False
ZDHHC4P1,True
RALBP1P2,False
S100A11P5,False
OOSP1P1,False
ATP6V0E1P3,False
SALL4P2,False
TMEM230P2,False
LINC02257,True
MVP-DT,False
MTND5P22,False
MTND1P30,False
ART2P,True
ISCUP1,False
RPL36AP24,False
ZEB2-AS1,False
CAMSAP1-DT,True
HSPE1P21,False
SPATA3-AS1,True
LINC01685,False
LRRC57P1,False
XKRYP1,False
RPLP0P7,False
CDC26P1,False
RBMY2HP,False
TSPY9,False
RPSAP32,False
MRPL48P1,False
NMNAT1P3,False
LINC01352,False
NUDCP2,False
LRRC37A2,False
PPP1R26P1,False
FMO8P,False
OFD1P7Y,False
CEACAMP6,False
LINC02037,False
ABCA17P,False
LINC01625,False
RPL9P7,False
GOLGA2P5,False
LINC02806,False
RNF14P3,True
RPS13P4,False
LINC01410,False
RAD21P1,False
SLC25A24P2,False
LINC01589,False
LINC00426,False
MID1IP1-AS1,False
SLC9A3P2,False
LINC02854,False
GOLM2P1,False
MAP3K20-AS1,True
USP9YP10,False
ARPC3P2,False
BRWD1-AS1,False
TRPC6P4,False
TUBAP8,False
MLLT10P1,False
OR7E140P,False
USP9YP4,False
LINC02863,True
OR7E117P,False
TNFRSF14-AS1,False
IFITM3P5,False
LINC01053,False
RPS2P35,False
RPL39P6,False
RPL21P34,False
AHCYP2,False
RPS27P5,False
CD81-AS1,False
SPRING1P2,False
ENOX1-AS2,False
HMGB1P15,False
CLUHP1,False
HADHBP1,False
PHACTR3-AS1,False
PAXBP1-AS1,False
LRIG2-DT,False
UBE2V2P3,False
MGAT2P2,False
MPC1L,False
ETDA,False
POLR2LP1,False
LINC02096,False
TARDBPP2,False
LINC01877,False
MKRN4P,False
CRIP1P2,False
TMEM250,False
OR7E7P,True
LINC00391,False
TSPY11P,False
MTCYBP14,False
CCR12P,False
LINC02778,False
OR2W3,False
GABARAPL3,False
MYO5BP2,False
RDXP3,False
HMGN2P17,False
ST6GAL2-IT1,False
NSA2P7,False
MTND5P20,False
PHF5GP,False
NTM-IT,False
RPL21P88,False
LINC00317,True
LINC00707,True
PAGE2B,False
IFNWP19,True
HOMER2P2,False
LINC02944,False
ALG1L6P,False
TBC1D3P1,True
LINC01448,False
MRPL50P2,True
SLC35E1P1,False
EXO5-DT,False
MTND3P23,False
ERRFI1-DT,True
U3-42,False
SNORD121B,False
RNU7-120P,False
RNU7-50P,False
SNORD13E,False
SNORD11,False
RN7SKP198,True
SNORD126,False
RNU7-148P,False
SNORA13,False
RNU7-140P,False
RNU7-57P,False
Y_RNA-629,False
MIR2113,False
RNU7-103P,False
RNU7-180P,False
RNA5SP103,False
RNU7-165P,False
RNU6-1211P,False
RNU7-48P,False
RNA5SP233,False
MIR2053,False
RNA5SP311,False
RNU7-171P,False
RNU7-63P,False
RNU7-186P,False
RNU6-437P,False
SNORD42B,False
Y_RNA-630,False
RNU7-136P,False
RNU7-157P,False
RNU7-130P,False
Y_RNA-631,False
RNU6-893P,False
RNU7-38P,False
RNU7-134P,False
RNU7-144P,False
RNU6-1014P,False
RNU7-169P,False
RNU7-14P,False
RNU6-498P,False
RNU6-1208P,False
RNU6-749P,False
Y_RNA-632,False
RNU6-221P,False
SNORD13P1,False
RNU7-87P,False
SNORD18-1,False
RNU6-104P,False
Y_RNA-633,False
MIR1270,False
U8-17,False
RNU7-107P,False
RNU6-599P,False
SNORD105B,False
RNU7-93P,False
RNU7-104P,False
RNU6-1193P,False
RNU1-88P,True
RNU7-21P,False
Y_RNA-634,False
RNU6ATAC28P,False
RNU7-159P,False
SNORD4A,False
RNU7-167P,False
Y_RNA-635,False
RNU7-54P,False
SNORD4B,False
RNU7-7P,False
RNU7-94P,False
RNU7-26P,False
RNU6-300P,False
RNU6-775P,False
SNORD97,False
RNA5SP489,False
RNU7-126P,False
SNORD42A,False
SNORD54,False
RNU7-62P,False
RNU6-625P,False
RNU6-333P,False
RNU6-1037P,False
RNU6-261P,False
RNU7-147P,False
RNU7-97P,False
MIR1976,False
RNU7-56P,False
RNY4P25,False
Y_RNA-636,False
RNU7-96P,False
RNU7-194P,False
Y_RNA-637,False
MIR1972-1,False
RNU7-164P,False
RNU7-90P,False
RNU7-113P,False
SCARNA7,False
Y_RNA-638,False
RNU7-27P,False
SCARNA18B,False
LINC02006,False
RNU7-155P,False
RNA5SP57,False
RNU7-141P,False
RNU7-80P,False
RNU7-9P,False
Y_RNA-639,False
RNU7-92P,False
RNU7-182P,False
RNU7-152P,False
SNORD124,False
SCARNA12,False
Y_RNA-640,False
RNU7-102P,False
RNU7-127P,False
Y_RNA-641,False
RNVU1-2,False
RNU7-45P,False
RNU7-46P,False
RNU1-131P,False
SCARNA18,False
LINC02031,True
U8-18,False
RNU7-106P,False
Y_RNA-642,False
SNORD19B,False
RN7SKP210,False
RNU7-59P,False
RNU6-329P,False
RNU7-85P,False
SNORD121A,False
RNU1-80P,False
RNU7-34P,False
RNA5SP484,False
Y_RNA-643,False
RNU7-196P,False
SNORD10,False
RNU7-1,False
RNU7-82P,False
Y_RNA-644,False
Y_RNA-645,False
SNORD65B,False
RNU6-953P,False
SNORD2,False
Y_RNA-646,False
RNU7-66P,False
RNU7-173P,False
RNU7-19P,False
SNORA47,False
RNU7-176P,False
U8-19,False
RNU7-125P,False
RNA5SP351,False
RNU7-133P,False
RNU7-187P,False
RNU6-420P,False
SCARNA10,False
RNU7-88P,False
RNU7-95P,False
RNU7-74P,False
SNORD108,False
RNA5SP246,False
RNU1-98P,False
RNU6-956P,False
SNORD13D,False
SNORD13,False
Y_RNA-647,False
SNORD127,False
RNU7-138P,False
MIR500B,False
Y_RNA-648,False
RNU6-274P,False
RNU7-55P,False
RNU7-24P,False
RNU7-170P,False
RNU7-23P,False
RNU7-185P,False
RNU7-73P,False
Y_RNA-649,False
RNU6-1132P,False
SNORD123,False
RNU7-67P,False
MIR1972-2,False
RNU7-119P,False
RNU2-11P,False
SNORD125,False
SNORD13P3,False
U8-20,False
Y_RNA-650,False
U8-21,False
SNORA59A,False
RNU7-195P,False
RNA5SP310,False
RNU7-197P,False
SNORD109B,False
RNU6-1218P,False
Y_RNA-651,False
SNORA84,False
RNA5SP269,False
RNU7-190P,False
RNU6-634P,False
RNU6-717P,False
RNU1-123P,False
SNORD5,False
RPL5P22,False
RPL21P6,False
RPL22P20,False
RPL21P106,True
RN7SL499P,False
LINC02023,False
GAPDHP39,False
RPS26P55,False
RN7SL563P,False
RPL6P7,False
NCK1-DT,False
RPL27P12,False
RPS20P22,False
RN7SL442P,False
RPL34P31,False
RN7SL546P,False
TTTY23,False
MRPS17P3,False
RN7SL578P,False
MEMO1P3,False
RN7SL589P,False
RN7SL757P,False
RN7SL271P,False
RPS4XP23,False
RPL35AP35,False
RPL23AP1,False
RPL31P41,False
RBM43P1,False
TXNDC5,True
CLRN1-AS1,True
RPSAP4,False
RPL21P10,False
RN7SL184P,False
RPS29P2,False
CASTOR1,False
OR9P1P,False
DNM1P48,False
RNF103,False
RBM14,False
MORC1-AS1,False
RPL19P13,False
RN7SL11P,False
RPL35AP17,False
RN7SL854P,False
RPS29P26,False
ATP6V1B1-AS1,False
LINC01119,False
RN7SL658P,False
LLPH-DT,False
HNRNPA1P26,False
NPM1P29,False
RPS17P15,False
RN7SL309P,False
RPS26P49,False
RN7SL477P,False
ZNF775-AS1,False
ALKBH6,False
ASB14,False
PCDHA13,False
RN7SL87P,False
RN7SL414P,False
RN7SL342P,False
CYP4F62P,False
TMED10P2,True
RPL21P71,False
RPS27P23,True
RN7SL535P,False
OR8F1P,False
GM2AP2,False
KCNMB3P1,False
RN7SL752P,False
RPS26P48,False
RFKP2,False
LINC02008,True
PABPC1P10,False
ST3GAL6-AS1,False
SIDT1-AS1,False
LINC02047,False
RN7SL691P,False
RN7SL552P,False
RN7SL569P,False
RN7SL584P,False
RN7SL221P,False
RPL7P38,False
KLHL41,False
RPS3AP41,False
RPS15AP16,False
RPS4XP18,False
RN7SL333P,False
MARK2P8,False
RN7SL583P,False
PLCH1-AS1,False
RPL9P5,False
POM121L7P,False
LINC01210,True
FLYWCH1P1,False
CADM2-AS1,False
CASTOR3P,False
MYLK-AS1,False
RPL32P34,False
RPL30P5,False
RPS23P7,False
RPS14P8,True
GOLGA2P2Y,True
HMGN1P20,False
RN7SL399P,False
RN7SL822P,False
RN7SL843P,False
HOXB-AS2,False
RN7SL12P,False
RN7SL841P,False
UPK3BL3P,False
PPP2R5CP,False
RPL37P2,True
RN7SL479P,False
KMT2E-AS1,False
SETP11,False
IGKV2D-30,False
COX6CP14,False
RN7SL388P,False
RN7SL325P,False
RN7SL675P,False
MTND1P16,False
LINC00879,False
OR1J4,False
RN7SL79P,False
RPL35AP16,True
STPG4,True
RN7SL573P,False
RUVBL1-AS1,False
HMGN1P7,False
RPL32P27,False
PRR20G,True
RN7SL241P,False
RPSAP41,False
RPL12P20,False
MTND4LP3,False
TFAP2E-AS1,False
RN7SL62P,False
PLS1-AS1,False
MEIKIN,True
MTND1P3,True
MYADML,False
GUSBP4,False
PSMD6-AS2,True
RPL9P31,False
NME1,True
PDZRN3-AS1,True
RN7SL193P,False
RPL7AP67,False
PTGER4P3,False
RPL17P46,False
RN7SL668P,False
RPSAP38,False
TNFSF12,False
HNRNPA3P8,True
RN7SL507P,False
RN7SL568P,False
CDRT4,True
HSPA5-DT,False
RN7SL782P,False
RN7SL692P,False
APOBEC3G,False
HLTF-AS1,False
IMP3P2,True
RN7SL688P,False
RN7SL825P,False
TLR9,False
CEACAMP3,False
RN7SL672P,False
RN7SL63P,False
RN7SL790P,False
RN7SL795P,False
TTC14-DT,False
WBP1,False
RPLP0P11,False
MRPS17,False
CDRT15P5,False
RN7SL653P,False
RPL21P39,False
ITIH4-AS1,False
DENND6A-AS1,False
RN7SL255P,False
PRAMEF11,False
IGKV1D-8,False
RN7SL213P,False
RN7SL513P,True
RN7SL754P,False
Y_RNA-652,False
RN7SL549P,False
SUGT1P3,True
CCDC54-AS1,True
KRT8P25,False
RPS4XP22,True
RNF7P1,False
DEFA3,False
RPL23AP72,False
IGKV1-6,False
RN7SL225P,False
GET4,True
IGKV1-37,False
RN7SL34P,False
RPL35AP19,False
GAPDHP27,False
IGSF11-AS1,False
RALBP1P1,True
RPS27P25,False
PARGP1,False
RN7SL608P,False
KRTAP9-2,False
C1orf226,False
RN7SL792P,False
ZNF736P9Y,False
RN7SL674P,False
ADSL,False
RN7SL75P,False
RN7SL530P,False
PRKAG2-AS1,False
RPL39P36,False
RPS10P16,True
SNRPGP3,False
LINC01471,False
RN7SL864P,False
RPL29P22,False
PRDX3P4,False
RSPH1-DT,False
RN7SL606P,False
RPSAP34,False
LINC02917,False
RN7SL394P,False
TRBV8-2,False
ZBTB20-AS3,False
RN7SL368P,False
IGKV3-20,False
RN7SL273P,False
RN7SL51P,False
ENPP7P2,False
LILRA4,False
RN7SL748P,False
OR2A41P,False
IGKV1D-33,False
OR7E53P,False
OR2A15P,False
RN7SL420P,False
RPL31P60,False
TRBVA,False
TPT1P11,False
FCF1P3,False
LILRA2,False
YBX1P3,False
RPL7P24,False
STIM2-AS1,False
LINC02004,False
SLC9A9-AS1,True
RN7SL254P,False
TEX35,False
RPLP0P3,True
LINC00888,False
OR9A3P,False
LNCSRLR,False
MTND6P6,False
AMY2B,False
IGHJ4,False
RPS27P26,False
STRIT1,False
RPS3AP32,False
DDX50P2,False
RPL23AP10,False
LY6G5B,False
NEPRO-AS1,True
ARGFXP1,False
ATP11B-DT,False
PSMB9,True
RPL21P42,False
GPAA1P1,False
RPL9P30,False
RPS3AP22,True
MTND4LP10,False
RPSAP12,True
BMS1P3,False
RN7SL351P,False
RPL36P15,False
RN7SL146P,False
NCOR1P1,False
RN7SL303P,False
RPS27P20,False
FABP5P11,False
RPL23AP75,False
KRT18P43,False
ETF1P2,False
PSMD12P1,False
ERICH6-AS1,True
EEF1GP4,False
RN7SL826P,False
LINC02271,False
COX6CP6,False
RPL6P16,False
RN7SL263P,False
RPL36AP44,False
RPS7P7,False
RN7SL771P,False
MAGI1-AS1,False
RPL26P3,False
RPL12P28,False
RN7SL297P,False
PCDHGC3,True
RN7SL633P,False
RN7SL621P,False
CYMP,False
ARHGEF3-AS1,False
RN7SL520P,False
RN7SL223P,False
RN7SL567P,True
SMKR1,False
RN7SL865P,False
RPL7AP5,False
PPP1R35-AS1,False
TRBV25OR9-2,False
CPHL1P,False
ZNF542P,False
COX19,False
RPS27P29,False
RN7SL587P,False
RN7SL794P,False
HNRNPA1P23,False
GAPDHP33,False
RPL32P8,False
DEFA1B,False
RN7SL541P,False
FAR2P3,False
B4GALT4-AS1,False
PSMC1P6,False
MOXD2P,False
RPL12P37,True
TCAM1P,False
MEAF6P1,False
GHRLOS,False
RN7SKP241,False
RPL36AP40,False
RN7SL187P,False
RN7SL717P,False
ACAD11,False
RPL6P26,False
RN7SL100P,False
MTCO1P6,False
RN7SL764P,False
RPS29P27,False
RN7SL481P,False
RN7SL93P,False
RPS2P5,True
PPIL3,False
RN7SL35P,False
SOCAR,False
RPL23AP7,False
UBL5P3,False
OR4G11P,False
RPL31P59,False
RPL36AP45,False
RPL13P5,False
RPS4XP13,False
SEC62-AS1,False
RN7SL503P,False
VPS26AP1,False
IGKV1-17,False
RPS29P20,False
LCE1F,False
RPL9P3,False
RPL5P23,False
KIR3DL2,False
SAMMSON,False
MTATP8P1,False
RPL5P16,False
RPL5P15,False
CYCSP20,False
LINC00636,True
RPL36AP18,False
RPS26P34,False
LRRFIP1P1,False
KRTAP13-3,False
RPS12P27,False
RPL35AP14,False
OFD1P5Y,True
RN7SL91P,False
RPS10P20,False
FOXO3B,False
REPIN1-AS1,False
CSPG4P1Y,False
MTCO1P29,False
RPL39P26,False
RN7SL472P,False
RPS19P3,False
RN7SL346P,False
PHB1P8,False
RN7SL116P,False
LINC00973,False
RPL29P2,False
RN7SL38P,False
RPL23AP54,False
ATOSBP1,False
SETP14,False
RN7SL277P,False
RPS12P28,False
CDKN2B-AS1,True
RN7SL837P,False
TNFRSF13B,False
RPL34P18,False
MED28P2,False
RPL36P11,False
UOX,False
RPL7AP10,False
RPL21P123,False
RN7SL69P,False
RPL34P17,False
RPL3P9,False
TM4SF1-AS1,False
KRTAP9-1,False
RN7SL492P,False
THOC7-AS1,False
RPL7AP58,False
L1TD1,True
LINC02067,True
RN7SL445P,False
TRBV22-1,False
AQP1,False
RN7SL547P,False
RN7SL258P,False
RPSAP48,False
KCNAB1-AS2,False
RPL9P15,False
AADACP1,True
RN7SL564P,False
RPL6P15,False
RN7SL98P,False
RPS6P25,False
OR2AO1P,False
RPL7P15,False
RN7SL403P,False
RN7SL150P,False
RPL30P12,False
SPATA31D5P,False
RN7SL808P,False
RN7SL666P,False
RN7SL580P,False
RN7SL305P,False
SEPTIN7P4,False
C1QTNF9,True
BTNL12P,False
RN7SL310P,False
LSP1P2,False
MME-AS1,False
NBPF18P,False
KRT8P36,False
IGKV1-8,False
MYL6P4,True
H4P1,False
ISY1,False
RN7SL538P,False
PNMA2,False
RPS2P39,False
KLF7P1,False
LINC01168,False
LINC02030,False
RN7SL860P,False
RN7SL851P,False
LRRD1,True
RPS4XP15,False
RN7SL382P,False
RPS12P15,False
RN7SL502P,False
RPL6P22,False
KRBOX1,True
RN7SL559P,False
ERLEC1P1,False
HILPDA-AS1,False
RPS27P21,False
RPL31P56,False
PCDHGC5,False
PLCXD2-AS1,False
RN7SL288P,False
C21orf91-OT1,True
ARHGEF25,False
RN7SL776P,False
RPL36AP21,False
SND1-DT,False
MTND4LP7,False
UBA52P8,False
MTND2P14,False
RN7SL231P,False
NPM1P28,False
CAP1P1,False
RPL9P25,False
RN7SL23P,False
MTND3P7,False
RPL21P4,False
RN7SL77P,False
RPS15P9,False
RN7SL497P,False
PEDS1,False
RN7SL328P,False
PSMC2P1,True
RDH14,False
LINC03014,False
RN7SL645P,False
IGKV1-16,False
C1QTNF9-AS1,False
RN7SL128P,False
RPL19P14,False
KRTAP4-7,False
RPS29P22,False
LINC00886,False
RN7SL521P,False
NDUFB2-AS1,False
PLCXD2,True
LINC02042,False
APOOP2,False
RN7SL798P,False
H2BP3,False
RPL15P2,False
LSAMP-AS1,False
RPS20P31,False
RN7SL209P,False
PLGLA,False
RN7SL554P,False
RN7SL591P,False
MTCO2P6,False
RPL4P1,False
ST13P14,True
RN7SL415P,False
RN7SL751P,False
RN7SL681P,False
RPL23AP64,False
MIF,False
RPS27AP10,False
RN7SL283P,False
HOXA11-AS,False
RPL23AP67,False
RPS23P4,False
RN7SL459P,False
RN7SL183P,False
RPL32P13,True
SEPTIN7P6,False
RPL7AP55,False
GPR199P,False
TPM3P9,False
RCC2P5,False
RPL32P24,False
NIPA2P2,False
RPL29P24,False
RN7SL709P,False
RN7SL335P,False
RPL7P43,True
RPL23AP70,False
NSUN6,True
RPL5P1,True
RN7SL110P,False
RPL17P40,False
RN7SL813P,False
RPL22P2,True
RN7SL259P,False
RPL17P44,False
CYP51A1P1,False
RPL36AP38,False
LINC01994,False
PRICKLE2-AS2,True
RPL35AP11,False
CEACAMP10,False
HLA-DOB,False
PRICKLE2-AS1,False
RPL29P14,False
UGT1A9,False
HMGN1P8,False
KRTAP10-5,False
YAE1,False
OR14A2,False
RPL22P19,False
RPL32P30,False
LINC02032,False
BET1P1,False
LINC00881,False
PAICSP6,False
RPL32P9,False
RN7SL728P,False
RPL7P41,True
ZNF722,False
LINC02066,False
RN7SL720P,False
ARHGAP31-AS1,False
RN7SL582P,False
RPL32P32,False
ADAMTS9-AS1,False
RN7SL160P,False
RN7SL617P,False
LINC00877,False
RPL31P46,True
RN7SL70P,False
RN7SL570P,False
RN7SL494P,False
TDGF1,True
RN7SL165P,False
RN7SL191P,False
ZNF736P7Y,False
ZIC4-AS1,False
HMGN2P26,False
IQCJ-SCHIP1-AS1,False
LINC02024,False
SNAPC5P1,False
RN7SL809P,False
CSP2,False
MTND4LP17,False
RN7SL39P,False
C3orf85,False
NMTRS-TGA3-1,False
RN7SL836P,False
RN7SL553P,False
RPL12P31,False
RN7SL443P,False
RN7SL801P,False
KRTAP5-8,False
KRTAP4-16,False
RN7SL629P,True
IGKV1D-16,False
RN7SL302P,False
RN7SL727P,False
RPL17P20,False
CRCP,False
RPL17P19,False
ENPP7P4,False
RPL34P33,False
RPL29P25,False
LINC02614,False
RN7SL791P,False
PPATP1,False
IGKV2-24,False
ZBTB20-AS2,True
ACTG1P13,False
RPL7AP24,False
WWTR1-AS1,False
SUCLG2-DT,True
WDR82P2,True
SETP6,False
FBXW10B,True
LINC02070,True
RN7SL385P,False
RPL35AP33,False
LINC01487,False
RPL36A,False
RPL21P47,False
SNRPCP11,False
RN7SL466P,False
PMS2P11,False
IGKV3-11,False
PPP1R2P4,False
OR5G3,False
SYNPR-AS1,False
PDXP,False
SLC25A24P1,False
RPL36AP43,False
RPL7AP23,False
LINC01192,False
RPP21,False
LINC01997,False
HNF1A-AS1,True
RN7SL234P,False
RN7SL205P,False
RN7SL344P,False
LINC00903,False
CD302,False
EGFL8,False
RN7SL515P,False
RN7SL441P,False
KRT8P13,False
MCRIP2P1,False
RN7SL505P,False
RPL21P103,False
EEF1A1P25,False
RPL37P6,False
TDGF1P6,True
RPS27P22,False
PLSCR5-AS1,False
RPL7P19,True
RN7SL182P,False
RPL39P38,False
ATP5MF,False
LINC00635,False
PTPRG-AS1,False
SSX2,False
HSPA8P9,False
MECOM-AS1,False
ARHGAP8,False
RN7SL586P,False
RPL36AP4,True
PSMC1P1,False
RPS15AP24,False
RN7SL632P,False
CA15P1,False
RN7SL767P,False
AGGF1P3,False
CBX5P1,False
RN7SL369P,False
LINC02029,False
ACTG1P20,False
GUSBP2,False
RN7SL41P,False
RN7SL58P,False
ARPC4,False
ZBTB20-AS1,False
RPL7P5,False
CORT,False
IGKV2D-24,False
RN7SL338P,False
PAQR9-AS1,False
ATP5F1AP7,False
PRICKLE2-AS1-1,False
RPL23AP8,True
RN7SL482P,False
RN7SL484P,False
RPL17P37,False
KRTAP9-4,False
KRTAP5-4,False
RN7SL340P,False
RN7SL618P,False
GOLGA2P6,False
RARRES2P1,False
RN7SL18P,False
UBQLN4P1,False
RN7SL316P,False
UGT1A1,False
LINC01323,False
RPS23P6,False
INMT,False
CADM2-AS2,False
RN7SL253P,False
RPL19P18,False
UBA52P7,False
TRBV11-2,False
PPP1R2P6,False
RN7SL418P,False
RPL19P11,False
LINC01327,False
RPS27P12,False
RPL31P49,False
ADAMTS9-AS2,True
ARPC1A,False
RN7SL704P,False
GM2AP1,False
LINC02053,False
TMEFF1,False
RN7SL265P,False
VWFP1,False
SUMO1P1,False
RPL36AP23,False
FABP5P3,True
ZNF90P1,False
RPL7AP30,False
XACT,True
RN7SL788P,False
RPSAP52,False
IGKV1-9,False
RN7SL83P,False
RN7SL714P,False
CBLL1-AS1,False
RPS26P45,False
LINC01324,False
EOLA1-DT,False
RN7SL390P,False
MTND4P16,False
COX6B1P2,False
RN7SL504P,False
ENO1P4,False
RN7SL817P,True
SPRR2A,False
RN7SL319P,False
RPS15AP34,False
HMGN2P13,True
SCG5-AS1,False
RN7SL170P,False
RPL7P42,False
RPL21P54,False
CECR3,False
RN7SL149P,False
ATP5PO,False
PLEKHO2,True
C8orf58,False
ANOS2P,False
GAPDHP50,False
RN7SL401P,False
RN7SL434P,False
RN7SL363P,False
TOMM22P6,False
PISD,False
KLF3P2,False
RPSAP37,False
RPL13P4,False
RPL9P6,False
TPT1P3,True
NDUFS6P1,False
RPS20P4,False
TRBVB,False
RPS29P21,False
RPL14P3,False
MTCO1P55,False
RPL35AP34,False
DENND6A-DT,False
HOGA1,False
RN7SL517P,False
RPL32P26,False
RPS20P20,False
RN7SL188P,False
PWP2,False
HNRNPA1P24,True
RPL29P23,False
LINC03000,True
RN7SL76P,False
RN7SL655P,False
RN7SL135P,False
RPS2P25,False
PI4KA,False
ELOCP19,False
RN7SL566P,False
RPL7AP2,False
WWTR1-IT1,False
PRR34-AS1,False
RN7SL831P,False
RPL38P1,False
RN7SL323P,False
RN7SL26P,False
ALG1L15P,False
KIR3DL3,True
RN7SL68P,False
HYPK,False
RPL35AP28,False
LINC01743,False
PRKAG2-AS2,False
DNAJB8-AS1,False
RPL10P7,False
RPS4XP19,False
RPS3AP49,False
MARK2P6,False
RN7SL291P,False
RN7SL214P,False
RPL9P28,False
NPM1P17,False
RPL7AP6,False
IGKV1-33,False
RN7SL318P,False
RPL36AP20,False
SLC5A4-AS1,False
RPL7AP31,False
RPS20P33,False
MUC20-OT1,True
RPL36AP41,True
FOXP1-IT1,False
RPL9P32,False
RN7SL416P,True
RN7SL152P,False
LRRC78P,False
LINC01100,False
NPM1P23,False
AMACR,False
TOPORSLP,False
RN7SL124P,False
MTFP1,False
RN7SL201P,False
MDFIC2,False
RN7SL267P,False
RPL36AP47,False
SNHG3,False
RPL5P13,False
RPL17P2,False
RPL11P5,False
SERBP1P3,False
LASTR,False
DYNLL1P5,False
OFD1P6Y,False
RN7SL361P,False
ABCF2P1,False
RN7SL222P,False
RPL7AP27,False
RN7SL329P,False
ARHGDIG,False
RN7SL127P,False
RPL39P31,False
MTND4P17,False
RN7SL745P,False
CRYZL2P,False
SRRM1P2,False
RN7SL215P,False
RPS26P35,False
HOXB-AS4,True
RPL5P29,False
RPL32P12,False
MTND3P6,False
RN7SL97P,False
TCP10L,True
PSG2,False
RPS3AP14,False
RN7SL594P,False
RN7SL306P,False
NECTIN3-AS1,True
ATP5MC1P3,False
ARFGAP3,False
RPL7AP57,False
RN7SL20P,False
BGLAP,False
RPL39P34,False
RN7SL57P,False
LINC00996,False
C22orf39,False
PEG10,False
RN7SL456P,False
SKINT1L,False
LINC02082,False
AK2P2,False
RPL5P3,False
RPS3AP48,False
RPL7AP54,False
SLC16A1P1,False
RN7SL159P,False
RPL6P8,False
BMS1P4-AGAP5,False
ZBTB20-AS5,False
RPL36AP51,False
RPS29P1,False
STAG3L5P,False
DEFB109A,False
RPS26P52,False
RPL12P32,True
RN7SL685P,False
RPL21P126,False
RPL23AP40,False
RPS12P31,False
MCUR1P2,False
RN7SL683P,False
INHCAP,False
BMS1P4,False
LINC02025,False
RN7SL646P,False
RN7SL561P,False
FAM91A3P,False
RPL12P30,False
RPS21P4,False
RN7SL272P,False
CT47A2,False
NDUFA5P5,False
UGT1A8,False
KCNAB1-AS1,False
IGKV1-39,False
EIF6,False
RN7SL741P,False
LINC00901,False
H2AC3P,False
RBMY1E,False
RPL6P9,False
RN7SL800P,False
RPS20P23,False
DBIL5P2,False
RPL18P1,False
PCDHGC4,False
RPL12P36,False
CFAP20DC-AS1,False
RN7SL274P,False
UPK3BP1,True
RN7SL789P,False
LINC02046,False
GTF2A1L,False
RPL7AP11,False
MTCO3P38,False
RBBP4P2,False
RPS15AP32,False
IGHJ5,False
KIR2DP1,False
LINC03015,False
RN7SL392P,False
RN7SL293P,False
MRPL20,False
RN7SL37P,False
ARPIN,False
RN7SL156P,False
NDUFB4P1,False
LINC01206,False
UGT1A10,False
LINC00960,False
MAGEA5P,False
KLHL6-AS1,False
OR2U2P,False
OR7E100P,True
AHCYP8,False
IGKV2D-28,False
MRE11P1,False
RN7SL169P,False
SERPINB10,False
POU5F1P6,False
MRPL42P4,False
RN7SL144P,False
RN7SL797P,False
ATP5MGP5,False
DCAF13P1,False
RN7SL372P,False
RPL21P11,False
ACTR3P3,False
HLA-DMB,False
TUBAP13,False
IGKV1D-43,False
KMT5AP3,False
RPL26P26,False
MED28P8,False
CSAG4,False
MBL1P,False
RPL35AP13,False
RPS3AP34,False
RPS23P5,False
CCDC137P,False
OR5BH1P,False
DECR2,False
RN7SL164P,False
GNG10,False
GSK3B-DT,False
RPS24P16,False
RPS14P7,False
RPL21P129,False
RN7SL294P,False
RPS29P11,False
LINC00971,True
RN7SL292P,False
RN7SL862P,False
RN7SL132P,False
RPL32P14,True
RN7SL581P,True
RPS3AP43,False
RN7SL317P,False
RPL22P13,False
LINC02010,False
RN7SL167P,False
RPS16P9,False
RPL12P21,False
PDE6B-AS1,False
RN7SL304P,True
CNTF,False
RPS27AP1,False
RN7SL40P,False
RPL5P12,False
RN7SL516P,False
CCT4P1,False
ICE2P2,True
RPS27AP9,False
RN7SL362P,False
RPL30P9,False
CCDC169,False
RN7SL806P,False
UQCRHP4,False
FAM86LP,False
RTL5,False
RPSAP26,False
TRBV1,False
LINC02005,True
RPL23AP81,True
NMTRQ-TTG12-1,False
RHOT1P3,False
LINC00882,False
RN7SL824P,False
IGKV1D-17,False
ZBTB20-AS4,False
RN7SL432P,False
CD200R1L-AS1,False
TRBV5-2,False
ZNF702P,False
LINC02050,False
PFN2-AS1,False
RN7SL299P,False
GLYCTK-AS1,False
AP5Z1,False
RPL26P31,False
SOX2-OT,True
MRPL42P6,False
RN7SL229P,False
RN7SL846P,False
RPS26P21,False
RPL7AP56,False
MTCO3P35,False
RPL21P13,False
KRT8P35,False
ALDOAP1,False
RPL23AP68,False
ZNF709,False
RN7SL749P,False
DNM1P24,False
RN7SL496P,False
VN1R105P,False
RN7SL180P,False
RN7SL677P,False
RN7SL244P,False
STRC,False
RBMY1B,False
RN7SL812P,False
RPL5P11,False
IGHJ3,False
RN7SL449P,False
RN7SL413P,False
RN7SL634P,False
RPL7P16,False
FLNC-AS1,False
AADACL2-AS1,True
RN7SL384P,False
SNRPGP7,False
RPL21P104,False
PLCH1-AS2,True
RN7SL868P,False
RPL7P49,False
RPL30P6,False
RPL12P7,False
NKAIN1P1,False
RPL29P32,False
EPS15P1,False
ERVW-1,False
RPSAP3,False
RPL36AP32,False
FTH1P23,False
RN7SL233P,False
TDRD6-AS1,False
RN7SL177P,False
PPIAP83,False
RPS15AP18,False
CABYRP1,False
RN7SL50P,False
RPL21P99,False
RN7SL332P,False
RPL13AP23,False
RPL7P40,False
FTH1P4,False
RPL32P25,False
RPL36AP1,False
RN7SL379P,False
RN7SL239P,False
RN7SL16P,False
RPL12P35,False
RN7SL266P,False
PTMAP8,True
RN7SL737P,False
RPL7P39,False
MARK3P3,False
UBA52P3,False
MTAPP1,False
RN7SL354P,False
RN7SL635P,False
GAPDHP47,False
RN7SL810P,False
RBMY2FP,False
FTHL18P,False
RN7SL33P,False
RPL30P10,False
RN7SL269P,False
RPL31P58,False
GK-AS1,True
EIF4EBP3,False
RPL39P33,False
RN7SL400P,False
IGKV3-7,False
ABCC13,False
RN7SL842P,False
ARHGEF26-AS1,True
PRAMEF4,True
RN7SL519P,False
LINC00870,False
RPL32P2,False
RPL3P10,False
RPS3P7,False
RN7SL452P,False
MTND4LP14,True
RN7SL849P,False
RN7SL643P,False
RN7SL807P,False
PSG11,False
RN7SL22P,False
PSG4,False
RPL23AP66,False
LINC02932,False
MRPL33,False
LINC02040,False
MLF1-DT,False
SYPL1P1,False
MICAL3,False
RPL7AP32,False
RPS10P28,False
RN7SL861P,False
RPSAP36,False
CCDC39-AS1,False
HNRNPA1P17,False
PRKAR2B-AS1,False
TUBBP11,False
TUSC7,False
RPL6P10,False
PPAN-P2RY11,False
TWF2-DT,False
RN7SL55P,True
PCDHAC2,False
GSTA9P,False
IGKV2-30,False
STON1,True
RPS6P16,False
RN7SL350P,False
RPL30P14,False
MTCO2P29,False
RN7SL558P,False
IGKV2D-29,False
RPL23AP55,True
RN7SL614P,False
RN7SL571P,False
PRAF2,False
RPL36AP19,False
VSIG8,False
RPS17P14,False
AGAP13P,True
IGKV1-12,False
CFAP20DC-DT,False
RPL31P61,False
POM121L6P,False
RPL6P13,False
RN7SL285P,False
GUCY2GP,False
STMP1,False
FGF14-IT1,False
LINC01998,False
PTPRVP,True
RN7SL174P,False
KCTD7,False
RN7SL307P,True
RN7SL738P,False
RN7SL601P,False
LINC02045,False
RN7SL8P,False
RPS29P19,False
RN7SL815P,False
EFNA4,False
RN7SL278P,False
RN7SL60P,False
MCCC1-AS1,False
RN7SL775P,False
RN7SL173P,False
RN7SL72P,False
RN7SL89P,False
RPL3P3,False
RPL32P7,False
RN7SL141P,False
RPL35AP32,True
MRPS31P5,False
PSMD6-AS1,True
TICAM2,True
RPS3AP18,False
RN7SL734P,True
RPL23AP49,False
RN7SL107P,False
RN7SL454P,False
OR7E29P,False
RPL5P30,False
RN7SL370P,True
LARP1BP2,False
RN7SL352P,False
RN7SL284P,False
C4orf48,False
RPS18P13,False
IGKV1-5,False
INGX,False
RPL7P51,False
NAA80,False
AOX2P,False
MNX1-AS1,True
AMY2A,False
MIR1302-2HG,False
RN7SL337P,False
KRTAP10-11,False
RPL36AP50,False
GMFBP1,False
UBA52P5,False
RPS6P21,False
RPS23P1,False
RN7SL240P,False
DNAJB6P7,False
TNFRSF6B,False
RN7SL111P,False
RPL32P33,False
RPL12P40,False
IGLVIVOR22-2,False
RPL5P33,False
EVA1CP3,False
RN7SL19P,False
RPL32P20,False
RPS26P28,False
RN7SL649P,False
RN7SL104P,False
WFDC6,False
RN7SL172P,False
RN7SL108P,False
HNRNPKP4,False
RN7SL101P,False
RN7SL705P,False
LINC01214,True
CCZ1P1,False
RN7SL364P,False
RN7SL838P,False
UPK3B,False
LINC02017,False
RPS29P25,False
RN7SL282P,False
RPL17P22,False
LINC02049,False
RPL12P24,True
RPL35AP26,False
RPS2P44,False
SMIM34,False
LINC00880,True
RN7SL542P,False
OR13C7,False
RN7SL526P,False
TSPY20P,False
IL10RB,False
CFB,True
RN7SL834P,False
MTND5P16,False
ZNF487,True
WBP1LP1,False
RPS4XP14,False
RPS29P12,False
DNAAF10,False
RPL34P23,False
RN7SL761P,False
RPS3AP40,False
OR7E66P,True
RPL35AP9,False
NME2,False
RPL37P23,True
RPLP1P11,False
RPL35AP10,False
LINC02027,False
RPL7AP63,False
RN7SL598P,False
DUBR,False
RN7SL638P,False
RN7SL105P,False
PLA2G4B,False
LEFTY1,False
CFAP57,False
RPL21P116,False
CACNA2D3-AS1,False
NPIPB5,False
RPL21P127,False
RPL23AP63,False
RN7SL393P,False
TTC4,False
OR5V1,True
RPL29P3,False
RN7SL181P,False
RPLP0P2,True
EEF1A1P10,False
TMEM35B,False
HLA-L,True
RPL35AP15,False
ST13P15,False
RPL32P4,False
HOTTIP,False
RN7SL65P,False
KIR2DL3,False
OSTCP1,False
RPL36AP49,False
RN7SL78P,False
JMJD7,False
OR7E89P,False
SNRPCP10,False
LINC02044,False
PEX5L-AS1,False
RN7SL461P,False
RPL7P18,False
CFAP61-AS1,False
APOBEC3D,False
RN7SL189P,False
RN7SL832P,False
RPL12P6,False
LINC02000,False
WDR86-AS1,False
PSMC1P7,False
RPL17P33,False
RN7SL30P,False
RN7SL610P,False
CFAP44-AS1,False
ALDH7A1P3,False
RN7SL67P,False
RPL12P5,False
RN7SL551P,False
RPL5P17,False
RPS3AP50,False
RN7SL236P,False
RN7SL487P,False
RN7SL464P,False
HMGB1P36,False
HMGB1P38,False
RN7SL419P,False
TRBV8-1,False
RPS3AP16,False
OR2A7,False
RN7SL320P,True
ELFN2-1,False
RPSAP5,True
RN7SL679P,True
TUBA4B,False
RN7SL430P,False
RPL5P14,False
THAP12P2,False
EIF4BP8,False
RPS26P24,False
RPS24P18,True
TIPARP-AS1,False
MRPS6,False
RPS12P21,False
ZNF512,False
RN7SL308P,False
RN7SL743P,False
GSTA1,False
RN7SL647P,False
RN7SL684P,False
PARAL1,False
RPL23AP65,False
NBPF5P,False
RN7SL402P,False
PPIEL,True
VTI1BP1,False
RN7SL523P,False
H3P13,False
RTL9,False
RN7SL702P,False
ENO1P3,False
RPS24P17,False
ACY1,False
RN7SL447P,True
RPSAP39,False
RN7SL143P,False
RPS3AP19,False
NFS1,False
RN7SL799P,False
B3GAT3P1,False
RPL35P6,False
RPS2P24,False
MT1HL1,False
LARP7P4,False
KRTAP19-3,False
FAM86DP,False
RPS3AP17,False
RN7SL228P,False
RN7SL424P,False
UBE2H-DT,False
DDOST,False
IL12A-AS1,False
LINC01011,False
RPS27P27,False
RN7SL735P,False
TMEM199,False
RPS18P6,False
DEFB109F,False
RPL5P24,False
RPL13AP2,False
RN7SL417P,False
LCE3C,False
RPS2P41,False
MARK2P17,False
RN7SL148P,False
GSTA2,False
RPL9P33,False
RPS4XP6,False
RN7SL833P,False
RPL23AP44,False
HMGB1P30,False
RN7SL483P,False
SPRR2F,False
RPS4XP17,False
RPS23P3,False
HMGN1P10,True
RN7SL659P,False
RN7SL250P,False
RN7SL508P,False
DNAJC25-GNG10,False
IGKV2-28,False
PDCL3P4,True
UGT1A7,False
ATP1B3-AS1,False
LINC01322,True
UBE2Q2P9,False
RPSAP51,False
RPS12P20,True
RN7SL397P,True
ATP6V0CP2,False
WWP1P1,False
CYP4F34P,False
EIF4E2P2,False
CALHM6-AS1,True
RPS27AP13,False
FLNB-AS1,False
P2RY11,True
RN7SL120P,False
PBX2P1,False
PPIAP71,False
PELP1-DT,False
TMEM141,True
RN7SL218P,False
PPIAP15,False
RN7SL766P,False
ARHGEF35-AS1,False
EIF4EP3,False
FOXP1-AS1,False
ZFAND6P1,False
LINC02016,False
RPS4XP10,False
RN7SL81P,False
TMEM225B,False
OR7E121P,False
ILF2P1,False
LRRC77P,False
RPL26P35,False
RN7SL151P,False
CSPG4P2Y,False
RN7SL698P,False
GMCL2,True
RN7SL604P,False
ICA1-AS1,False
IFITM10,True
RPS3AP42,False
ZNF736P8Y,False
LINC01995,False
RPS29P24,False
RN7SL130P,False
PKD1P1,False
RN7SL597P,False
SIAH2-AS1,True
RPL34P22,True
RPL32P29,False
PGBD4P1,False
DBNDD2,False
ECEL1P2,False
RPL23AP73,False
ITGB5-AS1,True
RPS3AP35,False
OR9N1P,False
RN7SL740P,False
RPS20P21,False
RN7SL168P,False
RN7SL465P,False
GATA2-AS1,False
AOX3P,True
PEX5L-AS2,True
DUXAP10,False
RN7SL395P,True
RN7SL762P,False
RN7SL36P,False
RN7SL252P,False
LINC01326,False
RN7SL814P,False
RN7SL845P,False
UBA52P9,False
RN7SL687P,False
LINC00698,False
LY6G6D,False
RN7SL398P,False
RN7SL145P,False
RPL30P7,False
KRTAP19-7,False
RPL7P23,False
PFN1P8,False
RN7SL423P,False
RN7SL636P,False
RPS2P45,False
SDHDP3,False
FAM3D-AS1,True
RN7SL359P,False
RN7SL242P,False
RPS6P22,False
RN7SL330P,True
RN7SL869P,False
RBMY1D,False
RPL36AP37,False
RN7SL251P,False
RPS4XP12,False
RN7SL314P,False
RN7SL216P,False
ETV5,False
KRTAP5-7,False
RPL23AP56,False
CFHR1,True
RPL38P3,False
RN7SL268P,False
RPS3AP31,False
RPL39P28,False
IGKV3-15,False
RPL34P21,False
SPECC1P2,False
ENO1P1,False
LINC02077,False
RBM12,False
RPL6P14,False
TPTE2P3,False
UGT1A4,False
ERVFRD-1,False
OR2A1-AS1,False
LILRA6,False
RPL18P13,False
SCARF2,False
RWDD4P1,False
SLC9A9-AS2,False
RN7SL623P,False
HDAC11-AS1,False
EEF1A1P45,False
APOBEC3C,False
RN7SL28P,False
EOGT-DT,False
RN7SL125P,False
KRT18P34,False
RN7SL700P,False
SEPTIN14P2,False
RN7SL380P,True
RN7SL211P,False
KRTAP4-2,False
RPL35AP29,False
LINC01213,False
RN7SL446P,False
RPL34P29,False
ODCP,False
KCNK15-AS1,False
RPS26P19,False
PRICKLE2-DT,False
POLR2DP2,False
RN7SL654P,False
RPS6P4,False
RPL30P11,False
IGKV1-27,False
LINC01391,False
RPL21P120,False
RPL12P33,False
WNT5A-AS1,False
RAD21L1,False
CCDC13,True
RN7SL756P,True
PSPC1P2,False
ASPRV1,True
RN7SL334P,False
RPS17P11,False
OR2AE1,False
KRTAP20-1,False
MIATNB,False
TPTEP2,False
RN7SL863P,False
RPLP0P8,False
RPS26P43,False
RN7SL396P,False
XKRY2,False
LINC02086,False
UBFD1P1,False
TRBV12-1,False
SNRPCP3,False
RN7SL280P,False
RPS3AP15,False
RN7SL706P,False
MTHFD2P1,False
FCGR2C,False
UBE2V1,False
RPL10AP1,False
RN7SL724P,False
PTCHD4,False
EVA1CP5,False
CD46P1,False
RPLP0P10,False
RPL23P10,False
RN7SL47P,False
RPS27P14,False
NT5C3AP2,False
RPSAP29,False
ASLP1,False
C4A,True
RN7SL870P,False
HBB,False
RPL35AP27,False
RN7SL153P,False
CRYBB2,False
RPL15P21,False
N4BP2L2,False
GABPB1-AS1,True
MTCYBP18,False
ALKBH3-AS1,True
RUFY1-AS1,False
LIFR-AS1,False
LINC02453,False
LINC00847,False
IGFBP7-AS1,False
MIR3150BHG,False
A2M-AS1,False
SMARCA5-AS1,True
MALINC1,False
ARAP1-AS2,False
RNF139-DT,False
LINC00861,False
EEF1A1P4,True
GALNT7-DT,False
USP2-AS1,True
SAP30L-AS1,False
ASAH1-AS1,False
CYP2U1-AS1,True
BMAL2-AS1,True
MRNIP-DT,True
H2AZ1-DT,True
DEPTOR-AS1,True
CXXC4-AS1,False
TTC9-DT,False
LINC02447,False
LINC01585,True
MSANTD2-AS1,False
LINC02709,False
LINC00461,False
NEAT1,False
RORA-AS1,False
LNCRNA-IUR,True
SCAMP1-AS1,False
FAM111A-DT,False
BDNF-AS,False
DACT3-AS1,False
DDX11-AS1,True
KLRK1-AS1,True
LINC02211,False
ZNF585B,False
FRG1-DT,True
CRNDE,False
NADK2-AS1,False
LINC02226,False
DRAIC,False
LINC02202,False
MIR4300HG,False
CEBPA,False
RAD51-AS1,False
GS1-24F4.2,False
MEF2C-AS2,False
LINC00682,False
NSMCE1-DT,False
BTG1-DT,False
SNHG6,True
SDAD1-AS1,False
SLC12A2-DT,False
LINC02273,False
SEPTIN7P14,False
RPL30-AS1,False
MINDY2-DT,False
LINC01513,True
ALDH1L1-AS2,False
RAB30-DT,True
NUDT16L2P,True
LINC02325,False
MCPH1-DT,False
LINC01096,True
LINC00900,True
SUPT4H1P2,False
RRS1-DT,False
KCTD21-AS1,False
P4HA3-AS1,False
RETREG1-AS1,False
LINC01550,False
CASC8,False
UBR5-DT,False
SBF2-AS1,False
TTBK2-AS1,False
FAM13B-AS1,False
PRR7-AS1,True
EXTL3-AS1,False
ZBED9-AS1,False
LINC02458,True
LACTB2-AS1,True
PPM1K-DT,False
GNAO1-DT,False
ZNF84-DT,False
DIAPH1-AS1,False
LINC00968,False
KLC1-AS1,False
FZD4-DT,False
LINC02481,False
SLCO5A1-AS1,False
SMARCAD1-DT,False
LINC02288,False
UBE2D3-AS1,True
TNFRSF10A-DT,False
CACNA1C-AS1,False
PICART1,False
CIBAR1-DT,True
RASSF8-AS1,False
H2AJ,False
MGC16275,False
PLA2G4E-AS1,False
RGMB-AS1,False
COL25A1-DT,False
DYNC1LI2-DT,False
SORL1-AS1,True
RIC3-DT,False
STARD4-AS1,False
GPR176-DT,False
LINC02466,True
DNM1P35,False
CTTN-DT,False
LINC00920,False
UBAP1L,True
BRPF3-AS1,False
SOCS2-AS1,False
PGAM5,False
BAALC-AS1,False
SNHG10,False
MIR210HG,False
ANKRD42-DT,False
CSTF3-DT,False
LINC01252,False
FBXO38-DT,True
LINC01498,True
UBL7-DT,False
ZBED5-AS1,False
PRKCH-AS1,False
ZCCHC3,False
LY6E-DT,True
NUP107-DT,False
TMED2-DT,False
PLUT,False
DNAJC3-DT,False
CARS1-AS1,False
GPRC5D-AS1,False
MIR4458HG,False
OIP5-AS1,False
SDCBPP2,False
CKMT2-AS1,True
SPTY2D1OS,False
TWF2,False
CPEB2-DT,True
MARS2,False
MTND4P12,True
LRP4-AS1,False
FABP6-AS1,False
STX18-AS1,False
ARHGAP11B-DT,False
KCTD13-DT,False
USP51,False
TUBAP14,False
PCED1B-AS1,False
SNCA-AS1,False
MOCS2-DT,True
NR2F2-AS1,True
TMEM161B-DT,False
DGAT2-DT,False
SPCS2P3,False
FAM174A-DT,False
HMGN1P12,False
SEC24B-AS1,False
LINC00926,False
FOXD1-AS1,False
NRAV,False
FAM13A-AS1,True
ARHGAP42-AS1,False
UBA6-DT,True
SYBU-AS1,False
DPH6-DT,True
NNT-AS1,False
BCKDHA,False
INSL3,False
TARS2P1,False
LINC02039,False
MARCOL,True
MICOS10P4,False
LINC01019,False
SMURF2P1,False
APOOP4,False
RRN3P1,False
SV2C-AS1,True
LINC01194,False
LINC02101,False
MTND4LP22,False
MTND6P8,False
CUL4AP1,False
LINC02383,False
ADH1C,False
LINC02150,True
ANK2-AS1,False
BTG4P1,False
HSPA8P11,True
CHORDC1P3,False
TRIM39-RPP21,False
LINC02268,True
GAPDHP60,False
LINC02283,False
PES1P1,False
ATG10-AS1,False
LINC00290,False
LINC02234,True
H3P17,False
WDR45P1,False
LINC02355,False
TRPC7-AS1,True
CICP16,False
LINC02505,False
KCTD9P5,False
STX18-IT1,False
SLIT3-AS1,False
LINC02513,False
SLIT2-IT1,False
KRT8P4,True
LINC02438,False
LINC02014,False
OCIAD1-AS1,False
PSG10P,False
MTND4LP31,False
FLJ12825,False
PGAM1P1,False
TRIM52-AS1,False
SUMO2P17,False
LINC02120,False
MTCYBP44,False
CCNL2P1,False
SCGB1D5P,False
TNXA,False
DDX43P1,False
LINC02360,False
BNIP3P41,False
LINC00616,False
MEF2C-AS1,False
CYP4F27P,False
MTND4LP2,False
LINC02275,False
THAP12P9,False
LUCAT1,True
NOL8P1,False
MTCO3P28,False
APELA,False
LINC00613,False
TUB-AS1,False
CDK11B,False
WHAMMP2,False
HMGN1P11,False
LINC02472,False
LINC02504,False
PIMREGP4,False
HSPD1P18,False
ARL2BPP6,False
LINC00504,True
OR7E86P,False
POU5F1P7,False
TRAJ51,False
LINC02434,False
LINC02056,False
HMGN1P9,True
PCDHAC1,False
TARM1,False
LINC02064,False
FOSL1P1,False
TOMM22P4,False
LINC00498,True
ST13P12,True
NACAP6,False
PRR5-ARHGAP8,True
LINC02469,False
CCDC188BP,False
GAPDHP61,False
UBL5P1,False
MTATP6P9,False
OR51K1P,False
GASK1B-AS1,False
HMGB3P16,False
RPL23AP94,False
LETR1,False
OR10J7P,False
HNRNPA1P65,False
SEMA6A-AS1,True
COX5BP1,False
PCDHGB8P,False
LINC02217,False
LINC02485,False
LINC02220,False
LINC02119,True
NENFP3,False
FGF10-AS1,False
DDX11L9,False
LINC01962,False
LINC02122,False
BACH1-IT1,False
NAIPP3,False
POU5F2,False
PCP4L1,False
ABHD14A,False
PGAM4P2,False
CHD1-DT,True
ZFAT-AS1,False
LNX1-AS2,False
ASNSP1,True
C4orf46P2,False
LINC02380,False
TUBAP10,False
OR5H4P,False
SRP14-DT,False
LINC02267,False
LINC02437,True
SBF1P1,False
MTATP6P1,True
LINC02058,False
BCL2L12P1,False
NDUFA5P12,False
PPP1R3B-DT,False
LINC02117,False
NPM1P41,False
ANP32C,False
MTND4P8,False
OTX2-AS1,False
OR52H2P,False
C5orf34-AS1,False
LINC01339,False
TECRP2,False
KRT8P48,False
EGFLAM-AS2,True
PRYP6,False
ADAM20P2,False
NPM1P21,False
GDNF-AS1,False
GLDCP1,False
STIMATE-MUSTN1,False
DSTNP2,False
FLJ42969,True
HSPA8P4,False
ANKRD49P3,False
ENPP7P3,False
GAPDHP40,False
GET1P1,False
HNRNPA1P56,False
HMGA1P2,False
OR10J2P,False
RBM14-RBM4,False
GCSHP1,False
MTCO3P44,True
SRIP1,False
LINC00992,False
OXCT1-AS1,False
ALG1L9P,False
LY75-CD302,False
LINC01331,False
RBBP4P6,False
LINC02102,True
ARHGAP22-IT1,False
BIN2P2,False
LINC02484,False
HAS2-AS1,False
ADGRL3-AS1,False
LINC02100,True
TOX4P1,False
LINC01085,True
LINC02415,False
MTND4P2,False
LINC02144,False
THUMPD3P1,False
CCDC153,False
C4orf54,False
ZNF652-AS1,False
LINC02222,True
PRDM8-AS1,False
RFPL4AP5,False
AK3P4,False
NPHP3-AS1,False
LINC01948,False
MTCO1P30,False
EGFLAM-AS4,False
R3HDM2P1,False
LINC02428,False
NMNAT1P4,False
ACTN3,True
MTND5P9,False
LINC02115,False
MTCYBP37,False
FOXL3,False
SMIM31,False
ARL4AP2,False
PSMC1P4,False
HIGD1AP14,False
LINC02118,False
SEPTIN14P22,False
MED15P8,False
C8orf34-AS1,True
KRTAP9-12P,False
LINC01095,False
LINC02432,False
PMPCAP1,False
DYNLL1P6,False
APOBEC3AP1,False
PCBP2P3,False
ZNF807P,False
MARK2P5,False
PGAM1P13,False
RPL7AP29,False
LINC02753,False
LINC02065,True
PPBPP2,False
HNRNPH1P3,True
FLJ46284,False
LINC01574,False
USP46-DT,False
LINC02511,False
TNFSF12-TNFSF13,False
LINC02431,False
SERBP1P6,False
LINC02899,False
PGBD4P4,False
ICE2P1,True
B4GALNT2P1,True
SEPTIN7P10,False
UGT2A3P7,False
HHIP-AS1,False
FAM138E,False
PELO-AS1,False
LINC01846,True
FMN1,False
MTND2P33,False
LINC02239,False
HMGB1P21,False
PHB1P14,False
ACTR6P1,False
NUP210P3,True
ATP5MF-PTCD1,False
USP17L19,False
MTND5P11,False
PDCD6-DT,False
HIGD1AP3,False
CHP1P1,False
MTCYBP40,False
COPB2-DT,False
USP17L22,False
LINC01335,False
FAM90A6P,False
MTND3P22,False
LDHBP3,False
MTCO2P32,False
HMGB1P44,False
ZSWIM5P3,False
BCLAF1P1,False
KRT8P46,False
LAMTOR3P2,False
SPCS3-AS1,False
PRDX4P1,False
PSME2P3,True
LINC02758,False
LINC02231,False
PDLIM7-AS1,False
EFL1P2,False
CLUHP4,False
PRMT5P1,False
FAM90A4P,False
FTH1P21,False
HMGN2P4,False
GAPDHP56,True
SNORA58,False
ZNF519P4,False
CTNNA1P1,False
SUMO2P6,True
CLMAT3,False
AARS1P1,False
FAM151B-DT,False
MTND3P24,False
COX6B1P5,False
TRAV31,False
FAM138D,False
TBCAP3,False
MAST4-IT1,False
KRT18P25,False
PCNAP1,False
LINC02496,False
LINC01033,True
EGFLAM-AS3,True
WSPAR,False
NDUFB2P1,False
OR5M14P,False
EPIST,False
TNPO1-DT,False
ZNF436-AS1,False
AIG1P1,False
PPIAP77,False
LINC02362,False
USP17L17,False
GPM6A-DT,False
HAUS5,False
IRX4-AS1,True
MTND6P4,False
MTND3P3,False
LINC02215,False
SUDS3P1,False
PSD2-AS1,False
SLED1,False
EPPIN-WFDC6,False
PRDX2P3,False
LINC02517,False
LNCPRESS2,False
TAF11L12,False
PCDHA11,True
LINC02213,False
ADAM20P3,False
PRPF39-DT,False
SEMA6A-AS2,False
LINC01093,True
MTND4P29,False
SUMO2P4,False
ENPP7P1,False
UBE2V1P12,False
MTND3P25,False
HSPD1P5,False
TMEM132D-AS1,False
OR10J9P,False
TERLR1,False
LINC02224,False
GCNT1P2,False
GAPDHP38,False
ATP1B1P1,False
NCOA4P4,True
ATP5MGL,False
SUCLG2P4,False
NAMPTP2,False
CDH12P2,False
CASC16,False
BCL9P1,False
RACK1P3,False
LINC02265,False
TMEM150C,False
NCOA4P3,False
MTCYBP17,False
TICAM2-AS1,False
C1QTNF7-AS1,False
PGAM1P9,False
ATP5MGP3,False
PARP4P3,False
EEF1A1P9,False
MTHFD2P6,False
LINC00939,False
KATNBL1P4,False
HNRNPA1P44,False
UNC93B8,False
PDLIM1P4,False
SLIRPP2,False
LINC02057,True
ACTR3BP4,False
AMD1P3,False
SLC25A15P5,False
LINC02174,False
FTH1P24,False
LINC01411,True
LINC01088,True
APOBEC3B-AS1,False
TERF1P3,False
ARL2BPP4,False
OR5H5P,False
CTD-2194D22.4,False
LINC02149,False
SNX18P25,False
HMGB1P47,False
LINC01333,False
LINC02405,False
LINC01016,False
UGDH-AS1,True
LINC02198,False
NPM1P27,False
TOMM40P3,False
LINC02488,False
TRPC6P2,False
LINC02997,False
FABP5P12,False
ATP6V1G1P6,False
CASC11,False
LINC01060,True
LINC00500,False
LINC02619,False
LINC02071,False
MTCO2P9,False
KRTAP5-14P,False
CASC9,False
LINC02212,False
HMGB3P17,True
IL20RB-AS1,False
AK4P2,False
ADAMTS19-AS1,False
LINC02477,False
LNCBRM,False
NAIP,False
KRT18P45,False
HMGN1P14,False
TRAJ60,False
MTCO1P24,False
MRPL57P6,False
GZMAP1,False
ZNF286B,False
LINC02500,True
MLLT10P2,False
LINC01091,True
RBMXP4,False
H2AL1Q,False
ZNF324B,False
SPATS1,False
USP17L14P,False
LINC01470,False
RBBP4P1,False
LINC01586,False
NACAP5,False
GAPDHP70,False
LINC02146,False
EGFLAM-AS1,False
ANKRD20A18P,False
DMXL1-DT,False
LINC02075,False
LINC01179,False
USP9YP2,False
MED28-DT,False
HMGN1P16,False
PCDHA14,False
ZEB2P1,False
NEUROG2-AS1,False
RPL6P23,False
TMEM251P1,False
LINC02113,False
PRELID3BP6,False
LINC01438,False
LINC02114,False
MIR302CHG,False
LINC01258,False
MRPS36P2,False
EEF1A1P21,False
MCTP1-AS1,False
LINC01234,False
LINC02216,False
PPP2R2B-IT1,False
TMEM248P1,False
HSPD1P15,False
RCC2P4,False
EVA1CP1,False
SERBP1P5,False
TARS1-DT,False
MTATP6P22,True
CLRN2,False
RPL7L1P4,False
LINC02225,False
PCGF3-AS1,True
BMPR1B-DT,False
LINC01187,False
TRAPPC2P7,False
TRPC6P9,False
ZNF474-AS1,False
LINC02173,False
LINC02503,False
CCNB3P1,False
LINC02465,False
HMGN1P13,False
H3P18,False
PALLD-AS1,False
LINC00942,False
OR52V1P,False
USP9YP5,False
ANKHD1-DT,False
HOXC13-AS,False
OR7E94P,False
LINC02900,True
MRPS33P2,False
CEP72-DT,False
VN1R104P,False
TNRC18P1,False
LINC02218,False
LINC01259,False
KRT18P56,False
CARMN,True
NOP14-AS1,False
TUBA3GP,False
KRT19P3,False
THEGL,False
MTCO3P9,False
LINC02261,False
SRD5A3-AS1,False
ZNF564,False
DDIT4L-AS1,True
FER1L5,False
PARM1-AS1,False
TUBB1P1,False
OR10J4,False
LINC02242,False
OSMR-DT,False
HMGB1P28,False
LINC02374,False
CAPSL-DT,False
ECSCR,False
NDUFB4P9,False
ENPP7P10,False
HSPE1P10,False
MTND6P17,False
SAP18P1,False
TRMT112P2,False
LINC02112,False
SCARNA22,False
LINC02103,False
EAF1-AS1,False
LINC02972,False
LINC02147,False
HSD3BP3,False
SNRPCP13,False
LINC01377,True
USP17L21,False
LINC02945,True
LINC00964,False
THBS4-AS1,True
LINC02162,False
CFAP100-DT,False
PGBD4P3,False
VCAN-AS1,False
SUMO2P7,False
GAPDHP76,False
OR7E43P,False
LINC02021,False
KRT18P31,False
RPS27AP18,False
HS3ST5,True
CDH18-AS1,False
EEF1A1P19,False
SNX5P1,True
PVT1,False
LGALS16,True
OR7E83P,False
LINC02742,False
LINC02372,False
LINC02501,False
RNF103-CHMP3,True
ARHGEF38-IT1,False
ALG1L11P,False
KRT19P6,False
MTND6P16,False
JAKMIP1-DT,False
MCPH1-AS1,True
ITGA2-AS1,True
NGFR-AS1,False
BRD9P2,False
CYCTP,False
TRIM51CP,False
TRBV26,False
PDCD6,False
LINC00536,False
FABP5P6,False
HNRNPA1P55,False
RACK1P1,False
LINC02891,False
UQCRBP3,False
GOLGA8K,False
NCOA4P2,False
RAC1P2,False
LINC02223,False
XBP1P1,False
GBA3,False
UGT2B24P,False
CCT7P2,False
TERB1,False
EEF1A1P20,False
CDC42P4,True
CHCHD2P7,False
OR5H3P,False
TRGV7,False
YWHAQP6,True
RPS4XP20,False
MTCO2P24,False
TMEM158,False
BFSP2-AS1,False
ECM1P2,False
PPIC-AS1,True
MTCO3P7,False
GJD2-DT,False
HMGB1P3,False
SLC41A3-AS1,False
ZP3P1,False
SNX18P23,False
ARPIN-AP3S2,False
TMPRSS11BNL,True
SLC7A11-AS1,True
IGKV1D-37,False
RAF1P1,False
LINC02514,False
CBX3P3,True
LINC00603,False
MTND4P9,False
RARRES2P4,False
LINC01018,False
MAPK10-AS1,False
YJEFN3,True
SH3TC2-DT,False
ESAM-AS1,False
MAPRE1P2,True
DNAH10OS,False
NREP-AS1,False
TRPC6P6,False
LINC02377,False
PANCR,False
ANKRD33B-AS1,False
CACNA1G-AS1,False
AK3P2,False
RHOQ-AS1,False
PCDHA10,False
LINC02232,False
LINC02108,True
GAPDHP43,False
AGA-DT,True
HOXC-AS2,False
LINC02276,False
EEF1A1P35,True
MORF4L2P1,False
KRT8P31,False
ARPC4-TTLL3,True
LINC02060,False
PKD2L2-DT,True
TRMT112P5,False
CSNK1A1P3,False
C2CD5-AS1,False
MTND5P13,False
RASA2-IT1,False
MYLK-AS2,False
EEF1A1P13,False
RCC2P8,False
LINC02364,False
HMGN1P15,False
LINC02199,False
TTTY23B,False
YWHAEP4,False
FZD10-AS1,False
CIR1P2,False
ALDH1L1-AS1,False
LTV1P1,True
ANKRD17-DT,False
KRT8P32,True
TRIM7-AS2,False
LINC01216,False
TRIM60P14,False
USP17L16P,False
WEE1P1,False
PCDH10-DT,False
SEPHS2P1,False
CTD-2350J17.1,False
PKD1P6,False
LINC02430,False
PTTG2,False
LDHAL6DP,False
CCDC74BP1,False
LINC02509,False
LINC01612,True
ALG1L14P,False
TRMT112P1,False
PSMC1P5,False
VWA8P1,False
NCAPGP1,False
CRYZP2,False
RDH10-AS1,True
GIMD1,False
MRPS31P4,False
LINC01618,True
LINC02762,False
ZBED1P1,False
TRMT9B,False
TUBB8P3,False
SALL4P1,False
MYOZ3-AS1,False
ZNF718,False
LINC02229,False
SMIM20,False
EDIL3-DT,False
MRPL22P1,False
IGBP1P4,False
USP38-DT,False
RPSAP70,False
MGC32805,False
POGLUT2P1,False
LINC01340,True
LINC00989,False
PURPL,False
CXCL1P1,False
LINC02494,False
LINC02510,False
SNRPCP16,False
STK32A-AS1,False
NDNF-AS1,False
EEF1GP2,False
H3P20,False
HSPE1P23,False
LINC02200,False
PTP4A1P4,False
GYPB,False
KRT18P21,True
HEATR5A-DT,False
TUNAR,False
MARK2P4,False
TRIM75,False
UNC93B4,False
UBE2CP3,False
H3P21,False
LINC02197,False
MTND6P2,False
CRLF3P2,False
LINC02502,False
LRP2BP-AS1,True
KLHL2P1,False
SLC2A9-AS1,False
SEC63P2,False
LINC02116,False
AACSP1,False
KIAA1210,False
OR7E35P,False
FTLP10,False
LINC02148,False
MRS2P1,False
FAM242C,False
CLSTN2-AS1,False
LINC02499,False
LINC02161,False
EIF3KP3,False
CCT5P1,True
LINC01332,False
LINC02105,False
MARCHF11-DT,False
HOXC-AS1,False
LINC02260,False
LRRC37BP1,True
LRRC34P2,False
PHOX2B-AS1,False
GMPSP1,False
TRIM36-IT1,False
DUTP7,False
WBP1LP2,False
RPL6P11,False
ENPP7P9,False
CHCHD10,False
DUX4L51,False
PPM1AP1,False
PPIAP76,True
EXOC7P1,False
FAM218A,False
LINC02233,False
LINC02145,True
INTS6P1,False
ABT1P1,False
KRT18P51,False
CDK3,False
LINC02701,False
GPR162,False
LINC02125,False
LDHAL6CP,False
CCT6P2,False
LINC02121,False
STK19B,False
ABHD17AP3,False
NPY2R-AS1,False
KRT8P33,False
LINC02059,False
LINC02994,False
LINC01303,False
PPBPP1,False
MIR583HG,False
CCDC34P1,False
OR7E59P,False
RPL38P4,False
KNOP1P5,False
LINC02999,False
ATP6V1E2,False
UGT2B29P,False
NTAN1P2,False
GLI4,False
ADAMTS16-DT,True
SNRPCP8,False
SMAD1-AS2,False
LINC01511,True
LINC00604,False
HPRT1P2,False
LINC02492,False
PRSS3P1,False
RNF14P2,False
ROPN1L-AS1,False
NUDT16-DT,False
YPEL3-DT,True
LINC02515,False
MTCYBP43,False
TTC39CP1,False
MTCO1P35,False
LINC02171,False
LINC01182,True
CXXC5-AS1,False
OR7E41P,False
LY6G6F-LY6G6D,True
PABPC1P7,False
ST3GAL1P1,False
HNRNPKP5,False
LINC01596,False
LINC02123,False
REELD1,True
LINC00491,False
ADI1P2,False
KHDRBS2-OT1,False
NAIPP1,False
TRAJ55,False
RPF2P2,False
H3P23,False
LINC02269,False
CCDC169-SOHLH2,False
OR7E99P,False
PRELID3BP7,False
TNFRSF10A-DT-1,False
H3P22,False
LINC01017,False
P3R3URF,True
HMGB1P22,False
SELENOP,True
HMGB3P3,False
TPM3P6,False
RPEP1,False
C8orf17,False
LINC01262,False
NT5C1B-RDH14,True
LINC02381,False
USP17L20,False
MSRB3-AS1,True
OR5BM1P,False
RPL23AP96,False
LINC02436,False
SEPTIN14P5,False
DPP3P1,False
LINC01365,False
TAF11L14,False
SNHG18,False
HMGN1P17,False
TUBB8P4,False
ALG1L12P,False
PRODH2,True
THOC3-AS1,False
ZBED3-AS1,False
OR7E111FP,False
MTCO2P30,False
SERF1AP1,False
LINC02221,False
DCAF13P2,False
LINC02493,False
EXOC1L,False
LINC02111,False
PGAM1P12,False
HNRNPA3P13,True
MFSD4BP1,True
MRPS35P2,False
DNM1P17,False
KRT18P54,False
LSM3P4,False
USP17L18,False
EPHA5-AS1,False
RNF138P1,False
TRIM60P15,False
IGBP1P5,False
HNRNPKP1,False
HMGB1P29,False
XKRY,False
METTL21EP,False
OR7E85P,False
LINC02061,True
LINC01455,False
LINC02208,False
PRAMEF31P,False
TUBAP15,False
RNPS1P1,False
HMGB3P15,False
TRIM7-AS1,False
SMAD1-AS1,True
GMDS-DT,False
MAP9-AS1,False
USP17L23,False
UGT2B26P,False
LINC02063,False
ATP5F1EP1,False
MESTP3,False
LINC01181,False
LNX1-AS1,False
GAPDHP66,False
MAD2L1-DT,True
ENPP7P11,False
TRPC7-AS2,True
USP9YP1,False
LINC00492,False
GLUD1P3,False
RMEL3,False
H3P14,False
LINC02382,False
CKS1BP5,False
KRTAP13-6P,False
LINC02196,False
NSA2P6,False
MARCHF11-AS1,False
GAPDHP35,True
LINC02600,True
SNHG21,True
TMEM30BP1,False
GGCTP1,True
TRD-AS1,False
ZFPM2-AS1,True
H3P15,False
LTO1P1,False
TMEM108-AS1,False
GAPDHP62,False
SLC25A30-AS1,False
HMMR-AS1,False
HIGD1AP13,False
THAP9-AS1,False
NDUFB5P1,False
NIHCOLE,False
LINC01950,False
CUL1P1,False
WBP1LP4,False
IGKV2D-40,False
LINC02480,False
SLC25A48-AS1,False
ZNF969P,False
RBX1P2,False
ELL2P2,False
ANKRD20A17P,False
PRKG2-AS1,True
LINC02512,True
LMNB1-DT,False
NUDT19P5,False
HTT-AS,True
SLC25A5P9,False
BMS1P2,False
ALG1L3P,False
OR5AC4P,False
CTBP2P4,False
ABITRAMP1,False
PDCD5P2,False
YBX1P5,False
FCF1P8,False
H3P24,False
NIFKP2,False
WWC2-AS1,False
LINC02506,False
RIPK2-DT,True
RPL7L1P7,False
LINC02882,False
MRPS30-DT,False
TRPC6P7,False
MTND5P5,False
HOXC-AS3,False
PTTG1IP2,False
SEPTIN14P4,True
PRELID3BP4,False
F11-AS1,False
OR7E163P,False
LINC01843,False
UCHL1-DT,False
TSEN2P1,False
GSTCD-AS1,False
OR7E21P,False
TMEM92-AS1,False
LINC02497,False
LINC01861,False
LINC00589,True
ZNF674,False
TMED7-TICAM2,True
DNAJB6P2,False
TILRLS,False
LINC00923,False
LINC02270,False
MTND5P4,False
GOLGA5P1,False
LINC01217,False
RFPL4AP3,False
LINC01337,False
MTCO1P9,False
CNOT10-AS1,False
LINC02714,False
MIR3945HG,False
PSMA2P2,False
SNRPCP2,False
B3GNTL1P1,False
EFNA4-EFNA3,False
ZNF345,False
MTND2P31,False
MTHFD2P4,False
GTF2F2P1,False
LINC02358,False
RFPL4B,False
WDFY3-AS1,False
OR7H2P,False
LINC02429,False
ALG1L7P,False
LINC02228,False
MAGI2-AS1,False
SMIM15-AS1,True
LINC02272,False
ALG1L2,False
LINC02462,False
ERVH-1,True
TUBB7P,False
TMEM184C-DT,False
SLC25A15P3,False
LINC02384,False
CAB39P1,False
NDUFB4P2,False
CCNO-DT,False
MRPS33P3,False
LINC02214,False
PCAT4,False
SHANK3,False
LINC02728,False
LINC01386,False
LINC02479,False
LINC02353,False
PSME2P4,False
RTN3P1,False
TEMN3-AS1,False
MTCYBP35,True
CDRT15P11,False
IRF5P1,False
HSPD1P11,False
MSANTD3-TMEFF1,True
LINC02475,False
MTND3P5,False
RAB5CP2,False
WWC2-AS2,False
KHDC1P1,False
LINC02315,False
SYT9-AS1,False
LINC02236,True
DBIP2,False
ZNF550,False
SEMA5A-AS1,False
LINC00499,False
DCANP1,False
LINC00958,False
LINC02483,False
MTCYBP16,False
YTHDF1P1,False
FTH1P9,False
LINC01301,False
LINC01256,False
ALDH7A1P1,False
FAM90A25P,False
NIPAL4-DT,False
MTND1P22,True
ASS1P8,False
AIDAP2,True
MTCO3P27,False
LINC02615,True
CCNHP1,False
C1GALT1P2,False
NUP58P1,False
NDUFS5P4,False
KRTAP4-17P,False
STMN1P2,False
RTEL1P1,False
LINC01094,False
LINC02160,False
CBR4-DT,False
MTND1P19,False
RASGRF2-AS1,True
GTF2IP9,False
HAUS1P1,False
FKBP4P1,False
RPL7L1P13,False
ASNSP4,False
RPL32P3,False
MTCO1P31,False
AKIRIN2P1,False
LYPLA1P2,False
NRBF2P6,False
OR7E28P,False
FOXD1,False
PPIAP11,False
PITPNM2-AS1,True
CENPS-CORT,True
LINC01099,False
LIX1-AS1,True
CFAP53P1,False
LINC02110,True
IMPA1P1,True
TCP11X3P,True
LINC02435,False
LINC00605,False
LINC02201,False
SNX18P24,False
LINC01957,True
LINC02230,False
MTND5P12,True
IGKV1D-39,False
COQ10BP2,True
DDX18P4,False
HNRNPKP3,False
MALAT1,False
IARS2P1,False
HMGB1P35,False
ALG3P1,False
DDX3P3,False
LINC02106,False
C5orf64-AS1,False
LINC01267,False
TACR3-AS1,False
TRBV21-1,False
LINC02482,False
MFFP2,False
TET2-AS1,False
LDHAP1,False
NIFKP7,False
MSNP1,False
ABCA11P,False
HADHAP1,False
RPL37P25,False
MTA1-DT,False
LINC01385,False
OR12D1,False
SETP12,False
EVA1CP6,False
FHIP1A-DT,False
HSPA8P19,False
LINC02508,False
STPG2-AS1,False
UNC93B7,False
LINC02241,False
LINC02172,False
GYG1P1,False
NAIPP4,False
LINC02278,False
LINC01218,False
LINC02754,False
HPRT1P1,False
LINC02379,False
PRB1,False
PRELID3BP5,False
SUMO2P5,False
PCDHA12,False
ZNF346-IT1,False
BRCC3P1,False
FAM86EP,False
SNHG27,False
UGT2B27P,False
OR10J8P,False
LINC02507,False
PTX4,True
USP17L9P,False
RN7SKP24,False
RNA5SP445,False
RNU6-857P,False
RNU6-998P,False
RNA5-8SP6,False
RNU7-61P,False
RNU7-37P,False
RNU6-632P,False
RNU7-20P,False
RN7SKP67,False
RNA5SP419,False
RNU2-13P,False
RNU6-408P,False
RNU7-123P,False
RNU5E-3P,False
RNU7-175P,False
RNU7-41P,False
RNU6-488P,False
Y_RNA-653,False
RNA5SP401,False
RN7SKP122,False
SCARNA8,False
RNU6-1053P,False
RNU4ATAC13P,False
RN7SKP13,False
RNU7-124P,False
RNA5SP112,False
RNU7-60P,False
RNU4ATAC11P,False
RNU5F-8P,False
RN7SKP46,False
RNU4-29P,False
RNU6-75P,False
RNU6-999P,False
RNA5SP385,False
RNU6-848P,False
RN7SKP298,False
RNA5SP418,False
RNU6-138P,False
RNU6-470P,False
RNA5SP446,False
RNA5SP518,False
RNU7-8P,False
RNA5SP217,False
RNA5SP486,False
RNU6-1129P,False
RNU6-377P,False
RN7SKP242,False
Y_RNA-654,False
RNA5SP356,False
RNU6-1170P,False
RNA5SP20,False
RNU7-47P,False
RNU5A-7P,False
RNU4-57P,False
SCARNA6,False
Y_RNA-655,False
RNU6-237P,False
SNORA70-11,False
RNU6-863P,False
Y_RNA-656,False
Y_RNA-657,False
RNU6-1294P,False
RNU6-202P,False
RN7SKP14,False
RN7SKP132,False
Y_RNA-658,False
Y_RNA-659,False
RNU6-983P,False
RN7SKP18,False
SNORD116-26,False
RNA5SP157,False
RNU6-322P,False
RNU6-583P,False
RNA5SP162,False
RN7SKP19,True
RNA5SP436,False
RNU6-1114P,False
RNU6-319P,False
RNU6ATAC32P,False
Y_RNA-660,False
RNU7-12P,False
RN7SKP155,False
RNU6-1334P,False
RNU6-732P,False
RNU6-803P,False
RNA5SP96,False
RNU6-772P,False
Y_RNA-661,False
RNU6-507P,False
MIR449C,False
RNA5SP362,False
RNU6-1288P,False
MIR1343,False
Y_RNA-662,False
RNU6-518P,False
SCARNA21B,False
RNU7-71P,False
SCARNA23,False
RNU2-69P,False
RNA5SP182,False
RNU6-615P,False
RNU5F-2P,False
RNU2-45P,False
SNORD79,False
RNU7-75P,False
RNU6-475P,False
RNU6ATAC17P,False
RNA5SP288,False
RNU6-120P,False
RNU6-760P,False
RN7SKP190,False
RNU4-49P,False
RNA5SP497,False
RNU7-79P,False
RNU7-84P,False
SNORA70-12,False
RNU6-976P,False
SNORD116-27,False
RNU6-916P,False
SCARNA11,False
VTRNA2-2P,False
RNA5SP272,False
RNU7-2P,False
RNU6-351P,False
RNU6-240P,False
RNU6-491P,False
RNU6-513P,False
RNU7-200P,False
RNA5SP406,False
RNU1-61P,False
RNU1-86P,False
RNU7-105P,False
RNA5SP216,True
RNU6-276P,False
RNA5SP408,False
SNORA70-13,False
RNU6-189P,False
RNU6-871P,False
RNU6-1143P,False
RN7SKP179,False
RNA5SP249,False
RNU7-129P,False
RNU6-1278P,False
RNA5SP116,False
RNU6-693P,False
RNU6-1023P,False
RN7SKP164,False
RN7SKP34,False
RNU6-1219P,False
RNA5SP522,False
RNU6-496P,False
RNU6-27P,False
RNU6-617P,False
RNU6-1095P,False
RNU6-1102P,False
RNU6-559P,False
RNU6ATAC13P,False
RNA5SP208,False
RNU1-41P,False
RNU6-1333P,False
RNU6-123P,False
RNU6-473P,False
RNU6-718P,False
RN7SKP141,False
RNU6-991P,False
RNA5SP236,False
RNU6-436P,False
RNU7-52P,False
RN7SKP43,False
RN7SKP157,False
RNU6-1161P,False
Y_RNA-663,False
SNORD63-1,False
RNU4ATAC18P,False
RNA5SP180,False
RNU7-49P,False
SCARNA17,True
RNA5SP227,False
RNU2-27P,False
Y_RNA-664,False
RNA5SP458,False
RNU6-168P,False
RNA5SP303,False
RNA5SP154,False
RNU7-154P,False
RNU4ATAC8P,False
RNU6-927P,False
SCARNA5,False
RNA5SP521,False
RNU4ATAC14P,False
SNORA70-14,False
RNU6-904P,False
RNU6-1194P,False
RNU2-30P,False
RNU6ATAC9P,False
Y_RNA-665,False
SNORD33-1,False
RNU6-581P,False
RNU6-982P,False
RNU6-1262P,False
RNU6ATAC14P,False
RN7SKP52,False
RNA5SP253,False
RNU6-1196P,False
RNU6-561P,False
RNU6-1281P,False
RNU6-311P,False
RNY4P37,False
RNU6-397P,False
RN7SKP288,False
RNU6-162P,False
RNU6-287P,False
RNA5SP228,False
Y_RNA-666,False
RNU6-150P,False
Y_RNA-667,False
RN7SKP276,False
RNU6-1101P,False
RNU7-174P,False
RNA5SP464,False
RNU6-415P,False
RNU6-469P,False
RNU6-1041P,False
Y_RNA-668,False
RNU6-864P,False
RNU2-53P,False
RNU4-71P,False
RNU6-390P,False
Y_RNA-669,False
RNA5SP341,False
RNA5SP320,False
RNU6-947P,False
RNU6-416P,False
RN7SKP196,False
RNU6-327P,False
RNU7-99P,False
RNU6-277P,False
RNU6-547P,True
RN7SKP12,False
RNA5SP76,False
RN7SKP248,False
RNU4ATAC7P,False
RNU6-1146P,False
RNA5SP410,False
RNU6-346P,False
Y_RNA-670,False
RNU6-758P,False
RNU6-917P,False
RNU6-191P,False
RNU1-143P,False
RNY3P15,False
RNA5SP220,False
RNU6-1232P,False
SNORD63-2,False
RNU6-523P,False
Y_RNA-671,False
RNU4ATAC4P,False
RNU6-1108P,False
RNU6ATAC39P,False
RNU6-970P,False
RNU6-1299P,False
RNU6-313P,False
SNORD27,False
SNORA74,False
RNU6-1045P,False
RNU6-795P,False
SNORA70-15,False
RNU1-155P,False
RNU6-1338P,False
RNU6-65P,False
RNU6-1225P,False
RNY3P16,False
RNU6-1206P,False
RNA5SP315,False
RNU6-1265P,False
MIR2278,False
RNU6-941P,False
RNU6-155P,False
RNU6-479P,False
SNORA72-7,False
RNA5SP318,False
RNU6-830P,False
RN7SKP31,False
RNA5SP282,False
RNU1-95P,False
RNA5SP287,False
RNA5SP200,False
Y_RNA-672,False
RNU6-720P,False
RNU6-109P,False
RNU7-18P,False
RNU7-69P,False
RNA5SP255,False
RNA5SP413,False
RNU6-948P,False
RNU2-10P,True
RNU6-752P,False
RNU6-781P,False
RNU6-751P,False
Y_RNA-673,False
SNORA70-16,False
Y_RNA-674,False
RNU6-764P,False
RNU7-40P,False
RNA5SP365,False
RNU1-48P,False
Y_RNA-675,False
RNA5SP473,False
RNU2-58P,False
SNORA74D,False
RNU6-542P,False
Y_RNA-676,False
MIR892C,False
RNU6-977P,False
RNU7-13P,False
RNU6-1049P,False
RNU4ATAC15P,False
Y_RNA-677,False
RNA5SP67,False
RN7SKP253,False
RNU4-54P,False
RNU7-115P,False
RNU6-412P,False
RNU7-3P,False
RNA5SP92,False
RNU6-70P,False
Y_RNA-678,False
RNU6-687P,False
Y_RNA-679,False
RNU2-35P,False
RN7SKP265,False
SNORA70-17,False
RNA5SP49,False
RNA5SP461,False
RNA5SP262,False
RNA5SP61,False
RNU6-659P,False
RNU7-153P,False
Y_RNA-680,False
RNA5SP495,False
RNA5SP417,False
RNU4ATAC12P,False
RNU6-1110P,False
RNA5SP470,False
RNU6-426P,False
RNU7-192P,False
SNORD116-30,False
RNU6-406P,False
RNU6-1089P,False
Vault,False
SNORA108,False
RNA5SP24,False
RNU6-966P,False
RNA5SP519,False
RN7SKP238,False
RNU6-589P,False
RNU6-875P,False
RNA5SP134,False
RNA5SP147,False
SNORA74-1,False
RNA5SP153,False
RNU1-103P,False
RN7SKP21,False
RNA5SP281,False
RNA5SP520,False
RNY4,False
Y_RNA-681,False
Y_RNA-682,False
RNU6-320P,False
RN7SKP83,False
RN7SKP244,False
RNU6-184P,False
RNU6-1038P,False
SNORD116-25,False
Vault-1,False
RNU6-911P,False
RNU6-964P,False
RNU6-1337P,False
RNU6-62P,False
RNA5SP148,False
RNU6-503P,False
RNU6-1061P,False
Y_RNA-683,False
RNA5SP164,False
RNU2-34P,False
RNA5SP121,False
RNU6-1046P,False
RNU6-1256P,True
RPPH1-3P,False
RNU6ATAC12P,False
RNU7-25P,False
RN7SKP287,False
Y_RNA-684,False
RN7SKP135,False
RNU6-118P,False
RNU6-506P,False
RNU7-43P,False
RNA5SP360,False
RNA5SP367,False
Y_RNA-685,False
RNA5SP43,False
RNU7-51P,False
RNA5SP438,False
RNU6-725P,False
RNU6-358P,False
Y_RNA-686,False
RNA5SP395,False
RNU6-504P,False
RNU6-314P,False
RNU6-68P,False
RNU6-1018P,False
RNU5F-4P,False
RNU6-638P,False
RNU6-1004P,True
RNU6-1007P,False
RN7SKP195,False
RNU5A-4P,True
Y_RNA-687,False
RNU6-1291P,False
RNU4ATAC6P,False
RNU7-183P,False
RNU5B-3P,False
RNU6-1087P,False
Y_RNA-688,False
RNU7-121P,False
RNU6-100P,False
RNU6-1012P,False
RNU6-885P,False
RNU7-179P,False
Y_RNA-689,False
RNU6-1069P,False
RNA5SP476,False
RNU6-229P,False
RNA5SP384,False
RNU1-107P,False
RNA5SP285,False
RNU7-29P,False
RNU6-1247P,False
Y_RNA-690,False
RNA5SP459,False
SNORA62-5,False
RNU6-344P,False
RNU6-405P,False
SNORA63-6,False
RNU6-139P,False
Y_RNA-691,False
RNA5SP168,False
RNU6-107P,False
MIR2114,False
RNA5SP434,False
RNU7-65P,False
RNU6-635P,False
RNU6-113P,False
RN7SKP70,False
MIR2115,False
RNU6-347P,False
RNU2-57P,False
RNU7-160P,False
RNU6-551P,False
RNU6-521P,False
RNU6-539P,False
RNU6-1332P,False
RNA5SP309,False
RNU6-719P,False
SCARNA13,False
RNU7-22P,False
RNU6-1178P,False
RN7SKP49,False
Vault-2,False
Y_RNA-692,False
RNY4P20,False
RNU6-197P,False
RN7SKP66,False
RNU1-142P,False
RNU6-126P,False
RNA5SP33,False
RPPH1-2P,False
RNU6-1016P,False
RNU6-63P,False
RNU4-77P,False
RNU6-531P,True
SNORA70-18,False
RNU6-180P,False
RNU7-81P,False
RNU4ATAC3P,False
RNA5SP271,False
RNA5SP55,False
RNA5SP206,False
RNU1-128P,False
RNU7-53P,False
RNU6-1171P,False
RNA5SP82,False
RNU6-783P,False
RNU5D-2P,False
RNU6-267P,False
Y_RNA-693,False
SNORA70-19,False
RNU6-965P,False
RNU7-193P,False
RNU6-572P,False
Y_RNA-694,False
RNA5SP254,False
RNA5SP462,False
RNU6-919P,False
SNORD36C,False
RNU6-1282P,False
RNU6-362P,False
RNA5SP466,False
RNU7-149P,False
RNU6-759P,False
RNU6-307P,False
RNA5SP73,False
RNU6-861P,False
RNU6-567P,False
RNU6-256P,False
RNU6-914P,False
RNU4-18P,False
RNU1-125P,False
RNU6-922P,False
RNA5SP45,False
RNU7-28P,False
RNU6-1153P,False
RNU5B-6P,False
SCARNA20,False
RNU6-135P,False
RNU6-1098P,False
MIR514B,False
Y_RNA-695,False
RNA5SP422,False
RNU7-143P,False
RNA5SP468,False
RNU6-1224P,False
RNU6-656P,False
RN7SKP82,False
RNU7-137P,False
RNA5SP460,False
RNU6-566P,False
RNU6ATAC22P,False
RNU2-44P,False
RNU6-1150P,False
Y_RNA-696,False
RNU6-1191P,False
RNU6-1121P,False
Y_RNA-697,False
RNU6-807P,False
Y_RNA-698,False
RNA5SP441,False
RNU6-1149P,False
RNU6ATAC24P,False
Y_RNA-699,False
RNU6-881P,False
RNA5SP481,False
RNA5SP409,False
RNU1-40P,False
RNU6-1308P,False
RNU6-122P,False
RNU6-453P,False
RN7SKP282,True
RN7SKP219,False
RNU2-56P,False
RNU6-826P,False
RNA5SP268,False
RNU2-24P,False
RNU6-678P,False
RNA5SP137,False
RNU6-1136P,False
RNU7-30P,False
RNU7-111P,False
RNA5SP416,False
RNA5SP480,False
RNA5SP75,False
RNU6-557P,False
Y_RNA-700,False
RNA5SP444,False
RNU7-6P,False
Y_RNA-701,False
RN7SKP88,False
SNORA70-20,False
RNU6-786P,False
RNU6-1088P,False
Y_RNA-702,False
RNU6-782P,False
RNA5SP523,False
Y_RNA-703,False
RNA5SP421,False
RNA5SP102,False
RNA5SP449,False
RNU1-97P,False
RNU6ATAC36P,False
RNU6-928P,False
RNU6-1234P,False
RNU6-579P,False
MIR2276,False
RNA5SP34,False
RN7SKP209,False
SNORA21B,False
RNU7-110P,False
RN7SKP277,False
RNU6-175P,False
RNU11-2P,False
RNU6-295P,False
RN7SKP116,False
SCARNA14,False
RNU6-1198P,False
RNA5SP392,False
RN7SKP260,False
RNU6-352P,False
RNU6-612P,False
RNU6-1258P,False
RNU6-798P,False
RNU6-677P,False
SNORA70-21,False
RNU6-765P,False
RNA5SP94,False
RNU6-971P,False
RNU6-980P,False
RNU6-528P,False
RNU7-151P,False
Y_RNA-704,False
RNU6-850P,True
Y_RNA-705,False
RNA5SP143,False
RNU6-273P,False
RNA5SP364,False
RNU7-116P,False
RNU7-70P,False
RNU6-143P,False
RNU6-210P,False
RNU6-703P,False
RNU6-577P,False
RN7SKP96,False
RNU6-445P,False
Y_RNA-706,False
RNA5SP54,False
Y_RNA-707,False
RNU2-31P,False
RNU6-1092P,False
RNU6-255P,False
RNU6-250P,False
RNU6-856P,False
RNU6-943P,False
RNU7-4P,False
RNU6-714P,False
RNU4ATAC10P,False
RNU6-182P,False
RNA5SP471,False
RNU6-341P,False
RNU6-835P,False
Y_RNA-708,False
RN7SKP60,False
RNU6-56P,False
RNU7-11P,False
RN7SKP272,False
Y_RNA-709,False
RNU6-958P,False
RNA5SP420,False
RNU6-1006P,False
RNU6-345P,False
RN7SKP2,False
RN7SKP233,False
RNU6-410P,False
RNA5SP337,False
Y_RNA-710,False
RNU6-388P,False
Y_RNA-711,False
RNU6-148P,False
RNVU1-23,False
RN7SKP11,False
RNA5SP135,False
RNA5SP533,False
RNU6-1212P,False
RNA5SP186,False
SCARNA21,False
RN7SKP99,False
RNU6-419P,False
RNA5SP101,False
RNU2-46P,False
RNA5SP230,False
RNU1-117P,False
RN7SKP5,False
RNA5SP503,False
RNU6-389P,False
RNU6-1271P,False
RNU6-375P,False
RNU6-570P,False
RNU6-448P,False
RNU6-1183P,False
RNA5SP278,False
RNA5SP243,False
RNU6-909P,False
RNU7-188P,False
Y_RNA-712,False
RNA5SP312,False
RN7SKP98,False
RNU6-334P,False
RNU6-1137P,False
RNU6-1213P,False
RN7SKP197,False
RNU6-430P,False
RNU6-1236P,False
RNU6-699P,False
Y_RNA-713,False
RNU6-548P,False
Y_RNA-714,False
RNU6-685P,False
RNU6-1096P,False
RNU6-303P,False
RNA5SP342,False
RNU6-894P,False
RNA5SP330,False
SCARNA3,False
RNU6-1003P,False
RNU6-201P,False
RNU6-158P,False
RNU6-789P,False
Y_RNA-715,True
RNU6-762P,False
SNORA74-2,True
Y_RNA-716,False
RNU6-365P,False
RNA5SP404,False
RNU6-64P,False
RNU6-218P,False
RNU6-1015P,False
RNU6-231P,False
RNU6-1223P,False
RNU7-172P,False
RNU6-1220P,False
RNA5SP423,False
RNU6-1270P,False
RNA5SP340,False
RNA5SP290,False
RNU6-264P,False
RNU6-897P,False
SCARNA1,False
RNU6-1314P,False
RNA5SP490,False
RNA5SP165,False
RNU6-58P,False
RNU6-232P,False
RNU4ATAC9P,False
RNA5SP40,False
RNA5SP402,False
RNA5SP170,False
RN7SKP258,False
RNU6-993P,False
RN7SKP147,False
RNA5SP400,False
Y_RNA-717,False
SNORA70-22,False
RNA5SP159,False
RNU6-1057P,False
RNU6-1028P,False
Y_RNA-718,False
RNA5SP70,False
RN7SKP183,False
RNU6-165P,False
RNU6-367P,False
RN7SKP234,False
RNU7-35P,False
RNU6-844P,True
SNORD116-32,False
RNA5SP66,False
RNU6-111P,False
RNU1-54P,False
RNU6-1073P,False
RNU6-1231P,False
RNU6-667P,False
RNU6-1315P,False
RNU6-889P,False
RNA5SP380,False
RNU1-45P,False
RN7SKP105,False
RNU6-1261P,False
RNU6-176P,True
RN7SKP283,False
SNORA50B,False
MIR2355,False
RN7SKP256,False
RN7SKP64,False
Y_RNA-719,False
RN7SKP35,False
RN7SKP40,False
RNU6-902P,False
RNU6-731P,False
RNU7-156P,False
RNU6-1238P,False
RNU2-12P,False
RNU6-464P,False
SNORA70-23,False
MIR2116,False
RNA5SP291,False
RNU6-299P,False
RNU4ATAC5P,False
RNU6-706P,False
RNA5SP47,False
RNA5SP454,False
SNORA70-24,False
RNU7-181P,False
RNU4-60P,False
SNORA31B,False
RN7SKP289,False
RNU7-77P,False
RNA5SP415,False
RNU7-128P,False
RN7SKP57,False
RNA5SP437,False
RNU6-494P,False
RNU6-711P,False
RNU6-709P,False
RNU6-794P,False
RN7SKP295,False
RNU6-586P,False
RN7SKP92,False
RNA5SP169,False
RNU6-1116P,False
NRON,False
RNA5SP373,False
RNU4ATAC17P,False
RNA5SP106,False
RNU6-840P,False
RNU6-537P,False
RNU6-1174P,False
Y_RNA-720,False
RNU1-104P,False
SNORA73-3,False
RNA5SP179,False
SNORD36,False
Y_RNA-721,False
RNU2-19P,False
RNU7-161P,False
RNU2-60P,False
LINC01609,False
RPL12P22,False
OC90,False
HNRNPA3P7,True
IGLV2-34,False
TRAPPC2P2,False
IGLVI-56,False
IGKV2D-36,False
IGHV7-56,False
IGHV3-62,False
GPAT4-AS1,False
PSMC2P2,False
LINC00967,True
LINC02947,False
CIR1P1,False
LINC03023,True
RGS21,False
IGHVII-28-1,False
IGLV3-17,False
H2AZP7,False
IGKV3-31,False
PCDHGA12,False
LINC01605,False
WASHC5-AS1,False
IGHVII-65-1,False
H2AZP2,False
CALCP,False
LINC02948,False
HOXA10-AS,False
TRBV6-7,False
IGKV1D-32,False
LINC02153,False
IGKV3-25,False
GUSBP3,False
PSME2P5,False
IGHV3-65,False
DENND3-AS1,False
USP12P1,False
KLF3P1,False
KRT18P41,False
PGAM5P1,False
HAUS1P3,False
NRBF2P4,False
HIGD1AP6,False
MIR124-1HG,False
COX6CP8,False
IGLV2-5,False
LINC02143,False
IGLVI-70,False
IGHV3-36,False
IGHV3-50,False
IGLVIV-64,False
MTND1P36,False
IGHV3-76,False
C8orf88,True
SHLD3,True
MTND4P7,False
FAM83A-AS2,False
IGKV2-14,False
DLGAP2-AS1,False
IGHV1-67,False
CCDC71L,False
IGKV2-10,False
LINC02209,False
TRBV7-7,False
MIOXP1,False
HOXA10,False
IGHVII-40-1,False
LINC01845,False
UFM1P3,False
LINC01606,False
STAU2-AS1,False
IGHVIII-82,False
TMEM200B,False
PCDHGB6,False
SERPINE3,True
IGHVIII-76-1,True
LINC01847,False
C1orf210,False
LINC00293,False
LINC01932,False
TMCC1P1,False
MAILR,True
IGHV7-34-1,False
RAD21-AS1,True
SUMO2P19,True
IGLV3-30,False
RPL7AP80,False
IGLV3-29,False
PCBP2P2,False
IGHVII-22-1,False
COX6B1P6,False
LINC01298,False
TUG1,True
IGHV3-37,False
COPDA1,False
IGKV1D-22,False
GUSBP16,False
IGHVIII-25-1,False
TRNP1,False
POU5F1P2,False
IGHVII-49-1,False
IGHVIII-5-1,False
ENTPD4-DT,False
RANP9,False
LINC00534,False
LINC03044,False
VTA1P2,False
CTNNA1-AS1,True
EVX1-AS,False
IKBKB-DT,False
TRBV7-4,False
IGHVIII-13-1,False
LINC01605-1,False
LINC02159,False
SNX18P27,False
ZNHIT1P1,False
HSPA8P13,False
LINC01942,False
SRPK2P,False
NCRNA00250,True
LINC02237,False
IGKV2-4,False
RNU6-988P,False
PCAT1,True
CDC42P5,False
IGHV3-33-2,False
IGHV3-25,False
IGLV3-6,False
IGLV2-28,False
NDUFA5P2,False
SMIM18,False
IGHVII-15-1,False
IGKV2OR22-3,False
IGKV1-35,False
IGHVIII-26-1,False
HMGB1P19,False
IGHVIV-44-1,False
IGHV7-40,False
LINC01603,False
IGKV1OR22-1,False
IGHVII-26-2,False
PCDHGA5,True
IGKV2-36,False
SINHCAFP3,False
LINC02099,False
IGHVII-30-1,False
CDH12P3,False
CYCSP23,False
IGKV1-13,False
IGKV3D-34,False
ATP6V1G1P2,False
MTCYBP19,False
LINC02949,True
NACA2,False
SQLE-DT,False
HMGB1P41,False
XRCC6P4,False
HPYR1,False
MIR3142HG,True
CPP,False
TRBV6-8,False
ADAM7-AS1,True
PCDHGA7,True
FAM86HP,False
SEPTIN10P1,False
SDR16C6P,False
C1GALT1P3,False
IGHV3-52,False
IGLVVI-22-1,False
TUBAP7,False
PYDC2,False
CA3-AS1,False
HOXA-AS2,False
LINC01414,False
TARDBPP4,False
MTCO1P4,False
OSGEPL1-AS1,True
NKX2-1-AS1,False
VENTXP5,False
RNF5P1,True
IGKV1-22,False
SUMO2P16,False
TRMT10BP1,False
OXR1-AS1,False
IGHV3-30-2,False
IGLV3-13,False
KCNIP1-AS1,False
IGKV2-38,False
LINC01300,False
SLC10A5,False
RN7SL260P,False
CERNA3,False
HNRNPA1P38,True
AFG3L2P1,False
VN1R46P,False
WBP1LP3,False
GRPEL2-AS1,False
RPSAP74,False
IGKV2-23,False
EIF5AL1,False
IGLV7-35,False
LINC03047,False
IGHVIII-67-3,False
IGLVV-58,False
SUMO2P18,True
LINC03022,False
ADAM7-AS2,False
LINC02845,False
RPL6P32,False
KCNIP1-OT1,False
PRSS51,False
SMARCE1P4,False
SOD1P3,False
IDI1P2,False
JCHAINP1,False
LINC01592,False
ZFHX4-AS1,False
NPM1P52,False
LINC02866,False
GASAL1,False
IGHVII-78-1,False
TAGLN2P1,False
UBE2HP1,False
LINC02844,False
BUD31P1,False
MTND5P41,False
LINC01484,True
IGKV2OR22-4,False
IGHEP1,False
PINX1-DT,False
KBTBD11-OT1,False
LINC02847,False
IGHV1-68,False
VIRMA-DT,False
IGHV1-14,False
ALG11,False
LINC02886,False
IGHVII-53-1,False
MINCR,False
ATXN7L3B,False
SUMO2P20,False
PRKDC,False
PCDHGA6,False
IGKV2-19,False
LZTS1-AS1,False
LINC01289,False
OTUD6B-AS1,False
RNU6-323P,False
LNCOC1,False
IGHV3-60,False
MARK2P11,False
IGHVII-62-1,False
CYP4F44P,False
IGLVI-63,False
IGHGP,False
CARS1P2,False
IGHV3-57,False
IGHV3-6,False
KBTBD11-AS1,True
IGKV2D-19,False
PCDHGA8,False
HMGB1P23,False
TPTE2P1,False
CFAP418-AS1,True
IGLVVI-25-1,False
IGHVIII-2-1,False
ZNF317P1,False
IGLV3-15,False
LINC02219,False
NARS1P2,True
IGLV10-67,False
MTND1P5,False
UTP14C,False
LINC01030,False
SIRLNT,False
LINC01170,True
IGHVII-46-1,False
PSAT1P1,False
COX6B1P4,False
MRPS36P3,False
GUSBP14,False
IGLV1-41,False
LINC01151,True
IGHVII-67-1,False
IGLV3-24,False
IGLV1-62,False
WBP1LP10,False
MTND2P38,False
ETV3L,False
DSTNP3,False
PCDHGA10,False
RBM12B-DT,False
IGKV3-34,False
SLC2A3P1,False
IGHVIII-47-1,False
TMEM97P2,False
FER1L6-AS2,False
PIGFP1,False
IGKV1-32,False
PCDHGA11,False
IGLVIV-66-1,False
LINC01608,False
IGHV3-19,False
ARF1P3,False
IGLVI-38,False
FAM85B,False
IGHVII-44-2,False
LINC01419,False
CDH12P4,False
IGKV2D-10,False
PCDHGB2,False
IGLV3-26,False
MAPRE1P1,False
MTCO1P49,False
THAP12P7,False
IGLV3-31,False
ATOX1-AS1,False
TNFRSF10A-AS1,False
LINC02990,False
MRPL49P2,False
IGLVIV-53,False
IGHV3-63,False
NATP,False
IGHVII-51-2,False
KRT18P37,False
MTUS1-DT,False
VPS13B-DT,False
CCT3P1,False
HIGD1AP18,False
PCDHGB4,False
HMGN1P38,False
LINC02995,False
IGHV3-22,False
CLDN23,False
LINC01863,False
IGLV3-2,False
RPL31P40,False
LINC03020,False
MTND2P7,False
CDC42P3,True
MAL2-AS1,True
NRIP3-DT,True
NRG1-IT1,False
MTCO2P4,False
TENM2-AS1,False
ALG1L13P,False
CLN8-AS1,False
IGHVIII-38-1,False
NDUFB9P3,False
RPL10P18,False
IGKV2-29,False
IGKV3D-31,False
SRI-AS1,False
ZNF260,False
LINC00051,False
IGKV2D-38,False
RPL10P8,False
MAP2K1P1,False
MTND4LP26,False
ALG1L10P,False
IGHEP2,False
PKMP4,False
BRIX1P1,False
LINC03023-1,False
LNMICC,False
IGLC4,False
IGLC5,False
INTS9-AS1,False
IGHVIII-67-2,False
SLIT3-AS2,False
IGHVIII-22-2,False
IGHV1-17,False
NRG1-IT3,False
IGHVIII-67-4,False
IGHVIII-5-2,False
IGHV3-71,False
DUXAP2,False
PIWIL2-DT,False
LINC01938,False
IGLVVII-41-1,False
IGLVV-66,False
IGLV3-7,False
SRSF3P2,False
LINC01299,True
LINC01591,False
LYN,False
SLC2A3P4,False
MTND2P32,True
PINX1,False
IGKV3D-25,False
IGKV2-26,False
LINC02055,False
BHLHE22-AS1,False
PPIAP85,True
VENTXP6,False
LINC01848,True
RBPMS-AS1,False
HMGN1P28,False
MTCYBP20,False
LINC02842,False
LINC02155,False
PCDHGB7,False
LINC02839,False
EEF1A1P37,False
CD8B2,False
IGLCOR22-1,False
LINC01947,False
MTND6P3,False
IGHVII-74-1,False
LINC03018,False
HMGB1P46,False
NIPA2P4,False
PPIAP84,False
LINC02950,False
CRYZL2P-SEC16B,False
MTND6P20,False
IGKV2-18,False
IGLVIV-65,False
CASC19,True
IGHV8-51-1,False
RNU5A-3P,False
IGHV1-12,False
IGLVI-42,False
IGHV3-75,False
SLC25A51P3,False
MAPK6P5,False
TPM3P3,False
RPL7AP33,False
IGHVII-33-1,False
NPIPB11,False
LINC02855,False
LINC01485,False
PRXL2AP2,False
IGHVIII-11-1,False
IGKV2D-18,False
PCDHGB1,False
UQCRB-AS1,True
BTF3P1,False
LINC01933,True
IGHV3-42,False
FAM90A12P,False
WWP1-AS1,False
LINC02365,True
IGLVI-20,False
MTCO1P47,False
PAICSP4,False
PCDHGA3,False
RPL7P20,False
NACAP10,False
PENK-AS1,False
RPSAP71,False
IGKV3OR22-2,False
PKIA-AS1,False
RFPL4AP7,False
ERHP1,False
ANK3-DT,False
BTF3P3,False
TDGF1P5,False
LINC00824,True
IGHVII-1-1,False
KRT8P3,False
IGHV3-32,False
IGKV2D-14,False
IMPDH1P6,False
LINC01944,False
LINC01111,False
MRPL9P1,False
IGLVIV-59,False
SNRPCP17,False
MRPL57P7,False
LINC03021,False
MIR151A,False
IGHV7-27,False
IGHVII-60-1,False
CKS1BP7,False
NDST1-AS1,False
CDH12P1,False
MAFA-AS1,False
SNORD87,False
LINC01288,False
IGKV2D-23,False
MTND1P6,True
MIR2052HG,False
ARL2BPP5,False
C4orf46P3,False
IGLVI-68,False
XKR4-AS1,False
CYCSP22,False
HOXA-AS3,False
SOX5P1,False
MIR124-2HG,False
TUBB8P5,False
MTND6P19,False
MYL12AP1,False
DUTP2,False
RHPN1-AS1,True
IGHV4-55,False
GLYATL1P4,False
LINC02752,False
LRRC24,False
OR10Y1P,False
PHB1P17,False
OR4A1P,False
CHKB-CPT1B,False
SIGLEC14,False
LINC02732,False
LINC02584,False
SPON1-AS1,True
LINC02696,True
OR6M3P,False
LINC02683,False
PBOV1,False
EIF2S2P6,False
HSPB2-C11orf52,False
SF3A3P2,False
ALG9-IT1,False
CAPS2-AS1,True
NAV2-AS2,False
RCC2P6,False
HIGD1AP10,False
LINC02699,False
OR5D2P,False
PPIAP41,False
OR4A3P,False
THAP12P4,False
OR4D10,False
XNDC1N,True
AP5B1,False
OR4A49P,False
UBQLN1-AS1,False
OR2AT1P,False
SLC25A1P1,False
LINC02749,False
PTP4A2P2,False
SUGT1P4,False
LINC02547,True
MPPED2-AS1,False
OR5M7P,False
CBX3P8,False
RANP3,False
FNTAP1,False
CHMP4A,False
DEFB131E,True
FBXO3-DT,False
PHB1P2,False
TRPC6P5,False
LINC02760,False
LINC02750,False
SIGLEC12,False
OR8I4P,False
ENPP7P12,False
FXYD6-AS1,False
MRGPRX7P,False
LINC02755,False
FLJ20021,False
ARL14EP-DT,False
PLS1P1,False
PABPC4L,False
MRGPRX6P,False
NAV2-AS3,False
HSPD1P2,False
PCNAP4,False
MRGPRX13P,False
ANKRD33BP6,False
OMP,False
XIRP2-AS1,False
ADM-DT,False
ANKRD33BP8,False
BBOX1-AS1,False
LINC01493,False
MTND2P26,False
UBTFL9,False
GLULP3,False
OR4C1P,False
LINC02719,False
PSMA2P1,False
LINC03031,False
MAGEL2,False
ETS1-AS1,False
EIF4A2P3,False
OR7E126P,True
LINC02686,True
CSNK2A3,False
CYCSP26,False
MIR130AHG,False
OR5M6P,False
DNAJB6P1,False
OR6M2P,False
CAPN1-AS1,False
TMED10P1,False
SETP16,False
NAV2-AS4,False
DEFB108E,False
OR4R3P,False
STRA6LP,False
SMG1P6,False
WAC-AS1,False
ARMS2,True
OR4A18P,False
COX6CP5,False
OR8B10P,False
INS,False
MTCYBP41,False
LINC02685,False
RTL1,False
OR8J2,False
LINC02715,False
LINC02682,False
OR4A11P,False
RASSF10-DT,False
WEE2P1,False
OR4A42P,False
OSBPL9P2,False
PKD1P5,True
SNRPCP6,False
FPGT,False
LINC02235,False
CD82-AS1,True
COPS8P3,False
LINC02695,True
DEFB131C,False
SENCR,False
MMADHCP2,False
IGLL5,True
HNRNPA1P72,False
OR7E154P,False
GLYATL1P2,False
MRGPRX10P,False
FAM8A2P,False
OR4A12P,False
OR7E10P,False
MEX3A,False
PTP4A1P6,False
ANKRD33BP2,False
HMGB1P42,False
BRD9P1,False
OR10G4,False
MRGPRX11P,False
OR10V3P,False
MTND4LP18,False
HNRNPCP8,False
OR5BD1P,False
CASP1P2,False
TRIM64DP,True
OR5M2P,False
NAP1L1P1,False
KLC2-AS2,False
TRIM53CP,False
OR2AL1P,False
SLC17A6-DT,False
OR4A4P,False
OR4D7P,False
EEF1G,True
PRR23D3P,False
EGLN1P1,False
GVINP2,False
DNAAF11P1,False
CKLF-CMTM1,True
FAR1-IT1,False
FDPSP4,False
OR5AP1P,False
TFAMP2,False
SLC25A47P1,False
SNRPCP14,False
SYS1-DBNDD2,True
OR10AK1P,False
LINC03019,False
LMNTD2-AS1,False
ANO3-AS1,False
LINC02727,False
OR9G2P,False
SLC22A18AS,True
KRT18P58,False
OR4A40P,False
OR5M10,False
RNF185-AS1,False
LIPT2-AS1,False
GVINP1,True
OR4V1P,False
LINC02551,False
XIAPP2,False
OR5BN1P,False
NPIPA2,False
NECTIN1-DT,False
KLC2-AS1,False
NDUFA3P2,False
MRGPRX12P,False
MPV17L2,False
TMEM9B-AS1,False
LGR4-AS1,True
LINC02744,False
DEFB109D,False
ATP6V1G2-DDX39B,False
FBLIM1P2,False
LINC02688,True
SUGT1P4-STRA6LP,False
PTPRJ-AS1,False
PKNOX2-DT,True
PRR13P2,False
POU2F2-AS1,False
OR4A9P,False
RAP1BL,False
NAV2-AS1,False
MTCO3P15,False
OPCML-IT1,False
BORCS8,False
ANO1-AS1,False
OR8L1P,False
SCARNA9,False
MPHOSPH10P2,False
ANKRD33BP10,False
OR7E15P,False
OR4C9P,False
LINC02545,False
MTATP6P15,False
LINC00678,True
OR4A19P,False
ATP5PBP5,False
LINC02751,False
OR8K4P,False
OR7E158P,False
GNG5P3,False
LINC02705,False
SLC2A13P1,False
INMT-MINDY4,False
KIRREL3-AS2,False
TUBB4BP4,False
C1DP5,False
IGSF22-AS1,False
LINC02763,False
OR8B7P,False
ALG1L9P-1,False
FTLP6,False
RSF1-IT2,False
DPP3,False
TRIM77BP,False
STX16-NPEPL1,False
ANKHD1-EIF4EBP3,False
KRTAP5-9,False
BRK1,False
LINC02324,False
CYCSP28,False
SLC1A2-AS1,False
ELOCP22,True
LINC02489,False
LINC02739,False
UBTFL1,False
COX5BP4,False
OR5M1,False
ARL6IP1P3,False
OR5D15P,False
TDH-AS1,False
OR8B5P,False
TSPAN18-AS1,False
SERPINA15P,False
SDHCP4,False
SUGT1P4-STRA6LP-CCDC180,False
LINC02553,False
MORF4L1P3,False
SEPTIN7P11,False
NAV2-AS5,False
HNRNPRP2,False
OR8X1P,False
BCAS2P1,False
FAM66D,False
OR4A44P,False
MTND1P35,False
PDCL2P2,False
PPIAP43,False
TIRAP-AS1,False
RBMXP3,False
OSBPL9P3,False
SAA2-SAA4,True
PIGY,False
ZFP91-CNTF,False
CENPUP1,False
OR4X7P,False
OR4A6P,False
LINC02704,False
GRM5-AS1,False
OR5AK1P,False
OR1D4,False
OR5B10P,False
TSKU-AS1,False
ZNF286A-TBC1D26,False
PTMAP15,False
RPL7AP79,False
LINC02740,False
ANKRD33BP5,False
CHMP1B,False
OR4A48P,False
SLC5A4P1,False
LINC02546,False
OVOL1-AS1,False
CENATAC-DT,False
MTND5P21,False
EEF1A1P49,False
HSPD1P3,True
TTC12-DT,False
OR9L1P,False
LINC02721,False
OR8K2P,False
EMSY-DT,False
TPBGL-AS1,False
GLTPP1,False
OR5BN2P,False
HNRNPA1P76,False
STX17-DT,True
EVA1CP4,False
EID3,False
GLYATL1B,False
MSH5-SAPCD1,False
TOLLIP-DT,False
HTD2,True
RNY1P9,False
DEFB130C,False
DENND2B-AS1,False
ANKRD33BP7,False
HSPE1P18,False
LINC02722,False
LINC01499,False
OR5AM1P,False
LINC02759,False
MUC5B-AS1,True
LINC02720,False
CCDC166,True
LINC02711,False
PDXDC2P,False
LINC02748,False
GLYATL1P1,False
TRIM51DP,False
NANOGP8,False
LINC02726,False
OR4A17P,False
SNHG9,False
GTF2IP11,False
PGAM1P8,False
OR7E2P,True
MED28P5,False
NPM1P35,False
OR4R1P,False
OR5J7P,False
OR5BC1P,False
DDX18P5,True
CARD17P,False
SETP17,False
OR5M11,False
OR8B6P,False
LINC02690,False
MRPS36P4,False
CCDC90B-AS1,True
CHKA-DT,False
RFPL4AP1,False
TREHP1,False
FXYD6-FXYD2,True
NECTIN1-AS1,False
MIR100HG,False
PRR23D1,False
HIGD1AP5,False
PPP1R1AP1,False
LINC02743,False
ZNF123P,False
OR7E4P,False
ELOBP2,False
TMA16P1,True
LINC02687,False
LINC02710,False
NAV2-IT1,False
SMIM35,False
RRM1-AS1,True
ABCC6P2,False
WTAPP1,False
GATD1-DT,False
SNRPGP16,False
HMGB1P40,False
WIZP1,False
OR4A50P,False
H3P34,False
OR4A41P,False
OR8G5,False
LINC02745,False
EID1,False
OR5BA1P,False
OR4A46P,False
ANKRD33BP9,False
OR52B2,False
CSRP3-AS1,True
DLG2-AS2,False
OR4C7P,False
OR8A3P,False
MTND6P25,False
ENPP7P8,False
LINC01495,False
LINC02697,False
H2AZP4,False
LINC02756,False
LINC02729,False
TMEM123-DT,True
OR8Q1P,False
LINC02706,False
NOX5,False
OR4A7P,False
MTCO1P15,True
PPP1R10P1,False
ASS1P13,False
PATL1-DT,False
NDUFAF2P2,False
CCDC179,False
LINC02761,False
LINC02757,False
SMILR,False
CYCSP25,False
OPCML-IT2,False
TAS2R43,False
DUXAP5,False
PRR23D2,False
CYCSP29,False
LINC02734,False
UBTFL10,False
OR5BR1P,False
RDXP1,False
LINC02741,False
DCHS1-AS1,False
OOSP4B,True
NASPP1,False
HCAR3,False
TBX5-AS1,False
LINC02989,True
HSPD1P13,False
LINC02730,False
PCDHA3,False
RSF1-IT1,False
LINC02548,False
OR10AF1P,False
MTCO2P15,False
LINC02718,False
CASC23,False
EBLN2,False
MRGPRX9P,False
OR8G3P,False
LINC02707,False
CASP1P1,False
OR5B19P,False
LINC02735,False
TTC36-AS1,False
SIGLEC10-AS1,False
CD44-AS1,True
CYCSP27,False
EEF1A1P47,False
SMIM14-DT,False
ZDHHC20P3,False
OR8I1P,False
SEPTIN14P8,False
OR5AL2P,False
B4GAT1-DT,False
BOLA3P1,False
PRSS23-AS1,False
GAU1,False
OR56A7P,False
LINC02764,False
OR5G4P,False
EIF4A2P5,False
H3P33,False
OR4A10P,False
LINC00681,True
CARD18,False
LINC02713,False
LINC02951,True
MTMR12P1,False
UVRAG-DT,False
OR8A2P,False
LINC02684,False
OR4B2P,False
DPP3-DT,False
CD44-DT,False
SNRPCP5,True
NPIPB8,False
NEDD8-MDP1,False
POLR2M,False
NDUFS5P6,False
OR4A43P,False
MRGPRX5P,False
OR10V2P,False
CKS1BP4,False
DEFB108D,False
B3GAT1-DT,False
RPA2P3,False
ENPP7P6,False
LY6G6E,False
LINC02733,True
OR7E1P,False
ZNF252P-AS1,False
OR4R2P,False
FDXACB1,False
UNC93B6,False
BRWD1-AS2,False
TRAV1-1,False
MIR9-3HG,False
OR10G2,False
RAB44,True
LINC02952,False
LINC02440,False
PCDHB17P,False
C10orf88B,False
PABPC1P4,False
FAM222A-AS1,False
LINC02963,False
RERG-AS1,False
ARL6IP1P1,True
LINC02700,False
JRKL-AS1,True
TRIL,False
LINC02389,False
APOOP3,False
OR4D2,True
LINC02460,False
SNHG1,True
TDGP1,False
LINC01489,False
IFNG-AS1,False
HNRNPABP1,False
AGAP2-AS1,False
GNAI2P1,False
LINC02422,False
MRPS18CP4,False
GOLGA2P10,True
LINC01479,True
LINC02747,False
VDAC2P2,False
RMST,False
OR6J1,False
PTP4A1P2,False
PDE2A-AS1,False
LINC02439,False
KRT8P11,False
KLRC4-KLRK1,True
TIFAB,True
TAS2R20,False
RXYLT1-AS1,False
Metazoa_SRP-10,False
KDM4F,False
PXN-AS1,False
DENND5B-AS1,False
PRECSIT,False
PABPN1P2,False
FUNDC2P1,False
NDFIP1P1,False
RPL12P46,False
PDCD5P1,False
CCND2-AS1,False
PIWIL4-AS1,True
RPS6KB2-AS1,False
GABARAPL1-AS1,False
HSPD1P12,False
GAPDH-DT,True
HADHAP2,False
LINC02421,False
CYP2A6,False
RAB11AP2,False
LINC02953,False
NXPE2P1,False
MT1JP,False
TOMM20P2,False
TUBB4BP1,False
RPL7AP74,False
PSMC1P9,False
LINC02824,False
ARAP1-AS1,False
CABP1-DT,True
TAS2R63P,False
ELOCP31,False
LINC02411,False
CACNA1C-AS4,False
CBX3P4,False
MRPL40P1,False
LINC02446,False
PAPPA-AS1,False
CTSO,False
COA8,False
TRAPPC2B,False
DNAAF4,False
A2MP1,False
URB1-AS1,False
LINC02442,False
FAM133GP,False
ZNF432,True
MTRF1LP1,False
SBNO1-AS1,False
ATP5MFP5,False
LINC02443,False
SOX5-AS1,False
LINC01152,False
FAM32EP,False
LINC00944,True
EGLN3P1,False
ZKSCAN7P1,False
ITFG2-AS1,False
ADGRD1-AS1,False
LINC02598,True
SMLR1,False
LINC02571,False
ATF4P4,False
GCSHP4,False
LINC02420,False
TAS2R30,False
OOEPP2,False
LINC00507,False
TSPAN9-IT1,False
TMEM167AP2,True
SKP1P2,False
ZNF10,False
ZNF486,False
LINC02387,False
ITPR2-AS1,True
SMIM3,False
SUPT16HP1,False
RPL7AP3,False
LINC02425,False
USP30-AS1,False
DDX11L8,False
LINC02454,False
HMBS,False
CACNA1C-AS2,True
TAS2R64P,False
ATP5MGP1,False
MTCH1P2,False
METTL8P1,False
OSBPL9P5,False
LINC02398,False
LINC02617,False
LINC02376,False
ATP6V1E1P3,False
ZNF225,False
NDUFA5P6,False
CADM1-AS1,False
NIFKP3,False
RPL41P2,False
ABCC6P1,True
OR8R1P,False
NTAN1P3,False
HSPA8P5,False
RPL31P57,False
LINC02375,False
LRRC34P1,False
MRPS35-DT,False
TRAV8-5,False
UBE2NP1,False
RPL41P5,False
ASIC5,False
OSBPL9P4,False
LINC02552,False
LINC02414,False
TAS2R31,False
DNAJB6P5,False
DND1,False
SALL3,False
YWHABP2,False
TRAV11,False
LINC02825,False
LINC02468,False
MRGPRF-AS1,False
FOLR1P1,False
POLG2,True
SMIM10L1,False
IQSEC3-AS1,True
LINC02985,True
LINC02369,True
TRAV1-2,False
LINC01486,False
NANOGNBP2,False
OR13A1,False
LINC02361,True
SLC6A12-AS1,False
NLRP9P1,True
LINC02390,False
ENPP7P5,False
TRDV3,False
LINC02393,False
CYP2B7P,True
AK6P1,False
ADGRA3P1,False
ZBTB11-AS1,False
PDE2A-AS2,True
LINC01965,False
LINC00273,False
LINC02441,False
RERG-IT1,False
LINC02368,False
CLEC12B,False
A2ML1-AS1,False
KLRA1P,False
RASSF3-DT,True
LIMS4,True
LINC02455,False
MIX23P5,False
ZNF350,False
LINC02737,True
STX5-DT,False
TMEM132D-AS2,False
ENTR1P1,False
CSGALNACT2P2,False
PGA5,True
LINC02698,False
BTG1P1,False
CACNA1C-IT3,False
LINC02954,False
RBBP4P5,False
KDM2B-DT,False
ARPC3P3,False
MADD-AS1,False
LINC02423,False
PLBD1-AS1,True
HPRT1P3,False
TIMM17BP1,False
STH,False
CACNA1C-AS3,False
ZNF253,True
PDCL3P7,False
SRSF8BP,False
KLRF2,False
C17orf100,True
CAPNS2,True
TPT1P12,False
ATP5MFP4,False
CACNA1C-IT1,False
BORCS8P1,False
CCND2P1,False
TCP1P3,False
KNOP1P1,False
PARP11-AS1,False
SLC5A8,False
PDE3A-AS1,False
LINC02366,False
PSMC1P8,False
ARPC3P4,False
IQSEC3P1,False
A2ML1-AS2,False
LINC02419,False
GCNAP1,False
ADGRA1-AS1,True
KRT17P8,False
PPP1R14B-AS1,False
TMEM109-DT,False
SNRPEP2,False
LINC00508,False
LIMS3,False
KHDC1L,False
LINC02378,False
LINC02955,True
GPR142,True
SLC25A39P2,False
HP,True
HSPE1P20,False
ETNK1-DT,False
RARS1P1,False
ARHGEF17-AS1,False
SRSF3P1,True
SLCO1B3-SLCO1B7,True
LINC02417,False
PRPF19-DT,False
LINC02282,True
C11orf97,False
LINC02703,True
KCNK4-TEX40,False
RPL29P33,False
RPEP6,False
MIR200CHG,True
DENND11,False
CLIP1-AS1,False
LRRC37A13P,False
LSM14A,False
NHLRC4,False
OR4F28P,False
LINC02450,False
OR11H12,False
EEF1B2P4,False
RRN3P3,False
KRT127P,False
FOXG1-AS1,False
CLLU1,False
ODC1-DT,True
LINC02874,False
TAS2R38,False
LINC02821,False
PGAM1P5,False
NUBPL-DT,True
MED15P6,False
LINC02451,False
TMPO-AS1,False
AK6P2,False
HMGN2P6,False
LINC02293,True
LINC02385,False
HNRNPA1P50,False
FAM205BP,False
NACAP8,True
GATC,False
LNCOG,False
PRXL2AP1,False
LINC02448,False
DYNLL1P4,False
LINC01619,True
PARK7P1,False
PHB1P19,False
LINC02388,False
SLC38A4-AS1,True
ZNF271P,False
KIRREL3-AS1,False
PRMT5-DT,False
H3P35,False
HAUS8P1,False
FAHD2P1,False
CNPY2-AS1,False
ZBED6,True
ASS1P14,False
DBX2-AS1,False
RACGAP1P1,False
HNRNPA1P69,False
MGAM,True
PRELID2P1,False
TNS2-AS1,False
LINC02413,False
MIRLET7IHG,True
BNIP3P6,False
VENTXP3,False
FNTB,False
MIR3179-2,False
LNCHR1,False
KRT126P,False
ABCA3P1,False
OR6C73P,False
RPAP3-DT,True
LRIG3-DT,False
SETP7,False
ZNF878,False
PHLDA1-AS1,False
ELOCP32,False
PPFIA2-AS1,True
LINC02459,False
LINC01154,False
MRPL2P1,False
LINC02354,False
KRT73-AS1,False
GLIPR1-AS1,False
PAFAH1B2P2,False
CYB5AP5,False
LINC02297,False
LINC02373,False
LINC02402,False
NPIPB1P,False
SFTA3-1,False
LINC02326,False
ST6GALNAC6-1,False
KRT8P19,False
RPL36A-HNRNPH2,False
BICD1-AS1,True
HSPA8P14,True
LINC02403,False
OR7E47P,False
HLX-AS1,False
LINC02298,False
PPP1R12A-AS1,False
GSTP1P1,False
SSBL3P,False
HSPD1P4,False
LINC01475,True
LINC00609,True
AQP5-AS1,False
ZNF625,False
GALNT4,False
LINC02356,True
SCAT2,False
OVCH1-AS1,False
MYG1-AS1,False
MIR4307HG,True
PSMA3-AS1,False
G2E3-AS1,False
C12orf75-AS1,True
CYCSP30,False
METTL7AP1,False
ADCY6-DT,False
EIF4A1P12,False
RSL24D1P5,False
CBX3P5,False
KRT7-AS,False
BTBD10P1,False
LINC02464,False
LINC02463,True
UHRF1BP1L-DT,False
GIHCG,False
LBX2-AS1,False
INAFM1,False
CPNE8-AS1,False
ILF2P2,False
CHCHD3P2,False
LINC02399,False
CNPY2,False
LSM6P2,False
LINC01490,False
MGAM2,True
LINC02426,True
LINC02281,False
LINC02445,False
LINC02386,False
OR6C7P,False
KRT18P20,False
LINC02401,False
OR5BK1P,False
LINC02395,False
ST13P3,False
GLYCAM1,False
LINC02400,False
AKIRIN1P1,False
EIF4A1P4,True
OR5BJ1P,False
FNBP1P1,False
MRS2P2,False
PIGAP1,False
MYL6B-AS1,False
PRANCR,False
TBX3-AS1,False
C1GALT1P1,False
MRPS6P4,False
OTOAP1,False
PHLDA1-DT,False
NOVA1-DT,False
KRT90P,False
LINC02294,False
LSM3P2,False
HNRNPA3P10,False
MED15P1,False
MTND1P24,False
CASC18,False
C12orf42-AS1,False
PHB1P18,False
LINC02404,False
LINC02156,False
EEF1A1P17,False
LINC02258,False
DDN-AS1,False
GLULP5,False
LINC02409,False
CUX1,False
LINC02416,False
MRPS36P5,False
LHX5-AS1,False
TEN1,False
P2RX5-TAX1BP3,False
NOP56P3,False
QRSL1P3,False
OLA1P3,False
SNRPGP18,False
LINC02306,False
TEX49,True
R3HDM2-DT,False
HMGA1P3,False
RPL3P13,False
HIGD1AP1,False
LINC02457,True
OR5BT1P,False
NF1P4,False
SNX5P2,False
KRT125P,False
LINC02327,False
Metazoa_SRP-11,False
PPP1R12A-AS2,True
CD63-AS1,False
BCDIN3D-AS1,False
ARL2BPP2,False
VTI1BP3,False
ARHGAP42P4,False
OR9A4,False
GPR84-AS1,False
SLC38A2-AS1,True
LINC02286,False
ATXN2-AS,False
LINC02823,False
MAP1LC3B2,False
HIGD1AP9,False
CCNG2P1,False
PPIAP45,False
PPIAP44,False
KRT128P,True
LINC02444,False
MKRN9P,True
LINC02396,False
PRDM4-AS1,False
GPR84-AS1-1,False
LINC02406,False
HSPE1P4,False
IMMP1LP2,False
LINC00485,False
LINC02412,False
LINC02300,False
LINC02392,True
SLC7A5P2,True
NKX2-2-AS1,False
ZNF75BP,False
LINC02424,False
PRSS58,False
CLEC5A,True
ARHGAP42P5,False
MTND2P17,False
LINC01404,True
OSTF1P1,False
RPL10P13,False
YPEL5P3,False
CRADD-AS1,False
OR7K1P,False
CLUHP8,False
LINC00592,False
BTF3P2,False
POLR2KP1,False
TESC-AS1,True
NENFP2,False
CHURC1,False
BRWD1P2,False
LINC02410,False
NUTF2P2,False
VASH1-AS1,False
C17orf49,False
KLF17P1,False
ITFG2-AS1-1,False
LINC02461,False
LINC02394,True
TROAP-AS1,False
DUX4L52,False
SNRPF-DT,False
SYF2P1,False
IFITM3P6,False
NSA2P2,False
PCNPP1,False
NF1P12,False
RTEL1,False
ZNF970P,False
ADI1P3,False
SLC25A3P2,False
PAPLN-AS1,True
RCCD1-AS1,False
PPT2-EGFL8,False
LINC02318,True
RPA2P1,False
BCAR1P1,False
MIR493HG,True
ATP5MC2P2,False
LINC02320,True
ZNF578,False
TUBBP3,False
NT5CP2,False
FBXO34-AS1,False
LONRF2P4,False
LONRF2P3,False
FXNP1,False
OR7E105P,False
RBM8B,False
PDF,False
RNASE12,False
OR11K2P,False
LINC00641,True
MAD2L1P1,False
EGILA,False
HMGN2P2,False
OR11H2,False
PTCD2P1,False
AJUBA-DT,False
OXA1L-DT,False
PHKBP2,False
OR11G1P,False
CHMP4BP1,False
LINC02313,False
LINC02207,False
PPIAP6,True
LINC00640,False
TRAV15,False
LINC02251,True
SPESP1,False
SRMP2,False
LINC02277,False
ZFP64P1,False
OR11J5P,False
DIO3OS,True
LINC02287,False
EIF3LP1,False
LINC02290,False
LINC02295,False
LINC00239,False
NT5CP1,False
ASB9P1,False
BANF1P1,False
LINC02305,False
FKBP1BP1,False
FRMD6-AS2,False
OR4K4P,False
GLRXP2,False
RHOXF1-AS1,False
CENPUP2,False
LINC00645,False
OR7E106P,False
CRAT37,False
FAM204DP,False
PCNX4-DT,True
SPECC1L-ADORA2A,False
LINC02322,False
PSMA3P1,False
OR4N1P,False
BLZF2P,True
DUX4L16,False
RHOQP1,False
VASH1-DT,False
H3P40,False
PTTG4P,False
RNASE11-AS1,False
SNRPGP1,False
LINC01500,False
FAM181A-AS1,True
ZNF519P3,False
LINC02274,False
TRIM6-TRIM34,False
NBEAP1,False
PPIAP4,False
CYB5AP3,False
SERPINA2,True
LINC01629,False
DYNLL1P2,False
DNAJC19P9,False
LINC-ROR,False
YBX2P2,False
RPL21P7,False
LINC02303,False
RPL21P9,False
SERPINE4P,False
OR11H5P,False
COX7A2P1,False
RHPN2P1,False
NCOA4P1,False
LINC02292,False
RRAGAP1-AS1,False
LRFN5-DT,False
RPL21P5,False
OR4T1P,False
BCL2L2-PABPN1,False
SYNJ2BP-COX16,False
HSPE1P2,False
LINC00930,False
UBE2CP1,False
HSBP1P1,False
SEC23A-AS1,False
ARHGAP5-AS1,False
TOMM20L-DT,False
TRIM34,True
HIF1A-AS3,False
COX6CP11,False
LINC01397,True
LINC02308,False
LINC02317,False
BMS1P16,False
AKR1B1P5,False
LINC01269,True
SALL4P7,False
LINC02319,False
LINC00871,True
LINC00638,False
SRP54-AS1,False
SLC20A1P3,False
SLC25A21-AS1,False
LINC01193,False
CXADRP2,False
C20orf141,False
LINC02311,True
OR11H3P,False
CKAP2P1,True
PINX1-1,False
PRC1-AS1,False
DUXAP6,False
AP1G2-AS1,False
ITPK1-AS1,False
DDHD1-DT,False
LINC02328,True
PPP1R13B-DT,False
SUB1P2,False
BAZ1A-AS1,False
ENO1P2,False
H2AZ2P1,False
LINC02833,True
LINC02301,False
KIF26A-DT,False
LINC01579,False
MTND4P33,False
DIO2-AS1,False
RAP1AP,False
LINC02330,True
BCAR1P2,False
NANOGP7,False
HIF1A-AS1,False
EIF2S2P1,False
LINC01568,False
BMS1P15,True
CDRT15P13,True
KRT18P6,False
LINC01580,True
SEPHS1P2,False
CKS1BP1,False
LINC00520,False
DUX4L27,False
MPHOSPH10P4,False
CCDC88C-DT,False
ZNF519P2,False
LINC01148,False
ADIPOR1P2,False
OR11H7,False
TRAV33,False
RBM25-AS1,False
LINC02329,False
LINC02820,False
OR4C13,False
RNASE4,True
LINC02289,False
OR4K16P,False
LINC01147,False
KRT8P2,False
DUX4L4,False
TRAV28,False
MC1R,False
EEF1A1P2,False
EEF1A1P33,False
GRAMD4P6,False
OR7E159P,False
OR11J2P,False
LINC02296,True
SETP1,False
HISLA,False
LINC02312,False
EIF4EBP1P1,False
FDPSP3,False
DUXA,False
TGFB3-AS1,False
ATP5F1AP4,False
NBEAP4,False
LINC02321,False
HIGD1AP17,True
CEP95,False
SETP2,False
ARHGAP16P,False
SCOCP1,False
EGLN3-AS1,False
OR4U1P,False
HNRNPCP1,False
TRAV32,False
PSMB3P1,False
LINC01956,False
LINC02316,False
LINC02691,False
BHLHB9P1,False
SPATA31E2P,False
ZMYND19P1,False
FOXN3-AS1,False
MTND5P35,False
NPM1P5,True
MIR3171HG,False
LINC02279,False
YWHAQP1,True
MIA2-AS1,False
TUBB3,False
KRT8P1,False
KRT18P7,False
SALRNA1,False
LINC00519,False
COX4I1P1,False
GALNT16-AS1,False
FTH1P13,False
EDDM3DP,False
GTF3AP2,False
HMGN1P3,False
LINC02307,False
NDUFB8P1,False
LINC01467,False
HIF1AP1,False
LINC02299,True
EIF1AXP2,False
COX5AP2,False
UBE2F-SCLY,True
TMEM179,False
SF3B4P1,False
MPPE1P1,True
DUX4L19,False
TSPY1,False
LINC02309,False
PARP1P2,False
PPIAP5,False
NF1P2,False
LINC02302,False
DOCK11P1,False
LINC02285,False
TPRX2,False
NUP50P1,False
ATP10A-DT,False
MTCYBP27,False
EIF4BP1,False
TPRX1P1,False
DNAJC8P1,False
LINC00524,False
TVP23C-CDRT4,True
DUX4L18,False
FPGT-TNNI3K,False
ENSAP2,False
BLOC1S5-TXNDC5,True
BRD7P1,True
MTCO1P2,True
RRAGAP1,False
CHORDC2P,False
HNRNPUP1,False
LINC02332,False
DUXAP1,False
THRAP3P2,False
PEBP1P1,False
ACTN1-DT,False
MIDEAS-AS1,False
TRAV37,False
LINC00639,True
FOXN3-AS2,False
PSMB7P1,False
POC1B-GALNT4,False
PTBP1P,False
LINC02314,False
PNN-AS1,False
KIAA1143P1,False
GRAMD4P5,False
SEPTIN7P1,False
LINC00517,True
TRAV30,False
GTF2IP22,False
SHLD2P2,True
COILP1,False
SMARCE1P3,False
PTCSC3,False
RPS3AP4,False
LINC00911,False
LINC01595,True
LINC02304,False
NDUFC2-KCTD14,False
HSPA2-AS1,True
SMIM6,False
TVP23BP1,False
LRP1-AS,True
LINC00648,False
LINC00924,False
LINC00644,False
RANBP20P,False
SIPA1L1-AS1,False
YWHAZP1,False
LINC00929,False
CAP2P1,False
MAP3K9-DT,False
DUX4L17,False
STK16P1,False
CHEK2P2,False
ADAM20P1,False
NPM1P20,False
TTC7B-AS1,False
DDX18P1,False
NMNAT1P1,False
GNRHR2P1,False
SNRPA1-DT,False
UBE2CP4,False
MED28P6,False
MRPS15P1,False
HMBOX1-IT1,False
PRKXP1,False
ITGB3,False
LINC02896,False
LINC00928,True
SLC35G6,False
LINC02345,False
HNRNPA1P62,False
LINC02323,False
ANKRD34C-AS1,False
CTXN2-AS1,False
GOLGA8VP,False
LINC02490,False
MIR4713HG,True
LINC02853,False
HMGN2P47,False
TTTY25P,False
USP3-AS1,False
VPS13C-DT,False
LINC01895,False
NPM1P42,False
IGHV4OR15-8,False
NDUFA3P4,False
LINC02622,False
ANKRD62P1,False
LINGO1-AS2,False
SPATA8-AS1,False
LINC02349,False
ALDH1A2-AS1,False
BUB1B-PAK6,False
LINC02206,False
ZNF710-AS1,False
LIPC-AS1,False
CSPG4P12,False
TUBBP8,False
IGHV2OR16-5,False
ZHX1-C8orf76,False
PLCB2-AS1,False
FABP5P8,False
ACTG1P17,False
HMGN1P1,False
JDP2-AS1,False
OR11K1BP,False
INAFM2,False
ST20-MTHFS,False
LINC00596,False
HNRNPMP1,False
IGHV1OR15-2,False
H3P39,False
TGIF1P1,False
TMC3-AS1,False
APPBP2-DT,False
DEPDC1P1,False
LINC00927,False
AKAP13-AS1,False
NDUFB4P11,True
DCAF13P3,False
MTND5P32,False
LINC02895,False
GH1,False
H3P38,False
TGIF2-RAB5IF,True
EFL1P1,False
ISCA1P4,False
BMF-AS1,True
HNRNPA1P45,False
LINC02883,False
CTXND1,False
HNRNPCP3,True
IRAIN,False
KIF23-AS1,True
DPPA5P2,True
HMGB3P26,False
UBE2Q2P2,False
CERS3-AS1,False
THTPA,False
OR4N3P,False
MAPK6-DT,False
LINC01833,False
NPM1P43,False
MRPL15P1,False
RYR3-DT,False
LINC02352,False
NIFKP8,True
WBP1LP5,False
ADNP-AS1,False
MGC15885,True
LINC02568,False
ANP32BP3,False
CPEB1-AS1,False
SNRPCP18,False
AHCYP7,True
NPM1P47,True
NDUFAF4P1,False
KRT8P9,False
LINC01169,False
LINC02205,True
SYNM-AS1,False
SORD2P,True
RORA-AS2,False
LINC02253,False
DUT-AS1,False
KRT18P47,False
IGHV3OR15-7,False
TFDP1P3,False
MRPL46,False
ARNT2-DT,False
GEMIN8P1,False
TPM1-AS,False
KRT8P24,False
UBE2Q2P16,False
HNRNPA1P5,False
CYCSP38,False
ANP32AP1,False
LINC02169,True
LINC01583,False
SLC28A2-AS1,False
INO80-AS1,True
GCSHP2,False
LINC00052,False
RPL21P12,True
UBE2Q2P11,False
CYCSP2,True
HNRNPA1P74,False
HMGN1P26,False
MESTP2,False
KRT8P23,False
BLID,False
LINC01491,False
NMNAT1P5,False
CERNA1,False
TYRO3P,False
ALDH1A3-AS1,False
RBM17P4,False
LINC02244,False
PRELID1P4,False
MTND5P40,False
CTDSPL2-DT,True
LINC01582,False
EEF1A1P22,False
TUBAP12,False
MTND3P12,False
FABP5P9,False
UBE2Q2P8,False
DNM1P38,False
ST20-AS1,False
MTCO3P23,False
PIGHP1,False
UBE2Q2P13,False
DNM1P47,True
ISL1-DT,False
LINC02254,False
LINGO1-AS1,True
MTCYBP23,False
IQCH-AS1,False
RPL7AP75,False
IGHV3OR16-17,False
IDH2-DT,True
HNRNPA1P71,False
LINC01220,False
FKBP1AP2,False
FAM30C,False
HMGB1P8,False
FBN1-DT,False
HSP90B2P,False
DNAJA4-DT,False
NUTF2P6,False
LINC00677,False
LINC02284,False
GREM1-AS1,False
LINC01581,False
CSPG4P11,False
LINC00933,True
CRTC3-AS1,False
ZNF444P1,False
HSPE1P3,False
NCAPGP2,False
NSA2P4,False
TUBAP11,False
LINC02157,True
PCSK6-AS1,False
ZFHX3-AS1,False
LINC03034,False
EIF5-DT,True
LINC01922,False
HMGB1P6,False
LINC02259,True
LINC02109,False
UAP1-DT,False
ANP32BP1,False
SLC22A31,False
CTCF-DT,False
LINC02769,False
CZIB-DT,False
MIR30DHG,False
LYPD8,False
CDK13-DT,False
LINC00567,False
CYP4A26P,False
AGGF1P6,False
LINC01904,False
ELOCP2,False
LINC01566,False
IGHV3OR16-16,False
HEATR3-AS1,False
GNPATP,False
HERC2P10,True
LINC02126,False
VENTXP1,False
IGHV1OR16-2,False
LINC02956,False
RAB43P1,True
SH3RF3-AS1,False
DYNLRB2-AS1,True
ZNF778-DT,False
EHD4-AS1,False
NR4A1AS,True
FIGNL2-DT,False
DNM1P50,False
TEDC2-AS1,False
FRG2JP,False
ACTG1P15,True
PWRN1,False
AQP7B,False
HNRNPLP2,False
NDUFA5P11,False
PKD1-AS1,False
ZMPSTE24-DT,False
CDRT7,False
LINC02124,False
LINC02977,False
IL21R-AS1,False
RBM15B,False
THSD4-AS1,False
FAM153DP,False
LINC00261,False
MRPS21P8,False
VN1R68P,False
CDC37P1,False
DUX4L46,False
RARRES2P8,False
IGHV1OR16-4,False
TGFBR3L,False
LINC02130,False
KRBOX5P1,False
LSM3P5,False
MBTPS1-DT,False
LINC01992,False
MRPS21P7,False
CRIM1-DT,False
LINC02189,False
HOXB7,False
RPL10P14,False
NORAD,True
LCMT1-AS2,False
BCAP31P2,False
IGHV1OR16-3,False
ABCB10P4,False
LINC01571,False
GOLGA2P11,False
MTND4LP25,False
NSFP1,False
MPHOSPH10P1,False
MRFAP1P1,False
MIR762HG,False
PCMTD1P2,False
DDX59-AS1,False
ADAM3B,False
MSRA-DT,False
LINC00564,False
DNM1P33,False
SPDYE6,False
AFTPH-DT,True
LINC01070,False
AOC4P,False
CDH8-AS1,False
CARMAL,True
AGBL1-AS1,False
ULK4P2,False
LINC00556,False
CA5AP1,False
C1QL1P1,False
MMP2-AS1,False
CSPG4P13,False
MTND5P34,False
CPNE2-DT,False
LINC02673,False
RARRES2P10,False
MTCYBP28,False
LINC01413,False
SYNGR2P1,False
LINC02137,False
PPIAP48,False
LINC02240,False
LINC02846,False
DUX4L47,False
CENPN-AS1,False
CD2BP2-DT,False
CCDC187,False
UBL5P4,False
CDH13-AS2,False
PPIAP51,False
FRRS1L,True
KDM7A-DT,True
PWRN4,False
ZNRD2-DT,False
PTPN23-DT,False
PMF1-BGLAP,False
LINC02533,True
APOOP5,False
SUB1P4,False
LINC02166,True
SNHG19,False
LINC02194,False
LINC02562,False
PPIAP46,False
LINC00919,False
BMP2K-DT,False
SLX1B-SULT1A4,False
ITFG1-AS1,False
EIF4EBP2P2,False
TPSP2,True
TRMT61A-DT,False
ARMH2,True
TBC1D3G,False
FRG2GP,False
ACTG1P16,False
LINC01882,False
NTRK3-AS1,False
PABPC1P13,False
MRC1,True
LINC02986,True
COX6CP1,False
HSPB9,False
PHB1P21,False
ACTR3BP3,False
TMEM263-DT,False
LINC01570,False
HEXA-AS1,False
LINC02176,False
C2orf69P2,False
LINC01043,False
MOCS1P1,False
SMG1-DT,False
DNM1P34,False
AQP4-AS1,False
LDC1P,False
LINC00562,False
WBP11P1,False
STUB1-DT,False
MPHOSPH10P6,False
LINC02182,False
LINC02367,True
AGGF1P9,False
SCX,False
LINC01917,False
LMF1-AS1,False
LINC01544,False
ATP2A1-AS1,False
LCMT1-AS1,False
LINC02134,False
GEMIN8P2,False
TPRKBP2,False
LINC02957,False
NBAT1,False
C16orf95,True
KCNJ18,True
FTLP14,False
LINC01290,False
INSYN1-AS1,False
PPIAP49,False
SLC25A28-DT,False
LINC01584,False
C2orf69P4,False
MYL12BP1,False
CISTR,False
E2F5-DT,False
CHEK2P7,False
BMS1P8,False
ATP8A1-DT,True
CYP3A52P,False
AP1AR-DT,False
FAM157C,True
ABHD17AP8,False
MT1L,False
PWRN2,True
COSMOC,False
ERVK13-1,False
BNIP3P5,False
PPM1L-DT,False
EIF5A2P1,False
CDH3-AS1,False
TPST2P1,False
STAM-DT,False
OR4C49P,False
DUX4,False
FRG2IP,False
HMGN2P40,False
RPL23AP97,False
RUSF1-DT,False
BGLT3,False
SNAI3-AS1,False
RBM22P12,False
TSPAN5-DT,False
HERC2P5,False
MIR3147HG,False
TCERG1P2,False
LINC01541,True
AGGF1P5,False
RN7SKP176,False
HNRNPA3P11,False
CYCSP39,False
ANKRD20A1,False
LINC00543,False
TBC1D22A-DT,False
LINC01243,True
VN1R67P,False
VN1R69P,False
KLF8P1,False
SLC7A5P1,False
KRT8P22,False
TLE7,False
LINC01227,False
LINC00554,False
ITPRID2-DT,False
KIF18BP1,False
ACSM5P1,False
CES1P2,False
GOLGA6FP,False
MIR3677HG,False
ARHGAP23P1,False
CASC17,False
CDR2-DT,False
LINC02280,False
KRT8P50,False
SERTM2,False
LINC01963,True
PAPOLA-DT,False
CEROX1,False
VPS35P1,False
OR4C45,False
RARRES2P7,False
PPIAP47,True
UNGP1,False
HMGB3P32,False
LINC01964,False
FRG2HP,False
FBXL19-AS1,False
NFATC2IP-AS1,False
LINC02184,False
CYP2C60P,False
ABHD17AP7,False
LINC01960,False
NDUFB10P1,False
LINC01229,False
HCCAT5,False
VN1R65P,False
TAT-AS1,False
CASC22,False
CKBP1,False
ARLNC1,False
DNM1P30,False
ADPGK-AS1,False
LINC02011,False
XKR7,False
LINC02890,False
SWINGN,False
LINC01254,False
CCPG1,False
LINC02193,False
LINC01311,False
SPCS2P1,False
LINC01416,False
LINC00622,False
CAPN10-DT,False
LINC02555,False
FOXC2-AS1,True
LINC00557,True
RPL23AP91,False
RARRES2P5,False
WWOX-AS1,False
LINC01633,False
USP7-AS1,True
FGFR3P5,False
DOCK9-DT,False
AGGF1P7,False
VPS39-DT,True
NPM1P3,False
LINC01572,False
RARRES2P6,False
AGAP11,False
LINC02165,False
GS1-279B7.1,False
MPHOSPH6-DT,False
SPECC1-DT,False
LINC02544,False
WFDC21P,False
LINC02129,False
C2orf69P1,False
SULT1A3,False
NAMPTP3,False
SYNM-AS2,False
LINC00555,False
LINC02256,False
LINC01195,False
RUNX2-AS1,False
LINC01228,False
LINC02516,True
PPP1R1AP2,False
ZNNT1,True
CDC37P2,False
LINC02178,False
LINC00563,False
ATP5MFP6,False
LMO7-AS1,False
TMEM178B,False
LINC02473,False
LINC02167,True
RBFADN,False
ADAMTS7P3,False
EPPK1,True
LINC02131,False
LINC01989,False
DNAJA2-DT,False
HMGB1P33,False
LINC02188,False
SPINT1-AS1,False
LINC01238-1,False
TFIP11-DT,False
DSP-AS1,True
LINC02911,False
RNF126P1,False
LINC01898,False
CYP4A43P,False
UBE2FP2,False
TNRC6B-DT,False
NIFKP4,True
LINC00561,False
SULT1C2P2,False
CLEC19A,False
BCAP31P1,False
ST3GAL1-DT,True
ZNF865,False
LINC02133,True
ABCD1P3,False
HSD17B2-AS1,False
BOP1,False
ANKRD26P1,False
LINC02128,True
GOLGA8T,True
LINC01751,False
EFCAB6-DT,False
QKILA,False
MUC22,True
TP53TG3GP,False
ULK4P1,False
SOD1P2,False
RBM22P13,False
ATP2C2-AS1,False
CYP4A44P,False
C2orf69P3,False
NUP93-DT,False
GOLGA6GP,False
LINC02252,False
FIGNL2,False
LARP4P,False
LINC01834,False
DIS3L-AS1,False
LINC02152,False
LINC02192,False
LINC01355,True
PPIAP50,False
CD24P2,False
EIF4BP5,False
LINC01616,False
LINC02136,False
PYCARD-AS1,True
OTULIN-DT,False
MANEA-DT,False
PECAM1,False
VPS9D1-AS1,False
GOLGA6L23P,False
PDCD6IPP2,False
MAFTRR,False
HSPE1P5,False
LINC01177,False
MAPK8IP3-AS1,False
HERC2P1,False
PSMD7-DT,True
CHEK2P6,False
TEN1-CDK3,False
CDH13-AS1,True
CORO1A-AS1,False
HERC2P6,False
MPC1-DT,True
TMEM202-AS1,True
ATP5PBP7,False
DPPA2P4,True
DHX35-DT,False
LINC01613,False
LINC02894,False
GNAO1-AS1,False
DUX4L45,False
POLG-DT,False
LINC00559,False
LINC01735,False
LINC01003,False
TUBB8,False
UBE2MP1,False
COQ7-DT,False
LINC02190,False
GOLGA8M-1,False
CARHSP1-DT,False
PAN3-AS1,False
RARRES2P9,False
TBILA,True
DNM1P31,False
MPHOSPH10P7,False
LINC00566,True
BBS7-DT,False
LINC01686,False
TP53TG3B,False
CYP3A137P,False
LINC01976,True
VN1R70P,False
LINC00558,False
DLGAP1-AS5,True
ABCB10P3,False
CCNYL7,False
ABHD17AP9,False
HLA-P,False
SMG1P7,True
EEF1A1P38,False
LINC01859,False
FSCN1P1,False
AGK-DT,False
ENPP7P13,False
HERC2P11,False
TMEM249,False
CYP4A27P,False
TPBGL,False
PPM1J-DT,False
HERC2P8,False
PRSS46P,False
SLC25A1P4,False
GAN,False
SUB1P3,False
YBX3P1,False
LINC01858,False
LINC02177,False
LINC02605,True
HMGN2P41,False
LINC02179,False
NDUFB10P2,False
PAQR5-DT,False
LINC02191,False
LINC02127,False
CYLD-AS1,True
DISC1FP1,True
IMPDH1P11,False
GOLGA6L7,True
PIERCE2,False
BEAN1-AS1,False
ECI1-AS1,False
TTC39A-AS1,True
TUBAP4,False
LINC00560,False
LY6L,False
SCRT1,True
ATP5PDP1,False
LINC00838,False
AGGF1P4,False
HPR,True
LINC02168,False
IGHV1OR16-1,False
LINC00165,True
DNM1P32,False
FRG2DP,False
SSTR5-AS1,False
LINC01477,True
H2BC20P,False
FOXF2-DT,False
MIR3976HG,False
GOLGA8S,False
BOLA2-SMG1P6,False
FRG2KP,False
LINC00922,False
ZFPM1-AS1,False
LINC02180,False
AGGF1P8,False
STAG1-DT,False
LINC02616,False
KRT18P18,False
DNAAF4-CCPG1,False
DDX19A-DT,False
LINC02582,True
LINC01654,False
TCF24,False
DNM1P28,False
GOLGA8H,False
ISY1-RAB43,False
LOXL1-AS1,False
LINC02140,False
LINC02141,False
CYP3A54P,False
LINC02164,False
TUBB8P7,False
DNM1P49,False
LINC00662,True
IGHV3OR16-15,False
LINC02186,False
MIA,True
LINC01996,False
MFSD1P1,False
SMIM36,False
ZNF594-DT,False
GOSR2-DT,False
MTND5P33,False
RPL23AP84,False
PCDHGA9,False
LARP7P2,False
GFY,True
ISCA1P3,False
MMP25-AS1,False
KYNUP1,False
DLGAP1-AS2,False
LINC01974,False
RPH3AL-AS1,False
SNORD3B-2,False
DKFZP434A062,False
IL9RP4,False
OR1P1,False
MTATP6P25,False
PCDHB19P,False
LINC02185,True
DHX33-DT,False
OR1D3P,False
MTND6P33,False
BCAR4,True
MTCO1P28,False
GARS1P1,False
NQO1-DT,False
GREP1,True
EIF1P4,False
LINC02175,False
MTCO3P24,False
C17orf114,False
MYMX,False
LINC02861,False
LINC01978,False
PCDHGB3,False
LINC03048,False
TMF1P1,False
CORO7,False
MTND4LP24,False
GRAPLDR,False
RPH3AL-AS2,False
MTND4P34,False
HNRNPA1P16,False
LINC02564,False
NDUFA3P6,False
MTATP6P24,False
MCUR1P1,False
MMP12,False
MIR193BHG,False
SPDYE9,False
LINC01569,False
TVP23CP2,False
SAMD11P1,True
TMEM256-PLSCR3,False
CCER2,True
FAM187B2P,True
MAPK8IP1P1,False
TXNP4,False
SMIM28,False
PCDHGA4,False
TMEM231P1,False
LINC01979,False
BTF3P14,False
LINC00621,False
OR1D5,False
PHB1P15,False
SPON1,True
OVCA2,False
CAMTA2-AS1,False
GLIS2-AS1,False
ZFP3-DT,False
ARHGAP11A-DT,False
MRPS21P9,False
LINC01977,False
MRPL12,False
CYCSP40,False
C19orf84,False
MTCO1P40,False
CTNS-AS1,False
TMPOP2,False
CCNQ,False
ALOX12P2,False
EIF4A1P9,False
RPL23AP86,False
KARS1P3,False
OR52L2P,False
GTF2I,False
ZNF234,False
AKAP1-DT,False
ROCK1P1,True
DPH1-AS1,True
RNF213-AS1,False
ZNF213-AS1,False
ARL2BPP8,False
LRRC37A17P,False
LINC01896,False
MYZAP,False
MTND1P8,False
HNRNPCP4,False
MTND3P13,False
DPEP2NB,True
KYNUP3,False
RYKP1,False
ATP5F1AP3,False
MTCYBP33,False
RPS7P1,False
EFCAB13-DT,False
RSL1D1-DT,True
LINC01975,False
LINC01982,False
TAPT1-AS1,True
SGSM2-AS1,False
PPIAL4A,False
MIR5011,False
AKR1B10P2,False
RN7SL134P,False
MIR378H,False
MIR5702,False
ABHD17AP5,False
MSANTD3P1,False
MIR548AO,False
MIR5584,False
MIR3973,False
MIR3119-2,False
MIR3170,False
TMEM220-AS1,False
MIR4673,False
PA2G4P3,False
MIR4660,False
MIR4747,False
RN7SL460P,False
NFE2L1-DT,False
MIR4538,False
MIR3187,False
GTSCR1,False
RN7SL471P,False
TMEM238L,False
RN7SL689P,False
MIR3158-1,False
LINC01919,False
MIR4753,False
MIR4450,False
MIR5189,False
MIR4455,False
BOD1P1,False
SRSF8,False
MIR3130-2,False
MIR3156-1,False
RN7SL509P,False
ANTXRLP1,False
MTATP6P3,False
RN7SL155P,False
MAPK8IP1P2,False
SLC25A3P3,False
MIR4497,False
MIR5699,False
MIR4311,False
FAM72C,False
MIR3668,False
MIR548AN,False
LINC02563,False
MIR378G,False
MIR4526,False
IKBKE,False
RN7SL122P,False
MIR4463,False
AK4P1,False
RN7SL387P,True
MIR5582,False
RN7SL383P,False
RN7SL716P,False
MIR4704,False
UBBP4,False
MIR7853,False
MIR4270,False
MIR4665,False
MIR548X2,False
MIR4522,False
MIR4480,False
HID1-AS1,False
LINC02591,True
MIR4804,False
RN7SL823P,False
MIR3936,False
MIR3915,False
MIR3185,False
CHORDC1P4,False
RN7SL353P,False
LINC02002,True
MIR4306,False
RN7SL178P,False
PPP4R1-AS1,False
MIR3155A,False
MIR5586,False
MIR378D1,False
MIR3919,False
MSMB,False
MIR4777,False
MIR4802,False
MIR4515,False
BPTFP1,False
MIR3135B,False
MIR548AX,False
SNORA70D,False
RN7SL470P,False
MIR4457,False
RN7SL750P,False
MIR5581,False
MIR4632,False
MIR3197,False
MIR548D2,False
MIR3161,False
MIR3621,False
MIR5689,False
LINC02864,False
MIR4639,False
LINC02210-CRHR1,False
SLC25A51P2,False
SEPTIN9-DT,False
SNORD39,False
DLGAP1-AS3,False
FTLP13,False
MIR3937,False
MIR4643,False
MIR4662B,False
RN7SL4P,True
MIR548AS,False
MIR3165,False
MIR3664,False
MIR4277,False
EXOGP1,False
OOSP1P2,False
MIR548AV,False
MIR3133,False
LINC00667,False
RN7SL498P,False
GDF2,False
MIR4286,False
MIR3686,False
SNORD43,False
KPNB1-DT,False
SNORA4,False
MIR5590,False
MIR3182,False
SKAP1-AS1,False
MIR4473,False
MIR3115,False
RN7SL457P,False
MIR5100,False
MIR5684,False
MIR3675,False
MIR3679,False
RN7SL426P,False
MIR548AW,False
RDM1P5,False
MIR4439,False
SINHCAFP1,True
MIR378E,False
MIR4635,False
MIR4698,False
RN7SL44P,False
MIF4GD-DT,False
CIAPIN1P,False
MIR4744,False
MIR4729,False
MIR4769,False
MIR3927,False
LINC01543,False
MIR4528,False
THY1-AS1,False
LINC00672,True
DLGAP1-AS4,False
MIR4436B2,False
RN7SL774P,False
EEF1DP7,False
THOC1-DT,False
MIR3920,False
USP32P4,False
MIR4303,False
MIR4667,False
MIR3925,False
MIR4669,False
RN7SL555P,False
MIR3116-1,False
MIR5000,False
MTND2P13,False
MIR3670-1,False
MIR4462,False
MIR4448,False
SNORD3A,False
TOMM20P3,False
RN7SL275P,True
RN7SL32P,False
RN7SL435P,False
MIR548Y,False
RN7SL850P,False
NBPF11,False
NETO1-DT,False
RHEX,False
MIR4509-3,False
MIR4290,False
RN7SL381P,False
RN7SL678P,False
MIR1587,False
MIR4760,False
RN7SL121P,False
YWHAEP3,False
MIR4499,False
MIR4672,False
MIR5705,False
MIR5698,False
RN7SL147P,False
RN7SL615P,False
RN7SL786P,False
RN7SL42P,False
RN7SL52P,False
MIR4717,False
MIR4314,False
AKR1C8,True
MIR4429,False
MIR3938,False
MIR4253,False
RN7SL336P,True
MIR4507,False
LINC02003,True
RN7SL744P,False
RN7SL66P,False
ABHD15-AS1,False
MIR4491,False
RN7SL198P,False
MIR4472-2,False
RN7SL670P,False
RN7SL455P,False
MIR4737,False
RPL31P9,False
MIR5685,False
MIR4316,False
FGF7P1,False
MIR3943,False
DND1P1,False
RN7SL531P,False
MIR3199-1,False
MIR4783,False
MIR5688,False
MIR3681,False
MIR4666B,False
RN7SL474P,False
MIR4803,False
MIR4689,False
MIR4688,False
MIR3688-1,False
MIR4733HG,False
MIR4300,False
RN7SL784P,False
MIR3180-4,False
MIR4795,False
SCML2P1,False
RN7SL713P,False
MIR3689D2,False
MIR3667,False
MIR3928,False
MIR3127,False
MIR4670,False
MIR4762,False
MIR3689B,False
MTND1P15,False
RN7SL665P,False
MIR4305,False
PDLIM1P3,False
MIR3189,False
MAGOH2P,False
SNRPCP4,False
AIDAP3,False
RN7SL117P,False
MIR4693,False
MIR4701,False
AGAP7P,False
MIR4716,False
MIR4492,False
RPL35AP23,True
MIR3168,False
RNU4ATAC,True
ANXA8L1,False
LINC01916,False
MIR4456,False
MYL12-AS1,False
CPDP1,False
ZNF407-AS1,False
MIR3912,False
RN7SL835P,False
RN7SL819P,False
KIR3DP1,False
LINC01893,False
LINC01925,False
MIR4322,False
MIR4767,False
DYM-AS1,False
RN7SL488P,False
MIR4799,False
RN7SL753P,False
ZNF236-DT,False
MIR4786,False
MIR2467,False
RN7SL657P,False
SNORD55,False
MIR3922,False
MIR4433B,False
LINC01444,False
MIR4694,False
MIX23P1,False
RN7SL644P,False
MIR548AT,False
HNRNPA1P11,False
MTCO3P13,False
RN7SL154P,False
MIR4801,False
RN7SL448P,False
MIR5186,False
MIR3660,False
NOTCH2NLA,False
LINC01894,False
SNORA77B,False
MIR4258,False
SNRPGP2,False
RN7SL602P,False
MIR3134,False
MIR4648,False
MIR3122,False
NEK4P2,False
DYNLL2,True
MIR3125,False
MIR4425,False
MIR4671,False
SNORD39-1,False
RN7SL431P,False
MIR4513,False
MIR5007,False
MIR4465,False
RN7SL208P,False
MIR3193,False
MIR3180-5,False
MIR4736,False
RN7SL491P,False
MIR548AL,False
LINC02675,False
MIR3913-1,False
MIR548AP,False
MIR4470,False
MIR548AC,False
RN7SL718P,False
MYH4,False
MIR4653,False
MIR4283-1,False
MIR3183,False
RN7SL560P,False
NCMAP-DT,False
SDHCP1,False
MIR378D2HG,False
MIR3648-2,False
LINC02837,False
MIR4520-1,False
MIR4794,False
MIR4656,False
MIR5682,False
MIR4714,False
MIR4705,False
MIR5008,False
RN7SL697P,False
MIR4298,False
MIR4650-2,False
MIR3124,False
RN7SL731P,False
MIR3678,False
MIR5692A2,False
VSTM2B-DT,False
RN7SL596P,False
OTUD7B,False
MIR4778,False
DNAJB6P8,False
RN7SL25P,False
MIR378B,False
MIR5706,False
SUZ12P1,False
MIR548AR,False
RN7SL405P,False
SNORD95,False
MIR4257,False
RN7SL793P,False
MIR3162,False
MIR4633,False
DYNAPP1,False
MIR23C,False
DCXR-DT,False
SNX19P3,False
MIR4529,False
MIR4296,False
RN7SL15P,False
LINC00526,False
MIR5692B,False
RN7SL326P,False
MIR4487,False
MIR4449,False
MAPT-AS1,False
RN7SL131P,False
MIR3159,False
MIR3173,False
MIR4685,False
RN7SL290P,False
MIR5588,False
RN7SL592P,False
MIR4755,False
RN7SL732P,False
MIR5591,False
MIR4796,False
PRKCA-AS1,True
MIR4271,False
MIR3152,False
KRT18P8,False
MIR5194,False
PPIAP54,False
MIR3171,False
MIR4798,False
MIR3200,False
KRT8P34,False
SEPTIN4-AS1,False
MIR4285,False
RN7SL204P,False
MIR3140,False
MIR4773-1,False
PRPF19P1,False
MTL3P,False
MIR4255,False
LINC01912,True
MIR4752,False
RN7SL217P,False
L3MBTL4-AS1,False
MIR4504,False
KIAA0895LP1,True
NPY4R2,False
MIR3117,False
MIR3670-2,False
MIR3129,False
MIR4638,False
MIR4718,False
BDP1P,False
MIR4511,False
MIR4505,False
DPRXP4,False
MIR3689C,False
TTC39C-AS1,True
MIR3924,False
MIR3131,False
MIR3198-1,False
MIR3141,False
MIR4295,False
MIR4772,False
RN7SL237P,False
MIR4420,False
PPIAP14,False
MIR4537,False
MIR3148,False
MIR4637,False
MIR4771-1,False
MIR5009,False
MIR4294,False
ERVFRD-3,False
MIR5191,False
MIR378C,False
Metazoa_SRP-12,True
MIR4441,False
MIR1273C,False
MIR3154,False
MIR5571,False
RN7SL468P,False
VN1R71P,False
RN7SL404P,False
MIR4310,False
MIR5696,False
DSG2-AS1,True
RN7SL45P,False
MIR3613,False
RN7SL690P,False
NOS2P4,False
MIR3921,False
MIR3616,False
MIR5701-3,False
MIR4494,False
PRELID3BP3,True
RN7SL525P,False
RN7SL230P,False
SP2-DT,False
MIR4540,False
MIR378F,False
MIR3138,False
RN7SL190P,False
MIR4265,False
SNORD3C,False
MIR4474,False
SH3GL1P2,False
MIR3181,False
PRR29-AS1,True
ALOX12P1,False
MIR4730,False
RN7SL440P,False
TWSG1-DT,False
MIR5094,False
WEE1P2,True
PRR13P4,False
MIR4789,False
MIR4431,False
RN7SL630P,False
MIR4436B1,False
MIR5691,False
MIR5092,False
SNORD92,False
SNORD39-2,False
MIR5089,False
MARCHF10-DT,False
MIR4780,False
MIR548W,False
MIR4327,False
MIR3160-1,False
AGAP12P,False
NCOR1P2,False
RN7SL262P,False
PMM2P1,False
RN7SL622P,False
MIR548S,False
MIR4765,False
PPY2P,False
MIR4692,False
MIR3622B,False
RN7SL664P,False
MIR3691,False
MIR4655,False
MIR4484,False
RN7SL246P,False
FTLP12,False
C1QTNF1-AS1,False
RBM22P1,False
MIR4510,False
MIR3942,False
GJA5,False
MIR4731,False
MIR3153,False
RN7SL200P,False
MIR3190,False
MIR5687,False
MIR3192,False
MIR4301,False
RN7SL451P,False
MIR133A1HG,False
MIR548AM,False
SNORD53,False
TSPOAP1-AS1,False
MIR151B,False
LRRC37A7P,False
MIR5003,False
CDRT8,False
MIR2681,False
MIR4307,False
RN7SL667P,False
MIR4262,False
MIR3202-1,False
MIR4728,False
MIR4790,False
MIR4674,False
SRP72P1,False
SNORD3B-1,True
ANXA8,False
MIR3923,False
MIR4312,False
MIR4677,False
RBP3,False
MIR142HG,True
MIR4486,False
MIR3684,False
MIR4283-2,False
MIR4269,False
MIR548AI,False
MIR4699,False
SNORD84,False
MIR3142,False
RBM8A,False
IGLJCOR18,False
MIR4472-1,False
MIR4288,False
MIR3132,False
MIR4446,False
MIR4686,False
RN7SL74P,False
TRMT112P3,False
RN7SL693P,False
PGDP1,False
CLUHP6,False
MIR3935,False
MIR4770,False
MIR4710,False
ARGFXP2,False
FEM1AP2,False
MIR548AD,False
MIR3650,False
MIR3195,False
LINC01476,False
RN7SL199P,False
RN7SL847P,False
MIR4263,False
MIR3118-2,False
RN7SL411P,False
MIR548AB,False
MIR4524B,False
MIR3137,False
OR4K7P,False
MIR5188,False
MIR4291,False
LINC01899,False
TIMM23,False
MIR3136,False
MIR4493,False
GLUD1P2,False
MIR4476,False
PCAT18,False
MIR4682,False
MIR4675,False
MIR3180-2,False
LINC01908,False
MIR4679-2,False
MIR466,False
RN7SL219P,False
RN7SL391P,False
MIR4999,False
MIR4252,False
MIR3944,False
MIR3128,False
RSL24D1P9,False
MIR4324,False
RN7SL656P,False
PRR11-AS1,False
MIR4261,False
MIR4779,False
MIR4684,False
MIR4652,False
MIR4782,False
MIR4308,False
MIR4447,False
MIR3121,False
RN7SL811P,False
MIR3941,False
MIR4733,False
MIR4502,False
CLASP1-AS1,True
MIR3682,False
MIR3672,False
NARF-AS2,False
MIR3680-1,False
MIR4768,False
POLR3KP2,False
MIR548AQ,False
FAM32DP,False
DTX2P1-UPK3BP1-PMS2P11,False
KRT18P55,False
MIR4443,False
LINC01915,False
RN7SL518P,False
ARHGAP44-AS1,False
RNF115,False
MIR3156-2,False
MIR1269B,False
MIR4435-1,False
MIR4436A,False
LINC01892,False
MIR548V,False
MIR5697,False
MIR4304,False
MIR5690,False
FCGR1CP,False
DSEL-AS1,True
RN7SL475P,False
MIR3180-1,False
MIR4421,False
MIR3164,False
H3P41,True
AA06,False
ELOCP27,False
LINC01903,False
MIR3918,False
RN7SL652P,False
MIR1268B,False
PIGPP4,False
MIR3143,False
RN7SL605P,False
WDR45BP1,False
MIR3978,False
MIR5708,False
CFAP298-TCP10L,True
NPM1P45,False
MIR4756,False
MIR3659,False
MIR5707,False
MIR4471,False
MIR4695,False
MIR4539,False
MIR548AG2,False
MIR3139,False
BNIP3P3,False
MIR3612,False
MIR3929,False
TUFMP1,False
RN7SL279P,False
MIR548AK,False
MIR3151,False
MIR3690,False
MIR4664,False
RARA-AS1,False
MIR548AJ1,False
MIR4508,False
RN7SL708P,False
RPL17,False
MIR4267,False
SYPL1P2,False
RN7SL378P,False
MILIP,False
MIR4460,False
LINC01970,False
MIR4774,False
LARP7P3,False
MIR548AE2,False
SNORD53B,False
MIR4681,False
MIR4284,False
MIR3144,False
RN7SL648P,False
SNORA74C-1,False
MIR4438,False
RN7SL5P,False
RN7SL339P,False
LINC02978,False
MIR4427,False
RN7SL375P,False
KYNUP2,False
LINC02958,False
RN7SL444P,False
LINC01900,False
ZNF488,False
CXADRP3,False
MIR4506,False
MIR3670-3,False
RN7SL624P,False
ZNF516-AS1,False
LINC01906,True
CYP4F35P,False
NOS2P1,False
MIR4330,False
RNASEH1P1,False
MIR3118-4,False
RN7SL49P,False
MIR4292,False
SEC22B,False
MIR3907,False
RN7SL300P,False
RN7SL376P,False
FSBP,False
EEF1E1-BLOC1S5,False
MIR3177,False
MIR4422,False
MIR3939,False
MIR548AG1,False
MIR3123,False
CCND3P2,False
MIR548X,False
LINC01029,False
MIR4276,False
MIR4287,False
MIR3689D1,False
MIR4797,False
MIR4514,False
MIR5704,False
MIR4495,False
GPR160P2,False
MIR4516,False
MIR3174,False
MIR3689A,False
MIR4289,False
MIR4489,False
MIR3914-1,False
MIR4748,False
PDLIM1P2,False
RN7SL73P,False
RN7SL783P,False
DSCAS,False
Y_RNA-722,False
RN7SL311P,False
RN7SL357P,False
MIR4696,False
RN7SL96P,True
MIR3685,False
RN7SL543P,False
MIR4280,False
MIR5692C1,False
MIR5195,False
MIR3146,False
LINC00668,False
ARL2BPP1,False
UBE2CP2,False
RN7SL577P,False
LINC01387,False
MIR4749,False
MIR4445,False
MIR4319,False
Y_RNA-723,False
GACAT2,False
MIR4266,False
TXNIP,True
MIR4725,False
MIR544B,False
GREB1L-DT,False
MIR4735,False
MIR4519,False
ESRG,False
MIR5694,False
MIR3671,False
MIR4488,False
GATA6-AS1,False
MIR4764,False
LINC02079,False
MIR4309,False
MIR548Z,False
MIR4477B,False
MIR3609,False
SRGAP2,False
SLC9A3R1-AS1,False
MIR4659A,False
MIR4509-2,False
MIR4690,False
MIR3649,False
MIR4500,False
NDUFV2-AS1,False
RN7SL140P,False
MIR4771-2,False
POLRMTP1,True
MIR3617,False
MIR5693,False
BAHCC1,False
RN7SL574P,False
MIR4432,False
SNORA59B,False
RASSF5,True
MIR5192,False
MIR5700,False
MIR4326,False
MIR4525,False
MIR4440,False
MIR4423,False
FBXO36P1,False
MIR5587,False
ZNF415P1,False
RN7SL366P,False
SRP68P1,True
MIR4759,False
MIR4435-2,False
MIR4533,False
MIR4654,False
RHOT1P1,False
MIR5190,False
MIR5583-1,False
MIR4711,False
MIR3646,False
RN7SL785P,False
RN7SL612P,False
YWHAEP2,False
RN7SL557P,False
MIR3147,False
STRADA,False
MIR4666A,False
MIR4282,False
EIF4A3P1,False
RN7SL804P,False
RN7SL480P,False
MIR3186,False
MIR1260B,False
MIR4661,False
RN7SL163P,False
PNLIPRP2,False
SS18L2P2,False
MIR5585,False
MIR5589,False
MIR3926-1,False
GJD3-AS1,False
RN7SL371P,False
MIR3156-3,False
MIR3167,False
CTSLP2,False
MIR4323,False
NPM1P2,False
MIR3611,False
MIR3178,False
MIR3176,False
NARF-IT1,False
MIR5091,False
GRAMD4P7,False
MIR4279,False
MIR4644,False
COX6CP3,False
MIR4475,False
LINC00683,False
LINC01909,True
MIR4428,False
KLF14,True
RN7SL138P,False
MIR4743,False
LINC01910,False
UBL5P2,False
MIR3683,False
LINC02974,False
LINC02933,False
DYNLL2-DT,True
MIR3180-3,False
ARIH2P1,False
MIR744,False
MIR3118-1,False
LIVAR,False
MIR4518,False
MIR5093,False
RN7SL510P,False
LINC01927,False
MIR4668,False
RN7SL703P,False
MIR5692A1,False
MIR3909,False
MIR4293,False
MIR4663,False
MIR3665,False
MIR4503,False
MIR4536-2,False
MIR4281,False
NBPF15,False
MIR4776-1,False
LINC02074,False
MIR3657,False
MIR5002,False
PIK3R5-DT,False
MIR4740,False
MIR4273,False
SNHG25,True
CBX3P2,False
MIR3157,False
NCOA4,False
MIR4636,False
MIR4424,False
RN7SL118P,False
MIR4451,False
MIR3163,False
MIR4719,False
MIR5580,False
TBC1D3P5,False
MIR4264,False
MIR4746,False
RN7SL493P,False
ARHGAP28-AS1,False
NARF-AS1,False
MIR3713,False
MIR3179-3,False
MIR4259,False
MIR2392,False
MIR3196,False
RN7SL220P,False
MRPS21,False
HELZ-AS1,False
RN7SL616P,False
MIR5197,False
MIR4641,False
RDM1P2,False
ATG12P1,False
MIR5681A,False
RN7SL162P,False
RDM1P1,False
MIR4479,False
MIR3201,False
MIR3934,False
MIR3689F,False
MIR4452,False
MIR4715,False
MIR4268,False
RAC1P1,False
GDF10,False
MIR4650-1,False
MTCYBP13,False
MIR4318,False
MIR4706,False
MIR3619,False
SPDYE22P,False
MIR5701-1,False
ATP6V1E1P2,False
RN7SL356P,False
LINC01443,False
MIR3145,False
MIR4530,False
EIF1P5,False
MIR4418,False
RN7SL377P,False
MIR5579,False
BOLA2P1,False
MIR4254,False
MIR3166,False
MIR4527,False
MIR4478,False
MIR4512,False
MIR4713,False
MIR4766,False
LINC01887,True
LONRF2P1,False
RN7SL176P,False
MIR4703,False
COP1P1,False
MIR3692,False
MIR4742,False
MIR4642,False
RN7SL202P,True
MIR3972,False
MIR4754,False
MIR3677,False
MIR4299,False
SETP3,False
MIR3126,False
MIR3908,False
MIR3169,False
MIR4739,False
MIR4325,False
MIR5692C2,False
MIR4297,False
MIR4274,False
OR4K8P,False
MIR3945,False
MIR4490,False
MIR4498,False
MIR4437,False
PSMD7P1,False
RN7SL48P,False
MIR3149,False
MYO15B,False
MIR4676,False
RN7SL14P,False
MIR5695,False
DSG1-AS1,False
TBC1D29P,False
GTF2IP6,False
MIR4757,False
MIR4708,False
MIR3135A,False
MIR4645,False
MIR3661,False
RN7SL524P,False
MIR5680,False
MIR3680-2,False
MIR4464,False
MIR3194,False
RN7SL619P,False
MIR4646,False
SH3GL1P1,False
MIR4444-2,False
MIR3663,False
LGALS9DP,False
RN7SL7P,False
MIR548H5,False
MIR548AE1,False
PPIAP57,False
KPNA2P3,False
IGBP1P2,False
MIR3689E,False
RN7SL712P,False
GAPLINC,False
MIR4482,False
ITM2BP1,False
MIR3910-1,False
RPSAP67,False
RN7SL123P,False
RN7SL408P,False
MIR4535,False
MIR4634,False
AKR1B1P7,False
CEACAM16-AS1,False
LINC00663,False
SLC25A6P4,False
LINC01841,False
MRPS5P4,False
ZNF793-AS1,False
hsa-mir-423,False
ACTBP9,False
ZNF230-DT,False
MADCAM1-AS1,False
RPSAP66,False
MRPL37P1,False
LINC01538,False
HSD17B1-AS1,False
FXYD1,True
AARSD1,False
CEP192-DT,False
SOCS3-DT,False
OR4F8P,False
FARSA-AS1,False
LINC01180,False
RANBP3-DT,False
POLR3GP2,False
FTLP5,False
DHX40P1,False
LINC01929,False
LINC01532,False
NTF6A,False
LRRC37A16P,False
TCF4-AS1,False
ATP8B1-AS1,False
ZNF850,False
E2F3P1,False
LINC01905,False
PTGES3L,False
UXT-AS1,False
LINC02080,True
MIX23P3,False
ASB16-AS1,False
KRT18P61,False
CTBP2P7,False
SLC14A2-AS1,False
NTF6G,False
ILF3-DT,False
TBC1D3P1-DHX40P1,True
ZNF561-AS1,False
PCAT19,False
PMM2P2,False
RPL10P15,False
FMNL1-DT,False
SCAT1,True
RNF157-AS1,False
OR1AC1P,False
HMGB3P27,False
LINC01924,True
ZNF222-DT,False
LINC01842,False
MIR2117HG,True
CTBP2P3,False
OR1M4P,False
TPMTP1,True
SDHDP1,False
CHMP1B-AS1,True
ADGRL1-AS1,False
CALM2P1,False
PHF5CP,False
SNRPCP20,False
PTP4A2P1,False
ATP5MGP7,False
TYMSP2,False
ZNF45-AS1,False
MIR212,False
MIR132,False
LINC01775,False
SNRPGP4,False
LINC01782,True
LCN6,False
LINC01897,False
DPY19L3-DT,False
ZNF8-ERVK3-1,False
C17orf113,False
WDR7-OT1,False
MALT1-AS1,False
HNRNPA3P16,False
ZNF861P,False
CYP4F10P,True
LINC01255,False
WHSC1L2P,False
ZNF790-AS1,False
PPIAP58,False
ERVE-1,False
GP6-AS1,False
PARD6G-AS1,True
LINC01140,False
KLF2-DT,False
MAP3K14-AS1,False
TBX2-AS1,False
ATF7-NPFF,False
PIN1-DT,False
MAP4K1-AS1,False
CEBPA-DT,False
RPL23AP77,False
RNFT1-DT,True
LINC01764,False
ZNF566-AS1,False
OR4G1P,False
KC6,False
UFM1P2,False
SELENOKP1,False
SNHG30,False
SNHG22,True
SLC25A1P5,False
LINC01415,False
BOLA3P2,False
ASNSP6,False
KIF18B-DT,False
EIF4A2P1,True
LINC01478,False
LINC00906,False
ZNF833P,False
EIF5AP3,False
GEMIN7-AS1,False
SH3GL1P3,False
RPL9P29,False
SEC24AP1,False
KCNJ2-AS1,False
UPK3BL1,True
TAF5LP1,False
MIR924HG,False
ATP5MGP6,False
GAD3P,False
SMCO4P1,False
KDSR-DT,False
MIR122HG,True
CYP4F9P,False
ATXN7L3-AS1,False
DM1-AS,False
TCF4-AS2,False
LINC02841,False
LINC01901,False
SETBP1-DT,False
HEATR6-DT,False
ELOCP29,False
ZNF56P,False
ZFP28-DT,False
LINC01928,False
DYNAPP2,False
DNAH17-AS1,False
LINC02594,False
SMUG1P1,False
OR1AB1P,False
LINC02073,False
CLEC4OP,False
ZNF582-DT,False
UBE2V2P2,True
THEG5,False
APOC4,False
ZNF571-AS1,False
ARHGAP27P2,False
NUDT19-DT,False
LINC02979,False
GLUD1P4,False
LINC01837,False
CIRBP-AS1,False
FAM215A,False
NFE2L3P1,False
UQCRFS1-DT,False
ZNF887P,False
ZNF285,False
ADAD1P2,False
HMGN1P31,False
LINC01855,False
MIR23AHG,True
LINC01864,False
RPSAP57,False
LINC01836,True
MIR497HG,True
S1PR2,False
LINC00868,True
MTCO2P2,False
HIKESHIP2,False
ZSCAN5A-AS1,False
PTPRS-AS1,True
GNA15-DT,False
STK25P1,False
KRT8P5,True
LINC02987,True
DNAAF3-AS1,True
ZNF24TR,False
LINC00907,False
NDUFA3P1,False
LINC01926,False
CYP4F24P,False
BRCA1P1,False
RPIAP1,False
LINC02959,False
LINC01028,False
ICAM4-AS1,False
SNX33P1,False
HAUS5-DT,False
CGB1,False
RPL7L1P5,False
BNIP3P16,False
ASXL3-DT,False
MAP1LC3P,False
NPM1P1,False
RAB5C-AS1,False
LINC01482,False
TSHZ3-AS1,False
PPIAP56,False
RPL17P45,False
RPLP0P12,False
FDX2,False
THA1P,False
EIF5AP2,False
ZNF224,False
NTF6B,False
LDLRAD4-AS1,False
SHC1P2,True
TAF9P3,False
ERVK-28,False
FRG2LP,False
RDM1P3,False
EDDM13,True
LINC01539,True
SRSF10P1,False
LINC02078,True
LINC02565,False
HMGB2P1,False
UBE2L4,False
SINHCAFP2,False
RUNDC3A-AS1,True
BSG-AS1,False
RPS10P27,False
EML2-AS1,False
MIR4527HG,False
LINC01801,False
LINC01999,False
OR7E16P,False
LINC01791,False
CBARP-DT,False
LINC01533,False
SLC25A36P1,False
LINC01987,False
WBP1LP11,False
SMIM22,False
LIN37,False
NRBF2P1,False
MAN1A2P1,True
NDUFV2P1,True
Y_RNA-724,False
ARHGEF18-AS1,False
NDUFA7,False
MZF1-AS1,True
ZNF460-AS1,False
VSIG10L-AS1,False
ZSCAN5DP,False
CCDC177,False
SNX6P1,False
EIF1P6,False
MIR3188,False
OR10B1P,False
MAGEA9B,False
CARD8-AS1,False
PTOV1-AS1,True
SSX4,False
OR4G4P,False
TPM3P5,False
LINC01785,False
ERFL,True
NBPF12,False
BNIP3P40,False
NAPA-AS1,False
SRP14P4,True
FMR1-AS1,False
OR5AH1P,False
RPL22P5,False
BNIP3P30,False
GABRQ,False
ZNF649-AS1,False
ZNF725P,False
CYP2G2P,False
SLC6A14,True
VN1R84P,True
PCGF7P,False
NIFKP6,False
VN1R91P,False
Metazoa_SRP-13,False
BNIP3P22,False
SMIM17,False
ZNF114-AS1,False
OPN1MW,True
EEF1A1P7,False
ARL14EPL,False
FKBP4P6,True
TCP11X1,False
IGFL1P2,False
RPS29P30,False
AIRN,False
SIGLEC29P,False
VN1R78P,False
POLR3GP1,False
CLEC4GP1,True
LINC02560,True
LINC01872,False
SCGB1C2,False
BNIP3P25,False
LRRC2-AS1,False
BNIP3P23,False
SIGLEC20P,False
FAM156A,False
VN1R81P,False
SMC5-DT,False
SERTAD3-AS1,False
FENDRR,False
MTCO3P42,False
TRMT112P6,False
MTDHP3,False
BNIP3P27,True
SSX2B,False
BNIP3P38,False
MIR4453HG,False
NFILZ,True
RPL7AP69,False
SIGLEC5-1,False
IFNL3P1,False
ZNF8-DT,False
VN1R83P,False
CYP2T3P,False
LINC02135,False
MTDHP4,False
VN1R88P,False
VN1R107P,False
ILVBL-AS1,False
LINC01966,True
SIGLEC18P,False
RAET1E-AS1-1,False
VN1R80P,False
MAGEA2,False
IGFL2-AS1,True
TEX13A,False
CTAG1A,False
MIMT1,False
LINC00664,False
LETM1P2,False
WBP1LP6,False
COX6CP7,False
ZNF723,False
BNIP3P26,False
BNIP3P33,False
MTCO3P39,False
HSFX2,False
SCGB1B2P,False
LINC01081,False
ADGRE4P,False
RPL7P50,False
VN1R87P,False
VN1R90P,False
H3Y2,False
LINC02132,False
LIF-AS2,False
BNIP3P32,False
OR7A1P,False
SIGLEC31P,False
SIGLEC22P,False
ESPNP,True
IGFL1P1,False
PNMA6B,False
LIM2-AS1,False
PLCE1-AS1,False
A1BG-AS1,False
CSAG2,False
VN1R92P,False
CSAG3,False
CT45A1,True
LINC01711,False
CKS1BP3,False
MRPS17P1,True
CDRT15P7,False
ERVV-2,False
MIA-RAB4B,False
SPANXN2,False
CDC42EP3P1,False
RPL22P6,False
FAM236B,False
VN1R82P,False
MAN1B1-DT,False
DNAJC19P3,False
ZNF818P,False
SLC6A21P,False
KRT18P40,True
HOMER3-AS1,False
SIGLEC24P,False
LINC01838,False
SF1-DT,False
BNIP3P24,False
ZNF497-AS1,False
BNIP3P18,False
CALR3,False
ZNF728,False
LINC02965,False
CT45A3,False
TPRG1LP1,True
LSP1P1,False
Metazoa_SRP-14,False
TRABD2B,False
FAM90A28P,False
HNRNPA1P52,False
BRI3BPP1,False
ZNF209P,False
MAST3-AS1,False
LYPLA2P2,True
BNIP3P13,False
LINC01082,False
FBXO17,False
LINC00528,False
TMSB15B-1,False
RPS27AP19,False
ZNF350-AS1,False
RPL23AP78,True
SIGLEC21P,False
DNAJC19P2,False
S100A11P8,False
ZSCAN16-AS1,False
GRAMD1A-AS1,False
FKBP1AP1,False
MAGIX,False
RAD54L2P1,False
VN1R93P,False
GOLGA2P9,True
IKBKG,False
ZNF587B,False
VN1R85P,False
PTOV1-AS2,False
LINC01233,False
ITGB1P1,False
CYCSP7,True
RAB11B-AS1,False
SPIB,False
NXF2,False
LINC01224,False
PLA2G4C-AS1,False
BNIP3P8,True
OPN1MW3,False
NXF2B,False
PGLS-DT,True
H3Y1,False
ZNF132-DT,False
ERVK9-11,False
DMRTC1,False
ZNF92P2,True
BNIP3P34,False
CYP4F23P,True
ERVV-1,False
CLIC4P2,True
OR7A8P,False
TMEM185A,False
GPR32P1,False
MTDHP5,False
HNRNPMP2,False
SIGLEC27P,False
TDGF1P7,False
CT45A10,False
OSTCP3,False
C10orf95-AS1,False
MTDHP2,False
TP53TG3HP,False
RPL12P41,False
ZNF888-AS1,False
NOP53-AS1,True
BNIP3P39,False
OR7A18P,False
FKBP4P2,False
ZNF470-DT,False
ZIM2,False
NBPF9,False
CCDC194,True
WBP1LP7,False
BNIP3P29,False
SLC25A53,False
EXOSC3P2,False
DPPA5P1,False
MIR1470,False
OR7A3P,False
SSX4B,False
ZIM2-AS1,False
PLEKHA3P1,False
BICRA-AS1,False
SCGB2B3P,False
KCNQ1OT1,True
ZNF528-AS1,False
IPO5P1,False
CCNYL6,True
RNF225,False
EGLN2,False
ZNF628-DT,False
VN1R79P,False
ARHGAP19-SLIT1,False
SNHG8,True
COMMD3-BMI1,False
MAP2K4P1,False
PTMAP11,False
FAM226B,False
MIRLET7A1HG,False
PCF11-AS1,False
FMC1-LUC7L2,False
MKNK1-AS1,False
SPACA6-AS1,False
ERBIN-DT,False
MEI4,False
FARS2-AS1,True
LINC02893,True
C16orf95-DT,False
ZNF559-ZNF177,False
BMS1P7,False
ATP6V0D1-DT,False
MIR222HG,True
TSPY6P,False
GAS5-AS1,False
LDHAL6EP,False
TSNAX-DISC1,False
CELF2-DT,False
ST8SIA5-DT,False
VTRNA2-1,False
MICOS10-NBL1,False
TERC,False
LINC01480,False
NCBP2AS2,False
PPP2CA-DT,False
BIVM-ERCC5,False
IGHD1OR15-1B,False
IGKV1OR2-11,False
BNIP3P31,True
MRPS35P3,False
GOLGA4-AS1,False
GTF3C6P3,False
DUXAP11,False
MTCO2P22,True
MTND6P22,False
NBPF8,False
MTCYBP22,False
ACTR3BP1,False
IGKV3OR2-5,False
DUXAP4,False
NDUFB8P2,False
CORO1CP1,False
IMMP1LP1,False
BNIP3P10,False
TRMT112P7,False
H4C15,False
SMIM15P1,False
XIAPP1,False
STX8P1,False
PHACTR2P1,False
MTATP6P2,True
TEX101P1,False
COX6CP16,False
BORCS7-ASMT,True
IGHV3OR16-11,False
BNIP3P9,False
SMIM15P2,False
SMC2-DT,False
PPIAL4H,False
UNGP3,False
POC1B-AS1,False
MTND4LP5,False
IGHV1OR15-4,False
HMGN3-AS1,False
ATP6V1G1P1,False
HEATR9,True
RNU1-154P,False
MTCO3P22,False
SFXN4P1,False
PFN1P2,True
MREGP1,False
DPPA3P3,False
REXO1L4P,False
CAHM,False
NRBF2P5,False
KNOP1P2,False
PHF5FP,False
OR7E108P,False
H3P37,False
LAMB2P1,False
AZU1P1,False
COPS5P2,False
RPL34P36,False
IGKV2OR2-7,False
IGHD4OR15-4B,False
PABPC1P5,False
IGHV3OR16-12,False
IGHV3OR16-9,False
IGHV3-29,False
BNIP3P37,False
BNIP3P7,False
MKI67P1,False
COX6CP4,False
YTHDF2P1,False
IGHV1OR15-1,False
QTRT1P1,False
SNRPGP19,False
FAM133EP,False
PEBP1P2,False
ELOCP34,False
LINC01235,False
IGHV3-30,False
DUXAP3,False
APOOP1,True
FOXP1-DT,False
PKD1P6-NPIPP1,True
SNX2P1,False
FAM136DP,False
PRAMEF5,False
HCG17,True
PPIAP52,False
NAV2-AS6,False
SGO1P1,False
URGCP-MRPS24,False
SPCS2P2,False
NUDT19P6,False
NBPF14,True
ECM1P1,False
TSIX,False
TAF15,False
CYP2C61P,False
DPRXP5,False
NUTF2P8,False
HNRNPA1P67,False
MARK2P16,False
YTHDF3-DT,False
RACK1P2,False
GARIN3P1,False
IGHV1OR15-6,False
BUD13P1,False
PRMT1P1,False
UFM1P1,False
MICOS10P2,False
BNIP3P15,False
RNVU1-31,False
RPL23AP92,False
CAPZA1P5,False
PRELID3BP8,False
S100A11P9,False
IGKV2OR2-1,False
FBXW7-AS1,False
NEK4P3,False
HSPE1-MOB4,True
OOEPP1,False
CD2AP-DT,False
FXYD6P1,False
DDX43P2,False
GAS2L2,False
PDHA1P1,False
EEF1A1P18,False
BUB1P1,False
PDLIM1P1,False
DPRXP6,False
LLPHP1,False
RPS10-NUDT3,False
UBE2CP5,False
C17orf50,False
CHCHD2P11,False
NANOGNBP3,False
DMAC1P1,False
LINC00221,False
USP34-DT,False
IGHD5OR15-5B,False
USP37P1,False
NF1P1,False
HNRNPDLP4,False
MYG1P1,False
CHCHD2P3,False
ATP7BP1,False
VDAC1P5,False
DDX55P1,False
IGHV3OR16-6,False
RPL12P48,False
SRGAP2D,False
RPAP2P1,False
ZNF30-AS1,False
GCATP1,False
H4C14,False
RASL10B,False
PPP1R14BP4,False
NUDT19P4,False
HNRNPA3P9,False
ATP6V1G1P5,False
MTND4P35,True
RPS28P1,False
H3P8,True
RPL12P50,False
MCRIP2P2,False
CICP23,False
TAS2R6P,False
SRD5A3P1,False
GRAMD4P8,False
BPNT2P1,False
RAP2CP1,False
HSPE1P7,False
CT45A9,False
MTDHP1,False
RPSAP75,False
LPP-AS2,False
IGHD5OR15-5A,False
MAP2K5-DT,False
NTAN1P1,False
REXO1L8P,False
SMARCE1P7,False
MAGOH3P,False
HMGB1P51,False
IGKV1OR2-118,False
CTHRC1P1,False
LRRC37A9P,False
IGKV2OR2-7D,False
HSPE1P19,False
KATNBL1P1,False
CLPTM1LP1,False
TMEM242-DT,False
NDUFB9P1,False
MRPS22P1,False
SNRPGP17,False
SLC4A8-AS1,True
GMCL1P2,False
PHB1P20,False
PER3P1,False
CTAGE15,False
HIKESHIP3,False
NAMA,False
TLCD4-RWDD3,False
IGLCOR22-2,False
BNIP3P28,False
SUMO2P14,False
DBF4P3,False
IMMP1LP3,False
SCML2P2,False
KATNBL1P5,False
LINC03049,False
EIF2S2P7,False
NUDT4P2,False
HERPUD2-AS1,False
ELOCP5,False
IGHV3OR16-8,False
PPIAP75,True
ITGB8-AS1,False
IFITM3P9,False
IGLVIVOR22-1,False
PRR20FP,False
YWHAQP7,False
ARMCX5-GPRASP2,True
RPL23AP88,False
WDR4P1,False
HINT1P2,False
BOLA2P2,False
CFAP97P1,False
LINC01109,False
LINC00904,False
SPRING1P1,False
IGHV3OR16-13,False
COX5AP1,False
RPP40P2,False
RNF138P2,False
VDAC3P1,False
PATJ-DT,False
PRR13P7,False
MTCO1P22,False
BRDTP1,False
RPL21P136,False
LINC01050,False
BNIP3P4,False
SREK1IP1P2,False
KRT18P9,False
CARS1P1,False
RRBP1P2,False
SUMO2P15,False
HMGB1P50,False
PRELID3BP2,False
DIMT1P1,False
MZT1P1,False
LAPTM4BP2,False
TMCC1-DT,False
UGT2A2,False
ELOCP33,False
SMIM12P1,False
CYTH1P1,False
BCRP9,False
IGHV1OR15-3,False
COPS8P1,False
H3P19,False
SRXN1,False
DPRXP2,False
RAC1P9,False
IGHD4OR15-4A,False
MOB4P2,False
CTAGE6,False
B3GNTL1P2,False
ATP5MGP8,True
LINC02104,False
CCNY-AS1,False
IGHD1OR15-1A,False
NDE1P2,True
IGKV1OR2-9,False
USP21P2,False
USP6NL-AS1,False
HTATSF1P2,False
NANOGP3,False
IFITM3P8,False
RBISP2,False
REXO1L9P,False
NBPF19,False
SRGNP1,False
C1orf21-DT,False
OSBPL9P1,False
7SK-1,True
LINC02336,False
CCDC121P1,False
IGKV2OR2-2,False
MZT1P2,False
NAPGP1,False
PRR13P3,False
RPL23AP90,False
CYCSP1,False
GLRX5P3,False
NBPF10,False
MPHOSPH6P1,False
RPL17P51,False
PPATP2,False
TEKT4P3,False
MMP28,False
CT45A2,False
CKAP2LP1,False
DPRXP7,False
SQSTM1P1,False
CICP24,False
UNC5C-AS1,False
MTND3P19,False
ABI1P1,False
NIPA2P3,False
RBM11P1,False
MEMO1P5,False
SNRPGP20,False
CCL5,False
BNIP3P17,False
ARF4P1,False
WBP1LP12,False
BBIP1P1,False
LINC02427,False
BNIP3P11,False
YPEL5P2,True
HIRAP1,False
LINC02333,True
PPIAL4E,False
IGKV1OR2-6,False
PRKACB-DT,False
LINC02550,False
SELENOTP2,False
LARP7P1,False
ELOCP35,False
LIX1L,False
KRT8P49,False
MILR1,True
HSPE1P14,False
ATP2B1-AS1,False
ACTG1P22,False
IGHV3OR16-7,False
PSMA6P4,False
H3P42,False
NKAIN1P2,False
DBF4P2,False
BNIP3P19,False
PPFIA1P1,False
MARK3P1,False
PDCD6IP-DT,False
IRF2-DT,True
KRT8P47,False
BNIP3P35,False
BNIP3P36,False
DUXAP8-1,False
LSM1P2,False
TNPO3P1,False
MTND5P10,False
SNX29P2,False
BNIP3P20,False
RPL17P3,False
ATP1B3P1,False
NDUFA8P1,False
FAM169A-AS1,False
MROH7-TTC4,True
LINC02772,False
RNU1-29P,False
RN7SKP299,False
TP53RK-DT,False
SNORA51,False
RN7SKP290,False
BMS1P4-1,False
U3-43,False
RN7SKP4,False
RNU6-94P,False
SMIM32,False
PLS3-AS1,True
RNU7-10P,False
SYNPO2L-AS1,False
MAN2A1-DT,False
LINC02343,False
SNORD11B,False
LINC01215,False
DCTN6-DT,False
RAI14-DT,False
MIR98,False
JARID2-DT,False
OR10AE1P,False
MIR4791,False
MIR4466,False
SNORA35B,False
TAGAP-AS1,False
RNU6-86P,False
RNA5SP108,False
PNRC1-DT,False
RNU6-85P,False
OR2AS2P,False
LINC01954,True
ARFGEF1-DT,False
ADAM6,False
RDM1P4,False
EVA1CP2,False
SNORD58B,False
RN7SL827P,False
TTC32-DT,False
LINC02973,False
SNORA62-6,False
RNU1-30P,False
AFF4-DT,False
SNORA74-3,False
RNU6-87P,False
ANKRD34A,False
SNORD14A,False
MIR139,False
GTF2H5,False
Y_RNA-725,False
RNU6-6P,False
ANKH-DT,False
BCAN-AS1,True
RN7SL828P,False
MIR502,False
FCHO2-DT,False
GOLPH3-DT,False
RN7SL715P,False
TMEM14B-DT,False
Y_RNA-726,False
LINC01607,False
LYRM4-AS1,False
FGF14-AS2,False
NFYC-AS1,False
ARF4-AS1,False
NBPF25P,False
RNU4-5P,False
CASC15,False
KLC4-AS1,False
VPS11-DT,False
MAP7-AS1,False
PDE7A-DT,False
RN7SL803P,False
POU2F1-DT,False
U7,False
MIR3666,False
RN7SL726P,False
RNA5SP386,False
LINC01749,False
RNU6-89P,False
NUP153-AS1,False
IER3-AS1,False
LINC00551,False
TPTE2P2,False
LINC02084,False
ILRUN-AS1,False
SNORD96A,False
IFNL4P1,False
TTC23L-AS1,False
DAP-DT,False
NUDT3,False
KMT2B,False
RNU6-90P,False
LINC01115-1,False
SNORD114-21,False
RNU4-89P,False
MIR3976,False
LINC02664,False
POM121C,False
RNU6-92P,True
IFNL4,False
CD24,False
RN7SL778P,False
FAM47E-STBD1,True
LINC01145,False
LINC02637,False
ZNF454-DT,False
RNA5SP357,False
CUX2P1,False
RNU6-91P,False
OR13Z2P,False
RNU6-84P,False
MRPL20-DT,False
MIR432,False
FAM193B-DT,False
SNORD115-40,False
LINC02980,False
RN7SL760P,False
SNORD113-5,False
OR13Z3P,False
OR1X1P,False
RNU6-88P,False
CFAP206,False
LINC01023,False
BTF3-DT,False
SNORA28,False
RN7SL840P,False
MIR4787,False
LINC02538,False
GTF2IP13,False
OR51F3P,False
H3-3A-DT,False
CPVL-AS2,False
OR5BL1P,False
MUSTN1,False
LINC02098,False
ZSWIM8-AS1,False
OR10AH1P,False
EFCAB3P1,False
ZNF595,False
PPP4R3B-DT,False
MAGI1-IT1,False
FAM131B-AS1,False
AFAP1-AS1,False
OR51F5P,False
DOC2B,True
GTF2IP20,False
JTB-DT,False
TIMMDC1-DT,False
PPP1R21-DT,False
OR51C4P,False
KLHDC7B-DT,False
PCDHB16,False
OR5AO1P,False
HNRNPD-DT,False
FAM223B,True
OR9I3P,False
WASL-DT,False
LINC02018,False
LINC03006,False
GAS6-DT,False
MESTIT1,False
HK2-DT,False
SLC30A6-DT,False
EIF2B5-DT,False
LINC02266,False
ADIRF-AS1,False
STAG3L5P-PVRIG2P-PILRB,False
WDR5B-DT,False
JMJD1C-AS1,False
BMS1P20,False
GAR1-DT,False
KRTAP10-7,False
GCAWKR,False
OR10AE3P,False
MAP3K4-AS1,False
SUV39H2-DT,False
SAP30-DT,False
OR2BH1P,False
DCP1A,False
CSPG4P5,False
CHASERR,False
MIOS-DT,False
ATP6V1FNB,False
OR10Q2P,False
TBC1D8-AS1,False
hsa-mir-1253,False
LRRC8D-DT,False
TRIM8-DT,False
OR6U2P,False
OR7A19P,False
RBAK-RBAKDN,False
MYHAS,False
OR5AL1,False
LINC02012,True
C2orf49-DT,False
PFKP-DT,True
ARHGEF2-AS2,False
ARL2-SNX15,False
CSGALNACT2-DT,False
LINC00938,False
FAM106A,False
INTS4P2,False
DGCR5,False
LINC02035,False
CYP4F33P,False
ATF4P2,False
C2orf15,False
OR51F4P,False
CDC37L1-DT,False
RALGPS2-AS1,False
GRIN2B,False
LARGE1-AS1,False
OR52E1,False
PPM1B-DT,False
LYPD4,True
INSIG1-DT,False
LINC01990,False
PACERR,False
NBPF26,False
SELENOO-AS1,False
LINC02604,False
DUSP5-DT,False
LCDR,False
LINC02091,False
SNURF,False
H3-7,False
FAM25BP,False
OR5BQ1P,False
OR2A13P,False
TMEM271,True
RAB33B-AS1,False
WDR5-DT,False
OR7E39P,False
TRABD-AS1,False
OR5BP1P,False
LINC02928,False
CNNM3-DT,False
ZBTB8B,True
C1QTNF3-AMACR,False
DGCR11,False
RBAKDN,False
OR6L2P,False
CYP4F36P,False
TM4SF19-DYNLT2B,True
OR7M1P,False
MICE,False
PAXIP1-DT,False
LINC02019,True
SFTPD-AS1,False
SLC16A4-AS1,False
OR2Q1P,False
TMEM167B-DT,False
LINC01396,False
OR5B15P,False
LINC02712,False
LINC02725,False
OR13I1P,False
OR8S21P,False
OR6R2P,False
APP-DT,False
MIR6129,False
CNTNAP3P1,True
TBC1D3K,False
FOXD4L6,False
U1,False
SPDYE8,False
Metazoa_SRP-15,False
AGBL1,False
H4C12,True
SNORA44,False
Metazoa_SRP-16,False
MIR6812,False
CWC25,False
Metazoa_SRP-17,False
REXO1L3P,False
Metazoa_SRP-18,False
OR10G1P,False
SNORA78,False
7SK-2,False
MIR7160,False
PMS2P10,False
EPOP,False
MIR6776,False
RN7SL386P,False
ZNHIT3,False
MIR6511A4,False
MIR4726,False
U7-1,False
WBP1LP8,False
PPP1R26P2,False
MIR8065,False
MIR6792,False
LONRF2P5,False
CDRT15P10,False
U2,False
CT45A7,False
MRPL57P1,False
MIR6760,False
H2BC14,True
LHX1,True
U2-1,False
Metazoa_SRP-19,False
RN7SL343P,False
SUGT1-DT,False
Metazoa_SRP-20,False
U1-1,False
5_8S_rRNA,False
VN1R74P,False
MIR6075,False
U4,False
MIR6870,False
CYFIP1,False
GOLGA6L26,False
MIR6790,False
VN1R76P,False
RNVU1-29,False
L1CAM-AS1,False
MIR6126,False
CEACAM20,True
MIR6765,False
GTF2A1-AS1,False
U3-44,False
H2BC8,True
LINC02970,False
RN7SL673P,False
ENPP7P7,False
USP27X,False
Metazoa_SRP-21,True
MIR7843,False
SNORD115-13,False
MIR6842,False
TAF9,False
Metazoa_SRP-22,False
SDR42E1P4,False
Metazoa_SRP-23,False
SLC25A15P4,False
MIR6859-2,False
MIR8066,False
Metazoa_SRP-24,False
SLC20A1P2,False
PMS2P8,False
MIR6798,False
NOL12,False
CA15P2,False
MIR8068,False
Metazoa_SRP-25,False
Y_RNA-727,False
MIR6877,False
RN7SL722P,False
MIR6853,False
RN7SL733P,False
Metazoa_SRP-26,False
IGKV2-40,False
ENPP7P14,False
Y_RNA-728,False
Metazoa_SRP-27,False
GOLGA6L1,False
Metazoa_SRP-28,False
RN7SL106P,False
H3C8,False
Metazoa_SRP-29,False
SDR42E1P1,False
RBM17P2,False
Metazoa_SRP-30,False
ZFP91P1,False
Metazoa_SRP-31,False
RN7SL2,True
Metazoa_SRP-32,False
LINC01138,True
MIR3670-4,False
FAM27E3,False
MIR6813,False
FAM230J,False
Y_RNA-729,False
INO80B-WBP1,False
OR7E156P,False
MIR4727,False
MIR6507,False
RNA5SP534,False
MIR6724-2,False
U2-2,False
MIR6514,False
CASTOR2,False
RN7SL539P,False
Metazoa_SRP-33,False
SNORD1C,False
RNA5SP535,False
RN7SL787P,False
ABCB10P1,False
OR4M2,False
MIR6777,False
ALOX15P1,False
MIR6081,False
Y_RNA-730,False
MIR6774,False
Metazoa_SRP-34,False
FADS2B,False
SNX18P1Y,False
RNA5SP439,False
RN7SL585P,False
MIR8071-1,False
LINC02967,True
PRAMEF28P,False
NATD1,False
RBPJP2,False
H2AB1,False
RN7SL248P,False
FAM197Y4,False
U4-1,False
U2-3,False
Metazoa_SRP-35,False
ANTXRL,False
RNVU1-27,False
SOCS7,False
Metazoa_SRP-36,False
LINC03038,False
TBC1D3H,False
RNA5SP414,False
RN7SL818P,False
GGTLC3,False
MIR6728,False
SYNGAP1-AS1,False
MIR7702,False
SNORA73A,False
GAGE13,False
SPATA31E3P,False
MIR6069,False
Y_RNA-731,False
ADRA2B,False
H2BC6,True
MIR6864,False
7SK-3,False
MIR5088,False
SNORA71E,False
MIR6749,False
ZNF646P1,False
LINC02334,False
RPSAP73,False
ZNF658,False
RN7SL853P,False
FAM74A3,False
Metazoa_SRP-37,False
GRAMD4P4,False
LINC02804,False
TUBAP6,False
ADAMTS7P1,False
MIR6801,False
U6,False
TMEM269,False
MIR6885,False
TPTE,False
RNA5SP536,False
MIR6515,False
TBC1D3D,False
SEC22B2P,False
RN7SL196P,False
RNVU1-25,False
U2-4,False
C8orf89,True
U2-5,False
GUSBP7,False
Metazoa_SRP-38,False
LINC02930,False
MIR1273H,False
RNA5SP257,False
LINC01746,False
Y_RNA-732,False
RN7SL650P,False
Y_RNA-733,False
NPEPPSP1,False
MRPS17P5,False
MIR6832,False
ANKRD20A6P,False
Metazoa_SRP-39,False
Metazoa_SRP-40,False
TBC1D3L,False
Metazoa_SRP-41,False
FAM74A6,False
RCC1L,False
SEBOX,False
SNORD39-3,False
MIR223HG,False
SNORD28,False
MIR6889,False
CICP15,False
RN7SL545P,False
SPDYE10,False
ZYXP1,False
IGHV2-70,False
SNORA16A,True
FAM74A4,False
RNU2-1,False
DGKK,False
Metazoa_SRP-42,False
DUX4L24,False
RIMBP3B,False
PI4KAP1,False
Y_RNA-734,False
PCCA-DT,True
RNU6-866P,False
TBC1D3,False
NPEPPSP1-1,False
H4C6,False
MIR378J,False
MIR6867,False
CYP4F59P,False
RN7SL719P,False
SNORD109A,False
H2BC17,True
RN7SL625P,False
TBC1D3JP,False
LINC02371,False
Metazoa_SRP-43,False
RN7SKP236,False
RNA5SP526,False
MYO5BP1,False
Metazoa_SRP-44,False
MIR6761,False
Metazoa_SRP-45,False
Metazoa_SRP-46,False
MIR486-1,False
Metazoa_SRP-47,False
MIR7974,False
U4-2,False
CCL23,False
Metazoa_SRP-48,False
RN7SL627P,False
KRTAP7-1,False
H3C6,False
TRBV12-3,False
U2-6,False
RNA5SP527,False
PRAMEF27,True
MIR6128,False
Metazoa_SRP-49,False
FSIP2LP,False
Y_RNA-735,False
Metazoa_SRP-50,False
MIR6768,False
TBC1D3B,False
MIR6078,False
NPHP3-ACAD11,False
MIR6772,False
MIR6762,False
APONP,False
MIR7152,False
LINC01297,False
MIR6788,False
BALR6,False
Metazoa_SRP-51,False
MAFIP,False
Metazoa_SRP-52,False
RN7SL422P,False
Metazoa_SRP-53,False
U2-7,False
Metazoa_SRP-54,False
SEPTIN14P17,False
RNA5-8SN5,False
ZKSCAN2-DT,False
KMT2CP3,False
KRT89P,False
MIR7150,False
TBC1D3I,False
MIR8083,False
TEX28P1,False
RN7SL600P,False
Y_RNA-736,False
MIR6771,False
BSNDP2,False
MIR6735,False
RNU11,True
Y_RNA-737,False
PTCHD3P1,False
MIR6750,False
MIR6876,False
MIR8056,False
H2AC12,True
SNORA17A,False
MIR8052,False
ZNF280B,False
Y_RNA-738,False
ALOXE3P1,True
RN7SL166P,False
MIR6753,False
MLLT6,False
GXYLT1P4,False
HMGB1P24,False
RNU6-538P,False
TP53TG3E,False
MIR8086,False
Metazoa_SRP-55,False
SNORD25,False
BSNDP1,False
PPP4R3B,False
PPP1R26P3,False
SEPTIN7P15,False
PDE4DIPP5,False
SYNRG,False
MIR6825,False
U6-1,False
Metazoa_SRP-56,True
SNORD50B,False
NUDT18,False
SNORD91B,False
RN7SL296P,False
MIR6766,False
MIR6782,False
U7-2,False
MIR6504,False
ZNF2,False
GAGE2E,False
H4C13,False
SNORD116-22,False
RN7SL203P,False
PDE4DIPP2,False
RN7SL663P,False
SEC22B3P,False
MIR6888,False
SCARNA16,False
SNX18P5,True
CCL16,False
U3-45,False
TRBV12-5,False
RPL7AP45,False
MIR6814,False
MIR6815,False
FRG2MP,True
U6-2,False
LENG9,False
FAM9CP1,False
LINC02960,False
MIR6740,False
MIR6745,False
LINC02826,False
Metazoa_SRP-57,False
RNA5-8SN3,False
U2-8,False
H2AC15,False
Metazoa_SRP-58,False
LINC00547,False
RNU1-68P,False
RN7SL544P,False
MIR4734,False
FAM242F,False
TRBV16,False
MRPS31P1,False
MIR6511A1,False
U7-3,False
MIR6780A,False
Metazoa_SRP-59,False
RNVU1-26,False
Metazoa_SRP-60,False
LINC02340,True
CCL4,True
RNA5SP528,False
Metazoa_SRP-61,False
PDCD6IPP1,False
SPDYE19P,False
MIR5787,False
MIR8088,False
RN7SL680P,False
FGD5P1,False
PRAG1,False
MIR6503,False
Metazoa_SRP-62,False
LINC03043,False
MIR6868,False
Metazoa_SRP-63,False
MPHOSPH10P9,False
MIR6124,False
GUSBP19,False
MIR1299,False
H3C11,True
CCL18,False
MIR6770-3,False
FCGBP,True
U1-2,False
HNF1B,False
MIR6882,False
VN1R18P,False
MIR6862-1,False
MIR6859-3,False
PTGER4P2-CDK2AP2P2,False
MIR6085,False
MIR548O2,False
MIR7852,False
MIR6809,False
Metazoa_SRP-64,False
MIR6130,False
IGHV3-54,False
C17orf98,True
LINC01730,False
U7-4,False
H3P25,False
MIR6718,False
MIR6804,False
FAM236A,False
MIR6508,False
SNORD115-26,False
SNORD116-4,False
RNVU1-19,False
STPG3-AS1,False
ELOA3CP,False
RN7SKP175,False
SEPTIN7P12,False
GRIFIN,False
PDE4DIPP4,False
Metazoa_SRP-65,False
RN7SL341P,False
XKR5,False
VN1R7P,False
ANAPC1P5,False
DUX4L21,False
U2-9,False
FLJ16779,True
U1-3,False
U7-5,False
MIR6793,False
Metazoa_SRP-66,False
RBM22P6,False
MIR6851,False
MIR6796,False
RN7SL313P,False
SNORD112,False
H4C7,False
MIR6839,False
MIR6744,False
MIR8076,False
Metazoa_SRP-67,False
CCL15-CCL14,False
MT1IP,False
MIR6724-4,False
UBE2Q2P6,False
Metazoa_SRP-68,False
AATF,False
MIR3648-1,False
MIR6795,False
H2BC9,False
H3C1,False
CCL15,False
LYZL6,True
MIR6088,False
TRBV14,False
Y_RNA-739,False
IGHV3-79,False
5_8S_rRNA-1,False
ZNF516-DT,False
SLC2AXP1,False
MIR6505,False
OR4G6P,False
HNRNPCL2,False
RN7SL185P,False
OR7G15P,False
Metazoa_SRP-69,False
MIR8064,False
TRBV10-3,False
RIMBP3,False
EIF5P2,False
RN7SL736P,False
Metazoa_SRP-70,False
MIR8082,False
HTR1DP1,False
MIR6500,False
MIR6818,False
CHEK2P1,False
ARHGAP23,False
TUBGCP5,False
MIR6068,False
Metazoa_SRP-71,False
MIR941-5,False
LINC01742,False
Metazoa_SRP-72,False
MIR6720,False
MIR7975,False
MIR8054,False
PICSAR,False
5_8S_rRNA-2,False
RN7SL43P,False
Metazoa_SRP-73,False
IKBKGP1,False
PRSS2,False
U3-46,False
Metazoa_SRP-74,False
Y_RNA-740,False
NAPGP2,False
Metazoa_SRP-75,False
MIR6807,False
REXO1L11P,False
Y_RNA-741,False
7SK-4,False
MRPL57P3,False
EIF3FP1,False
MIR6724-1,False
YAP1P3,False
TBC1D3F,False
RN7SL210P,False
MIR6880,False
SPATA31A3,False
Metazoa_SRP-76,False
SPDYE11,False
Metazoa_SRP-77,False
Y_RNA-742,False
U1-4,False
SPACA7BP,True
RN7SL327P,False
SNORA24,False
SNORD27-1,False
Metazoa_SRP-78,False
REXO1L12P,False
RN7SL301P,False
DUSP14,True
RNU12,False
MIR4477A,False
RN7SL197P,False
RNA5SP440,False
SPATA31A7,False
UHRF1,False
ORAI1,False
DUX4L13,False
RN7SL711P,False
IGKV2OR2-10,False
STMN1P1,False
SLC23A4P,False
CCL4L2,False
MIR7156,False
MIR7976,False
CCL3L1,False
RN7SL620P,False
SNORA70-25,False
FAM230F,False
Metazoa_SRP-79,False
MIR6747,False
U4-3,False
THBS1-IT1,False
FUT8-AS1,False
OR13C2,False
Metazoa_SRP-80,False
MIR6855,False
MIR6133,False
U6-3,False
WHAMMP3,False
MIR548AY,False
MIR1264,False
GGTLC5P,False
SNORA17B,False
MIR5739,False
DUX4L20,False
RN7SL1,True
MIR6871,False
ELMO2P1,False
MIR6090,False
Y_RNA-743,False
H4C9,False
MIR6794,False
U6-4,False
Metazoa_SRP-81,False
RN7SL820P,False
Metazoa_SRP-82,False
ANKRD20A3P,False
LINC00226,False
Metazoa_SRP-83,False
MIR8057,False
PIK3R6,False
TADA2A,False
OR4E1,False
LINC02809,False
MIR6799,False
RN7SL126P,False
RBBP4P3,False
FRG1HP,False
PIP4K2B,True
RN7SKP251,False
MIR6511A3,False
SNORD107,False
OR8G7P,False
GTF2IP8,True
MIR8079,False
MIR2909,False
MIR6858,False
MIR668,False
Metazoa_SRP-84,False
Metazoa_SRP-85,False
MIR145,False
U3-47,False
H2AC14,False
U7-6,False
UBE2NL,False
CNTNAP3P2,False
Metazoa_SRP-86,False
LINC01879,False
FLJ36000,False
VN1R9P,False
MIR6835,False
TRBV13,False
CCL14,True
H2BC3,True
IGLL4P,False
FAM25C,False
RNA5SP529,False
FKBP4P8,False
LINC03025-1,False
LINC00540,True
MIR548AZ,False
MIR6829,False
Metazoa_SRP-87,False
BMS1P14,False
RN7SL462P,False
Metazoa_SRP-88,False
SNX19P4,False
Metazoa_SRP-89,False
REXO1L10P,False
RN7SL453P,False
PCDHGB9P,False
Y_RNA-744,False
PCDHGB5,False
HERC2P2,False
TRBV18,False
RN7SL565P,False
IGKV1D-13,False
Metazoa_SRP-90,False
MIR6895,False
MRPL30P1,True
RNU6-467P,False
MIR8055,False
SPATA31A5,False
MIR6737,False
RN7SL322P,False
PHB1P6,False
U2-10,False
TRBV11-3,False
MIR6893,False
RNA5SP411,False
RAB7B,False
Metazoa_SRP-91,False
SNORD64,False
MIR6499,False
7SK-5,False
MIR7154,False
MIR6769A,False
DACH1,False
Metazoa_SRP-92,False
KRTAP12-6P,False
RN7SL856P,False
MIR6083,False
Metazoa_SRP-93,False
IGKV1OR1-1,False
Y_RNA-745,False
TRAJ36,False
RNA5-8SN4,False
RPS29P32,False
CSPG4P10,False
U2-11,False
MIR7111,False
Metazoa_SRP-94,False
YWHAEP7,False
PRSS47P,False
Y_RNA-746,False
Metazoa_SRP-95,True
MIR7158,False
Metazoa_SRP-96,False
Metazoa_SRP-97,False
PADI6,False
MIR6821,False
KMT2CP2,False
RN7SL192P,False
Metazoa_SRP-98,False
MIR8073,False
MIR6752,False
MIR6780B,False
IGHV4-4,False
LINC02227,False
Metazoa_SRP-99,False
SNORD26,False
MRGPRX8P,False
Metazoa_SRP-100,False
TRBV15,False
Metazoa_SRP-101,False
MIR7159,False
MIR6730,False
CDRT15P6,False
MIR6127,False
Metazoa_SRP-102,False
PMS2P13,False
SNORD115-46,False
MIR6715A,False
5S_rRNA,False
MIR7151,False
MIR6729,False
5_8S_rRNA-3,False
MIR6074,False
Metazoa_SRP-103,False
RN7SL238P,False
RAB28P4,False
Y_RNA-747,False
H2AC16,False
DUX4L14,False
MIR7106,False
MIR8080,False
Metazoa_SRP-104,False
MIR6797,False
Y_RNA-748,False
PLCE1P1,False
MIR4509-1,False
GSTT4,True
TRBV12-4,False
Metazoa_SRP-105,False
RN7SL769P,False
MIR7848,False
DUX4L23,False
H4C5,True
HYDIN2,False
Metazoa_SRP-106,False
REXO1L2P,False
DUSP12P1,False
Metazoa_SRP-107,False
RNA5SP412,False
TEX28P2,False
TEX28P3,False
SUNO1,True
MIR3179-4,False
RMRP,True
RNU6-1192P,False
MIR8071-2,False
RN7SL796P,False
SNORA71-2,False
Metazoa_SRP-108,False
EEF1A1P42,False
RNA5SP530,True
Metazoa_SRP-109,False
MIR6763,False
GTF2IP1,False
MIR6779,False
HNRNPCL3,False
RN7SL88P,False
MIR8084,False
STAG3L2,False
MIR6131,False
H2AC8,True
PRSS3P3,False
RNU2-4P,False
CCL3-AS1,False
SNORD49B,False
ANKRD20A21P,False
Metazoa_SRP-110,False
MIR6089,False
PMS2P14,False
Metazoa_SRP-111,False
Metazoa_SRP-112,False
MIR6509,False
Metazoa_SRP-113,False
LINC00235,False
LINC00869,False
TYW1B,True
F8A3,False
TOMM40P1,True
H4C4,True
PIGW,False
Metazoa_SRP-114,False
GAPDHP41,False
SNORA9,False
SNORD22,False
PRODH-1,False
RN7SL270P,False
LINC01632,False
CCDC92B,False
MIR8063,False
RPPH1,False
SDR42E1P2,False
SPANXA2-OT1,False
H2BC7,False
GTSE1-DT,False
Metazoa_SRP-115,False
RNU1-5P,False
MIR3118-3,False
U2-12,False
MIR6784,False
Metazoa_SRP-116,False
CICP28,False
MIR7854,False
PCGF2,False
FAM74A7,False
MIR6833,False
RN7SL556P,False
LHX1-DT,False
DUX4L22,False
IGHV1OR21-1,False
LINC02881,False
RN7SL489P,False
ATP5F1AP10,True
Metazoa_SRP-117,False
7SK-6,False
GOLGA6L6,False
SPDYE20P,False
RNU6-489P,False
RNU1-6P,False
CICP25,False
NPAP1P7,False
SRCIN1,False
NEK2P1,False
SNORD49A,False
Metazoa_SRP-118,False
U1-5,False
MIR6724-3,False
Metazoa_SRP-119,False
MIR8058,False
MIR8053,False
MIR6881,False
Metazoa_SRP-120,False
GPR179,False
MIR6891,False
SEC22B4P,False
H2BP5,False
5S_rRNA-1,False
RNA5SP531,False
REXO1L6P,False
Y_RNA-749,False
REXO1L5P,False
KDM5DP1,False
MARCKS,False
Metazoa_SRP-121,False
LINC02338,True
CEBPB-AS1,False
RN7SL473P,False
Metazoa_SRP-122,False
ZNF670,False
RN7SL286P,False
RN7SL628P,False
Metazoa_SRP-123,False
MIR6894,False
MIR6165,False
PKD1L3,True
RN7SL321P,False
SAGE3P,False
5S_rRNA-2,False
GPIHBP1,True
SLCO4A1-AS2,False
MPHOSPH10P5,False
RN7SL802P,False
BSNDP3,False
Metazoa_SRP-124,False
SNORD65,False
OR52Q1P,False
RN7SL495P,False
OFD1P16Y,False
MIR8078,False
LINC03021-1,False
LINC01796,False
NF1P10,False
PNMA8C,True
MIR8077,False
ZNF630-AS1,False
OR13C5,True
GOLGA8IP,False
MIR6134,False
Metazoa_SRP-125,False
RN7SL428P,False
NEFL,False
MIR6806,False
MIR7845,False
RN7SL575P,True
Metazoa_SRP-126,False
Y_RNA-750,False
Metazoa_SRP-127,False
RNVU1-4,False
U6-5,False
Metazoa_SRP-128,False
Metazoa_SRP-129,False
PGM5P3-AS1,False
CCL3,False
Y_RNA-751,False
Metazoa_SRP-130,False
MIR8061,False
RN7SL469P,False
OR2W1-AS1,True
Metazoa_SRP-131,False
Metazoa_SRP-132,False
RNU1-153P,False
MIR6739,False
MIR6770-2,False
PGBD4P2,False
NBEAP5,False
MIR6856,False
U6-6,False
LINC02255,False
H3C5P,False
Metazoa_SRP-133,False
TRAC,False
5_8S_rRNA-4,False
Metazoa_SRP-134,False
GOLGA6L17P,False
H2AB3,False
U3-48,False
SYT15B,False
MIR6719,False
RN7SL261P,False
RBM22P4,False
Metazoa_SRP-135,False
RN7SL763P,False
H3C7,False
Y_RNA-752,False
PGM5P2,False
MIR6786,False
SNORD116-21,False
PSMB3,False
Metazoa_SRP-136,False
MIR6738,False
Y_RNA-753,False
MIR5701-2,False
MIR6811,False
SNORD30-1,True
LINC02391,False
H2AB2,False
PRAMEF34P,False
SCARNA15,False
GOLGA6L22,False
FAM230A,False
MIR6817,False
TRBV17,False
NLRP3P1,False
SNORA50C,False
MIR6846,False
MIR8081,False
U6-7,False
MIR6746,False
SRD5A2,False
MLECP1,False
Metazoa_SRP-137,False
U2-13,False
MIR7850,False
MIR8089,False
DDX6P2,False
RNVU1-28,False
MIR8067,False
Telomerase-vert,False
U6-8,False
OR52E5,False
MIR8075,False
RN7SL478P,False
SNORD3D,False
Metazoa_SRP-138,True
SENP3-EIF4A1,False
Metazoa_SRP-139,False
Metazoa_SRP-140,False
CISD3,False
CSTP2,False
SNORA67,False
U4-4,False
LINC02351,False
FAM30B,False
Metazoa_SRP-141,False
PPP1R26P4,False
SNORA70-26,False
RDM1,False
Y_RNA-754,False
TRBV7-9,False
MIR6731,False
MIR6076,False
FAM247B,False
U2-14,False
DDX52,False
TEX28,False
MIR6072,False
MIR6726,False
CT45A8,False
SNORD115-7,False
LUNAR1,False
MIR7973-1,False
RNVU1-2A,False
Metazoa_SRP-142,False
MIR8060,False
MIR6757,False
Metazoa_SRP-143,False
SUSD2P2,False
AQP7P5,False
SNORD116-28,False
RN7SL186P,False
ZNF8,False
U2-15,False
CLUHP11,False
P3R3URF-PIK3R3,True
NF1P7,False
TSC22D1-AS1,False
MIR8062,False
Metazoa_SRP-144,False
GLIDR,False
NF1P11,False
U6-9,False
RNA5-8SN1,False
SSTR3,False
IGLV2-8,False
LINC01971,True
MIR6857,False
CNTNAP3P5,False
LINC02139,False
MIR6511A2,False
RN7SL536P,False
MIR6783,False
PRICKLE4,True
Metazoa_SRP-145,False
RNA5-8SN2,False
U2-16,False
CKAP2-DT,False
RN7SL725P,False
SCARNA2,False
Metazoa_SRP-146,False
MYO19,False
SNORD1A,False
MIR6803,False
MIR6770-1,False
MIR6859-1,False
KMT2CP1,False
SNORA61,True
MIR6816,False
MIR7856,False
CT45A6,False
RFPL4AP6,False
5_8S_rRNA-5,False
TBC1D3C,False
GRAMD4P3,True
GGNBP2,False
H3P46,False
ZNF229,False
MIR6802,False
RNU6-156P,False
VWA8-AS1,False
MIR6862-2,False
Metazoa_SRP-147,False
MIR6754,False
MIR7155,False
U4-5,False
MIR6854,False
PMS2P2,False
MIR6512,False
MIR6819,False
RN7SL331P,False
MIR6070,False
MIR7849,False
MIR6781,False
MIR6892,False
CICP21,False
5S_rRNA-3,False
Metazoa_SRP-148,False
H2AC4,False
MIR6769B,False
Metazoa_SRP-149,False
IGHV3-41,False
ZBTB2P1,False
MIR8087,False
YRDCP1,False
RN7SL759P,False
NPAP1L,False
MIR6082,False
C17orf78,False
MIR6865,False
MIR7851,False
POTEB3,False
Y_RNA-755,False
MIR6810,False
RN7SL607P,False
SNORD22-1,False
MIR8070,False
CHMP1B2P,False
DHRS11,False
IGKV2OR2-8,False
ACACA,False
MIR6736,False
RNU6-368P,False
Metazoa_SRP-150,False
TMEM191B,False
PTPN20CP,False
Metazoa_SRP-151,False
NR2E3,False
MIR7161,False
MIR6080,False
DNM1P5,True
SNX3P1Y,False
H2BC10,False
ZACNP1,False
RN7SL113P,False
U2-17,False
MIR6077,False
MIR6775,False
TBC1D3E,False
RN7SL429P,False
ZNF426-DT,False
C11orf98,False
BEND3P3,False
MIR8074,False
MIR8069,False
MRM1,False
THBS1-AS1,False
U6-10,False
LINC02335,False
SOWAHCP5,False
Metazoa_SRP-152,False
H4C1,False
Metazoa_SRP-153,False
DUX4L15,False
CDK2AP2P1,False
MIR6826,False
TRAJ37,False
GOLGA6L10,False
DUX4L10,False
MIR8059,False
H2AC17,False
CYCSP41,False
IQCA1L,False
RN7SL82P,False
Metazoa_SRP-154,False
Metazoa_SRP-155,False
Metazoa_SRP-156,False
H4C2,True
NKILA,False
SNORD116-20,False
MCM8-AS1,False
Metazoa_SRP-157,False
Metazoa_SRP-158,False
MIR6859-4,False
RN7SL660P,False
MIR6722,False
U6-11,False
DUX4L11,False
FAM27B,False
Metazoa_SRP-159,False
BACE1-AS,False
Metazoa_SRP-160,False
RN7SL3,True
U2-18,False
MIR6071,False
Metazoa_SRP-161,False
DUX4L12,False
U6-12,False
Metazoa_SRP-162,False
MIR6823,False
PWWP4,False
LINC00624,False
Vault-3,False
Metazoa_SRP-163,False
RN7SL640P,False
H3C10,False
Metazoa_SRP-164,True
MRPL45,False
TP53TG3F,False
MIR6879,False
IGKV1D-12,False
OR51G1,False
PRO1804,False
OR2S2,False
BANCR,False
CEP83-DT,False
EPB41L4A-DT,False
SMG6-IT1,False
HEIH,False
OR10A6,False
OR51B2,False
C18orf15,False
PCDHB1-AS1,False
PWAR1,False
OR6Q1,False
AGAP14P,False
CDRT15P8,False
HEXD-IT1,False
SND1-IT1,False
LINC01727,False
LINC01670,False
OR10X1,False
OR8D2,False
IGSF3P1,False
LINC01451,False
PRAMEF13,False
TSTD3,False
CTBP2P9,False
PWAR5,False
SNX18P10,False
CMKLR2-AS,False
LINC02736,False
FAM223A,False
LINC02961,True
OR2L8,False
OR52R1,False
PRAL,True
OR2T11,False
NDUFAF2P1,False
RBM12B-AS1,True
OR5L1,False
OR4N4C,False
CDRT15P9,False
LINC00244,False
OR4N3BP,False
WASH9P,False
KLHL30-AS1,False
OR2AG1,False
OR4C16,False
FAM230C,False
LINC01666,False
C20orf181,False
DUX4L28,False
LINC00216,False
MAPT-IT1,False
AQP7P3,False
SNX18P12,False
SOWAHCP2,False
LINC02033,True
KMT5AP1,False
OR5D13,False
LINC00552,False
PPIAL4F,False
LINC02339,False
BCLAF1P2,False
PRAMEF18,False
LINC02906,False
NCOR1P4,False
LINC01126,False
FLJ42393,False
BIRC6-AS2,False
SLC7A2-IT1,False
LINC01651,False
DDX11L17,False
FLJ38576,False
OR8U3,False
LINC03032,False
CCDC28A-AS1,False
GABARAPL3-1,False
RPSAP68,False
RPL23AP61,False
OR51F1,False
DNM1P41,False
RN7SKP23,False
LINC02912,False
TBC1D22A-AS1,False
LINC01667,False
OR8B4,False
OR1B1,False
PLAC4,False
PCDH20,False
ZBTB7C-AS2,False
OR1S1,False
GGT4P,False
UCKL1-AS1,True
OR12D2,False
MTCO1P1,False
ACTR3BP6,False
PRAMEF26,False
FLJ30679,False
LINC02887,False
FRG1KP,False
ERICD,False
OR8K3,False
CTBP2P10,False
DUX4L25,False
LINC01726,True
LINC01101,False
IGHV1-69D,False
DUX4L2,False
SCARNA4,False
SNORA17B-1,False
SNORA16A-1,False
Metazoa_SRP-165,False
SALRNA2,False
ASAP1-IT2,False
LINC01374,False
LINC02342,False
LINC01348,False
BTG3-AS1,True
SCAANT1,False
PCAT14,False
THRIL,False
LINC02204,False
RNA5SP196,False
KCNIP4-IT1,False
CCDC163,True
LINC01242,False
SH3PXD2A-AS1,False
SNORD3E,False
HPAT5,True
LINC02203,False
JADRR,True
PCAT5,False
LINC01943,False
LINC00251,False
LINC01232,False
EIF1B-AS1,False
LINC01173,False
LINC00850,False
DUX4L1,False
LINC01202,False
JAKMIP2-AS1,False
PAGR1,False
LINC00294,False
DUX4L5,False
LINC00836,False
GSEC,False
CPS1-IT1,False
MIR325HG,False
ELDR,False
SNORA50D,False
CTSLP3,True
FOXCUT,False
LINC00628,False
CTBP1-AS,False
LINC01163,True
TTTY3B,False
RPS4Y2,False
MATR3-1,False
LINC00581,False
CCAT2,False
SNORD3D-1,False
LINC00921,False
N4BP2L2-IT2,False
DUX4L6,False
LINC01395,False
TRG-AS1,False
TMEM272,False
PTENP1-AS,False
SCHLAP1,True
MIR3651,False
LINC01127,True
NPTN-IT1,False
LINC00706,False
GHET1,False
LINC00934,False
LINC01097,False
SLFNL1-AS1,True
LINC00254,False
LINC02536,True
SALRNA3,True
LINC01338,True
LINC00997,False
HELLPAR,False
NF1P9,False
ARRDC3-AS1,True
RASSF1-AS1,False
INE2,False
ABALON,False
SEPTIN14P19,False
LINC00506,False
SCARNA4-1,False
SNHG4,False
LINC01176,False
BLACAT1,False
MIR548BB,False
PANDAR,True
TGFB2-OT1,False
PISRT1,False
LINC01955,False
CICP14,False
DNAJB5-DT,True
SEPSECS-AS1,True
LINC00895,False
LSINCT5,False
DBET,False
DUX4L3,False
SAMD12-AS1,False
EBLN3P,False
DUX4L7,False
LINC00538,False
RBM5-AS1,False
PACRG-AS1,False
MIR664A,False
LINC01012,False
ERC2-IT1,False
U3-49,False
DUX4L8,False
LINC01080,False
METTL14-DT,False
C2-AS1,True
LINC01230,True
LINC00550,False
snoZ196,False
LINC01394,True
HCP5B,False
LINC00602,False
MIR1291,False
LINC00891,False
SNORD38B-1,False
PAUPAR,True
GIMAP1-GIMAP5,False
LINC02246,False
HERC2P7,True
SNORA50A-1,False
LINC01144,False
TRBJ1-4,False
IGHV1-69-2,False
TMEM265,False
CICP19,False
IGHD3OR15-3B,False
HSP90AB4P,False
LINC02815,False
IGHV7-4-1,False
TRBJ1-3,False
OR4G3P,False
PEG13,False
TRBJ1-5,False
IGHD2OR15-2B,False
CYP3A51P,False
CYP3A7-CYP3A51P,False
DPRXP3,False
TRBJ1-1,False
MTND1P7,False
TEX13D,False
TRBJ1-2,False
TRBD1,False
WASH5P,False
TRBV25-1,False
FKBP1AP4,False
LINC01002,True
CLUHP10,False
IGHD3OR15-3A,False
FAM157D,False
FAM138F,False
IGHD2OR15-2A,False
IGHV3-69-1,False
ADORA3,True
MRPL57P8,False
IGHV3-64D,False
IGHV5-10-1,False
PGR-AS1,False
DUXB,False
TRBJ1-6,False
MALLP1,False
TEX13C,False
FRG1CP,False
FRG2EP,False
RHOXF1P2,False
BISPR,False
FRG1DP,False
C1orf232,False
TMEM275,False
PTMAP12,False
DUX4L33,False
DUX4L35,False
LINC02746,True
CFTRP2,False
RHOXF1P3,False
DUX4L34,False
TRBV7-2,False
PCMTD1P7,False
PRNCR1,False
AGGF1P10,False
LINC02034,False
PCBP2-OT1,False
PDCL3P2,False
FRG1EP,False
MPP7-DT,True
LINC02635,False
CDC27P3,True
ATP5MC1P2,False
DUX4L37,False
FRG1GP,False
LINC01988,True
KLF18,True
FRG1FP,False
GTF2IP12,False
LINC01668,False
LINC02456,False
TRBV6-2,False
DUX4L32,False
LBHD2,False
LINC02498,False
CENPVL2,False
BMS1P21,True
MGC4859,False
HYMAI,False
RARRES2P11,False
MIR1297,False
MTND2P41,False
KMT2CP4,True
U6-13,False
LINC02666,True
MIR548AU,False
MIR3120,False
IQCJ-SCHIP1,False
MIR665,False
MIR4521,False
MIR203B,False
MIR382,False
MIR548D1,False
MTCO1P38,False
MIR6767,False
MIR2052,False
MIR1243,False
IGHVII-43-1,False
C13orf46,False
MIR1206,False
MIR1246,False
MIR4434,False
MIR941-1,False
MIR1255B1,False
MIR1322,False
MIR642B,False
LINC02537,False
MIR302F,False
MIR4433A,False
MIR3199-2,False
SPRR5,False
CYP2C23P,False
MIR550B1,False
MIR1245B,False
KBTBD11-OT1-1,True
MIR384,False
MEP1AP1,False
CCDC201,True
U6-14,False
U6-15,False
U6-16,False
FAM237B,False
TEX54,False
MALLP2,False
U6-17,False
5_8S_rRNA-6,False
MIR4275,False
MIR3914-2,False
MIR376C,False
MIR7978,False
SMIM33,True
MIR524,False
U6-18,False
5_8S_rRNA-7,False
RN7SK,False
MIR4256,False
TEX52,False
MIR4272,False
U6-19,False
MIR4520-2,False
LINC02183,False
OR5AK4P,False
MTND6P29,False
U6-20,False
LINC02357,False
MIR103B2,False
CTXND2,False
MIR6860,False
MIR6841,False
FAM240B,False
MIR518D,False
MIR7977,False
MIR4536-1,False
MIR219B,False
U6-21,False
MIR3119-1,False
NBPF13P,False
MIR4320,False
MPHOSPH10P3,False
MIR6511B2,False
PFN5P,False
MIR3910-2,False
MIR3977,False
CFAP97D2,False
MIR451B,False
NCOA5LP,False
U6-22,False
U6-23,False
CNTNAP3C,False
MIR3688-2,False
MIR4524A,False
MIR4659B,False
Metazoa_SRP-166,False
MIR7515,False
MIR548A1HG,True
MIR3662,False
U6-24,False
U6-25,False
MIR1910,False
U6-26,False
MIR6874,False
MIR4278,False
LINC02452,True
SMBD1P,True
CCDC195,False
MIR1244-3,False
U6-27,False
RNA5SP532,False
CSNKA2IP,False
MIR1321,False
LINC01958,False
Metazoa_SRP-167,False
SPEM3,False
LINC01260,False
MIR499B,False
U4-6,False
ZNF285DP,False
GPR141BP,False
MIR486-2,False
PRIM2BP,False
MIR523,False
MTND1P37,False
MIR550B2,False
HSFX4,False
MIR4454,False
MIR3130-1,False
MIR6863,False
FAM240A,False
MIR6828,False
MIR1244-4,False
MIR1279,False
MIR6079,False
MTND4LP32,False
MIR3529,False
MIR4501,False
U6-28,False
MIR518C,False
MIR7153,False
MIR6086,False
ZNF511-PRAP1,False
MIR3160-2,False
MIR1244-2,False
U6-29,False
U6-30,False
LINC01902,False
MIR5681B,False
MIR7157,False
MIR1302-1,False
U6-31,False
MIR941-3,False
MIR3975,False
LITAFD,True
LINC02775,False
U2-19,False
MIR3150A,False
MIR3926-2,False
OR11J7P,False
PRRT1B,True
U6-32,False
TCAF2C,False
MIR4317,False
MIR374C,False
MIR520F,False
OASL2P,False
U6-33,False
MTATP6P8,False
MIR2054,False
SNORD98,False
LINC02341,True
U2-20,False
MIR376B,False
MIR3158-2,False
MIR376A2,False
IGHVIII-44,False
U6-34,False
C19orf85,False
5_8S_rRNA-8,False
MIR4773-2,False
MIR4251,False
U6-35,False
MTND5P42,False
SULT6B2P,False
GKN3P,True
MIR376A1,False
MIR4430,False
Y_RNA-756,False
FAM236C,False
FAM169BP,False
MIR1295B,False
MS4A19P,False
MIR4302,False
MIR338,False
OR4C48P,False
IGHVII-30-21,False
MIR4662A,False
TMEM274P,False
MIR103B1,False
CUPIN1P,False
MIR7973-2,False
MIR924,False
MIR5683,False
MIR6759,False
MIR4328,False
MTATP6P10,False
EXOC3L2,False
MIR3155B,False
Metazoa_SRP-168,False
MIR4776-2,False
MIR9500,False
ETDC,False
MIR5583-2,False
LINC02009,True
CIROP,False
MIR4483,False
MIR4679-1,False
MIR3974,False
U6-36,False
CD200LP,False
MIR4678,False
MIR4531,False
MIR5087,False
MIR3913-2,False
MIR6830,False
OR11K1P,False
MIR548AH,False
MYOCOS,True
MIR522,False
MIR6715B,False
MIR3116-2,False
Y_RNA-757,False
MIR3202-2,False
HSFX3,False
VINAC1P,False
MIR4481,False
MIR555,False
VSIG10L2,False
MIR92A1,False
PRSS50,False
FAM238C,False
MIR1204,False
MIR6727,False
MIR6831,False
MIR6884,False
MIR6732,False
MIR5193,False
MIR7108,False
MIR146A,False
MIR4785,False
MIR484,False
TAF11L11,False
MIR6755,False
MIR196B,False
MIR4781,False
MIR452,False
CPHXL,False
PMIS2,False
MIR614,False
MIR20A,False
MIR6850,False
MIR1178,False
MIR6849,False
MIR6778,False
MIR632,False
MIR4329,False
TAF11L13,False
MIR622,False
MIR15A,False
PRR33,False
MIR936,False
MIR7846,False
MIR612,False
MIR4453,False
MIR6861,False
MIR4426,False
MIR6510,False
MIR29B1,False
MIR630,False
MIR1182,False
MIR1302-11,False
MIR3198-2,False
MIR636,False
MIR4485,False
MIR18A,False
MIR7844,False
MIR144,False
MIR6875,False
MIR639,False
MIR22,False
MIR378I,False
MIR6734,False
MIR6764,False
MIR4751,False
MIR214,False
MIR4721,False
MIR6872,False
MIR4738,False
MIR7703,False
MIR1247,False
MIR3674,False
MIR3960,False
MTND3P18,False
MIR1307,False
MIR130B,False
SSU72P4,False
MIR3911,False
MIR4260,False
MTND6P35,False
MIR7704,False
MIR3916,False
MIR3714,False
MIR1469,False
MIR628,False
MIR1324,False
MIR761,False
TPTEP2-CSNK1E,False
MIR155,False
IGHV4-80,False
MIR6743,False
MIR1302-9,False
MIR6132,False
MIR192,False
MIR133A1,False
MIR637,False
MIR5010,False
PLD5P1,False
MIR18B,False
MIR6878,False
MIR423,False
MIR3658,False
MIR3917,False
MTND3P15,False
MIR600,False
MIR4709,False
LINC00032,False
IGHVIII-16-1,False
MIR6791,False
MIR3610,False
MIR1248,False
TAF11L8,False
MIR6838,False
MIR4442,False
FAM247A,False
MIR365B,False
GNG14,False
TAF11L9,False
MIRLET7A3,False
SLURP2,False
MIR492,False
MIR4458,False
MIR6084,False
MIR6511B1,False
MIR675,False
MIR6502,False
MIR6840,False
MIR1281,False
SSU72P5,False
MIR4697,False
MSANTD7,False
MIR497,False
MIR4468,False
MIR6805,False
MIR4761,False
MIR29A,False
MIR5196,False
MIR5187,False
MIR10A,False
MIR296,False
TAF11L6,False
MIR20B,False
MIR6836,False
MIR650,False
MIR7112,False
MIR4315-1,False
MIR5572,False
MIR4469,False
MIR6834,False
MIR6887,False
MIR6837,False
MIR4758,False
SNORD138,False
MIR4775,False
MIR1199,False
MIR7109,False
AOX3P-AOX2P,False
MIR4732,False
MIR6844,False
MIR5703,False
MIR6073,False
MIR19B2,False
MIR611,False
MIR195,False
MIR6800,False
MIR6883,False
MIR4707,False
MIR198,False
MIR6717,False
MIR1825,False
MIR6789,False
TUBA3FP,False
MIR568,False
MIR3654,False
ATP6V0CP4,False
MIR1234,False
MIR3618,False
MIR6845,False
MIR4700,False
MIR6866,False
MIR922,False
MIR3150B,False
MIR6756,False
MIR4784,False
MIR6758,False
MIR3605,False
MIR194-2,False
MIR106A,False
MIR6822,False
MIR3940,False
MIR7706,False
MIR4523,False
MIR3620,False
MTATP6P5,False
MIR4315-2,False
MIR6513,False
MIR4763,False
MIR5090,False
MIR7-1,False
MIR3606,False
MIR143,False
MIR6506,False
MIR219A2,False
MIR3615,False
MIR21,False
MIR671,False
MIR1257,False
SCO2,False
MIR6852,False
MIR658,False
MIR6847,False
MIR137,False
MIR29B2,False
MIR19A,False
MIR29C,False
MIR1909,False
MIR202,False
MIR937,False
MIR6848,False
MIR424,False
TAF11L5,False
LINC02767,False
MIR1539,False
LINC02801,True
MIR6716,False
MIR2682,False
MIR6516,False
MIR711,False
MIR4444-1,False
MIR1973,False
MIR5004,False
MIR8085,False
MIR6773,False
MIR4657,False
MIR4683,False
MIR4534,False
MIR1181,False
MIR7855,False
MIR4321,False
MIR4800,False
MIR7162,False
MIR6843,False
TAF11L4,False
MIR4712,False
MIR718,False
MIR378D2,False
MIR6820,False
MTCO2P10,False
MIR7113,False
MIR3179-1,False
SSU72P2,False
C2orf81,True
MIR939,False
MIR6742,False
MIR7114,False
MIR124-1,False
MIR3175,False
MIR3655,False
MIR9-3,False
MIR4741,False
MIR1302-2,False
MIR4651,False
MIR2277,False
MIR631,False
MIR2117,False
MIR940,False
MIR3622A,False
MIR142,False
TAF11L10,False
MIR34A,False
MIR6125,False
MIR4745,False
MIR519A2,False
MIR224,False
MIR6824,False
MIR5047,False
MIR4640,False
MIR6808,False
TAF11L2,False
MIR19B1,False
MIR1244-1,False
MIR4313,False
MIR147B,False
MIR24-2,False
MIR4496,False
MIR4750,False
PERCC1,True
MIR3184,False
MIR7107,False
MIR5001,False
MIR6733,False
MIR3191,False
MIR4649,False
MIR1287,False
MIR1908,False
MIR663A,False
MIR7110,False
MIR4724,False
MIR8072,False
MIR4647,False
MIR1914,False
MIR4691,False
MIR6869,False
SSU72P7,False
TAF11L3,False
MIR122,False
MIR2110,False
MIR197,False
MIR1236,False
MIR9-2,False
MIR6501,False
MIR664B,False
MIR1-2,False
MIR1304,False
MIR24-1,False
MIR302B,False
MIR1306,False
TAF11L7,False
MIR6721,False
MIR4720,False
SMIM39,False
MIR1292,False
MIR4680,False
CPHXL2,False
MIR205,False
MIR6890,False
MIR6751,False
THSD8,True
MIR564,False
MIR363,False
MIR3652,False
LYNX1-SLURP2,False
MIR133A2,False
VAMP9P,True
MIR6873,False
MIR4658,False
MIR6741,False
MIRLET7B,False
MIR4687,False
MIR4723,False
MIR6748,False
MIR17,False
MIR92A2,False
MIR4517,False
MIR3614,False
LINC01226,False
MIR330,False
SSU72P3,False
MIR2861,False
hsa-mir-8069-1,False
MIR6886,False
MIR1302-10,False
MIR3064,False
MIR451A,False
MIR223,False
MIR371B,False
MIR7705,False
MIR6787,False
MIR4793,False
MIR935,False
MIR5006,False
MIR4722,False
MIR92B,False
MIR943,False
MIR7847,False
MIR6785,False
MIR4467,False
ENPP7P15,False
OR8B3,True
SCYGR10,False
LINC02786,False
SCYGR1,False
SCYGR4,False
SCYGR8,False
SMIM44,False
SCYGR2,True
OR4F16,False
SCYGR5,False
LINC02780,False
RPSAP56,False
LINC02781,False
LINC02811,False
OR8B2,False
BTN1A1P1,False
OR7E84P,False
CD300H,True
LINC02606,False
LINC02808,False
TMEM247,False
SCYGR3,False
SMIM38,True
SCYGR7,False
OR8S1,False
SCYGR6,False
TMDD1,False
OR4F29,False
RNA5SP343,True
OR11P1P,False
EEF1AKMT4,False
TBCE,False
SMIM41,True
FAM91A2P,True
TOMT,False
LINC02359,False
CCDC39,False
OOSP1,False
KRT88P,False
OR4H6P,False
EEF1AKMT4-ECE2,False
LRTOMT,False
UPK3BL2,False
LINC02203-1,False
OOSP4A,True
SLC7A14-AS1,True
TBCE-1,True
ARHGAP11B,False
LINC01488,False
OR4H6BP,False
PIGY-DT,False
OR4Q1P,False
THSD1P1,False
LINC02795,True
HULC,False
RALY-AS1,False
OOSP3,False
PRSS52P,False
DINOL,False
TFAP2A-AS2,False
ABCF2-H2BK1,False
LINC00842,False
LINC02478,False
OR11J6P,False
GABPB1-IT1,False
PDGFRL2P,False
SOD2-OT1,False
POLR2J3-1,True
TUSC2P2,False
LINC02792,False
DHRS4L1-1,False
TUSC2P1,False
OR4M2-OT1,False
H2BK1,False
OR1Q1BP,False
MKKS-1,False
TBCEL-TECTA,False
LINC02788,False
RELA-DT,True
LINC02838,False
OR7E11P,False
LINC02929,False
LINC02988,False
LINC02856,False
FAM90A9,False
5S_rRNA-4,False
FAM90A16,False
5S_rRNA-5,False
FAM90A19,False
FAM245B,False
TOP1P1,False
5S_rRNA-6,False
LINC02834,False
FAM90A22,False
LINC02835,False
FAM90A17,False
MKKS-2,False
LINC02717,False
LINC02680,True
CDC42-AS1,True
LCEP3,False
FAM90A23,False
LINC02849,False
SAMD4A-AS1,True
5S_rRNA-7,False
ANAPC1P2-1,False
LINC02797,False
FAM90A14,False
GET1-SH3BGR,False
LINC02793,False
CCDC15-DT,False
SCYGR9,False
KCNQ5-DT,False
LINC02852,False
LINC02858,False
MSANTD5,True
BMP8B-AS1,False
5S_rRNA-8,False
FAM90A18,False
FAM90A8,False
H2AL1MP,False
LCE7A,False
FAM90A10,False
NIPBL-DT,False
CERNA2,True
FAM90A7,False
LINC02689,True
H2AQ1P,False
NBEAP6,False
SPDYE15,False
NOTCH2NLB,True
LINC02822,False
FAM246C,False
PCSEAT,False
MIR34BHG,False
SPDYE13,False
LCAL1,True
MAGEA6-DT,False
ASDURF,False
RCAN3AS,False
SAGSIN1,False
SPEGNB,False
GPC3-AS1,False
FAM246A,False
TMEM217B,False
NOTCH2NLR,False
LINC02964,True
SPDYE14,False
DERPC,False
BMS1P23,False
RNVU1-8,False
FAM246B,False
CPLANE1-AS1,False
COPG2IT1,False
LINC00279,False
NOTCH2NLC,False
ARMCX5-GPRASP2-1,False
OR4F8BP,False
NHIP,False
H3C2,True
PARTICL,False
ZBTB7C-AS1,False
LINC02885,False
MAP3K5-AS2,False
PRSS43P,False
ACTBP4,False
LINC02348,True
LINC01622,True
SMIM40,False
MICB-DT,False
LINC02946,False
CDRT15P4,False
H3C3,True
ACAD9-DT,False
LINC02993,False
LINCADL,False
C2orf27A,False
THCAT155,False
HPS1-AS1,False
CNTNAP3P7,False
GUCA1ANB,False
MAGEA3-DT,False
RENO1,False
HERC3-1,False
PTCSC1,False
LINC03026,False
DHX9-AS1,False
FAM242B,False
EBF3-AS1,False
FAM106C,False
ZNF75CP,False
ANKRD33BP3,False
SMIM42,False
DYNAPP3,False
C3orf36,False
DUS4L-BCAP29,False
ZCCHC14-DT,True
LINC01949,False
C8orf44,False
5S_rRNA-9,False
C8orf44-SGK3,False
SNORA74C-2,False
ELOA3BP,False
NPBWR1,False
ELOA3DP,False
PDCD6-AHRR,True
ELOA3P,False
LNCDAT,True
CDR1,True
ACTL10,False
PANO1,False
HRURF,True
PRRC2B,False
UGT1A3,False
UGT1A5,False
F8A2,False
F8A1,False
CTAGE4,False
H2AC18,False
H2AC19,False
ARHGAP11A-SCG5,False
PPIAL4C,False
SMANTIS,False
LSP1P5,True
RPSAP58,False
LINC01530,False
LINC02256-1,False
ZNF496-DT,False
LINC01512,False
PPIAL4D,False
COX8BP,False
CTAGE8,False
IUR1,False
XNDC1N-ZNF705EP-ALG1L9P,False
XNDC1CP,False
PYDC5,False
FAM153B,False
TALAM1,True
TARP,False
SMIM46,False
FAM95A,False
LINC03024,False
NOX5-1,False
HOMEZ,False
H2BN1,False
FAM197Y5-1,False
RBMY2FP-1,False
FGD5P1-1,False
DDX11L16-1,False
GOLGA8DP-1,False
TTTY23B-1,False
FAM197Y4-1,False
FAM86EP-1,False
HERC2P3-1,False
TTTY11-1,False
ZNF876P-1,False
SORD2P-1,False
CST13P-1,False
ASNSP1-1,False
GRM5P1-1,False
HSFY1P1-1,False
NCOR1P1-1,False
TPTEP1-1,True
TBC1D3P5-1,False
PI4KAP1-1,False
HSD17B7P2-1,False
FAM238A-1,False
CCNYL2-1,False
FAM197Y9-1,False
CYP4Z2P-1,False
CYP4F35P-1,False
SUGT1P3-1,True
GUSBP2-1,False
AP1B1P1-1,False
LINC03003-1,True
FOLH1B-1,False
GBP1P1-1,False
CYP4F29P-1,False
INTS4P1-1,False
ADCY10P1-1,True
LINC00680-1,False
PGBP-1,False
ATP8B5P-1,True
GOLGA2P5-1,False
TAAR3P-1,False
GOLGA2P9-1,False
CEACAM22P-1,True
FMO9P-1,False
FAM197Y3-1,False
PRSS40B-1,False
CYP2G1P-1,True
LPAL2-1,True
PRSS40A-1,False
RAB6C-AS1-1,True
CDRT15P3-1,False
CXXC1P1-1,False
OR51H1-1,False
MT1JP-1,False
PYY2-1,False
PPY2P-1,False
SERPINA13P-1,False
ECEL1P2-1,False
STAG3L5P-1,False
OR2W5P-1,False
ZNF286B-1,False
STRCP1-1,False
POM121L9P-1,False
CYP4F30P-1,True
FAM238C-1,True
MED15P9-1,False
SSX9P-1,False
HLA-V-1,False
DSTNP2-1,False
FRG2KP-1,False
TTTY9A,False
FAM95B1-1,False
ZNF542P-1,False
WDR87BP-1,False
ULK4P2-1,False
XKRY-1,False
XKRY2-1,False
ALMS1P1-1,True
URAHP-1,False
SAA3P-1,False
SLC25A51P4-1,False
CA5BP1-1,False
TCP10L3-1,False
CTSL3P-1,False
UBE2Q2P13-1,False
SDHAP1-1,False
CHIAP2-1,False
MFSD14CP-1,True
FAM25E-1,False
CFL1P1-1,True
ADAM20P1-1,False
SULT1C2P1-1,False
C2orf83-1,True
TBC1D3P2-1,False
YWHAEP7-1,False
NXF4-1,False
DDX11L16-2,False
DDX11L2-1,False
NSUN5P2-1,False
PMCHL2-1,False
LRRC37A5P-1,False
NCF1B-1,False
XGY2,False
CROCCP3-1,False
ADAM6-1,False
PRAMENP-1,False
CHEK2P2-1,False
CCT6P3-1,False
KRT42P-1,False
NMRAL2P-1,False
BIRC6-AS2-1,False
RRN3P3-1,False
OTOAP1-1,False
LINC01145-1,False
CSAG4-1,False
KMT2CP1-1,False
GTF2IP1-1,False
LINC03009-1,False
CTSLP2-1,True
GLUD1P2-1,False
ROCK1P1-1,True
HLA-DRB6-1,True
PCDHB18P-1,False
AGAP12P-1,False
PDE4DIPP4-1,False
PPBPP2-1,False
HERC2P7-1,False
KLKP1-1,True
RAET1K-1,False
METTL21EP-1,False
UBBP4-1,False
PGM5P2-1,False
LRRC37A11P-1,False
LINC03006-1,False
OR7E91P-1,False
BPIFA4P-1,False
ABCC6P2-1,False
UBE2Q2P2-1,False
FAM21EP-1,False
TRPC2-1,False
OR7E47P-1,False
KRT87P-1,False
ANKRD20A5P-1,False
SLC6A10P-1,False
ZNF781-1,False
FAM86C2P-1,False
DEFB122-1,False
ULK4P3-1,False
GOLGA8IP-1,False
NBPF25P-1,False
MRPS31P5-1,False
FLJ43315,False
CLCA3P-1,False
GOLGA2P2Y-1,False
AACSP1-1,False
ULK4P1-1,False
UBE2Q2P1-1,False
LINC00933-1,False
FKBP9P1-1,False
BCORP1-1,False
TXLNGY-1,False
RRP7BP-1,True
CD99P1-1,False
GLUD1P3-1,True
FAM86B3P-1,False
TEKT4P2-1,False
ABCC13-1,False
CATSPER2P1-1,False
SEPTIN7P9-1,False
ABCC6P1-1,False
CLEC4OP-1,False
RPL23AP7-1,False
BMS1P1-1,False
AOC4P-1,False
FAM86JP-1,False
CROCCP2-1,False
CCDC144NL-1,False
AADACP1-1,False
ZNF252P-1,False
HERC2P9-1,False
CYP2B7P-1,False
ALOX12P2-1,True
TMEM191A-1,False
LGALS17A,False
CRYBB2P1-1,False
NPEPPSP1-2,True
CCDC144BP-1,False
SDHAP4-1,False
PMS2P3-1,False
SVIL-AS1-1,False
HLA-L-1,False
GUSBP1-1,True
MPHOSPH10P1-1,True
BTN2A3P-1,False
LINC00888-1,False
SEPTIN7P11-1,False
CES1P1-1,False
TRIM16L-1,False
SIGLEC17P-1,False
ZNF300P1-1,False
PLAC9P1-1,False
ZNF767P-1,False
DPY19L2P4-1,False
MRPL45P2,False
CASTOR3P-1,False
H2BP1-1,False
ANKRD36BP2-1,False
APOC1P1-1,False
PPIEL-1,True
WASH2P-1,False
FCGR1BP-1,False
GBAP1-1,False
DPY19L2P2-1,False
AMZ2P1-1,False
EMBP1-1,False
PPP5D1P-1,False
RP9P-1,False
AZGP1P1-1,False
LSP1P5-1,False
NSUN5P1-1,False
SBDSP1-1,True
STAG3L4-1,False
PMS2P4-1,False
CT75-1,False
LINC00869-1,False
C3P1-1,False
SPATA31D5P-1,False
CASP4LP-1,False
LINC00032-1,False
A2MP1-1,False
OR4F13P-1,False
ANKRD18DP-1,False
KRT16P3-1,False
RHOXF1P1-1,False
GTF2IRD1P1-1,True
DPY19L2P3-1,False
LINC01347-1,False
FAM86DP-1,False
SOD2,True
SMG1P7-1,True
SMG1P5-1,False
ANKRD20A11P-1,True
COL6A4P1-1,False
PRSS30P-1,False
POLGARF,True
LY6S,False
TMEM276,False
