,18β-Glycyrrhetinic acid,5-Fluorouracil,8-Hydroxyquinoline,AT7519,AZD-8055,AZD2858,Abiraterone acetate,Acetohexamide,Aliskiren,Alpelisib,Altretamine,Amsacrine,Aprepitant,Belumosudil,Bendamustine,Bergenin,Bexarotene,Binimetinib,Bortezomib,Bosentan (hydrate),Brivudine,Budesonide,Canagliflozin,Capivasertib,Capmatinib,Captopril,Celecoxib,Ciclopirox,Cilostazol,Clobetasol propionate,Clofarabine,Clotrimazole,Dabrafenib,Daidzin,Dapagliflozin,Digitoxin,Drospirenone,EX229,Encorafenib,Erdafitinib,Erythromycin,Fenofibrate,Filgotinib,Finasteride,Fluvoxamine (maleate),Gallic acid,Gemfibrozil,Glasdegib,Hexylresorcinol,Homoharringtonine,Idoxuridine,Infigratinib,Ipatasertib,Irinotecan,Ixazomib,LY-2584702 (tosylate salt),LY2090314,Larotrectinib sulfate,Lopinavir,MK-3903,Macitentan,Mebendazole,Medroxyprogesterone acetate,Menadione,Methotrexate,Mifepristone,Mozavaptan,Neratinib,Nevirapine,OTS514,Olanzapine,Omeprazole,Orlistat,PF-06260933,PH-797804,Paclitaxel,Pemetrexed,Pentagastrin,Pentamidine (isethionate),Pimozide,Ponatinib,Posaconazole,Pravastatin (sodium),Ralimetinib dimesylate,Raltitrexed,Rapamycin,Regorafenib,Relugolix,Retinoic acid,Ribociclib,Ritonavir,Rosiglitazone,Rucaparib (phosphate),Sapanisertib,Silodosin,Sonidegib,Sulfisoxazole,TAK-733,Tadalafil,Terfenadine,Tofacitinib,Tolcapone,Tomivosertib,Torkinib,Trametinib (DMSO_TF solvate),Tranilast,Triclosan,Trimetrexate,Valdecoxib,Vemurafenib,Vinblastine (sulfate),Vismodegib,Voriconazole,Vortioxetine,Zileuton,olaparib,palbociclib,venetoclax,Idarubicin (hydrochloride)
Nuc_AreaShape_BoundingBoxArea,-0.009029667,-0.29807296,1.6832482,10.118523,-2.5258484,1.5693455,-0.23445284,-0.021032551,-0.10446429,-0.84696865,0.34291932,1.2993575,-0.8788231,-1.6241193,5.9519515,-0.036542114,0.55075365,0.1941949,-2.2553964,0.38889852,0.38671973,3.3838997,-0.22993428,-1.714591,0.01773522,-0.067568034,-0.79286104,3.3066933,0.09997923,-0.5447301,3.363822,0.16591187,1.4851003,0.0667234,-0.17343445,9.5887785,0.36116704,-0.9736929,-3.693477,-4.970537,-0.10879487,-0.09831443,6.6649356,0.034783065,-0.68613,0.16368593,0.27636194,-0.0273468,-0.26910806,5.1737647,-0.45362675,-1.3801998,-0.8649273,2.1079466,-0.2590312,-0.5519932,3.4240055,0.18615037,-0.6698765,-1.7700752,-0.19950366,4.1141143,0.36586964,0.6838003,2.9368775,-1.2163583,6.422874,-1.3464977,-0.055544745,5.216289,-0.3621815,0.06574649,-0.8388762,-0.98488516,0.23022054,6.368023,1.2622204,-0.33415225,-0.18385671,-3.838153,-5.335631,-2.2420652,0.09819595,-2.1523128,1.9015661,-0.63192254,3.4457476,-0.08417412,1.4568763,-1.5785657,-0.11519576,-0.36717615,2.1074119,-3.7164109,0.8606412,-0.8799262,0.069393575,-0.6385769,0.17736651,-2.7606838,-0.35584554,0.51140386,-0.51390535,-3.8902245,-0.36009407,0.07306073,-0.5453742,3.309789,-0.070991784,-1.734784,2.4427054,0.0298089,-1.9113222e-05,-5.1015744,-0.0046876767,3.0479152,0.31783128,-0.8256879,-2.191754
Nuc_AreaShape_Compactness,0.06848815,-1.8001356,0.07404994,5.2568393,-1.0986934,5.9792647,-0.5087959,0.28887552,0.089133345,0.89339095,0.19874118,1.8129588,-1.2248211,-1.0451312,-0.035362948,0.2475251,-0.48573616,1.3604326,-4.0696464,-0.017892055,0.09161854,2.9212132,-0.6653753,-0.5739311,-0.67020947,0.011837925,-1.380979,-2.6301482,-0.8405459,-0.3389511,-2.7935362,-0.84299755,2.533756,0.26533422,-0.030428594,6.561054,0.028952679,-1.8172861,1.6051798,-2.132823,0.03287354,0.10047471,0.9753882,-1.3371123,0.72563314,-0.1479047,-0.2487997,-0.41876277,-0.31873623,3.9532363,-0.7437137,1.2563084,0.15835313,-2.9439802,-3.950506,0.04794095,0.3416579,0.26525626,-0.071911246,-2.938694,-0.6166262,-4.348435,-0.48939872,-1.1597131,0.5681992,-0.5828865,10.381354,3.8302147,0.124117814,4.2709494,0.016343778,-0.15416616,-0.10985836,0.9735263,-1.2009665,10.488238,-0.26221907,-0.10771092,-1.2229818,-1.1651397,-4.6692066,-1.3320365,0.36702088,0.5910416,-1.5882626,-1.381133,3.3444872,0.119075745,1.1381044,-1.7869982,0.7023323,-0.39279,-0.56329715,0.9781235,-0.2914221,-0.52546287,0.40690136,1.4065317,0.43817592,-2.5256329,0.1252001,0.3618439,-0.3031398,-0.5393714,1.840073,0.3266113,-1.1895119,0.20320638,-0.08417553,-1.8847765,-4.2169824,0.2980516,0.30089417,-3.4512622,0.2446549,-0.9870815,-0.27454534,-0.6576243,6.2980847
Nuc_AreaShape_Eccentricity,0.053403184,-0.92442435,-0.48544708,1.7765789,0.23977463,2.104206,-0.2695808,-0.01768279,-0.06439149,0.7689908,-0.12315794,-1.1952927,-1.6971701,-1.0906929,-0.69505644,0.08553604,-0.42766818,1.2860444,-6.4305825,0.03774205,0.043317825,1.1000258,-0.6962009,-1.5717306,-0.6823953,-0.22211528,-0.79340106,-2.2301607,-1.258996,0.5938755,-2.6555412,-0.48338485,1.5713663,0.3063991,0.11818307,2.9312813,-0.16574405,-2.0195506,2.4357688,-1.2800945,0.30292565,-0.22208463,0.49644816,-1.3279754,1.102259,0.06879574,-0.24335402,-0.40502414,-0.3056591,2.362847,-0.11762955,1.4599963,-0.06480845,-3.7708635,-5.755013,-0.30077943,-0.20662399,-0.11479116,0.25274268,-3.2947662,-1.1170392,-9.432006,-0.44911027,-0.48772767,0.63529235,-0.21121652,0.2166451,3.8443286,-0.040452395,1.9869503,0.2112093,-0.12254354,0.41283563,1.5662661,-0.40271112,0.7300585,-0.4310206,-0.14900263,-0.9085564,1.4569145,-9.743539,-0.054100882,-0.22546792,0.4863483,-2.3593037,-0.57344085,1.0944146,0.39989504,0.08789619,-0.923629,0.7896809,-0.29138795,-1.1071132,1.4340166,-0.08041183,-0.46592775,0.037677318,0.820096,0.31113192,-4.2716293,-0.23901625,-0.12500997,-0.11767805,1.6086434,1.3044642,0.23176385,-0.6789141,0.4042523,0.174646,-0.93033415,-6.452614,0.18790269,0.21328312,-4.552244,-0.0042517683,-1.3643275,-0.93297553,-0.22686122,-6.490198
Nuc_AreaShape_Orientation,-0.42452195,0.50845915,0.36006746,-0.27321544,0.49994007,-0.006255552,-0.26057622,0.03391725,0.28714296,0.058832113,0.34655976,-0.042621296,0.23414911,-0.16633289,0.056661006,-0.51153785,0.22020085,-0.059325814,-1.5301713,-0.022004982,-0.1968172,-0.2504498,0.22258396,-0.32643643,-0.4150003,0.21407644,0.37361774,0.087891154,0.07287476,-0.3209236,0.24812151,0.025992474,-0.04617999,-0.32903668,-0.2531835,0.4216826,-0.11652423,0.0862067,-0.049067587,-0.030880323,-0.6434854,0.27743462,0.031892437,-0.12956834,-0.010603701,0.08025443,-0.29898956,-0.015107989,0.032608826,0.91762704,-0.32854274,-0.06823782,0.31026602,-0.23942183,0.116020136,-0.23400229,0.09861531,0.17719482,-0.22002812,-0.07265812,-0.113363616,-0.94337934,0.7336289,-0.045270026,0.11008451,0.22436903,-0.32400998,0.7842173,0.1742186,0.0026418765,-0.22037728,0.15293944,-0.42429268,0.019238243,-0.40462413,0.18675356,-0.31997848,-0.18697917,0.46175718,-0.13173759,6.123024,-0.19666463,-0.17296135,-0.39860556,0.1442365,0.13757466,0.17421794,0.3556063,0.15678178,0.318189,-0.2760795,0.13796854,0.03908332,-0.144989,-0.4284478,-0.43600455,-0.13950069,-0.6581879,0.26916638,6.657025,0.33169594,-0.0034701873,-0.18773454,-0.3759246,-0.25482023,-0.116542675,0.024831137,0.46989393,-0.2395397,-0.230998,-0.5268859,-0.18430382,0.08583184,-2.6749413,-0.11360761,0.0020092528,-0.041136157,-0.12457185,6.1863427
Nuc_AreaShape_Solidity,0.025068445,2.4307203,0.20187323,-3.444494,1.0684184,-5.649451,0.43597698,-0.27324912,-0.019598076,-1.0950482,-0.26591727,-0.6425026,1.0336366,0.47104287,0.7726447,-0.24529584,0.76878023,-1.1795291,4.064882,0.38217092,0.0064003416,-2.3481343,0.69952387,-0.44465777,0.7062848,-0.05078895,1.4095253,3.7576206,0.99705225,0.5038933,4.1734366,1.0252608,-2.497934,-0.18500717,0.03615925,-5.445563,0.22764015,1.6569899,-3.2370408,0.80498093,0.061454285,-0.07042327,0.78268266,1.4889683,-0.64513856,0.03365793,0.36145318,0.38310874,0.22958519,-2.381224,0.5976677,-1.3917667,-0.42986992,3.705106,3.8392746,-0.24758832,0.61673635,-0.15907674,-0.05321899,2.4084213,0.49310216,4.472329,0.5439029,1.3061874,0.3640903,0.31358853,-10.359982,-4.386123,-0.13976462,-3.2657273,0.012791489,0.18542145,-0.11292068,-1.0982541,1.4792161,-10.41175,0.62929064,0.06546179,0.9845805,0.78244686,2.3773787,0.89924574,-0.41114712,-1.4498571,2.337938,1.617186,-2.873973,-0.060143698,-0.8527568,1.9486903,-0.8416517,0.39901376,1.2157125,-1.7110577,0.8036793,0.3484644,-0.4031458,-1.8702987,-0.4392333,0.31910837,-0.55228347,-0.32468975,0.09773302,0.0042403936,-2.227627,-0.46578684,1.0840143,1.0658365,0.11857187,1.5799662,4.434726,-0.23706539,-0.069384,1.7558092,-0.2527024,1.8108859,0.53520375,0.6427675,-7.5036063
Nuc_AreaShape_Zernike_0_0,-0.047337253,1.5930735,0.33181107,-3.1117105,0.36431754,-3.761253,0.5283541,-0.1968375,-0.24931,-0.8504901,-0.0812791,0.12712789,1.6160064,1.3539678,0.121577375,-0.15458126,0.36598632,-1.4093808,6.670292,0.11368922,-0.050959248,-1.8303285,0.7883053,1.4616286,0.8895598,0.016797507,1.175477,2.7882977,1.408105,-0.15869538,2.9924328,0.86505395,-1.9356604,-0.19878183,0.1447516,-3.9448907,0.12406092,2.125722,-2.728429,2.0514805,-0.12548073,0.050108943,-1.0073584,1.5206836,-1.0058372,-0.012556712,0.39460757,0.2826281,0.27028152,-2.9335086,0.66168827,-1.6848952,0.0036916535,4.101416,6.028307,0.19171844,0.25450173,-0.21646006,-0.13118415,3.6422596,0.95445204,7.7587924,0.5706348,1.0275161,-0.636419,0.46321702,-4.4259496,-4.22673,-0.13478157,-2.7455313,-0.103290536,0.1345312,-0.34822297,-1.6050373,0.9009318,-4.7073493,0.3715768,0.0575584,1.3657026,-0.29406396,7.848458,0.71185064,-0.13281383,-0.8575535,2.3510945,1.183269,-1.879292,-0.36757588,-0.6738426,1.6029135,-1.0558081,0.47411433,0.9254319,-1.1503017,0.29838583,0.45764962,-0.13497087,-0.9628827,-0.30906144,4.6609874,0.18778045,0.007860541,0.099823356,-0.6418555,-1.6188397,-0.2105354,1.0598276,-0.26775482,-0.017667467,1.4852363,6.340936,-0.34562624,-0.038937796,4.794618,-0.22857316,1.4694897,0.7523451,0.4620938,2.2252848
Nuc_AreaShape_Zernike_1_1,-0.055934712,-1.0354013,0.13994771,1.880531,-0.61951005,3.8233783,-0.20825778,0.25700438,-0.04041334,0.5257365,0.36242962,1.285922,-1.6678581,-0.23444228,0.3660892,0.37159252,-0.7489231,-0.31198788,-1.2625482,-0.26061672,0.27625754,0.8315804,-0.65556073,0.03760612,-0.6023819,0.16375506,-1.1309184,-2.6782176,-0.6680178,-0.3929424,-3.2877042,-0.80754954,1.0143666,0.3281276,-0.026277378,1.7059221,-0.15112858,-1.5194498,3.1657944,-0.8848732,0.17622165,-0.08419475,-0.07970347,-1.1645968,0.13500218,-0.3367847,-0.5904655,-0.29165974,-0.1376,1.8214582,-0.33006132,1.5992607,0.40092114,-2.5427935,-0.4154788,-0.1601866,0.7658925,0.19668297,-0.35560405,-2.4852483,-0.26641777,-3.6434066,-0.6530312,-0.8668377,-0.05568279,-0.636887,4.169159,2.9196846,0.46241426,2.3375962,-0.00838844,0.1220451,0.11362652,1.2839862,-1.0987536,3.69468,-0.18215208,-0.1897195,-0.7460491,-0.12364783,-2.142385,-0.35162845,-0.06269464,1.6137737,-1.6321617,-1.3502188,0.8484824,0.3097436,0.44683444,-1.3554233,0.5966659,-0.5804742,-0.31390116,0.48844466,-0.16095848,-0.28847083,-0.028465807,0.3113362,0.5886786,9.119596,-0.029066682,0.2605748,0.20178324,1.1817881,0.55849034,0.61348754,-1.2448882,-0.208479,0.0036711197,-0.68967694,-2.6285608,0.42422703,0.26722685,3.1587293,0.019529099,-0.46756545,-0.70863515,-0.30497453,8.167644
Nuc_AreaShape_Zernike_2_0,-0.14386784,-0.96242505,-0.3977882,1.7956448,0.4495933,1.8372556,-0.5875973,0.30180994,0.17212386,0.55401593,0.17008962,1.5614961,-1.4095975,-1.4623462,-0.118061066,0.038267136,-0.144797,1.2219889,-7.2387347,0.027477583,0.093355626,1.3402895,-0.46523976,-1.9689764,-0.70859355,-0.10859838,-0.57984,-1.5832404,-1.1319145,0.29596007,-1.4235835,-0.08298287,1.545724,0.18696357,-0.021822268,1.2574319,0.1878862,-1.5644536,-0.3373951,-1.5099248,0.08152277,-0.2425493,1.5365802,-1.5437499,1.0291804,0.3205029,-0.11653765,-0.13628422,-0.35375485,2.473385,-0.09453261,0.4540721,-0.49437305,-3.5606086,-6.586998,-0.50947946,-0.9202706,0.22222805,0.032978933,-3.4618323,-0.9161327,-8.585976,-0.20426853,-0.20492671,0.53633183,-0.9505357,2.3249807,1.6639286,-0.30549732,1.3782793,-0.12228247,-0.31360936,0.18298632,0.30957296,-0.52167535,1.355995,-0.3807515,-0.3153601,-0.71117973,0.9841075,-15.660129,-0.4393953,0.006110961,0.5628956,-1.8567934,-0.79430217,0.81047654,0.47410682,0.20074601,-0.8169696,0.6168104,-0.5677596,-0.26817793,0.025394758,-0.12903982,0.04523777,0.22113116,0.1283171,0.20139115,-8.890494,-0.09552711,-0.22109221,-0.23308878,-0.51948494,1.0401708,0.039836913,-0.3244687,0.8189647,-0.16904373,-1.1371744,-6.2514596,-0.0098435925,-0.04645735,-5.9867325,-0.06160753,-0.95736384,-0.59739804,-0.14740485,-3.327276
Nuc_AreaShape_Zernike_2_2,0.19030128,0.1938866,-0.5123078,-1.7994,0.93870133,-1.2497181,-0.26567772,-0.3356359,0.094526015,0.5747053,-0.4696081,-1.5035738,-1.032507,-0.7867677,-1.0156704,-0.13925502,0.11824421,1.2387893,-5.065092,0.26068282,0.14999649,0.21306638,-0.36943007,-1.3486542,-0.36647367,-0.45306516,0.33310655,-0.635876,-0.56902665,1.1681966,-1.0044903,0.09369121,0.29650548,-0.041254967,0.44669172,0.56986225,-0.009768814,-0.7973938,0.31358165,-0.20161481,0.48004007,-0.44328582,-0.30011615,-0.4493165,1.383214,0.21229918,-0.09121418,-0.14123915,0.15817328,0.34248105,0.5669902,0.9982137,-0.1254721,-2.1690576,-4.417577,-0.5155682,-0.6751776,-0.5155737,0.6427451,-1.6740819,-0.65928555,-8.406299,0.029161612,0.272257,-0.007897218,0.2515911,-5.66588,0.9578456,-0.281714,-0.64196664,0.2285483,-0.26242006,0.64307326,0.7493505,-0.11614951,-5.0472703,-0.20667015,-0.08416409,0.07857416,2.3209147,-6.9562745,1.0302392,-0.19423456,-0.32736573,-1.1423655,0.50958467,0.0017843843,0.13604018,-0.6674879,0.27568224,0.25138322,0.13759252,-0.7678912,1.8829626,-0.15112524,-0.18009675,0.032887816,0.46368933,-0.21636917,-4.4828277,0.010753592,-0.1840312,0.19160736,2.032699,0.56546664,-0.16621907,0.019804826,0.43631306,0.1702253,0.43493757,-5.248216,-0.22508371,0.08585924,-3.7648208,-0.1605657,-0.9118039,-0.8236339,0.46029887,-7.857391
Nuc_AreaShape_Zernike_3_1,0.058652207,-1.3869838,-0.16670914,2.150615,-0.5240498,3.955536,-0.25879326,0.05632289,0.002636455,0.70316505,0.2465509,-0.91893005,-1.0474159,-0.41260067,-0.12699653,0.024794579,-0.73635954,0.2512411,-0.46211684,-0.12804449,0.10203719,1.032698,-0.51183194,0.4177476,-0.4507668,0.27040502,-1.2911743,-2.684069,-0.972724,-0.30791906,-3.1498935,-0.9333587,1.118677,0.39233062,-0.16369675,3.2878933,-0.2872931,-1.5570513,3.603038,-1.2017616,-0.026283508,0.23583402,-0.87080455,-0.86155456,0.003802086,-0.2677494,-0.31809732,-0.45462158,-0.105981044,2.2408578,-0.6055178,1.9891729,-0.12326137,-2.322305,-0.9482189,0.19953255,1.0310708,0.4309106,-0.09326162,-1.6176127,-0.06539629,-1.9783134,-0.61239856,-0.7934672,-0.1872232,-0.5006108,3.6882687,3.6908524,0.47399482,2.5682538,0.04730395,-0.013193145,0.30945095,1.6624051,-0.5637931,4.2764955,-0.4349508,-0.22872622,-1.3949385,-0.4338807,3.242034,-0.4053906,-0.013121128,1.5207477,-1.5358024,-1.1473154,0.76794535,0.40351307,0.58712345,-1.5256386,1.0001177,-0.34735414,-0.6460112,0.47503433,-0.21348016,-0.53076524,0.35861662,0.6926623,0.53291494,0.6564528,0.38290536,0.4167839,0.19523738,0.95089406,0.8642486,0.34272352,-1.0319737,-0.56593966,0.3953716,-1.0115218,-2.2456622,0.34871927,0.1806854,2.6466262,0.42834613,-1.0401272,-0.5260578,-0.6600393,2.0813787
Nuc_AreaShape_Zernike_3_3,-0.15008445,-1.9127493,0.031520378,0.9760639,-0.8837819,1.8912292,-0.43929926,0.5013039,0.31770062,0.8808403,0.17337625,0.42090464,-1.0578136,-0.18773837,-0.021234035,0.029861169,-0.6714123,0.20186563,1.345035,-0.16990866,-0.064543374,1.0624486,-0.5214525,0.7329348,-0.7125967,0.500803,-1.2109973,-3.3987331,-1.1793094,-0.28492868,-3.8487034,-0.87559587,1.264852,0.22724973,-0.38967466,1.4092636,-0.32035387,-0.98852676,3.5214367,-0.7857745,-0.33204317,0.01921212,-1.7812113,-1.1800491,0.11349628,0.024746044,0.1101711,-0.3809539,0.17985268,0.9355905,-0.42879042,1.5432941,0.49590597,-3.395755,1.5973309,0.3329252,-0.50362444,0.07720414,0.18543248,-1.7839631,0.023988267,-2.2967324,-0.67140216,-1.2055311,-0.6322878,-0.27998862,4.7915654,3.1036034,0.2500296,1.9355131,0.06227712,-0.036775004,-0.072278656,0.19994359,-1.3362117,4.09231,-0.24150729,0.018553913,-0.69226414,-0.031550884,-2.0787432,-0.36432886,0.13697398,1.4544468,-1.853697,-1.4025393,1.2697934,-0.3177402,0.5263654,-1.9370486,0.57123935,-0.24350375,-1.0329882,0.900734,-0.76123357,-0.2819809,0.38032594,1.1075215,0.7393901,-4.5817094,0.49831757,0.27015188,-0.15630193,-0.12404358,0.94969684,0.20155245,-0.86744493,-1.0812764,-0.033133883,-0.6866122,-2.1527061,0.44283614,0.09943738,3.9537923,0.05256186,-1.3493142,-1.0602883,-0.109857135,-9.604001
Nuc_AreaShape_Zernike_4_0,-0.109060906,1.6593496,0.5470446,-2.0439363,0.11035559,-2.596683,0.36510423,-0.14466655,-0.02827434,-0.9159873,-0.13244921,0.15843771,1.5112346,1.0582246,0.6732827,-0.21685548,0.40021,-0.95052785,5.3845963,0.13410835,-0.08368044,-1.3577632,0.8214554,1.1457175,0.91914576,-0.06667546,1.2194837,3.4832094,1.3211873,-0.28040388,3.9068186,1.1853968,-1.6988758,-0.15040705,0.096606486,-2.6397343,0.12466929,2.2390196,-2.7755044,1.4694077,-0.068095535,-0.038514256,-0.07223102,1.5010772,-0.9532457,0.09458367,0.41263625,0.2801024,0.19240837,-1.994502,0.65875906,-1.6620804,-0.11652398,4.3680396,4.0182304,0.11238447,0.3453922,-0.0299021,-0.31840596,3.0572884,0.89977497,7.520036,0.7860637,1.2233069,-0.1736049,0.34576523,-2.7269876,-3.448499,-0.22222579,-2.1864588,-0.10192457,0.15509309,-0.33674547,-1.2399187,1.0835193,-2.2218933,0.49000883,0.15176587,1.1706529,-0.84027153,4.3964944,0.3018507,0.0630847,-1.1747817,2.643285,1.1034247,-1.6705462,-0.23564367,-0.55599856,1.4008751,-0.9152624,0.48510948,0.95712954,-1.4922899,0.44309667,0.51636124,-0.13549131,-1.11388,-0.27753553,0.22118272,0.25979948,-0.09459525,-0.051281076,-1.2873235,-1.5254011,-0.19799285,0.87620425,0.30818245,-0.1290676,1.1126187,6.2079415,-0.34908652,0.11311417,1.0857444,-0.24001378,1.5103711,0.9807692,0.23522653,6.31819
Nuc_AreaShape_Zernike_4_2,0.08830721,-0.8300354,-0.401644,1.9206244,-0.34319487,1.3163134,0.046220403,-0.2150644,-0.2768716,0.21897627,0.29567707,-2.2663047,1.1370009,-0.066971146,-0.41427347,-0.15156063,0.0830759,0.2969219,-2.4761505,0.31011078,-0.14885664,0.9391443,0.057082195,-0.14820747,0.404299,-0.38820693,-0.30698267,-0.5404911,0.20034267,-0.2431755,-1.2125286,-0.17897479,0.9089153,-0.00303105,-0.018347656,2.4220912,-0.16875853,-0.35369787,1.0890502,0.16260913,-0.27146834,0.28487766,0.29752257,-0.14771765,0.08540269,0.179179,-0.15892704,0.01815257,-0.33688998,0.82985,-1.1446208,0.94286364,-0.2703403,-0.44411686,-2.7273505,0.3879712,-0.10460309,0.20057519,0.025245646,0.3015382,-0.04269722,0.92028517,-0.3767543,-0.6883869,0.32641006,-0.13380478,1.6535298,1.7231566,0.5386444,1.3688507,-0.014019151,-0.44849563,0.26641503,1.146076,-0.122502826,3.1790798,0.032537386,-0.034741838,-0.897109,-0.7285116,5.8859596,-0.9324333,0.50608253,-0.5449049,-0.91917276,-0.55937153,1.3062378,0.23481345,0.8458063,0.03987375,0.9544758,-0.17941217,-0.84075165,0.119640976,-0.5975855,-0.26052335,0.068084784,0.94096136,0.3369185,-0.20291233,-0.11213133,-0.05034649,0.0073494115,0.523699,1.1412026,0.11941142,-0.058460236,-0.69321203,0.11953846,-0.92112094,-0.50999206,0.38041258,-0.035453558,-4.07731,0.2780247,-0.5299768,0.30819088,-0.44194818,4.157479
Nuc_AreaShape_Zernike_4_4,0.031723324,-0.91994786,-0.64311,2.129737,0.05769815,1.9566631,-0.4815185,0.18163316,0.28116527,1.3004086,-0.09469789,1.0276078,-1.7816926,-1.5046139,-0.62639374,0.07764137,-0.59078294,1.1764647,-4.157662,-0.057350293,-0.015686093,1.298452,-0.5901507,-1.340844,-0.94223255,-0.28518462,-0.96786094,-2.6439917,-1.6325852,0.40639755,-3.197153,-0.64489424,1.2939259,0.17156613,-0.047574386,3.1033154,-0.11916102,-1.8390974,3.5154066,-1.8770567,0.00328209,0.11247536,0.41938725,-1.324591,1.0643878,0.11641016,-0.4625107,-0.11726413,-0.339991,2.8439674,-0.52925324,1.9696798,0.13401948,-4.172396,-4.320674,-0.3725185,-0.88181895,0.019726908,0.088831596,-3.236749,-0.76600057,-7.0251923,-0.4062276,-1.0195478,0.17639352,-0.38992932,2.6522987,4.2008,0.29698533,1.9160103,0.0018161759,0.16261756,0.43806446,1.3518214,-0.6879129,1.6469558,-0.6152366,-0.051481884,-0.73830694,1.0384083,-5.8283787,0.028550947,0.11454072,0.90464383,-2.476452,-1.1859094,1.3280683,0.1755907,0.1957785,-1.339907,0.9862817,-0.4732155,-1.1051294,1.910087,-0.38013008,-0.3020728,0.3120334,0.9143769,0.2922249,-1.5638771,-0.34859344,-0.14678134,-0.5049918,1.3410658,1.3561015,0.24383414,-0.797726,-0.17476167,-0.10531422,-1.1796335,-5.5025344,0.27763867,-0.04003048,-1.4844632,-0.06723877,-1.7112204,-0.7291723,-0.12325331,-7.022079
Nuc_AreaShape_Zernike_5_1,-0.0064460984,-1.0326797,-0.11495342,1.1121482,-0.2976514,2.9519625,-0.55810493,0.36143935,-0.07501202,0.35009348,-0.04643126,2.4180787,-1.5897665,0.007221622,-0.15919612,0.21238887,-0.6840268,-0.017802432,-0.21567827,-0.19950216,0.13169281,0.54219025,-0.747052,0.29321817,-0.65535074,0.2248627,-0.5796817,-1.9390429,-0.5768853,0.3633994,-2.505666,-0.41889015,0.84547925,0.03657643,0.07804039,0.8207216,-0.16395982,-1.319342,2.571764,-0.46465078,0.33223858,-0.04755349,-0.37641558,-1.0582043,0.43002948,-0.14736773,-0.51935714,-0.047986846,0.05263287,1.5810474,0.05130561,0.521761,0.47457257,-2.5291624,-0.80989814,-0.014526288,-0.16998778,-0.16676451,-0.25316885,-2.4500732,-0.2979982,-3.6038182,-0.34437314,-0.5768716,-0.1422597,-0.5015564,2.371568,1.7347263,0.391122,1.2058806,0.0202279,0.31941354,0.1223526,1.5728073,-0.50100034,2.0386727,-0.44664085,0.063156426,-0.449375,-0.20869267,2.5966537,0.05446121,0.10557908,1.2722716,-0.97781056,-0.8359008,0.36887065,0.04192692,0.11287094,-0.943,0.4900068,-0.684083,-0.56893367,0.94200546,0.12713648,-0.32709002,-0.06358708,0.26416934,-0.016922096,9.992859,-0.08763862,-0.08259455,-0.03160437,1.1314064,0.47839236,0.22146218,-0.95272344,-0.34340915,-0.2958138,-0.26976562,-2.885226,0.046442527,0.13012113,2.6670926,-0.07116791,-0.85818654,-0.47586432,-0.043844867,12.059436
Nuc_AreaShape_Zernike_5_3,0.2189569,-1.3584801,-0.42783737,1.4161803,-0.74134606,2.1821463,-0.0026543338,0.09822518,0.2960099,0.48445618,-0.08539397,0.68005985,-0.70306206,-0.635518,-0.6726239,0.076650895,-0.3011359,0.15440194,-1.7968845,-0.2057361,0.27000305,0.8087981,-0.86278963,0.32183835,-0.57019407,0.05780633,-0.87451166,-2.555389,-0.101305716,0.02486608,-3.5213096,-0.6399299,1.429419,0.027539492,0.035855066,1.5135664,-0.35403737,-0.9521329,2.4484613,-0.4533029,-0.19390386,0.030594954,-0.7843318,-1.4899367,0.21712685,0.057430297,-0.14354794,-0.12653656,0.15848418,0.7945978,-0.06743189,0.552372,0.35263863,-3.0221584,-0.43870568,0.09656185,-0.09381615,-0.23255645,0.35526296,-1.9685869,-0.3501942,-3.7773669,-0.85650605,-0.79940104,-0.25662494,-0.41769087,3.6780198,2.198078,0.17561245,1.6069082,0.30507657,0.09156374,0.30672076,0.33419332,-0.9777327,3.806958,-0.49576524,-0.36641797,-0.6589536,0.0975331,-5.876591,-0.106354274,0.25065815,1.3087707,-1.5362312,-0.947084,1.3306569,-0.2956984,0.46861622,-1.2618195,0.20076652,-0.41420838,-0.44448355,0.8205836,-0.5185093,-0.468604,0.14933918,1.1424465,0.07687392,6.467413,0.026089737,0.26757094,-0.050262015,0.9089298,1.0613275,0.2913207,-1.1918195,-0.93885374,0.15067838,-0.5786461,-3.6004124,0.2604302,0.13706999,0.24444897,0.18394257,-0.7163995,-0.4412512,-0.1802125,7.572897
Nuc_AreaShape_Zernike_5_5,-0.30072573,-1.6174289,-0.09158329,1.4417425,-0.79183406,2.3923433,-0.4641032,0.10578326,0.24865931,0.9039127,0.43154678,1.1438239,-1.1637368,-0.16957597,-0.81191117,0.15632908,-0.8490022,0.1747068,0.15412104,-0.16159776,-0.46279845,0.92709154,-0.53810287,0.8917435,-0.8559802,0.35324284,-1.2119873,-3.2138665,-0.677604,-0.11266753,-3.92937,-0.64916223,1.1476446,0.5509879,-0.097233586,1.5631973,-0.19871897,-0.957318,4.0560455,-0.39246392,-0.018331742,0.09016478,-1.5280552,-1.2133089,0.0766172,-0.027673364,-0.29529572,-0.19504328,0.09269764,1.3888243,-0.5496872,1.7323996,0.7795203,-3.873373,-0.26677647,0.1421753,-0.53663945,0.17137016,0.102427624,-1.7279278,-0.22015025,-2.7246506,-0.5452401,-1.6391826,-0.579225,-0.14960556,5.329184,3.3852396,0.3234273,1.478591,-0.13950606,-0.21975847,-0.023665467,0.57094574,-1.4935312,4.2175603,-0.28209755,0.12494373,-0.92370766,0.11622123,-0.5294475,-0.068757415,-0.08806456,1.9049553,-2.4024067,-1.5711899,1.4914712,-0.31694296,0.30502656,-1.6630272,0.63601416,0.0402033,-1.4011517,0.89790744,-0.38533434,-0.16249451,0.20063512,1.4971695,0.30869856,2.5301464,0.7206116,0.13917015,0.27873567,0.34793708,1.5990014,0.16635972,-0.73469514,-1.2155249,-0.103947304,-0.64100903,-2.786766,-0.052600067,0.2543252,3.0505066,0.12793942,-1.2021042,-0.96692795,-0.32740998,7.460855
Nuc_AreaShape_Zernike_6_0,0.14745438,0.8775639,-0.3076503,-0.9031882,0.64541256,-0.7128685,0.12556924,0.120027505,-0.31463563,-0.25863186,-0.1467625,1.0552715,0.2864653,-0.08840171,0.5302054,0.06818661,0.08287321,0.18100406,1.137812,0.31381717,-0.2951676,-0.3894739,0.09799401,-0.8955477,0.5097404,-0.30286142,0.22171944,1.9757763,-0.17874955,0.38523176,1.73749,0.390605,-0.5097106,-0.18773402,0.20162927,-2.0544732,0.3759842,0.2706913,-1.2416914,0.26176673,-0.080956094,0.21777098,0.98274773,1.2654814,-0.071276926,-0.28261903,0.034929633,-0.12036281,0.004218479,-0.6358582,-0.10502713,-0.1371694,-0.8658605,2.1408703,1.32381,-0.033777434,0.01881677,0.41387585,0.027190864,1.4023615,0.44812512,2.682562,0.00078926486,0.57668287,0.61090744,-0.051020905,-1.6710347,-0.7547331,-0.35355115,-1.067614,0.15987472,0.104833245,0.25108877,-0.31291375,0.37230024,-1.4624772,0.29518223,0.42526993,-0.17807949,0.49736738,3.4969623,0.53169584,-0.1675803,-0.2520406,1.1771449,0.5474109,-1.1415715,0.3995513,-0.7041817,0.70695996,0.016966313,0.28197876,0.7925642,-0.88774794,-0.027078787,0.16618617,-0.36820388,-0.8529558,-0.18278377,-8.466245,-0.5969164,-0.3882356,0.123501725,0.38271844,-0.46594855,-0.111313365,0.19202755,0.6684065,0.23230368,0.08671618,1.3256651,-0.50062865,-0.03962825,-2.9647305,0.19287787,0.73070073,0.36586115,0.17194764,-7.5470433
Nuc_AreaShape_Zernike_6_2,0.18040442,0.20457506,-0.53138983,0.531285,0.6511197,-0.057215545,0.08256066,-0.033811513,0.39248803,0.0112432195,-0.3337272,0.92124987,-0.89642066,-0.9356387,0.1333579,0.116430104,-0.0015055189,0.64921695,-2.6510348,-0.01059327,0.11871057,0.029732341,-0.1387056,-1.3613677,-0.31675255,0.15028244,0.24305761,-0.101365656,-0.6611848,0.80201244,0.1295865,-0.039230924,0.38225195,0.10985067,0.26539403,-0.9491806,0.4440142,-0.73203295,-0.90085745,-0.8991933,0.18761702,-0.33452556,1.137461,-0.0637745,0.58068365,-0.16231991,-0.041913748,-0.022539841,-0.1732703,1.3816562,0.09422394,-0.07855796,-0.20274375,-1.1300038,-2.1299183,-0.24637586,-0.22615866,-0.32245722,0.10869009,-1.3578835,-0.28884715,-4.4529924,0.23202045,0.16450633,0.34923777,-0.3923913,-0.76293635,0.11660251,-0.79547006,0.088142574,0.5180033,0.34311178,0.23867309,-0.3638364,-0.101791956,-1.1744846,0.08347758,0.10172386,0.13607161,1.0512302,3.5540473,0.54056484,-0.20745973,-0.036701154,-0.18177788,-0.09565907,0.62603277,-0.010472596,0.022194436,0.34642825,0.044339728,-0.10533171,0.052697238,-0.47094524,0.36493984,0.32104957,0.16492613,-0.09915281,0.030385196,-6.822716,0.0130987065,-0.096509814,-0.1119596,-0.30418742,-0.173326,-0.31378698,0.2877375,0.6415143,0.10853487,-0.22492337,-2.7861538,-0.27947828,-0.12058827,-1.6020621,-0.6709831,-0.14680679,-0.5137046,-0.018145204,-6.7256813
Nuc_AreaShape_Zernike_6_4,-0.037997708,0.75830173,-0.085430086,-1.7786211,1.1616952,-1.9298044,0.11740122,-0.08763748,-0.2828206,0.110962324,-0.45169553,-2.9092715,1.1001414,0.44941434,-1.0706497,-0.14226238,-0.028399825,0.1852566,0.5443716,0.052912354,-0.17657761,-0.09593061,-0.077105604,0.6899169,-0.056804005,-0.17268169,1.1979029,1.0221041,0.62852985,0.40884396,1.7195686,0.46936134,0.20149966,-0.31118086,0.37686133,-1.0564357,-0.24112302,1.1526753,-1.4822916,1.3231467,0.46925855,-0.63245726,-1.0820717,0.23522516,-0.26526776,-0.29909328,-0.1453859,0.37720394,-0.11641684,-2.0535064,0.78724116,-0.65131676,0.2709687,0.80208474,-0.4297566,0.008472363,-1.1641065,-0.28812146,0.41415313,1.3393332,-0.54593974,-0.7815034,0.3971331,0.6629823,-0.5600615,0.95809764,-1.6704401,-1.7430652,-0.4065431,-1.3204254,0.30865014,-0.19873543,0.27271017,-0.7885802,0.3022087,-0.044184446,-0.48555908,-0.2351621,1.1073303,1.0642624,-3.3579867,0.79071254,-0.4656497,-0.9223334,0.707859,1.3622366,0.0146564245,-0.3587205,-0.3085907,1.3489469,-0.6565263,0.71959925,-0.5818742,0.9258186,0.19208741,0.38481545,-0.27674705,0.4683691,-0.32371673,3.6752722,0.41821453,-0.293166,0.37720403,0.6516211,-0.090337925,-0.22830044,0.80865675,-0.55998415,-0.2740446,0.83732253,0.6459337,-0.19194455,-0.17484702,0.9468889,-0.25376165,-0.25981885,0.4515631,0.115162216,5.102602
Nuc_AreaShape_Zernike_6_6,0.11327178,-1.5317332,-0.4531364,2.3302214,-0.41172472,3.311366,-0.33176246,0.2832359,0.160188,1.2471453,0.2777584,0.7721067,-1.5167131,-1.1029592,-0.8125699,0.21891253,-0.45121178,0.96858186,-2.9548738,-0.24708416,-0.074653015,1.7110335,-0.5462708,-0.5853431,-0.7493586,0.15077342,-1.4680873,-3.6327078,-1.4714683,0.10199476,-4.1399055,-1.3387164,1.3778424,0.18063791,-0.030205289,2.541233,-0.39369488,-1.7412586,4.251228,-1.3513937,-0.109196626,0.39529026,0.38809872,-1.7384558,0.5805159,-0.1112035,-0.321041,-0.14709808,-0.21404372,2.9783506,-0.675427,2.0221117,0.16322762,-4.218352,-3.4995098,-0.24000467,-0.8512208,0.021482697,-0.17593591,-2.7233467,-0.8256538,-5.491514,-0.5847555,-1.3085948,0.099426925,-0.39226922,5.5444846,4.697395,0.089972734,2.7473166,0.101870276,-0.30177686,0.5526275,1.2440819,-1.1203054,4.173508,-0.79341286,-0.09571546,-1.5184473,0.59883636,-1.6004368,-0.35839498,0.06779524,1.3873382,-2.7298038,-1.6189157,1.5315534,0.1896724,0.39913857,-1.650849,0.8887064,-0.58392507,-1.510059,1.8167523,-0.5629068,-0.25833163,0.29417503,1.090681,0.36851588,0.95927244,0.13176964,0.29812232,-0.14620234,0.86325186,1.5018512,0.4450542,-1.2202163,-0.8322589,0.0828594,-1.5514493,-4.8760934,0.3136088,-0.009176682,0.077825785,0.11209723,-1.8445266,-0.67557245,-0.3961649,0.9205475
Nuc_AreaShape_Zernike_7_1,0.012191176,-0.80690914,-0.16921109,0.98851615,-0.11879423,2.2019827,-0.21315412,0.28570357,0.30684018,-0.030451924,0.33638,0.8869925,-1.3348686,0.01638422,0.22872245,0.109645985,-0.6802065,-0.7621644,2.1354625,-0.07810512,-0.0057819164,0.2643192,-0.04123496,0.12958239,-0.5550731,0.10163405,-0.7323148,-1.6521269,-0.23072405,-0.310554,-1.6436132,-0.82127255,0.083530255,0.2879202,-0.30931273,-0.23129456,-0.20515417,-1.0562776,2.1470366,-0.15688242,-0.23252654,0.14830698,-0.11887879,-0.45841798,0.031421814,-0.64971906,-0.37895086,-0.42289075,-0.08945295,1.1354194,-0.384892,1.21234,0.21865661,-1.4328002,1.2267951,-0.3798966,0.868423,0.6009231,-0.047206383,-0.8907647,0.24423687,-0.35086063,-0.21058165,-0.7138326,-0.045558542,-0.81254005,1.4858745,2.5393808,0.40850735,0.9290917,0.036498327,0.26971775,0.38888028,0.97225684,-0.60453886,1.4769164,-0.45784077,-0.055828672,-0.6752653,0.49742815,1.7844654,0.04923894,-0.042412102,1.377635,-0.93505603,-1.0429868,-0.5343124,0.06924189,0.1641154,-0.91372675,0.22480708,-0.24443765,-0.24987529,-0.1093725,0.4488486,-0.417382,0.5125242,-0.05356109,0.24229477,3.6382735,0.20109792,-0.04964258,0.73114276,0.5194639,0.12821329,0.39691916,-0.58698267,-0.47454295,0.12574781,-0.5524288,-1.2370774,0.12420557,0.16674848,5.251845,-0.27620205,-0.080570616,-0.48852918,0.2007591,4.441883
Nuc_AreaShape_Zernike_7_3,-0.3456625,-1.3480088,-0.34405434,0.83788705,-0.35980996,1.9974413,-0.0551631,0.49330962,0.06303939,0.37660718,0.25700533,0.4035122,-0.5274101,-0.49753478,-0.10099157,-0.18530118,-0.4521706,0.28604874,-0.17890851,-0.074404694,-0.09543047,0.16762207,-0.29778802,0.26218382,-0.26611218,-0.2866325,-0.48307467,-2.0218906,-0.9578456,-0.32605672,-2.6735897,-1.0198123,1.060851,0.1858679,0.05079034,1.1668564,0.054215807,-1.2913679,2.353135,-0.4347024,-0.0598902,0.14100547,-0.9742108,-0.79116255,0.46360874,-0.12170371,-0.46297637,-0.114301205,0.15289658,1.1311014,-0.3886385,0.91850096,0.26666,-2.183441,-1.8440071,-0.18457754,0.3231671,0.14357162,0.11123696,-1.5697328,-0.1447518,-3.5837023,-0.40162143,-0.59868044,-0.34718558,-0.5826047,2.1430395,1.6046175,0.19727202,0.9355212,-0.14182222,-0.13263746,0.09597302,1.0831305,-0.95144266,2.1453285,-0.0007119377,-0.19857663,-0.58073753,0.3267883,0.13405971,-0.14838758,0.3438392,0.85639304,-1.4146619,-1.2186084,0.30219445,0.5805356,-0.010657827,-1.2012044,0.6287705,-0.4466146,-0.787055,1.0521404,-0.35635063,-0.7697835,0.31142518,0.33272272,-4.4718385e-05,-0.93011427,0.37777853,-0.03678727,0.098579906,0.69816047,0.61881584,0.33927986,-0.56401014,-0.3581682,-0.2754949,-0.41037205,-3.099704,0.43572628,0.1499214,0.760262,0.28150538,-0.9997589,-0.56121826,-0.05901152,11.138023
Nuc_AreaShape_Zernike_7_5,-0.27828085,-1.6370715,-0.14847745,0.9935753,-0.20033216,2.0219204,-0.2545388,0.06755551,-0.04273824,0.68299323,0.07644681,0.8642871,-1.056009,-0.26271313,-0.66516036,-0.078502454,-0.8454178,0.56012523,-0.5287352,-0.2607198,0.010245293,1.0672711,-0.8485165,0.11313514,-0.6538673,0.06402351,-0.5603325,-3.3772774,-0.92452407,-0.20260067,-3.5630162,-0.43323997,1.2930875,0.13144119,0.091220774,2.1125097,-0.35539094,-1.3723073,2.8845882,-0.23145282,-0.17993587,0.1796592,-0.9486038,-1.1520718,0.6319167,0.13444842,-0.50113654,-0.49001348,-0.16659677,0.6948211,-0.18262881,0.78388286,0.29622883,-3.4651082,-1.5476481,0.19432683,-0.56068474,0.18437509,0.014888872,-1.9049414,-0.27854362,-4.2764983,-0.6153604,-1.3173654,-0.5297453,-0.4473112,3.501891,2.4148905,0.21262681,1.5750357,0.081303835,0.059707478,0.2884288,0.45227826,-1.1260227,3.625346,-0.46220514,-0.104341425,-0.32073912,0.37184513,1.2107637,-0.054995358,-0.07268486,1.2905594,-2.1590464,-0.99195653,1.8621992,0.40519443,0.4538699,-1.390663,0.5498379,-0.34220088,-1.0434109,2.255559,-0.32086387,-0.42161933,0.26496285,1.1600989,0.46393165,-0.37528563,0.5583591,-0.025259279,-0.49662805,0.78375465,1.1979415,0.32305047,-0.60514754,-0.9526457,0.021230921,-0.46231738,-3.1966674,0.024306297,0.35949156,0.49303544,-0.06437104,-1.8436819,-0.7994936,-0.12357762,-4.5966787
Nuc_AreaShape_Zernike_7_7,-0.2792547,-1.8286505,0.14006771,0.58701897,-0.68734217,2.7958825,-0.3823707,0.01285104,-0.11068753,0.66434455,0.42548275,-0.58392876,-0.8721066,0.3257243,-0.3784583,0.020428887,-0.7551144,-0.39023158,-1.6316477,-0.59663004,-0.14100958,0.6257572,-0.53648764,1.1501305,-0.3220221,0.3290317,-1.0872027,-3.7252865,-1.060398,-0.42143714,-4.19089,-0.93399787,0.8231432,0.100815445,-0.13737887,0.6589207,-0.24773036,-1.1163245,4.251925,0.22418328,-0.28682062,-0.031214843,-1.7868243,-1.261146,0.41016686,-0.054696362,-0.4807785,-0.28100368,0.06197976,0.79596335,-0.47770774,1.4287573,0.80020493,-3.9815483,-0.06025676,0.31860587,-0.93149805,0.21574849,0.21072815,-1.3011166,-0.15200599,-2.7445953,-0.26085958,-1.6064168,-1.0376905,-0.2667964,5.709175,3.5207255,0.10551862,1.6723315,-0.39106968,-0.22133951,0.28491965,0.78355026,-1.1950105,5.1962886,-0.22937743,-0.12898467,-1.1234182,-0.05120079,11.815845,-0.02900672,0.34425417,1.8602529,-2.3775902,-1.6143646,0.8435932,-0.17217927,0.2087382,-1.9341303,0.6613938,-0.5505801,-0.97441363,0.6987347,-0.46235576,-0.007190883,0.19128585,0.8942717,0.2539212,0.5127867,0.22895224,0.30292448,0.16575234,0.6722007,1.3761472,0.36196318,-0.76922697,-1.9917663,0.4304159,-0.9095567,-2.5067008,-0.13659866,-0.07287145,4.442494,0.1994871,-1.3226898,-0.7967942,-0.48573717,29.485838
Nuc_AreaShape_Zernike_8_0,-0.5753354,0.6563372,-0.6893842,-1.7566601,0.28999382,0.27698448,-0.07635004,0.34001526,-0.08618372,-0.17418103,0.1010937,-0.8470784,0.82147485,0.7015686,-0.40167236,-0.15131736,0.29015556,-0.5871944,1.9809517,0.19751753,-0.09842252,-0.4220278,0.6148181,-0.03128333,0.45144293,-0.32334477,0.46284583,0.5069952,0.6824353,0.03937632,1.0352644,-0.18152772,-0.48623577,0.0030464828,-0.19045788,-2.6083674,-0.38252035,1.3452357,0.5172229,1.8300258,0.051774304,-0.007005418,0.33110103,0.48997685,-0.20395856,-0.09826418,-0.037013456,0.5923592,0.12479097,-1.5460777,0.024101088,0.8666139,-0.10547542,0.3911934,0.06375122,-0.0316588,-0.33229703,0.22060888,-0.37596646,0.78217477,0.2590894,0.5141804,0.2908893,0.37705716,-0.67472696,0.10890017,-0.62743723,-0.10150833,-0.07794275,-1.4709735,-0.50815797,-0.22915165,0.35691467,0.10707197,0.43982282,0.0019985836,-0.14926563,0.13443892,-0.046389803,0.5198458,0.7561273,0.39785144,0.09289151,0.2492706,-0.25028518,0.4035968,-0.7785805,-0.07914856,-0.5230301,0.5176757,-0.10778787,0.09648114,0.22718517,0.13089181,-0.27803642,0.33513972,-0.21200973,-0.31434345,0.19248788,1.2039853,-0.34498993,-0.22511953,0.40277442,0.46690682,-0.05487514,-0.1837492,0.33917832,-0.22206308,-0.2942017,0.7917214,1.7192405,-0.47528943,-0.10414076,-0.23185158,0.34473097,-0.35320616,0.2519089,-0.42775908,16.89493
Nuc_AreaShape_Zernike_8_2,-0.07343436,0.21676862,-0.47587982,0.0011570057,0.2692761,0.59351856,0.34633398,0.57496566,0.21917851,-0.43127334,0.3740797,1.6573166,-0.075703956,-0.6158822,0.3529106,0.78471255,0.3919362,-0.19403474,1.5120859,0.13528408,0.36093053,-0.31614915,0.22921945,-0.1596979,0.1565315,0.27011988,0.09768013,0.066949636,0.5207145,0.1902606,0.7790954,-0.07934919,-0.19276245,-0.1700915,-0.029868245,-0.25029114,0.061148513,0.040901244,0.77282435,-0.07183332,-0.5453108,-0.12867191,0.20596617,-0.16600375,0.35164776,-0.038387936,0.060928136,-0.28469634,-0.11549399,0.19537538,-0.032161176,1.0693485,-0.08525678,0.748292,-0.17426534,-0.28929883,0.24343145,0.42241716,-0.014234091,-0.26852116,0.11488988,-0.55817944,-0.25096145,-0.40767774,0.16299456,0.13467075,0.03223433,0.99634284,-0.006692683,-0.29035974,-0.1203264,-0.90232897,-0.15272707,0.07090064,0.28497502,1.2440149,0.014881213,-0.38870946,-0.49577168,0.8399022,2.0027235,-0.015102069,0.46924058,0.21628912,0.1848318,-0.096417956,-0.13727112,0.338437,0.015053034,-0.4753084,0.39568773,-0.031273972,0.14709528,-0.012410919,-0.4122528,0.36470947,-0.12269357,-0.5116205,0.0827469,2.9233263,-0.23388135,-0.0011249731,0.08749628,-0.32271934,0.6206086,0.106395,-0.111002244,0.2530258,-0.032866236,0.12490985,0.660396,0.15241046,-0.29932222,-1.7586817,0.7346873,-0.042687763,-0.2966801,0.087715894,12.972909
Nuc_AreaShape_Zernike_8_4,0.14055549,0.22426127,-0.25243214,0.3116087,0.028118348,0.009440283,0.02952071,-0.23476543,-0.27175942,0.20069762,-0.17900474,-1.3844233,0.45426074,0.2368838,-1.0034746,-0.07164734,0.26513544,0.708293,-2.3646624,0.21955337,-0.45451593,0.74905676,0.0614797,0.05051736,0.53037244,-0.10331541,-0.39405498,-0.87711567,-0.21709199,-0.25331208,-1.1902018,-0.48770353,0.5483985,0.0044853687,-0.13519324,0.4609674,-0.13487723,-0.21861261,0.64927393,0.90100986,0.009952019,0.5702418,-0.15327807,-0.22484784,0.40944234,0.27830008,-0.055644885,-0.119749166,-0.1663046,-0.21760963,-0.39752898,0.21618979,-0.38026476,-1.3143787,-1.2587562,0.7833387,-1.273822,-0.10950819,0.44373998,0.80095404,-0.27661303,-1.1939588,-0.19735946,-0.40857127,-0.04104277,0.21701868,-0.17979573,0.43613258,0.3018559,-0.20205028,0.1791635,-0.5206757,0.09766557,0.11193339,-0.12965356,0.77345324,-0.054429352,-0.40557924,-0.1268399,1.0061908,2.8786132,-0.0024865866,-0.09497934,0.14854972,-0.37421703,-0.09945641,0.81757945,-0.66250557,0.072714694,0.52587223,0.6730394,-0.206845,-0.57246906,0.5838678,-0.7078487,-0.0036739658,0.15328334,0.7725262,-0.21877182,5.803995,-0.2388174,0.15798949,-0.08408165,0.5957735,0.2927675,-0.08701491,0.015909752,-0.80966717,0.08041757,0.15358041,-2.169608,0.059612554,-0.23776972,-0.61638117,0.16234219,-1.0553746,0.052686334,-0.04369803,-7.1969886
Nuc_AreaShape_Zernike_8_6,-0.2094282,0.6348675,-0.5600849,-1.689632,1.1824535,-1.773672,-0.06832677,0.1050339,0.34843388,0.21050654,-0.47438693,0.65960026,-0.40208423,-0.6785968,-1.1344043,0.36348376,0.3645122,0.70744437,-2.2163205,-0.50436217,-0.62378514,-0.19894631,0.18710272,-0.067200504,-0.28431597,-0.4988812,0.4191296,-0.931526,-0.41470626,1.1688902,-0.39577532,0.18318374,0.004671216,-0.10154349,0.27914655,-1.287547,-0.25499204,0.01328975,-0.1941335,0.93749905,-0.006431123,-0.3050212,-0.7186198,-0.44966558,0.47033313,0.15247552,-0.38766566,-0.08190494,-0.012005682,-1.4742646,0.7288556,0.27510893,0.69210404,-1.8287863,-1.8931603,0.054155987,-1.4519528,-0.22566104,-0.071738265,-0.081666656,-0.48065338,-3.8381503,-0.55163425,-0.046899755,-0.3728225,0.6089678,-1.6055675,-0.7180632,-0.2803796,-0.848375,0.30744442,-0.16487353,0.3991677,-0.15878907,0.15851946,-1.8963904,-0.50821596,-0.22759299,0.35839438,2.2264888,0.96501684,1.9085375,-0.15401767,0.0668393,-1.0641274,0.759008,-0.0079207225,-0.16558939,-0.6639987,0.19018884,0.15529281,0.23347549,-1.0941422,2.1580505,-0.055778306,-0.13835102,-0.52413553,0.93227595,-0.12335014,5.433248,0.15868749,-0.03905314,-0.013224122,1.7465814,0.5683604,-0.3764949,0.17203504,-1.0859851,0.19997549,0.9740593,-2.0215733,-0.029272,0.05367291,1.973071,-0.21975875,-1.1019901,0.21145935,0.81997633,-1.3823142
Nuc_AreaShape_Zernike_8_8,0.058983266,-1.7448281,-0.5991929,1.7336597,-0.24392498,3.4460576,-0.5560887,0.41121343,-0.16361713,1.1960226,0.08009551,0.51552075,-0.8255396,-0.37649706,-1.0876594,0.06792178,-0.35125852,0.7277934,-1.9503001,-0.27994588,-0.17062794,1.4019351,-0.5944199,0.31388435,-0.28805837,0.38440183,-1.2444998,-3.6481762,-1.3978606,-0.29416594,-4.5067477,-1.1582886,1.4731542,0.118181296,-0.51047534,1.7575315,-0.31631032,-1.5321583,4.6720824,-0.10907737,-0.1373112,0.08176908,-0.5302704,-1.6571432,0.46709338,0.09576547,-0.26122582,-0.435811,-0.1887422,2.2532318,-0.8641138,1.9472808,0.22326553,-4.06295,-2.9149227,-0.0027976532,-1.331677,0.19356216,0.015747046,-2.227434,-0.5830594,-4.4482255,-0.8975196,-1.2368126,-0.9377052,-0.3181171,6.173464,4.7988553,0.31265283,2.279065,0.086362116,-0.43478808,0.2734772,1.4988457,-1.0698895,5.0997562,-0.8068418,0.13543119,-1.2571028,0.52220136,-1.0570496,-0.5091044,0.34474087,2.036583,-2.6879063,-1.6225706,1.4678711,0.14035046,0.46776822,-1.7659005,0.5727598,-0.33465013,-1.5836868,1.3651899,-0.84512454,-0.06500566,0.33800158,0.92909336,0.65567523,-1.9801236,0.3454992,0.36249697,-0.13919814,0.9513915,1.270423,0.33833393,-0.9957006,-1.2816097,-0.16275038,-0.79574627,-4.1313844,0.32045102,0.0013433894,0.7817299,0.38603413,-1.7663072,-0.6715615,-0.59866935,0.6416814
Nuc_AreaShape_Zernike_9_1,-0.018493623,-0.25654197,-0.4245151,-0.7596635,0.47380376,1.3362287,0.032720745,-0.090627395,-0.47524825,0.4226881,0.0433864,1.8587664,0.20117617,0.436741,-0.3048327,-0.02458928,-0.23612742,-0.23398326,0.24449706,-0.3631041,-0.5559289,0.2865594,-0.17195301,0.15055235,-0.14624031,-0.02687341,0.011800893,-1.1949996,0.065319695,-0.29973462,-1.2424744,0.2592871,-0.5808269,-0.15523608,-0.1745932,-1.4192034,-0.119850256,-0.384444,2.315773,0.86674184,-0.21214938,0.35175887,-0.39215183,-0.50689155,0.19941957,-0.10176718,-0.07560925,0.11221695,0.676487,0.021627167,-0.029085388,0.2244693,0.031225896,-0.64741224,1.1503228,0.002990226,0.4484861,0.45581424,-0.22131552,-0.5209091,0.550541,-1.862113,-0.2566494,-0.37870154,-0.41688418,-0.029789468,0.71502084,0.80566597,0.18148132,-0.45648804,-0.17795038,0.22765867,0.6218298,0.46090043,-0.027192513,0.61381316,-0.46145543,-0.13881435,-1.1296443,0.50906295,9.018725,0.4685785,-0.15324867,1.0196053,-0.9597066,-0.52178675,-1.0406169,0.034094144,-0.15556829,-0.44229898,0.48067144,-0.5797354,0.08146884,-0.18160248,-0.30315146,0.3916649,0.31147003,0.2504576,0.4648737,-1.8278036,0.33959866,-0.19854939,0.14959294,0.7359665,-0.065169655,-0.1646236,-0.45006084,-0.6441357,-0.06137537,-0.093192,-0.12039701,-0.13860081,-0.22164671,2.9295852,0.32836232,-0.12519674,-0.1132136,0.25773454,9.399718
Nuc_AreaShape_Zernike_9_3,0.15431093,-0.14454608,0.0013692776,-0.44965538,0.08834434,1.1772351,-0.32790872,-0.1484592,0.3673906,0.10028689,0.032808084,0.23174371,-0.6457079,0.24323659,-0.6606453,-0.47997713,-0.47954985,-0.07959968,3.1497307,-0.33486876,0.43254223,0.19953965,-0.17508203,0.5970073,0.1797366,-0.17815721,-0.27874216,-1.5042766,-0.70392877,-0.009730026,-2.0606997,-0.3206124,0.27236292,0.064700186,0.15072252,1.0933747,-0.06756943,-0.36890832,1.398645,0.20335941,0.43725732,0.26443186,-1.3243569,-0.34618476,0.2963778,-0.21311264,0.072645195,-0.15700476,0.0749362,0.5070991,-0.04560573,0.9263644,0.41524935,-1.4313322,-0.654139,0.17048192,-0.3793958,-0.3001435,-0.2980154,-0.82475585,-0.14790712,-2.4444716,-0.52983254,-0.3373926,-0.8268528,-0.01235117,-0.11873549,0.54515886,-0.18092746,0.4661626,0.5595649,-0.22654629,0.10723426,0.35362855,-0.4024842,0.63570035,-0.96048373,0.2316519,-0.19889657,-0.3318281,7.531069,-0.12853372,0.01548637,1.0968019,-1.1596683,-0.7787487,-0.23890692,0.07965536,0.27588773,-0.6193791,0.07734012,-0.29047358,-0.46135804,0.71456194,0.2617387,-0.3311355,0.16140269,0.43981346,0.1726777,9.880358,0.17825527,0.16235462,0.29680362,1.1325175,0.21862413,0.4196781,-0.8437531,-0.5982809,-0.10758465,0.15516908,-1.5839039,0.17386992,-0.048283223,5.817983,-0.15871783,-0.8803563,-0.07974432,0.21709913,-8.620846
Nuc_AreaShape_Zernike_9_5,0.075554095,-1.1398358,0.011161243,0.5636318,0.4373589,1.1989208,-0.10358777,-0.12888686,-0.06750488,0.3845959,-0.23386586,0.89255744,-0.44114843,0.18059082,-0.31191918,-0.07335741,-0.4643946,0.4372228,-0.20988464,0.036690127,-0.09287534,0.57686037,-0.34371272,0.5879598,-0.7213927,-0.3137043,-0.05280131,-2.3100138,-0.19682753,-0.16231479,-2.8316638,-0.4740498,0.71755177,0.21284229,-0.044057354,1.1032331,-0.3701861,-0.65861243,1.5536906,0.1883849,0.06149779,-0.32074168,-0.92451197,-1.2566106,-0.1408117,-0.17319454,-0.38625193,-0.2631216,0.36444077,0.20273896,-0.08547819,0.9107282,0.33781195,-2.0751472,-0.3192576,0.33857703,-0.7292688,-0.1591016,-0.18942106,-0.6872511,-0.24159752,-2.8934715,-0.7719867,-0.67054224,-0.7333891,0.087591074,0.9712584,1.4925216,0.59410906,0.44449082,0.4272292,-0.26874152,0.5137117,0.777456,-0.61634624,1.6520323,-0.4903098,0.07083324,-0.43638158,0.22060923,11.798164,-0.24864793,0.16328613,1.1056856,-1.8852997,-0.633844,0.9363785,-0.25351894,0.18513472,-0.42213893,0.5015361,-0.15627083,-0.70941764,1.427826,0.20854624,-0.29505736,0.35285273,1.0301769,0.4449388,4.0115495,0.08012696,-0.25997716,-0.041573454,1.0901145,1.0440178,0.2033313,-0.63163257,-1.3893858,0.06453776,0.1265467,-2.711046,0.33696365,-0.18683524,1.4227401,-0.2097557,-1.3378922,-0.18633397,-0.26226082,0.32294464
Nuc_AreaShape_Zernike_9_7,0.11204651,-1.1851182,-0.34846088,0.70156115,-0.13607639,2.237829,-0.34252176,-0.13895108,0.06618672,1.2094474,0.2367924,0.27591106,-0.7793471,-0.31511775,-1.1502491,0.29491127,-0.5396804,0.60733026,-0.17175825,-0.31206527,0.10096902,0.958391,-0.4737384,0.5212493,-0.4797348,-0.06492864,-1.0819042,-3.3667934,-1.1977223,0.32375804,-4.1166954,-0.9840979,0.89368725,-0.027676957,0.008820911,1.9081177,-0.5395475,-1.4339556,3.2753544,0.19400315,-0.32128468,-0.009410401,-1.318317,-1.1180271,0.74550146,-0.2769222,-0.28671238,-0.106909715,0.12135991,1.0754257,-0.26150414,1.2152275,0.5693056,-3.50029,-1.672337,0.19289218,-1.2221464,0.01257427,0.018637866,-1.4152025,-0.4551125,-3.942384,-0.710896,-0.8774088,-0.64936364,-0.2551682,3.2099645,2.1282806,-0.014396693,1.6012106,0.054135833,-0.13273536,0.19894616,0.43178132,-1.1326655,2.8690479,-0.3286185,0.19153285,-0.30071723,0.35140035,17.874393,-0.076187566,-0.13630655,1.4388531,-2.20718,-1.2856889,1.8799137,0.03600387,0.13557678,-0.8084159,0.04692051,-0.2620143,-1.6336584,1.5908858,-0.94717646,-0.014179011,0.36849216,1.0051984,0.07950502,-1.7940717,0.06999072,0.121389695,0.01640296,0.9314696,1.2053794,0.2827258,-0.8540487,-1.4155207,-0.107938685,-0.38586596,-3.6591575,-0.002774487,0.30583152,5.8175087,-0.07533065,-2.012031,-0.6469026,0.028133204,17.463696
Nuc_AreaShape_Zernike_9_9,-0.023610154,-1.8623508,-0.51232,-0.1632569,-0.49821988,3.199298,-0.17070706,-0.086909585,-0.33035868,0.49510813,0.41202423,0.53095865,0.029494539,0.58131427,-0.950346,-0.056843504,-0.9339976,-0.4754661,-1.6072193,-0.5028941,-0.27740714,0.41875052,-0.030246979,1.5366775,-0.4687167,0.2576462,-0.82737756,-3.4287205,-0.91813236,-0.4539056,-3.9208367,-0.7484434,0.86867815,0.25769627,-0.12744533,0.13267565,-0.17337482,-0.47118917,3.6448708,1.6428094,-0.287353,-0.015421788,-1.6827497,-0.9261524,0.41779682,-0.15942666,-0.49393418,-0.0537481,0.061269257,-0.13664983,-0.50813186,0.97982955,0.40848532,-3.2695065,-0.53536093,0.48944417,-1.1077777,0.47181717,-0.20713705,-0.5266155,0.05172344,-2.482911,-0.6842234,-1.2074956,-0.95724845,-0.10409246,5.219571,2.959306,0.5681985,1.0886043,0.05033632,-0.10074166,0.18692338,0.621846,-1.0970235,4.294302,-0.5413489,-0.023422688,-0.8390398,-0.17650425,10.330751,0.14459564,0.40923092,1.698628,-2.3861542,-1.0029244,0.3714637,0.18277027,0.15286367,-1.2227707,0.3558726,-0.39370474,-0.7462689,1.0226914,-0.73179865,-0.012584329,0.41242397,0.93721324,-0.041219253,7.4169583,0.8863113,0.004963001,0.3084148,0.5198985,0.9865592,0.13286741,-0.51082194,-2.1214316,-0.0482394,-0.5101101,-2.1657515,-0.33102557,-0.077532165,6.687123,0.2871923,-1.7061195,-0.6186807,-0.45224583,16.341858
Nuc_Correlation_Correlation_AGP_DNA,-0.118608706,1.2057418,4.839897e-05,4.3207393,1.0017222,2.215091,-0.46757638,0.09542256,-0.17485076,0.03960681,-0.42191505,2.5993242,0.13957627,0.41298628,-0.36973464,0.15036714,0.81548595,1.1731281,14.478938,-0.25869226,-0.29738244,1.0166607,-0.43915817,2.1196332,-0.8074779,-0.20864795,-0.45655832,1.3932112,0.056897383,0.0647642,0.12423435,-0.29291952,2.8242338,-0.21308585,-0.038585816,20.909142,-0.10754456,0.27694717,5.9824347,-1.2402161,-0.7482,0.037237506,-0.88070244,0.21534069,0.3313361,-0.44535032,-0.3207585,-0.15320437,-0.007472118,11.508508,-0.3018326,0.52610016,1.603458,-2.131064,8.355605,0.09997026,0.40230384,-0.18145947,0.32206544,-0.12881635,-0.03884724,0.42919978,0.6887856,-0.63465375,-1.4395233,1.0607816,4.5353403,3.4857633,-0.22115892,3.6232102,-0.3966712,-0.19431704,0.014535566,0.96192735,0.45306173,4.0918393,-0.6062043,0.16432738,0.86409014,0.64768076,10.446826,0.59632057,-0.3588339,0.54885,-1.156248,0.5127449,4.995889,-0.9448373,0.5881092,-0.3763791,0.5896555,0.030253023,-0.70115405,4.970445,0.16122375,0.31385863,-0.30663517,0.612598,0.009577434,9.462829,0.58629006,-0.081950754,0.3952237,0.81935406,1.9795946,0.31084993,-0.1581261,-0.29339397,-0.096835636,1.3003983,-0.6132128,-0.016550085,-0.10694897,8.6936865,-0.108627915,-0.997313,0.3040042,2.3509824,-2.7551327
Nuc_Correlation_Correlation_AGP_ER,-0.3155428,-1.2113105,-0.71089333,-1.8378587,1.5106643,-0.49719703,0.07303678,-0.12747027,-0.06981536,-0.025262723,-0.05000615,3.4786494,0.6639579,-0.007228136,-0.096614875,-0.10076649,-0.19035298,-1.1884023,0.6706874,0.12882483,-0.5295833,0.013439818,-0.03284875,-0.23977292,0.9033668,-0.10002466,0.19270611,0.19847421,-1.4997355,0.17149623,1.7801743,-0.25056136,-1.9050441,-0.31517377,-0.6398563,-6.7955766,-0.042880375,-0.27257136,3.0865023,1.7168337,0.32524428,-0.28849688,1.7380208,-0.63943905,0.2497936,0.5247683,-0.40135717,0.17765708,-0.31082422,-4.1131387,-0.51373434,1.6505862,0.7972184,2.1654558,1.4437281,-0.29589352,0.033914942,-0.17607047,0.03371044,0.004814903,-0.2543194,-0.004200717,-0.8506902,0.45171872,0.1410502,-0.22107439,0.78006697,2.81729,-0.07323984,-0.64502287,0.05960806,-0.31458572,-0.22812879,0.14172536,-0.95685863,0.5148854,0.15158373,0.123071216,-1.2427791,2.258231,4.567624,0.93888265,-0.108123384,0.85498124,0.3826598,0.13989651,-1.8258911,0.50058126,-0.5038748,0.19980079,0.2235033,-0.52722967,0.04316787,0.9566281,-0.45792493,-1.3871969,-0.019742727,-0.47195032,-0.0027778049,5.1699805,-0.6906981,-0.16265151,-0.12818426,3.1461504,-1.3352041,-0.33666348,0.3367592,0.73178285,-0.023095796,1.7162594,1.384036,-0.026269162,0.037096858,3.2744846,-0.36005196,0.4972202,-0.1324448,-1.2943203,4.5077596
Nuc_Correlation_Correlation_AGP_Mito,-0.25051606,-1.5557824,-1.6357981,-2.700778,1.1157395,-1.2049712,0.09735628,-0.3794179,-0.013885434,0.09883928,0.2689725,4.7500877,0.99942374,0.46856293,0.057747345,-0.055714216,-0.68624943,-0.778173,-0.32840297,-0.17242724,-0.37814236,-0.05790448,-0.024165794,0.005933881,0.949063,-0.43615708,0.39341095,-1.0657784,-1.3443441,0.2426203,0.57340676,-0.05329967,-1.7046186,-0.016801069,-0.55372864,-11.62552,0.09772245,-0.596147,2.696452,4.261313,0.2443322,-0.28411877,1.5522131,-1.2242771,0.63924485,0.43638358,-0.112592936,0.26829478,-0.19101413,-6.6456,-0.57141703,2.485923,0.52161443,1.2652694,0.7159324,-0.03770432,-1.7406133,-0.25126287,0.3418496,-0.7400534,-0.19454281,-0.25296268,-0.94821715,0.29022947,0.12957747,0.1735087,1.2546741,3.1489894,-0.09605058,-1.2005138,0.092774175,-0.25815752,0.3562394,0.75795656,-1.3227721,1.9800981,0.16983283,-0.029690603,-2.7491558,4.6683197,4.660155,1.8688723,0.07721884,1.698123,0.11582824,0.4535512,-2.0589993,0.7499767,-0.8441503,-0.32363462,0.7917345,-0.39417234,-0.2478639,-0.3636934,-1.0922846,-1.2145349,0.010905375,0.16084227,0.38618994,-0.06096657,-0.17198907,-0.23381793,-0.37177274,3.4606047,-1.0891374,-0.08824114,0.5139202,1.7779307,-0.1494179,1.0457745,2.185413,0.11080908,-0.12031039,4.4296517,0.06714507,0.28065038,-0.1727132,-1.608807,1.4834718
Nuc_Correlation_Correlation_DNA_ER,-0.08115391,0.82872105,-0.24013698,1.8458166,2.165158,2.9845943,0.38856784,0.2336879,0.22232091,0.17467777,-0.054852594,4.210222,0.37747264,0.05443768,-0.6951503,0.25305542,-0.31409314,-0.6711423,10.004898,-0.22073667,-0.19444562,1.2193763,-0.60253435,0.43598875,0.23740076,-0.06208038,-0.3165487,-0.48668027,-1.3231744,-0.3509132,-0.2593808,0.20828776,0.73532295,0.21255322,-0.5272655,7.3721147,-0.8739958,-0.25563088,7.1262603,2.3750775,-0.7906681,-0.0004314234,1.7492266,-0.7631545,-1.1439227,-0.47250292,-0.26173875,0.13784082,-0.5435381,11.601472,-1.0240396,2.3875039,1.0633267,-0.3501842,7.965332,-0.84866506,-0.1071104,-0.06221428,-0.33827338,-0.572407,-0.258433,-0.21970314,-0.5129953,0.18974394,-0.045357775,-0.3713108,8.067383,4.346021,0.4721805,2.185115,-0.6957666,0.1884761,-0.3981147,0.40428337,-0.24802093,8.206113,-0.5335845,0.19217314,0.53767097,1.8084768,10.78449,0.16245238,0.11750499,1.6474952,-1.0431222,0.6357886,2.8663301,-0.3823059,0.079085626,-1.3324643,0.22163588,0.0824369,-0.6551303,2.4046593,-0.5109411,-0.10997812,-0.19551885,-0.37010255,0.6818417,6.978146,-0.20877711,-0.21045716,-0.345886,2.9550831,-0.24757557,-0.077852346,-0.5351861,1.3158187,0.16782995,1.3075405,1.5484686,-0.15727341,-0.08991768,11.923703,-0.10649651,-1.275411,0.06789714,1.3463603,6.138878
Nuc_Correlation_Correlation_DNA_Mito,-0.12371051,1.7557703,-0.20926039,2.3464289,3.4003818,3.4142895,0.3158307,-0.116685174,-0.058837492,0.860317,-0.06291983,4.68599,1.5016055,-0.27481994,-0.6484638,0.1792363,0.056716472,0.26928228,14.876732,-0.12022909,-0.3160544,1.5160567,-0.66734666,0.25931183,0.11684022,-0.19468312,-0.19948564,1.9643418,-0.9649086,0.3729726,1.4639364,0.10443696,1.0441768,-0.2397476,-0.775557,8.744523,-0.8403458,-0.26824597,7.0290413,-0.08770879,-0.44322634,0.01643165,4.090881,-0.31076702,-0.75566834,-0.046554763,-0.56711704,0.2515961,-0.48146078,7.4354663,-0.6797457,3.202861,1.5406493,1.3225218,7.415816,-0.9060762,0.1476438,-0.33604455,0.14445563,-0.65453905,-0.1341403,0.7607061,-0.5699088,0.12771443,-0.054278325,0.43027565,7.8299193,5.2414746,0.22393967,2.4711866,-0.3831812,-0.15103965,-0.22178638,0.79504055,0.4020859,8.572919,-0.65926737,0.036405127,0.6077967,2.731197,11.944995,0.76529837,-0.06124712,1.5229617,-0.8455555,1.7337948,3.8956223,-0.64323795,0.3199738,-1.1609007,0.34998778,-0.2287901,-0.7912509,4.5986934,-0.18179254,-0.23080754,-0.017073512,0.32102922,0.34608436,12.551182,-0.28185087,-0.56408834,-0.5780857,3.7916565,-0.009764016,0.04088685,0.07629039,0.9254997,0.013796563,1.7073416,2.1606116,-0.16140659,-0.13206072,9.80435,-0.4666643,-1.3586861,0.6511166,1.8054361,4.4805775
Nuc_Correlation_Correlation_ER_Mito,0.031003306,-0.28898704,-3.1077967,-3.2061603,-0.516093,-0.28391933,-0.115234725,-0.6536253,-0.58062387,-0.70288247,-0.04000337,1.4215275,1.1953169,0.16458677,0.9015829,-0.23616223,-0.2560213,0.25315806,-6.6508555,0.12793142,-0.19328718,-0.16920166,0.34692907,-0.6019225,0.78939444,-0.6851073,0.1342432,-1.8072792,-0.11615777,0.66960126,0.83579165,-0.9291617,-1.3419513,-0.06813875,-0.14522879,-0.9193632,0.87582994,0.14925481,1.0072259,-0.121747814,0.43635273,-0.61785746,0.55290276,-0.32058796,0.72702354,0.41839424,-0.17631197,-0.111831374,-0.2071442,-10.628976,0.51946944,-0.21822912,0.34101692,1.1247101,-5.9269767,0.41577354,0.59502596,-0.2453595,0.8038409,-0.2644148,0.11708442,0.45695028,0.12979864,0.7467458,0.41953936,0.25273478,-0.17847799,1.8470937,-0.19745712,-2.5040362,0.5016158,-0.36332187,1.1089817,0.16916458,0.7247255,1.466022,-0.039272547,-0.08952451,-2.9874742,-0.2786521,0.63600475,0.4328897,-0.3530595,0.5420149,0.46559963,0.83810943,-0.93696386,0.17375362,-0.623732,1.0884877,0.6344032,-0.5718196,-0.19153838,1.2258309,0.43713412,-0.024447432,-0.30186498,0.2385993,-0.021296421,-7.1457124,-0.7495102,-0.33915266,0.28962985,0.98985225,-0.37091696,0.23046786,0.60295427,0.4550415,-0.48599705,1.0189314,0.96886325,-0.18416263,-0.092766635,0.6224489,-0.32548746,0.6161451,0.13909006,-0.31588975,-3.3738573
Nuc_Correlation_K_AGP_DNA,-0.551929,-1.2889719,0.044576686,-0.14442635,0.3087168,-0.6127623,-0.6511813,-0.51886314,-0.29035947,0.81976587,0.3454697,-1.5149221,0.9256988,-0.5166859,0.80408955,-0.28639752,0.8504098,0.078327976,2.217302,0.2760748,0.18015695,-0.34314033,0.5838691,1.0671903,0.29630926,-0.48148894,-0.3444486,-1.0956427,-0.5257932,0.27236143,-2.4826028,-0.5942376,1.1307701,-0.084150024,-0.800545,3.8059301,-0.7030665,-0.60041386,1.362698,-1.4699968,0.28184626,0.021010017,-2.202195,-0.75276846,0.016305527,1.0576011,-0.42440534,0.14751507,0.0781352,0.7387795,-2.2156923,-0.9340651,-0.43135333,-1.3575982,1.6209847,1.3491644,-1.7281375,-0.23085254,1.0145708,-0.87787503,0.352669,-1.0227559,-0.5877637,-0.080722615,-1.3187104,0.86207086,0.78478247,0.17869212,-0.7654616,-0.1418336,0.8889851,-0.3633757,0.21641456,-0.12386167,-1.2492319,1.5704764,-0.10191981,0.17632759,-0.7347259,0.074320465,8.989546,0.6448423,-0.064987816,0.99188614,-1.6513039,0.1515249,1.5009333,-0.31762645,-0.123118885,-1.0278519,-0.09842784,-0.4268855,-0.87934065,1.019745,-1.239702,-0.68611044,0.40901223,0.6157441,0.12417731,7.8397746,0.019701496,-0.7453063,-0.022985697,0.10569503,-0.1729296,0.048192024,0.6711958,-1.7928566,-0.24787767,-0.22431536,-0.6861763,-0.38860378,-0.6479003,3.9588661,0.3454934,0.1745613,-0.96700287,-0.38438895,-5.9799027
Nuc_Correlation_K_AGP_Mito,-0.8478637,-0.45964673,0.44920278,0.1900992,0.5508892,-0.29143593,0.013382445,-0.5138958,0.045357168,1.1069938,0.09382278,0.4812025,1.0358716,-0.12504429,0.5449531,-0.48717585,0.05576977,-0.2930857,3.6590347,0.04596116,0.13504253,-0.1330276,0.32799554,1.1532059,0.18158756,-0.71156186,-0.62394804,0.35125944,-1.1777201,0.46153072,-0.6205116,-0.35989073,0.9455583,0.06704575,-1.0121156,0.2930306,-0.09873792,-0.25643644,0.21234255,3.1493342,-0.0897272,-0.12855087,-0.37419045,-0.9804613,-0.044596862,0.73037976,-0.36646542,0.00925533,-0.4852176,-0.21386372,-0.6684448,0.19116656,-0.16847324,-0.44367203,4.1638355,1.2630528,-1.0765991,-0.39986047,0.61685437,-0.5979447,-0.6376243,-0.9774602,-1.0844855,-0.2873172,-0.5596678,0.48762643,-0.2741515,0.2739402,-0.45219553,0.76173073,0.42221496,-0.34584,-0.21996832,0.13843477,-1.5445727,0.151646,0.70282716,0.07382382,-0.46933198,2.8193817,6.7982764,1.0764774,0.35611105,1.787623,-0.30779788,-0.19238745,0.11208111,-0.026835442,-0.34723425,0.57688564,-0.25674912,-0.33302763,-0.211866,0.07237301,-1.1002775,-0.52355534,0.05302911,0.7691658,0.34850535,4.1291265,0.20200872,-0.99898577,-0.5743186,-0.40200225,0.05925153,-0.5340863,0.113595404,0.101978876,-0.37156534,-0.2375484,-0.55926555,-0.5858448,-0.67250997,2.916598,-0.042432707,0.15857367,0.88277465,-0.7939109,1.3479949
Nuc_Correlation_K_DNA_AGP,0.56877756,1.5966831,0.09608159,0.6234944,-0.1833995,0.5176092,0.61624,0.59447664,0.33786798,-0.8259056,-0.32832438,2.2076638,-0.8463294,0.5258263,-0.7155226,0.31018922,-0.5721361,0.31661257,-1.0375,-0.20570941,-0.10919502,0.49623537,-0.49481913,-0.7202074,-0.3666966,0.60128635,0.4911944,1.5330127,0.5865101,-0.042962987,3.3998373,0.76324606,-0.8381028,0.09608003,0.9583378,-1.3453432,0.9030018,0.7573526,-0.88223535,1.1976132,-0.17202817,0.025796076,2.668439,1.0061244,0.076053046,-0.8897178,0.51098186,-0.064791895,-0.014737636,0.16801858,2.9509933,0.5576388,0.58028764,1.5772983,-1.071268,-1.1567701,1.9150606,0.3220125,-0.7791317,1.2740878,-0.24715173,1.322118,0.7517527,0.103592925,1.6427908,-0.57135004,-0.7995529,-0.3482907,0.8171703,0.44729397,-0.75521153,0.37834892,-0.23115428,0.32291672,1.6084309,-1.2606758,0.20367484,-0.08739948,0.95897204,-0.35672104,-3.0337093,-0.6444847,0.03397326,-1.1623693,2.011802,0.07565549,-1.0488743,0.26103446,0.27400184,1.3215921,0.15353636,0.58587056,0.92834044,-0.6374871,1.5046698,0.67897433,-0.41282853,-0.56218463,-0.09121296,-2.9746296,0.03344683,0.85418373,0.05042416,-0.17187764,0.3814805,0.01474611,-0.53717166,2.1607006,0.31077725,0.44795573,0.8385129,0.38548684,0.67634624,-2.3783581,-0.32255206,-0.16523322,1.1745027,0.7322343,20.85782
Nuc_Correlation_K_ER_AGP,0.5271003,0.32686374,0.068778396,0.54199386,-0.5834598,0.0661732,0.56561047,0.9123916,0.14034979,-1.4550153,0.018408963,0.33751872,-1.1738693,0.67894715,-0.47204086,0.26785502,-0.46239588,-1.0289372,-0.99782604,0.22885852,-0.26101014,0.25394765,-0.28545496,-1.0427238,0.9150572,0.7475745,0.26879358,-0.91800696,-0.50953,0.018521905,-0.041390497,0.1046229,-1.2871187,0.28562114,0.57488376,-1.9411627,0.5227744,0.31886902,-0.50471085,-0.17348766,-0.1600485,0.07644751,0.5894084,0.60390264,-0.2515867,-0.91246843,-0.086716436,0.16442326,0.13437755,0.8253947,0.26668584,2.2582061,-0.09072032,-0.36189377,0.18481052,-0.8123247,1.2865661,0.5648163,-0.9221391,0.6499619,0.20989633,0.98851484,-0.14950328,0.35599637,0.20735072,-0.6855674,-0.3465413,-0.54891324,0.510081,0.46225122,-0.71253234,0.3520341,0.065024994,0.16820467,0.2875799,-1.7641182,-0.25244936,0.20336038,-0.16780335,-0.6898839,-3.9843826,-1.309884,0.010402122,0.12601954,-0.1517754,0.096433796,-1.1579398,0.34429848,0.7666669,-0.85344195,-0.20685263,0.43415284,0.5350747,-1.9604429,0.2896883,-0.17645544,-0.16357538,-0.14643139,0.011627887,-1.8948303,-0.24296854,0.89088815,0.44035387,0.93755585,-0.18457675,0.0020833213,-0.83006257,0.59375864,0.34259748,-0.07014676,1.1491715,0.47069612,0.57554346,-2.7020857,-0.12747353,0.07726947,-0.37779626,0.034328956,-2.368536
Nuc_Correlation_K_ER_DNA,-0.07952886,-1.1963087,-0.18369858,-0.3587512,-0.8009452,-0.45931044,-0.19388957,0.2860893,-0.21547134,-0.59584284,0.29621032,-2.1630485,-0.2577023,0.15649107,0.35397354,-0.07695341,0.37034044,-1.3455776,0.07638142,0.41479325,0.024858743,-0.17505145,0.3250681,0.15553279,0.7392159,0.18414529,-0.13149731,-2.1538389,-1.167423,0.14463586,-3.2156641,-0.4223455,-0.3508934,0.3012342,-0.3611969,0.8144395,-0.3000144,-0.25224566,0.16187096,-1.5308965,-0.06931891,0.088464506,-2.2021954,-0.7301702,-0.30230966,0.17990084,-0.6221021,0.110951,0.14866951,2.0553966,-2.503658,0.64727086,-0.657115,-2.3593419,1.5984124,0.7020317,-0.85492104,0.3110182,0.10246867,-0.5439639,0.61747575,-0.46130362,-0.90428257,0.23042314,-1.5573536,0.14406805,0.7487557,-0.5853355,-0.3377597,-0.63005763,0.10050181,-0.024217507,0.201038,-0.2033708,-1.3252126,-0.05657391,-0.5158616,0.3552231,-1.1456877,-0.7130305,3.8998764,-0.5313039,-0.004792725,1.3659397,-1.8839201,0.11594602,0.57903177,0.04055639,0.7031365,-1.8829349,-0.3697137,-0.012374346,-0.52214646,-1.1483461,-1.341633,-0.7449481,0.4223342,0.0036191542,0.030808916,7.13677,-0.33940363,-0.041481487,0.5612972,0.34290126,-0.5890135,0.058828652,0.118858755,-1.7861477,0.19999562,-0.33242992,-0.1969238,-0.10902661,-0.27021208,-0.22229268,0.39679322,0.35680115,-1.5967885,-0.4335843,-7.490101
Nuc_Correlation_K_ER_Mito,-0.5255792,-0.16204146,0.42787185,0.54865414,-0.06956842,-0.20480324,0.34106472,-0.031987995,0.13224334,0.29073724,-0.070154555,0.6333919,0.16349888,0.35576716,0.16245003,-0.31020746,-0.2489994,-0.9705901,3.132533,0.14359711,-0.08297668,-0.021377156,0.15525596,0.5821342,0.46174827,-0.35684034,-0.5386185,-0.1361422,-1.2580124,0.42048326,-0.62390304,-0.34020653,0.00947466,0.27775759,-0.66964746,-0.86409503,0.20710248,0.0117789805,-0.36799774,2.8623598,-0.33021167,-0.09854581,-0.14720887,-0.58588654,-0.23690145,0.22915356,-0.4902252,0.0011692593,-0.3815693,0.29448318,-0.5697204,1.1985565,-0.16396391,-0.60933644,4.2618628,0.87310433,-0.4860963,-0.06105293,-0.072993845,-0.19585371,-0.41633546,-0.45124188,-1.1057211,-0.11117182,-0.43567014,-0.077706814,-0.50885797,-0.13902634,-0.09996658,0.9167025,-0.06759679,-0.09351745,-0.15624286,0.14792861,-1.491784,-0.99563533,0.63834375,0.20743208,-0.4604827,2.1229112,1.7990297,0.10024332,0.40580204,1.9148246,-0.22955917,-0.2513459,-0.49039343,0.34791586,0.14340417,0.13060372,-0.41002288,-0.12980667,0.13637932,-0.99617696,-0.98260087,-0.55692035,-0.04192267,0.49625337,0.29072678,1.7086908,0.18445134,-0.59105825,-0.29219154,-0.08620671,-0.03829311,-0.5298784,-0.41470924,0.44718316,-0.21219921,-0.37714967,-0.10679587,-0.41115806,-0.40226927,0.583775,-0.122792095,0.16747105,0.60161567,-0.82328695,-0.3306661
Nuc_Correlation_K_Mito_AGP,0.983857,0.43655077,-0.5282834,-0.48511457,-0.57505614,0.22380131,-0.011045004,0.5592845,0.029994598,-0.9530378,0.07213953,-0.55281943,-0.8571172,0.18246375,-0.4037815,0.6114235,0.105741106,0.28535995,-2.7652538,0.050121766,0.004828632,0.1449338,-0.25330976,-0.97255677,-0.1025956,0.8352985,0.74530005,-0.2847818,1.4819036,-0.34195864,0.61847764,0.43972716,-0.8970804,-0.022993693,1.35508,-0.18177904,0.16532207,0.3580792,-0.10562249,-2.1585863,0.23887675,0.13882239,0.4173384,1.2133206,0.15596782,-0.3236908,0.7072367,0.042283904,0.6106744,0.068678044,0.8909387,-0.24383967,0.18276316,0.49332222,-3.3027127,-0.9893864,1.1929742,0.46643543,-0.43935457,0.6978653,0.77620554,1.2820524,1.3628454,0.37337098,0.6005973,-0.34172556,0.30049196,-0.20000951,0.53334236,-0.92005444,-0.24955755,0.39481053,0.30607045,-0.0041477582,2.0452971,-0.10142382,-0.61370784,-0.013013902,0.6041545,-2.0048444,-3.4424038,-0.7958867,-0.27843717,-1.3831049,0.3716161,0.26845047,-0.03431521,0.10955479,0.40942153,-0.51758426,0.3326213,0.4089705,0.20618473,0.0053927503,1.421317,0.58320296,-0.031850558,-0.71808344,-0.22859569,-1.4051819,-0.14270209,1.1541692,0.7461157,0.48907474,-0.06977216,0.91790384,0.043336432,-0.027264416,0.47250152,0.4996973,0.6904354,0.72012806,0.80285615,-1.773038,0.08506074,-0.09842219,-0.7678981,1.0246321,-1.0050238
Nuc_Correlation_K_Mito_DNA,0.6255242,-0.51998466,-0.6007882,-0.6682901,-0.25712565,-0.08570808,-0.46353754,0.17465556,-0.23135912,-0.55613065,0.42976654,-2.273834,-0.254482,-0.2990882,0.385577,0.41794944,0.71125275,0.30084527,-2.5558403,0.22727288,0.16986234,-0.056745257,0.18396966,-0.50645405,0.2685798,0.52187705,0.51564485,-1.0670524,1.2745159,-0.317579,-1.3738514,0.055664215,-0.15772712,-0.05425333,0.65199995,1.9246639,-0.3616242,-0.15697052,0.5377572,-3.1378357,0.3757367,0.14379916,-1.1253821,0.45508912,0.11408786,0.116886936,0.51073813,0.084300674,0.641522,0.5110064,-0.9138275,-0.7829936,-0.13812332,-0.5274109,-3.2820709,-0.33546057,-0.0728642,0.34316096,0.2516222,-0.08774358,1.1518613,0.6009173,0.87809116,0.3793757,-0.42191863,0.20475014,1.429577,-0.18035287,0.008304943,-1.1461293,0.36249217,0.20818536,0.53247917,-0.12739478,1.1766909,1.4257294,-0.6683865,0.09045706,0.24765658,-2.3095477,0.14953732,-0.43417218,-0.17828906,-0.97014046,-0.97650266,0.5447119,1.2143083,-0.17129423,0.43620715,-1.2754654,0.30213413,0.16661607,-0.43528476,0.8488693,0.5261522,0.2263091,0.3962907,-0.27763066,-0.187849,1.1002731,-0.2964781,0.6545379,0.7906911,0.5919699,-0.18549426,1.0367433,0.7176285,-1.5141344,0.44821504,0.26026204,0.2538348,0.4555534,0.37889516,-0.586285,0.4090017,0.14117293,-1.432911,0.72093457,-5.2358336
Nuc_Correlation_K_Mito_ER,0.5956381,0.2977911,-0.48269865,-0.56759053,0.16634922,0.2800887,-0.26404738,0.06052183,-0.07019744,-0.29264522,0.20027928,-0.39036262,-0.1455453,-0.314162,-0.032525044,0.40094528,0.40699497,1.2866496,-2.4819548,-0.053892374,0.13802117,0.07972931,-0.06356353,-0.5024414,-0.34489298,0.45379838,0.6314495,0.19374204,1.9939723,-0.30470318,0.67166233,0.41122213,-0.023562914,-0.20392813,0.8246317,1.406624,-0.09092862,0.08617326,0.38797542,-2.1455088,0.50641745,0.13638714,0.19427156,0.8707228,0.34327528,0.18676758,0.8127666,0.024621204,0.44040278,-0.16395974,0.83281165,-1.0710441,0.26891172,0.90753406,-3.1990354,-0.70225334,0.6360864,0.117381684,0.16960712,0.2329517,0.6772313,0.6459575,1.4725417,0.1909191,0.61745745,0.12945454,0.6262543,0.21800904,0.15174927,-0.8067455,0.21144532,0.22028343,0.24445069,-0.029478302,2.1239665,1.2422012,-0.5490572,-0.15666217,0.89605504,-1.7500685,-1.1329801,-0.042018395,-0.2890176,-1.4830321,0.35936394,0.31435755,0.7237155,-0.23662205,-0.086646,-0.031424236,0.52394086,0.20348501,-0.107232474,1.5922375,1.405517,0.68880826,0.057224054,-0.40480864,-0.22156377,-0.5747323,-0.13205563,0.6701414,0.42414847,0.32345003,0.09874397,0.8014732,0.7083308,-0.4086361,0.2581382,0.47296295,0.3427533,0.54085875,0.4752076,-0.20840009,0.18418616,-0.1413996,-0.4265876,1.1170298,0.529272
Nuc_Correlation_Overlap_AGP_DNA,-0.11013782,1.5073255,0.063075386,3.1066008,0.9217554,-1.3199958,-0.7033178,0.04386876,-0.22335912,-0.54323083,-0.13973409,-0.43646392,0.11493486,-0.65024924,-0.1405946,-0.16495459,1.6850514,0.85741925,5.301986,0.22564662,0.13865958,1.1054286,-0.234518,1.1735517,-0.8946877,0.2515948,0.554648,2.2111447,0.035285812,0.6679354,0.94340247,0.23678946,1.9250637,0.087746225,0.5311757,11.338654,0.60072696,0.5777224,0.46349907,-3.1554706,-0.26129702,0.11980203,-0.4722869,0.40822473,0.14189798,-0.19640744,-0.2170041,0.07211414,0.22339076,7.1815815,1.0211811,-2.9921818,0.65740615,-1.8718328,3.3538475,0.19560474,-0.80939484,0.16004618,0.7777958,0.36308432,0.40536258,1.4273038,0.9078284,-0.15479624,-2.3769891,1.743652,-1.429143,-2.0641136,-0.46652427,1.72655,-0.21778256,-0.11644775,-0.31080773,0.121747196,0.35124266,-0.8110428,-0.3351767,0.27626356,1.293504,-2.4193687,1.396699,-0.6603051,-0.32705355,-2.6100693,0.0425776,1.7770805,1.7983824,-0.842632,1.0246667,0.59145635,0.15043016,0.45307553,-0.53986114,2.831501,0.29819724,-0.36258423,-0.41405478,-0.026239043,0.22577663,-1.3667847,0.326363,0.25269294,-0.056576967,-0.6755953,0.95290965,0.084952526,0.6850534,-0.023043066,0.09886771,0.04186978,0.21683519,-0.23732162,-0.25656933,1.9788227,0.0005244414,-0.08794399,0.46638528,2.15634,1.6263489
Nuc_Correlation_Overlap_AGP_ER,0.09368872,-1.8273653,-1.6155319,-3.2873306,-0.113503136,-0.92134,0.15836418,0.3689294,0.5148036,-1.0352561,0.37903085,1.4542941,-0.2430538,0.1687647,-0.8138464,0.19417112,0.025198236,-3.1811304,-5.2393384,0.1294624,0.24949984,-0.011668731,0.2162985,0.6365403,-0.224876,0.4356666,0.6039002,-1.4971162,-2.1882439,0.8668677,-0.79593945,0.9164029,-2.1718366,0.13041537,0.16887562,-8.511861,1.6066027,-0.01856736,-0.75761837,1.6196179,0.020695081,0.17301476,-0.32334474,-0.6257968,0.45893797,0.26839086,-0.34758592,0.7508932,0.059540723,-0.3407627,-0.7977128,-0.85323924,0.03082031,-2.3388166,-2.4238524,0.2605885,-1.2632143,0.4827877,0.13960099,0.15164113,0.18167762,-2.1073918,-0.49400973,0.50865895,-1.044768,-0.7437814,-1.3913485,-2.9509203,0.13429376,-3.045283,-0.7127107,0.08942056,-0.750084,0.24327017,-0.968894,-1.8448128,-0.3239371,0.24943876,-0.37292185,0.88093024,-1.189797,0.68440634,0.014611125,0.4150001,-0.89134,0.14822793,-1.6900991,1.1478662,-0.02522309,-1.4839944,0.44177607,0.020865157,-0.38881317,-0.19479783,-0.3773898,-0.25215495,0.2659682,-2.7906597,0.37462196,0.75230646,-0.07222124,0.1437696,-0.15314113,0.8479473,-2.3816698,-0.27555695,0.61175907,-0.35157916,0.51325965,1.1091963,-0.8073893,0.17234717,0.2005238,0.08559513,0.10809032,-0.4916909,-1.6100065,0.26798272,0.1120437
Nuc_Correlation_Overlap_DNA_ER,0.16511407,0.15756404,-0.29627666,-0.016310215,0.08545325,0.4774587,0.5529397,0.50531673,0.42906097,-0.75654775,0.12668794,0.3151524,-0.60237426,-0.029710084,-0.9749431,0.1670279,-0.20697975,-1.3726951,-0.2785724,-0.028439024,0.16051532,0.81315994,0.023555545,0.5960007,-0.72601706,0.53232914,0.65442884,-0.2508107,-1.2091663,0.83864623,-1.2571222,1.4754963,0.043064117,0.4723285,0.2091667,-0.18988807,1.4177812,0.34415016,-0.24218106,0.8270349,-0.69422245,0.28440344,0.19039273,-0.39678273,-0.734725,-0.20908318,0.013458014,0.4837277,-0.09107777,5.8615494,-0.23187022,1.0555816,0.10454616,-3.0951993,0.54576486,-0.40799037,-0.7156097,0.4008428,-0.49410617,0.44203532,0.20847112,-0.5555895,-0.18369758,0.6193404,-0.0047356687,-0.4644929,-1.0728596,-2.0759864,0.32309988,-1.4223037,-1.2444499,0.5066243,-0.81654435,-0.20099373,0.20415044,-1.0385792,-0.09448644,0.3791159,1.1026856,-0.47223794,1.0245172,-0.64645845,0.2012568,-0.43606555,-0.5683206,0.9353449,1.5773787,0.11451762,0.25071886,-1.547698,-0.11549946,0.4463842,-0.2424094,-1.3175386,-0.25322405,0.65770787,-0.035234246,-1.1930226,0.32327762,-0.78950405,-0.28597772,0.3696495,-0.5012027,-0.35759005,-0.5646334,-0.07686031,0.24672915,0.5155671,0.59691757,-0.12501961,-0.63079196,0.07505242,0.16847919,0.5752662,0.105355896,-0.6917009,-0.6303096,1.5146023,2.6602874
Nuc_Correlation_Overlap_DNA_Mito,-0.1266684,0.49622703,-0.9108722,-1.065029,-0.37467694,-0.28576723,0.10893843,-0.21489441,0.20606971,-0.52820677,0.03522079,-6.5269065,1.0187594,0.17740546,0.21350873,0.018266767,0.49371687,-0.29745576,-9.45507,0.69184065,0.42669097,0.79177445,0.48983893,-1.1518993,-0.55214435,0.36695686,1.0247649,-0.8534608,-0.687082,0.934158,0.4747363,1.8133045,-0.13670696,-0.39357987,0.31472975,-7.9315095,0.7409571,0.37965608,-1.1644028,-8.61373,0.3161395,-0.035699915,1.4865842,-0.81805706,-0.833669,0.59207577,-0.18193011,0.6043984,0.1759638,-0.24207227,0.068259,-1.4404651,-0.94379205,-1.3526987,-15.118131,-0.015341957,-1.222828,0.37183288,0.72843266,0.21384776,0.45096138,1.493157,0.095235266,1.020194,0.33001342,0.49981603,-0.9103864,-2.4794466,0.028371105,-3.420407,-0.062917374,0.26006082,0.18011017,0.42370132,0.9619574,-0.94987947,0.52884865,0.20449431,-0.73721236,-4.1193914,-3.1109867,-0.11986522,-0.27646434,-1.5702187,0.33717155,1.6771601,2.7620964,-0.44497168,0.57078594,-0.9934759,0.04443566,0.30089554,-0.27049375,-2.2623398,0.24836588,0.7096753,0.054822486,-0.89233834,0.11084974,0.20026104,-0.47834525,-0.022496158,-0.66265404,-1.2343652,-0.36070633,0.45805982,1.8364993,1.0401087,0.40589762,0.33295873,-0.6207092,0.31704637,-0.023442298,-3.54179,0.114626534,0.26988345,0.573524,2.0383487,1.6253252
Nuc_Correlation_RWC_AGP_DNA,0.069924034,0.487896,-0.21121217,2.0070612,1.7406315,-0.31708762,-0.6181063,0.31630492,-0.025662348,-0.53322095,-0.5245028,2.984586,-0.15548629,0.065945886,-0.6390591,0.23447008,1.2814008,1.08221,8.6665125,-0.20212322,-0.57619435,1.0216349,-0.5189374,2.4827752,-1.0291039,0.2980416,0.17692155,1.7524611,-0.23253722,0.15598308,-0.37467834,-0.028682232,2.3620224,-0.08655717,0.111845486,12.799782,-0.08894088,0.8216085,3.4486306,-1.9122084,-1.0320786,-0.24260986,-0.21479441,-0.25658318,0.4065009,-0.386667,-0.17541571,-0.036897313,0.1301199,8.018542,0.09709402,-0.24646504,1.5525359,-2.632207,6.3120465,0.15985633,-0.9306372,0.10920747,0.34422448,0.52377206,0.062731236,1.1226472,0.15197194,-0.3656044,-1.2354031,1.490853,0.9813264,1.4238836,0.092811555,1.373335,-0.4882722,-0.28174627,-0.3447491,0.12404855,0.42787388,1.0899197,-0.92222494,0.12089085,0.94194555,-0.4024211,6.561016,-0.195599,-0.47135434,-1.1711066,-0.9711712,0.8169951,3.2780304,-0.9688916,1.0410906,-0.41130447,0.1713794,0.14057456,-0.5158664,3.5395577,0.005468627,-0.41324377,-0.38772526,0.77234393,-0.08346102,3.6808643,0.5949339,0.4413495,0.20839798,0.47956896,1.9771262,0.5941346,0.22577745,-0.6271389,-0.24814546,1.0763515,-1.041808,-0.15793563,0.020234695,5.638472,-0.2617462,-0.9176965,-0.060458463,2.2363956,1.4956144
Nuc_Correlation_RWC_AGP_ER,-0.35509935,-0.38961637,-0.8725918,-1.6960138,2.3216953,-0.75223213,0.11236223,-0.22910704,-0.245645,-0.16603446,0.11263739,3.665598,0.96834236,-0.4340217,-0.12203624,-0.24656565,0.4635876,-0.07454475,0.28831825,0.11747843,-0.69381875,0.3095564,-0.09813375,0.86035156,0.4770241,-0.46150374,0.315844,0.85759515,-0.51149225,0.38483712,1.306906,-0.14387512,-1.4740257,-0.2459218,-0.39381325,-1.7971048,0.12943318,0.06481453,1.5090383,2.2438982,0.20709352,-0.33222523,2.1924667,0.06825415,0.41377345,0.46196446,-0.11042138,0.2826629,-0.37016845,-2.4106498,0.51961327,1.359584,1.3268535,2.1836646,2.065214,-0.30824575,-0.20867705,-0.16956599,0.01635019,0.26751098,-0.2004025,1.2418615,-0.2104634,0.4619603,0.04912716,0.23091601,1.2566992,1.7495484,-0.20300275,-1.4608856,0.045698095,-0.4030726,-0.58132714,-0.39342403,-0.007297337,1.6692973,-0.108105205,0.11237445,-0.2794176,1.9717947,4.9528623,0.317852,-0.07424536,-0.0031749804,0.30538252,0.80676144,-1.0251515,0.29210737,-0.48512557,0.0344037,-0.21029538,-0.5671211,-0.096051484,2.1419966,0.5772372,-1.4864516,-0.03537755,-0.111733966,0.32713002,3.1140006,-0.6514905,-0.0105348425,-0.31059885,2.7545462,-0.36501125,-0.3296655,0.4021182,0.4436158,-0.24174726,2.0167675,1.8770489,-0.20148212,0.13661614,2.4448924,-0.44424108,0.104057215,-0.18564713,-0.43151674,6.500612
Nuc_Correlation_RWC_AGP_Mito,-0.19200432,-1.0191922,-1.4076008,-3.8254814,1.7617582,-1.7354511,0.09484633,-0.006200244,-0.10180488,0.22366382,0.08117398,-0.062624134,1.22579,0.22870094,-0.28092325,-0.11553138,0.38342884,0.13187443,-10.360286,0.16050543,-0.5331954,0.53103966,0.08088094,1.3672131,0.63320583,-0.11432598,0.8621333,0.11411307,-0.86387396,0.44311905,0.23210579,-0.16066118,-1.3554386,-0.19259161,-0.36548987,-7.796433,-0.0054132394,0.15256712,0.5604877,3.7747738,0.04822926,-0.38047156,1.201699,-0.91458315,0.69643027,0.23441045,-0.05799243,0.58465403,-0.055915277,-5.2987084,0.14161213,2.2197664,1.4905148,0.93267155,-12.943108,0.24516447,-2.6762984,-0.13716288,0.47556075,0.21925724,0.1481743,0.30505034,-0.7464178,0.23601443,-0.27128014,0.65250653,0.9895131,1.4902086,-0.14153929,-2.8768425,-0.13524427,-0.22208397,0.1508195,-0.27137315,-0.43510926,1.2790364,0.0073038097,0.01368772,-1.9019858,3.6463318,2.8775928,1.059718,-0.25948477,0.59644395,0.09356699,0.61569196,-1.2021483,0.47957435,-0.22677118,-0.17381243,0.48048183,-0.21948718,-0.37698486,-0.10555776,-0.29245812,-1.6077362,0.16266592,0.37211618,0.4252361,3.8872745,-0.4923997,-0.19111948,-0.43257442,2.3892717,0.020506442,-0.22556664,0.8164034,1.2748915,-0.30086282,1.5804831,1.443389,0.15808958,0.17114903,2.3563364,-0.06946608,-0.0059728227,0.2088369,-0.32371813,8.491231
Nuc_Correlation_RWC_DNA_AGP,-0.09464476,0.39352039,-0.07298601,2.0120478,2.0847692,-0.18737644,-0.48851514,0.045042288,-0.11191005,-0.57647425,-0.46242407,2.9606512,0.36727178,-0.19310266,-0.74131393,0.12864202,1.1715063,0.26784316,9.8751135,-0.25058877,-0.66261613,1.0957565,-0.45666432,2.8618596,-0.5534069,0.20035022,0.43071333,1.8172569,0.12248317,0.30161393,0.033889115,-0.061822604,2.062671,-0.27718088,0.0030752968,12.442657,0.008473833,0.8602058,3.3305187,-1.9338993,-0.9490216,-0.39116955,0.75021106,0.05423023,0.34699294,-0.5190771,-0.12222063,0.007793059,0.15636128,7.3963375,0.025627753,-0.21028139,1.6616915,-2.2125485,7.0253844,-0.1011193,-1.2368094,0.033697236,0.44931564,0.7371252,-0.21106042,2.1128786,0.16045463,-0.07822132,-1.1245424,1.6427768,2.480557,1.2332014,0.03606801,1.8462738,-0.54196286,-0.20955354,-0.49563155,0.054646652,0.7325818,3.5553887,-0.9546265,0.07724144,0.96526194,0.0065563917,8.652591,-0.043725234,-0.62629884,-1.1600184,-1.1591247,1.2579526,3.446283,-0.86781627,0.6569071,-0.49497983,0.20695753,0.08233048,-0.5659122,3.3783455,0.19878851,-0.22923343,-0.25392902,0.7317025,-0.033275496,3.2879412,0.6335028,0.27127823,0.065860234,1.3513497,1.6459078,0.38809344,0.26643786,-0.47038922,-0.14441007,1.3700229,0.12619309,-0.23491873,-0.10314163,6.5674148,-0.45277396,-1.0705943,0.22834377,2.0563824,2.8439808
Nuc_Correlation_RWC_DNA_ER,-0.079368055,0.4964807,-0.31561744,-0.37123322,2.3389332,0.023161018,0.34451672,0.37780294,0.12198752,-0.83150655,-0.14576723,2.9788847,0.37638113,-0.08882239,-0.818379,0.15903175,0.34698057,0.60926086,4.750583,-0.24328868,-0.42205548,0.9980896,-0.5163912,1.3297011,-0.24097924,-0.133639,0.5606229,0.78319675,0.11106753,0.36525068,-0.118226506,0.49384642,-0.2425332,-0.12123955,-0.2615125,5.945526,-0.060078103,0.5957839,1.7824999,0.853148,-0.4362267,-0.2674514,1.6782199,0.017058691,-0.21532595,-0.33886006,0.004911542,0.37918916,-0.31390858,5.780577,-0.099172615,0.9793412,1.3401486,-1.5419217,4.2996917,-0.55278516,-1.3608074,-0.1735764,-0.55110514,0.81476593,-0.07527327,2.8179638,-0.066219784,0.55173147,-0.08090571,0.45516026,2.7716658,-0.045208216,0.25209394,-0.7596206,-0.92063516,-0.22278304,-0.8461063,-0.6766233,0.7025113,4.2420993,-0.69500643,0.12922157,0.7392517,0.73918915,5.2960463,-0.34916177,-0.1967414,-0.7455979,-0.7607959,1.3688555,1.5725292,-0.4206359,0.22002636,-0.9504661,-0.19068657,0.21600823,-0.89462376,2.2932336,-0.06393073,-0.28859362,-0.35704938,-0.16260307,0.33315846,4.2886043,-0.37077984,0.2725025,-0.40837133,1.6481081,0.5260355,0.40533844,-0.01675419,0.37115264,-0.18668658,1.8658713,1.7180672,0.16297351,0.20673017,4.222614,-0.5870783,-1.517918,-0.29048312,2.0991318,3.360078
Nuc_Correlation_RWC_DNA_Mito,-0.18122828,1.1000646,-0.49888018,-0.5515813,2.172411,-0.50967556,0.20324786,0.18931843,-0.07809116,-0.081668295,-0.031814147,-1.7188774,1.5098133,-0.15387346,-0.5196493,0.25803477,1.2001443,1.0896853,0.69868183,0.1536098,-0.5204738,1.6987294,-0.08514631,1.347318,-0.1958134,0.08425403,1.1727177,1.5194486,0.009443283,0.58540004,1.3141519,0.7900076,0.02211378,-0.308013,-0.16241556,2.3124,-0.3566165,1.2328241,0.6714759,-2.6772778,-0.36888447,-0.22769086,2.8898275,-0.23433562,-0.54883426,0.14244781,-0.08079124,0.5135324,-0.03503437,3.0602672,0.31563354,0.43592897,1.3550935,-0.22798209,-7.441653,-0.3582394,-2.0790017,-0.25085172,0.21773155,1.1390952,0.16495581,3.1494892,-0.094012104,0.81895465,0.2735306,1.2651037,2.906557,0.1688113,0.16775465,-1.1202905,-0.6968463,0.24285068,-0.7466766,-0.5763057,0.66238713,4.4080296,-0.5362752,0.10373449,0.6674363,-0.24470389,2.6232784,-0.356675,-0.19484632,-1.7113613,0.17876233,1.8550352,2.5707748,-0.70820165,0.39817324,-0.80480224,-0.33958063,0.11799598,-0.59654796,2.3748968,0.055801723,-0.39305055,-0.05867641,-0.05364142,0.26311746,5.7882233,-0.37887582,0.2039464,-0.44272098,1.5046768,0.70628804,0.2656848,1.3587847,1.2074986,0.01810494,1.6717664,1.5944587,-0.22575156,0.123048164,1.2591972,-0.5990767,-0.9599145,0.48814902,2.352577,2.5328443
Nuc_Correlation_RWC_ER_DNA,0.100980096,0.8172166,-0.31570622,0.18026625,2.5597103,0.7859368,0.5225871,0.34832278,0.10720777,-0.6310314,-0.32710037,4.4082685,0.090805374,0.1134681,-1.0609494,0.22517072,0.14924783,0.37830806,6.9543056,-0.23383069,-0.519137,0.756638,-0.5972491,0.93671066,-0.3263008,0.13529624,0.1386994,0.55745935,-0.86074907,0.06727449,-0.069707274,0.5933265,0.38614908,0.06453436,-0.21806489,5.5185275,-0.15648806,0.6547952,3.137995,1.6973392,-0.6381474,-0.079564504,1.8600411,-0.22760181,-0.42346683,-0.4057046,0.06080568,0.39287904,-0.43362007,8.397663,-0.14487486,1.2906783,1.2255963,-0.65663034,6.3018146,-0.8580187,-0.7948878,-0.22649531,-0.47803745,0.42976275,-0.37006912,0.8109998,-0.29360163,0.35636023,0.15404133,0.027775407,3.1180716,1.4277576,0.53813595,-0.31850073,-1.0723289,0.021518597,-0.95191747,-0.44783235,0.5381101,3.3759243,-0.8107484,0.12923828,0.79380924,1.3242344,6.022499,-0.40380654,-0.12371529,-0.14444245,-0.6013834,1.1204928,2.027042,-0.2052291,0.40820673,-0.94013363,-0.06469717,0.19959326,-0.66365665,2.2462003,-0.2693217,-0.2984615,-0.37592134,-0.1644572,0.5634275,4.3755956,-0.4578459,0.34831557,-0.3588117,1.5148093,0.44474992,0.28960428,-0.1478231,0.7109229,0.098716415,1.7528334,0.7805004,0.06160747,0.35414493,6.396646,-0.54996973,-1.4435272,-0.14632167,1.9376945,14.024386
Nuc_Correlation_RWC_ER_Mito,0.10936857,0.17614299,-1.5508422,-1.2740148,1.6299467,-0.48325026,0.23816977,-0.4386324,-0.40253958,-0.21758425,-0.31177607,1.2323314,0.6158772,0.31568113,0.5368405,-0.042543307,0.4783094,0.64028066,-5.0786805,0.26777735,-0.5994255,0.11768088,-0.14532854,0.11148578,0.264424,-0.64646757,0.20769507,0.18697037,0.6679372,0.49075177,0.82589465,-0.5347681,-0.12159232,-0.25591484,-0.2218002,2.7552621,0.3041956,0.18739106,0.78372717,-0.56104857,0.01645287,-0.54110974,1.1571563,0.30791503,0.6038111,-0.11781385,-0.01524054,0.059371013,-0.27711564,-3.0555942,0.50906163,-0.27609763,0.836488,2.0181882,-12.966119,-0.069355704,0.22823556,-0.24769068,0.33912554,-0.14204894,-0.2533746,0.76064616,0.37885937,0.37898496,0.62609184,0.5360478,0.8238938,1.1891006,-0.11108494,-0.8615702,0.24060917,-0.49768928,-0.007988651,-0.15469249,0.91376096,1.8184091,-0.098285876,-0.1507159,-0.7749936,-0.41214022,-2.10828,0.24787404,-0.3173423,0.32530013,0.80033773,0.91036385,-0.048697513,0.049405098,-0.10271919,0.9757221,0.36795953,-0.42751226,-0.14989726,2.3108957,0.92435837,-0.050460394,-0.47367978,0.62602854,-0.31424204,-0.40253878,-0.8551726,-0.090087235,0.29106584,1.1834365,0.37167954,-0.11585093,0.26058576,0.4730771,-0.30079666,1.1569996,1.4130659,-0.3476869,0.105584204,1.2488503,-0.50584143,0.124785066,0.20996456,0.60431373,4.370279
Nuc_Correlation_RWC_Mito_AGP,-0.30717573,-1.0251359,-1.3048831,-3.6772468,1.7281036,-1.1967667,0.14447075,0.028936863,-0.08192468,0.015620482,0.18292598,3.5392,1.3947493,0.04933721,-0.22815613,-0.09092184,0.32713938,-0.9064424,1.9899902,0.09713509,-0.50177354,0.4328556,0.11318469,0.99986315,0.6657414,-0.13124377,0.91805506,0.24915516,-0.7364864,0.35320482,0.523171,0.13611157,-1.7740754,-0.20807219,-0.43757463,-4.860554,0.12125366,0.095619,0.2185746,4.319079,0.011723022,-0.4075813,1.5855962,-0.72669816,0.44907197,0.24266922,-0.123696506,0.46995056,-0.11719621,-4.8129044,-0.06301469,2.1884582,1.2247988,1.1816164,1.8056434,0.19590122,-2.4983654,-0.04500623,0.3833255,0.12744959,0.18757582,0.6193235,-0.8206551,0.40419543,-0.19756062,0.50704104,1.0052081,1.4793148,-0.033959765,-2.7593372,-0.102982104,-0.14222373,0.058586095,-0.16238753,-0.26770273,1.9201368,-0.31264117,-0.034877617,-2.0419939,3.850704,3.2222023,0.92596984,-0.24673204,0.59919006,0.0151261045,0.7226704,-1.7278119,0.5136016,-0.18168359,-0.3019214,0.48062,-0.19216073,-0.30085662,0.20516406,-0.11448125,-1.1737813,0.071979076,-0.054082613,0.44419166,-2.1773946,-0.58602494,-0.23548375,-0.5363595,2.574412,-0.6631077,-0.09968046,0.9310916,1.4106022,-0.31737974,1.7520552,1.9071437,0.14042334,0.07111255,3.1520588,0.02676419,0.14572991,0.2736952,-0.2213269,10.687626
Nuc_Correlation_RWC_Mito_DNA,-0.059548806,1.0429496,-0.6393176,-0.14059035,2.2800295,-0.111567914,0.16153045,0.32563585,0.05139221,0.13875012,-0.05010746,1.5181745,1.2824755,0.1366385,-0.7665301,0.40169415,0.8659069,0.9118437,7.1658645,0.12645645,-0.4144753,1.7047182,-0.088516235,1.0521103,-0.39798808,0.24872942,0.96191764,1.3656498,-0.71621656,0.44475815,0.8041778,1.073276,0.31516632,-0.26760313,-0.13227789,2.1055143,-0.26000303,1.0118116,1.5515789,-2.572506,-0.40062916,-0.20436816,2.738499,-0.7531371,-0.49279508,0.039394975,-0.1862886,0.49749526,0.0074249604,3.995971,0.114015125,1.4412822,1.300989,-0.24354081,0.51466066,-0.6316109,-1.6777697,-0.09476191,0.12647563,0.6917109,0.34203577,1.7252494,-0.33546734,0.7284872,0.32017484,1.0376047,2.4042811,1.4338108,0.28108132,-0.8357878,-0.79564357,0.12820828,-0.5633488,-0.020823399,0.7128374,2.9362507,-0.48730445,0.1188372,0.15755934,0.3199236,2.7967844,-0.18595712,-0.23402202,-1.1408437,-0.020126536,1.7680835,3.23992,-0.7207589,0.5635063,-0.9691291,-0.31989172,0.12109822,-0.81973714,2.3677094,-0.12372494,-0.29146054,-0.22511661,-0.005226592,0.33136308,6.3969436,-0.4342927,0.20321697,-0.5209787,1.407157,0.7326544,0.43229154,1.221241,1.2256635,-0.037175853,1.9349041,0.29671356,-0.15121861,0.2686396,4.0433183,-0.43843877,-1.0834799,0.59799343,2.5940483,5.422577
Nuc_Correlation_RWC_Mito_ER,0.14110231,0.008314669,-1.807185,-1.4880074,1.5690074,-0.50412315,0.33063647,-0.46003306,-0.41867542,-0.40966296,-0.36079296,3.030832,0.42018452,0.46867976,0.3639202,-0.055855643,0.30372447,0.17670494,-1.2676095,0.16650866,-0.61277944,-0.16836692,-0.1229788,0.10404416,0.2682623,-0.5299806,0.26340294,0.8238811,0.7944339,0.65531445,0.7029523,-0.4750028,-0.30187494,-0.20237112,-0.20362586,3.4660337,0.6948698,0.1865052,0.4326897,0.1316654,-0.005548636,-0.62576395,1.2662458,0.20408912,0.7719335,-0.09119823,-0.03674984,0.009342094,-0.30339846,-3.1784961,0.50980496,-0.10955671,0.9122272,1.6418934,0.6234661,-0.031196812,0.40385282,-0.26344547,0.2077344,-0.07351359,-0.22190414,0.5528448,0.36212993,0.3862618,0.4081438,0.49561918,-0.33614007,0.7921872,-0.13308947,-1.1773366,0.15509902,-0.45891997,0.049646933,-0.1949523,0.90820646,1.2579414,-0.20064001,-0.14266287,-0.897265,0.064952254,-1.9541687,0.34425154,-0.29974464,0.50406766,0.6217782,0.9496544,-0.7916079,0.16620559,-0.21054237,0.7011767,0.40367293,-0.45461786,-0.17580907,2.315529,0.9380196,0.12962367,-0.48316225,0.61292094,-0.29025427,-3.6194732,-0.9745824,-0.18569307,0.2515494,1.0583411,0.10634321,-0.048941035,0.21230976,0.008867994,-0.4056722,1.0204278,1.3637043,-0.24806838,0.065302156,0.31378454,-0.47706017,-0.033640165,0.04250906,0.6251299,3.0374374
Nuc_Granularity_10_AGP,0.048933726,0.23650785,-0.33245856,1.1477071,1.2723714,1.0835366,-0.07634301,-0.5035774,-0.27864465,0.26531032,-0.5560902,3.7815254,0.0792058,0.73085445,0.34298277,0.009447207,-0.7830035,-0.1536505,6.81497,-0.30230573,-0.20877169,-0.30322585,-1.1147233,0.17393792,-0.10506179,-0.08655328,-0.4250616,0.63190573,1.0863452,-0.3308026,0.3569239,0.038522247,0.77483034,-0.32587978,-0.21858148,4.3934965,-0.57403046,-0.07763988,5.8543415,1.1217743,-0.35778663,-0.38410234,0.3433566,0.37997282,0.1342209,-0.29930684,-0.26625162,-0.048293184,-0.58579665,2.472389,-0.2760408,0.86121744,0.042755872,0.9875338,7.3300767,-0.23365302,0.8647542,-0.3730948,-0.41392723,-0.53258854,-0.40525064,0.8600367,0.6354328,-0.49739972,1.1130321,-0.33728322,2.181281,2.1161911,-0.27220085,1.4288498,0.13647236,-0.2975872,0.005824983,1.3646563,0.33446285,2.266362,-0.16151936,-0.39428768,0.39618254,1.5856787,2.9684746,0.7012377,0.13758528,0.8458509,-0.22299121,0.1802179,1.0826522,-0.11072933,-0.27966267,0.244572,0.30186757,-0.43101808,-0.23264642,1.7576046,-0.017321905,-0.05032106,-0.45354605,-0.098207206,-0.44598186,0.4443852,0.29515585,-0.535208,0.5373001,2.7101176,0.38818392,-0.12106312,-0.41078663,0.71779174,-0.6207543,-0.66209936,0.61984843,-0.21035992,-0.21842337,3.400423,-0.12022105,-0.50700897,-0.09001523,-0.49880227,4.6376615
Nuc_Granularity_11_AGP,-0.24594004,0.5919778,-0.35530302,1.0233974,1.5027508,0.3163066,-0.35053542,-0.5294301,-0.32908568,0.55716157,-0.7053042,0.28638792,-0.11300835,0.6759484,0.13909714,-0.025925612,-0.6914852,0.03474452,3.8447838,-0.1462008,-0.53128403,-0.18384011,-0.42499554,-0.05049908,0.15913516,-0.059928257,-0.70525855,0.26702553,0.9523032,-0.6102696,0.45930508,-0.09280246,0.6878446,-0.24895649,-0.7148175,3.6787908,-0.08064217,-0.11759313,4.1244197,0.97000265,-0.047470946,-0.22268589,-0.0711059,0.35986137,0.11057422,-0.06403533,-0.24702346,-0.07669651,-0.7009857,1.8801025,-0.081316926,0.06221947,0.36341342,0.8602569,6.8048453,-0.1706752,0.3936726,-0.20432264,0.1844328,-0.3782235,-0.47146067,1.034862,0.5174471,-0.76170427,0.5291671,-0.0002680222,2.3511536,2.237838,-0.15696788,1.2760276,-0.13162829,-0.5155203,0.3619322,1.2610941,-0.38085803,1.908474,-0.024854258,-0.21856393,0.023665199,1.5486536,1.2270974,0.0095170485,0.08384978,0.9901282,-0.2298122,-0.41374028,0.71210283,-0.18156922,0.0065263114,0.3530897,0.83152866,-0.54793483,-0.24513304,1.676624,0.02445224,0.18980181,-0.033162057,0.4525486,-0.30605847,-0.7966638,0.39502192,-0.3040426,0.18027033,2.43876,0.078319214,0.40034652,-0.33662844,0.72912455,-0.4538528,-0.080218256,0.8062869,-0.021014502,0.009407689,0.7158668,-0.15574454,-0.25801733,-0.13076277,-0.26043707,7.629065
Nuc_Granularity_1_AGP,0.41114283,-0.9048903,0.06466311,-2.8587587,-1.2026405,-1.9885969,-0.295781,0.66289264,0.17048591,-0.8231922,1.0263793,-4.3712363,-0.5289974,-1.2841154,0.65517837,-0.09969684,1.1983407,-0.5100077,-6.3273683,0.37836286,1.1346525,0.22508503,0.77059096,-0.66428566,-0.4635521,1.1184773,0.32928678,0.6821458,-0.24829657,1.0469204,-0.70139176,0.038643118,-0.6894002,0.019111335,0.8891017,-5.4641514,0.5892125,1.0816318,-3.173894,-3.1780117,-0.015302335,0.6212471,-0.90588564,-0.6197258,-0.13615684,0.4685321,0.9271779,0.5558607,0.80487853,-3.724889,0.44289955,-0.9902785,-1.0711079,-1.788773,-3.816116,0.5109513,-0.70148605,0.7046152,0.18126613,0.3837032,0.8504899,-1.5433826,-0.15451586,0.43294886,0.19335024,-0.37453496,-4.186827,-2.1521847,0.09261028,-2.9959075,-0.1464703,0.3236128,-0.22262518,-2.539128,0.20288984,-4.071451,0.8029379,0.58355683,-0.7089483,-3.8004177,-2.2549222,-1.4637133,0.20287317,-2.257202,0.64617044,-0.2892722,-2.1878653,0.1763032,0.9257737,-0.017917871,-0.4969513,0.4815278,0.5794933,-3.880825,0.068438314,-1.0518484,0.56261283,-0.90198857,-0.36650857,-1.3173394,-0.65077084,0.35331616,-0.2508028,-2.5683248,-0.38542333,0.34906855,0.64044046,-0.6136723,0.2516848,-0.5311765,-3.1121418,-0.33338568,0.20047645,-4.2749467,0.46723005,1.0288302,0.7030398,-0.04451142,-6.5453773
Nuc_Granularity_1_DNA,-0.24904323,0.44941473,0.67448163,0.021564683,1.0678452,0.83402824,-0.08270029,0.17243336,-0.09339764,-0.5902824,-0.058357764,0.15824334,0.44568405,-0.7015629,-0.06839698,-0.4037468,0.40603116,0.45138106,-0.5410002,-0.022846103,0.23289163,0.44852528,0.27947387,-0.030705055,-0.100145645,0.2689942,0.5057027,2.4585814,-0.19685537,0.8020442,2.9270325,0.86801034,0.33550373,-0.31882784,0.107205875,-0.66821146,1.2042626,0.91377443,-0.68640286,1.2761294,0.41901755,-0.025886917,2.4902222,-0.49963358,0.17553192,0.38637236,0.09945342,0.4419384,-0.2123435,-1.8761393,4.596042,-0.13542266,1.000009,-0.21480536,-1.7034206,-0.0279815,0.5316691,0.33141693,0.11765618,0.7355153,-0.15399902,0.37473974,0.24805407,0.36270264,1.3349785,0.073673554,-1.6406924,0.25858387,-0.24071884,-0.5474675,-0.14363925,0.14100347,0.0012945732,0.0059575834,0.5800027,0.08867232,1.4055748,-0.000990808,1.2212389,-1.9395446,2.0116723,-0.96984506,0.017226001,-0.8494471,1.4224325,0.05966245,-0.17479332,-0.043646526,0.101488054,2.482509,0.07326766,0.085453965,-0.1634159,-0.21544082,0.3917234,-0.6037082,-0.067148685,-0.2913921,-0.45977065,1.6106763,-0.70355916,0.041873064,-0.58398783,1.2352539,-0.3308532,-0.13316268,1.0717248,1.7020239,-0.13768627,0.60076797,-0.55803245,-0.18140154,-0.1385824,-3.451685,-0.021314373,-0.35898316,3.0486019,0.57932526,13.164616
Nuc_Granularity_1_Mito,0.47476223,-1.2099324,0.29176882,-1.6516556,-0.64625835,-1.0940782,-0.32219505,0.3891219,0.03739777,-0.80404145,0.34562445,-3.0154552,-0.46111694,-0.7492779,0.59529406,-0.053252608,0.13469051,-0.45771646,-4.8683686,0.5619629,0.7326272,0.13913073,0.58940035,-0.4026405,-0.27175668,0.7966309,0.50262815,-0.21563524,0.4440752,0.53100926,-1.334354,0.036652256,-0.5565061,0.098268926,0.8032899,-2.135999,0.27897835,0.6664319,-1.9076055,-2.4135354,0.14262287,0.13062267,-1.2643605,-0.090174325,0.016962886,0.21882768,0.03549995,0.40203047,0.6104584,-1.7867546,0.59071,-1.0884527,-0.65506196,-1.8990612,-2.746978,0.71866196,-0.48568928,0.7080543,-0.062856235,0.3517802,0.06825905,-0.904495,0.5727264,0.32890415,0.25056145,-0.18148391,-2.4606411,-1.2282914,0.06328523,-1.9331199,-0.16115554,0.17251737,0.34121987,-1.1656214,0.17645675,-2.567075,0.43158433,0.1596176,-0.05072956,-2.424997,-2.8356597,-1.8157396,-0.14775722,-1.0190097,0.00682872,-0.20708673,-1.0663646,0.038745347,0.7641843,-0.25993842,-0.03402989,0.18055104,0.27452713,-2.5710568,0.21879762,-0.8355196,0.3241812,-1.1128792,-0.31874016,-1.717939,-0.39760208,0.40527654,0.045066554,-1.3338073,-0.15319116,0.66043854,0.48010615,-0.96949273,0.29285428,-0.57216567,-1.5952129,-0.007508253,0.37735853,-3.106509,0.41897774,0.6967344,0.25516704,-0.17821594,-4.989107
Nuc_Granularity_2_AGP,-0.06739751,2.2985344,0.88385457,0.99370176,0.85464406,3.3679187,0.1452563,-0.28031465,-0.42469218,0.22838815,-0.69056624,3.2662504,0.12159463,0.6816664,-0.32006207,-0.14315677,0.21798761,0.65509635,13.271477,0.021378497,-0.48118386,-1.3192089,-0.047145937,0.91885805,0.5079971,-0.17380328,-0.40980044,1.1597241,1.7608037,-0.8835287,-0.1702137,0.17904316,0.16440956,-0.35969523,-0.40899348,4.8469634,-0.38190755,0.61262184,11.125159,2.864877,-0.31790668,-0.24272276,-0.28697363,1.2616557,0.48831046,-0.084782965,-0.031145087,-0.71545976,-0.30155918,3.7975109,-0.023775816,3.034009,1.2061805,-0.6827342,5.645965,0.0878548,0.56864476,-0.17064445,0.12374681,0.6656335,0.3562908,1.6648607,0.6769785,0.0047612637,0.0914247,0.18117179,1.873767,6.8208337,-0.09759128,1.2624862,0.017712623,-0.14228232,0.15836345,0.8521095,0.4535787,0.13169716,-0.7018278,-0.40425715,1.1010363,3.4793003,26.43342,1.5196141,-0.44093037,3.0359032,-0.27468792,-1.0759486,3.1182368,-0.22029983,-0.0039447746,-0.16643697,0.82795376,-0.24318898,-0.591672,3.5499687,0.2854465,1.4062122,-0.38731828,-0.04419486,-0.4306753,20.118858,0.1700759,-0.1912839,0.53922457,2.1231973,0.93399876,0.17559993,0.047743976,-0.69065624,-0.31461617,1.6529303,-0.54307145,0.2951977,-0.20076019,8.94267,-0.25359154,-0.46247184,0.117735006,1.4069732,8.897283
Nuc_Granularity_2_DNA,-0.0030597448,-0.9827752,-1.0528624,-0.2796911,1.54957,1.3941331,0.103820056,-0.05613284,0.054791898,0.8363166,0.057140093,1.8485808,0.6207866,1.3702755,-1.695273,0.012863825,-0.72676915,-0.6062258,16.207895,-0.71992445,-0.42517674,-0.49201584,-0.09004229,2.0082426,0.7405785,0.15687077,-0.12870048,-3.405968,0.7290825,0.08911178,-2.6526003,-0.8274749,0.46588632,-0.20581329,-0.42632666,4.1217957,-1.0698737,-0.1782796,10.037078,3.6482575,-0.6734021,0.19072346,-2.4542017,0.33875966,0.34299865,-0.40433022,-0.92068696,-0.22231255,-0.07213667,1.4282781,-0.836675,4.0901875,0.7494022,-2.488658,5.0803246,0.15754724,-1.5916289,-0.092235155,0.07769113,0.12421327,-0.44609365,-2.0677915,-0.2814107,-1.0551852,-2.3234425,0.6467907,7.4618506,5.459793,0.08798736,4.0132537,-0.3793371,-0.21617122,0.43613696,1.5288969,-0.99396485,10.102426,-1.2200248,0.11305597,-0.24228771,4.6835837,38.247234,3.0163243,0.21014012,2.5765145,-2.7714589,-1.0457202,3.0437565,-0.004579199,-0.73593,-0.9663699,0.16137022,-0.111896396,-1.9027357,5.635204,-0.9203102,0.43986392,0.16170295,1.4206301,-0.09145982,19.573572,0.0911386,-0.7918821,0.47225794,4.651634,0.12997647,0.32506692,-0.45296803,-2.5955112,0.14385389,1.1736119,-1.2145705,0.25225297,0.008153294,14.122699,0.1616966,-2.364957,-0.6933112,0.036800582,3.2980106
Nuc_Granularity_2_ER,-0.34277594,2.0132406,-0.26816884,0.56380004,2.7486506,2.2558908,-0.14383169,-0.25560963,-0.16941099,0.981581,-0.0437575,0.345714,0.7967842,-0.31773454,-0.15608872,0.29830524,-0.41494358,0.9085937,9.740899,-0.20585299,-0.23781466,-0.71957487,-0.45660293,1.0095378,0.97601444,-0.25817117,-0.7889169,-1.8244032,0.1640557,-1.6170774,-1.9011531,-0.9612255,-0.5188846,-0.031868834,-0.5255732,7.091727,-1.654642,-0.051187277,12.224063,-0.18720716,-0.28338578,0.21222816,2.1562135,0.2980746,-0.64579993,0.06903752,-0.15694074,-0.12308264,-0.21468508,3.5527077,-1.1833185,0.8813071,0.8882863,2.2774265,3.675485,-0.026407942,-0.726657,-0.34611607,-0.06077029,-0.5162934,0.21953253,2.3623462,-0.6363004,-0.7776292,-0.9673131,0.8864427,4.9604683,5.94099,0.13278647,2.7014606,-0.04653418,0.099825956,0.6675246,0.9429733,-0.44067684,3.258455,-0.1313877,-0.07451895,-0.25376546,1.9920686,28.069422,-0.8140299,0.21635072,1.9707102,-0.17099984,0.38993362,1.2622653,-0.53202564,-0.0041742125,-1.0395993,-0.15993501,-0.03502048,-0.6831465,3.071104,-0.8402198,-0.18752031,0.08803668,0.77239966,0.62540764,13.619262,0.59309405,-0.2958565,-0.12361625,3.5805614,0.8000117,-0.1377513,-0.5462093,-0.6867628,-0.20394993,-0.77343386,2.8634148,-0.13019305,-0.060781777,14.072948,-0.05619939,-0.84349173,-1.1725459,-0.2373365,3.9375896
Nuc_Granularity_3_AGP,-0.15582417,3.0783494,0.8298871,2.658027,1.904281,1.7031342,0.038405698,-0.4328319,-0.606765,1.0981221,-0.8796149,9.638329,0.16107707,0.70676446,-0.4754267,-0.0019570093,-0.19877104,1.7352883,20.28488,-0.30501845,-0.61386186,-1.0447273,-0.016483575,0.6904885,0.3534095,-0.46798787,-0.3566419,2.2440484,2.5314248,-0.89558434,0.66362834,-0.007902275,1.1317266,-0.6006598,-0.34404516,13.582269,-0.65176994,0.2895722,10.230996,2.1096065,-0.31515828,-0.4370931,-0.15494029,1.9974035,0.23622566,-0.08480462,-0.17182972,-0.59820986,-0.44374788,6.892903,0.00983877,3.6338491,0.9760782,1.2716324,10.325461,-0.064699255,0.2833311,-0.5003141,-0.30193004,0.22320616,0.09389761,2.43697,1.3385774,-0.683353,0.2730516,0.30592394,4.117441,6.5113635,-0.12256729,2.6193428,-0.05679171,-0.34618974,0.32727078,0.7834375,0.4146521,3.3138273,-0.5402748,-0.5193869,1.1051514,4.373265,19.454079,2.000821,-0.24553098,2.2681909,-0.18154216,-0.26289606,4.175064,-0.26190555,-0.030178726,-0.33616427,0.10929077,-0.34175467,-0.42490795,5.2546926,-0.16725703,1.1427459,-0.38900676,0.4027213,-0.19832557,14.061508,0.4336146,-0.49277723,0.2551163,1.9296556,0.9602344,-0.17912239,-0.35032701,0.12721528,-0.255873,1.4766811,1.2756672,0.7570758,-0.32524803,18.31286,-0.29793647,-0.22703512,-0.24936986,0.4988313,12.890845
Nuc_Granularity_3_DNA,-0.045363892,-0.97014254,-1.242008,-3.1275666,2.6714127,1.7419281,0.25960645,0.122893006,0.17543256,1.6592999,-0.17916292,0.7894192,0.41816616,1.125601,-2.1453474,0.55593204,-0.8627704,-0.44749084,8.569604,-0.6724852,-0.5191918,-0.9030287,-0.35750195,1.3986001,0.26519486,-0.17543595,-0.5058265,-2.8960826,-0.45096567,0.25240943,-3.8952837,-1.0961522,-0.28548372,-0.046153426,-0.33179936,-0.88050073,-1.0086142,-0.034962293,14.01278,5.802042,-0.45089832,0.18915631,-3.07755,-0.42123988,0.7881747,-0.27056104,-0.6448371,-0.0051372214,0.07772815,-0.059371132,-0.80520386,4.5104413,0.48522556,-3.03978,2.589017,0.32865104,-2.4168386,0.05185841,0.27529627,0.20751224,-0.53109235,-2.9053106,-0.26411453,-0.98196393,-2.869981,0.5655423,4.7926593,6.5605006,0.18653585,0.36357328,0.12874924,-0.4353416,0.9458788,1.7231551,-1.0167044,3.3556912,-1.1303127,0.18021488,-0.77641755,6.758286,22.635513,3.0034325,0.14330591,4.1389728,-3.1597636,-0.9288345,-0.12869708,0.03365455,-0.85175705,-1.1040438,0.3330185,-0.0765785,-2.0837033,4.8344865,-0.73398995,0.26182583,0.20020042,1.3484176,0.099125616,20.384665,0.030275783,-0.78196144,0.6927197,5.4102063,0.6080807,0.20713906,-0.51978195,-3.3834705,0.27149954,1.8709685,-1.8231783,0.0655795,-0.15892072,21.339926,0.15499009,-2.8299732,-0.8708763,0.09422327,7.8649635
Nuc_Granularity_4_DNA,-0.14261182,0.07301002,-1.4640766,-4.485433,3.52071,2.0306835,0.2185456,-0.23757784,-0.09263157,1.4473213,-0.41655695,2.7311535,0.9841154,2.2919557,-2.5872178,0.4040763,-0.7610753,-0.41488132,7.296951,-0.71597767,-0.47974774,-1.1587447,-0.12599553,0.7783997,-0.2559997,0.004674574,-0.21995111,-2.2171235,-0.0369726,0.3549424,-3.3034232,-0.946713,-0.7663291,-0.39208117,-0.24273922,-2.974974,-0.9734287,0.32691026,10.340558,9.398568,0.03210743,0.1020141,-3.6306276,-0.10852272,0.98644954,-0.20211257,-0.5300346,0.09572724,0.26769283,-1.6315325,-0.31939015,4.1709924,0.85376173,-2.2534187,3.209205,0.25852048,-2.205815,-0.18060338,1.0353638,1.075256,-0.26184052,-3.5263245,-0.26629657,-1.0049914,-2.4352224,0.5526907,-0.12386214,6.5758634,-0.033014297,-2.0443823,0.20033813,-0.24324556,1.1155338,2.3724174,-0.28947297,-1.3733219,-1.2504424,0.14227098,-0.8466702,9.293956,14.884557,4.019194,0.119972825,4.851254,-2.479714,0.15869376,-1.4690409,-0.13639009,-1.2503318,0.8509853,0.670283,-0.12437549,-1.7617677,5.400619,-0.6589382,0.5422737,0.061075013,0.5273823,-0.36664358,10.574253,0.47445527,-0.7254475,0.6742175,6.9318976,0.05589028,-0.041775733,-0.07571144,-2.9086926,0.102025025,2.6644971,-1.9111027,0.030929169,-0.143822,22.63627,-0.09171782,-2.7343285,-0.030706843,0.56649286,15.717453
Nuc_Granularity_5_DNA,0.06357345,1.5298136,-1.0936354,-4.32503,1.7744265,0.2805092,0.74816483,-0.5867316,-0.030987943,0.04740708,-0.47790086,4.7706223,1.1283661,1.3756384,-1.8720804,-0.21367402,-0.27614048,-0.39940727,8.469134,-0.32621005,-0.43598366,-1.0114288,0.22662093,-0.16737819,0.112944216,-0.28625587,0.8008699,-1.2084454,1.593018,0.73714495,-1.5843745,0.1092815,-1.2540337,-0.29507673,0.16875716,-2.218022,-0.3186336,0.86421865,2.9549723,3.6364832,0.3555011,0.10106787,-2.6094203,1.0260481,0.86330533,-0.24480481,-0.3345064,0.013181497,0.07866534,-2.798385,0.13409077,-0.18183464,0.6254359,0.6886721,5.7257495,0.057029266,-1.3116163,-0.16888517,1.1734118,2.1879768,0.2301854,-1.6757894,0.9869469,-0.11649851,-1.4608736,0.95499843,-1.6122993,1.5716157,-0.013809164,-2.3265657,0.34221208,0.24768412,0.79863375,1.6513983,0.56958246,-2.4760349,-0.982205,0.0058888495,-0.0015096962,3.7556534,4.217646,2.1267183,-0.30014107,1.2640171,-0.72873,1.8100872,-2.2865493,-0.039914627,-1.4085299,3.076968,0.4263279,0.092046715,-0.9286862,2.5757673,0.04841837,0.73048705,-0.09181675,-0.25034508,-0.21991712,7.524529,0.16239904,-0.8486316,0.68621254,4.397714,-0.9106515,-0.6858545,0.6550461,-2.2087276,-0.07374359,1.812256,0.028108677,-0.13326366,0.2642006,8.533942,-0.21644454,-1.9102154,0.82731247,0.99332184,0.5550596
Nuc_Granularity_9_AGP,-0.032360245,0.33737746,-0.49798742,1.838307,1.6323862,0.7634573,-0.25204366,-0.5895508,-0.1343102,0.5947184,-0.34981227,6.7802186,0.30820698,0.72526723,0.020320833,-0.15423124,-0.8545665,0.18025136,11.237508,-0.47673765,-0.4491428,-0.52432305,-0.5433435,-0.010614316,-0.034098327,-0.3184725,-0.5848275,0.82252485,0.7982769,-0.29736844,0.84746987,-0.20778967,0.82080346,-0.15227269,-0.33089688,5.9017296,-0.59191984,-0.6958342,6.944481,1.2854859,0.3158653,-0.47238567,0.7126122,0.5363507,0.0704071,-0.18656851,-0.25136405,-0.5863982,-0.4456214,3.185524,-0.25878847,1.9574661,-0.08615694,1.1151046,8.171665,-0.5871698,0.40406796,0.116849355,-0.54034764,-0.54918414,-0.48288652,0.8763831,0.45656005,-0.9816889,0.68697643,-0.006049236,2.846677,3.035574,0.0020462077,2.0727978,0.19915116,-0.57716066,0.056786392,1.3274897,-0.09240749,2.2089503,-0.32082114,-0.5372936,0.37669745,2.237406,4.656797,1.0974168,-0.28046712,1.1276121,-0.37342134,-0.32481644,1.1527462,-0.48042092,-0.55777985,0.22807942,0.36125615,-0.26841316,0.07024341,2.3364027,0.058148604,0.15399466,-0.17049794,0.17685902,-0.24340181,8.748641,-0.09752158,-0.6144596,0.6182489,2.696725,0.115509875,0.028124928,-0.6426783,0.77660584,-0.12948358,-0.2746005,0.57967883,0.16351727,-0.1348431,7.0300736,-0.33264217,-0.33171925,-0.4739715,-0.32403448,7.1585755
Nuc_Granularity_9_ER,-0.028346628,-0.10151657,0.23767608,0.25340566,0.701106,0.82793385,-0.042914078,-0.5772917,-0.5870669,0.23788585,-0.46760622,3.36442,0.34672585,0.41680717,0.47718874,-0.092895836,-0.504314,0.18156834,5.7661223,-0.3641784,-0.056806248,-0.7293982,-0.510384,-0.44241598,0.16163687,-0.40442184,-0.7545174,0.19547696,0.76134187,-0.2936658,1.0159506,-0.45918855,0.09598189,-0.39158776,-0.15437743,2.3152115,-0.4835987,-0.7719626,1.7221268,1.2425152,-0.24815972,-0.38548294,0.43478575,0.43064275,0.72706634,-0.25333017,-0.37380898,-0.51886886,-0.5849318,0.56458324,-0.23426814,2.0536273,0.15144642,1.0472587,3.9542606,-0.07627368,0.65497774,-0.20956717,0.18044628,-0.9501999,-0.7411478,0.82366323,0.4577957,-0.0770025,0.4235753,-0.0836136,1.7085272,2.2835047,-0.16019318,1.1783623,0.063353635,-0.56199175,0.009967744,1.0017053,0.15224685,1.8257608,-0.6363135,-0.4099146,0.04129875,2.006187,0.89747566,1.0318965,-0.078742675,0.2886206,0.14994723,-0.42727587,0.5223966,-0.10917201,-0.62384486,1.141827,0.54180896,-0.35077882,0.017414862,2.0001183,-0.7734025,0.5258404,-0.3618054,-0.042551845,-0.2068898,0.21692629,-0.4495989,-0.2899318,-0.112405695,1.5716949,-0.052753743,0.24390157,-0.5156286,0.5486584,-0.16021173,0.30291083,1.6479756,-0.07790326,-0.26815602,1.7645613,-0.49511108,-0.35006753,0.18136424,-0.44600138,6.9932556
Nuc_Intensity_IntegratedIntensityEdge_DNA,-0.007494822,-2.0922534,0.24486129,3.236991,-2.7407703,0.27153245,-0.25575075,0.3774368,0.33305475,0.14728178,0.4029046,-2.452768,-1.5781094,0.01817582,0.80746776,0.4117218,-0.14502326,-0.3214188,-3.6981258,0.40091634,0.22032185,1.3987106,-0.29441878,0.1732903,-0.16511206,0.40901256,-0.8787306,-3.1462543,-0.89105254,-0.5179372,-3.5748432,-0.8253377,1.5080366,0.6981762,-0.1335762,3.0321853,-0.7390268,-1.176528,-2.167732,-4.490769,-0.2931625,0.13416944,-2.0127647,-0.9428422,-0.17609107,-0.22459006,-0.23826003,-0.35448822,0.39794335,1.1237596,-3.7177498,-0.31814978,-0.7423578,-2.1848729,-2.3052876,0.2164673,-0.81487894,0.26470464,-0.3619262,-1.6230587,0.069246985,-1.6205457,-0.4756334,-0.4750018,-0.91878074,-0.10548396,3.285985,-0.9010217,-0.048782993,2.3478343,-0.25546214,0.35950354,-0.112909906,-0.50778025,-1.3790916,2.402411,-0.45143595,0.10423762,-1.4041766,-1.5918909,-3.8131063,-1.0411884,0.28309527,-0.2758906,-1.6250397,-0.8620985,2.363716,0.21492767,1.4773773,-2.956216,-0.28189653,0.045242887,0.3484122,-1.7770543,-1.1305122,-0.5082152,0.49123892,0.7178905,0.44619688,-1.1305693,0.64988,0.56922597,0.26223114,-2.9257705,1.0621903,0.3159228,-0.8828446,-0.99218845,0.5027444,-1.9535161,-1.352779,-0.069741845,0.16882561,-2.318928,0.32908309,1.105265,-2.359451,-1.1180162,-8.975015
Nuc_Intensity_IntegratedIntensityEdge_ER,0.310441,-0.3249251,0.32579258,2.4154136,-1.5550245,-0.12878715,0.08439058,-0.119798005,0.3147479,0.46649757,-0.16626348,0.61668503,-0.52265286,0.1784355,0.42628923,0.2794104,-0.485626,1.6727804,-3.2264082,-0.3597513,0.015757173,0.80114716,-0.4679276,-0.09739151,-0.6979287,-0.1601068,-0.21919835,0.8288904,1.4840571,-0.5422809,1.9507364,-0.055861708,0.8784794,0.02587231,0.4252405,0.8140815,-0.08456574,-0.28532276,-2.0209036,-1.6815376,-0.17578757,-0.041936625,1.0282797,0.72593623,0.3998927,-0.45644164,0.66165054,-0.41627136,0.07278695,-2.1000583,-0.09145462,-1.0676471,-0.1271481,2.14961,-3.2417202,-0.51103,0.78520346,-0.23354048,-0.533299,-0.17277235,-0.4910659,0.81912154,0.9886646,-0.652753,1.3534077,-0.09133247,1.4088849,-0.2642497,0.32660583,2.3466635,-0.09342364,0.37421754,-0.42035666,-0.09413523,0.7217266,2.2337198,0.109574236,-0.43161973,0.1786384,0.035253704,-3.4242795,0.2180086,0.057547357,-1.5729603,1.3339981,-0.5718449,0.8127509,0.13118023,0.038036644,0.03189243,0.39988092,0.17336546,1.096515,0.24870022,1.1646566,0.62201947,-0.315637,0.18262255,0.20246957,-2.7702217,0.8774789,0.29699883,0.031000266,-2.4514577,0.99993736,0.16042244,-0.6197155,1.2572873,0.15309611,-0.931125,0.047400963,0.20244358,0.46997213,-1.4554814,-0.19841503,0.8919105,0.13069928,-0.4467882,0.93421227
Nuc_Intensity_IntegratedIntensity_AGP,0.702549,0.14373398,0.591355,3.6488523,-2.2327812,0.24209823,0.5693987,0.7552487,0.47826293,-0.9443396,-0.03121253,0.5087592,-1.4867953,0.5383604,0.1881345,0.580435,-0.6931223,-0.47843096,-2.3647783,-0.069756426,-0.02868106,1.3600564,-0.6062309,-1.0543296,-0.28202596,0.4932593,-0.19479384,0.29933167,0.18018533,-0.5303921,1.7610664,0.17864852,-0.36878434,0.26626506,0.78148794,0.0054138103,0.38285914,-0.0184185,-2.1716712,-1.989768,-0.46623382,0.09903466,1.9466146,0.5304654,-0.18092601,-0.9793226,0.3363601,-0.2657007,0.12280735,0.7998504,-0.18275253,0.2538385,-0.33717072,1.3752469,-1.1732416,-1.0766213,2.5928004,0.30555224,-1.0833548,0.19167924,-0.13606484,2.032886,0.38097882,0.0850231,1.33084,-0.9993122,2.0055988,-1.0340434,0.81284255,2.4018266,-0.98660356,0.5975385,-0.4834505,-0.2841152,0.78066677,1.0644602,-0.061625123,-0.09566072,-0.16712487,-1.3203601,-4.2142434,-1.139119,0.110663556,-1.3296614,1.1637596,-0.4546866,0.38103616,0.36328936,0.9469679,-0.99827594,0.059290607,0.38283467,1.6464888,-2.2568033,0.9241263,0.293735,-0.3133187,-0.75038654,0.13129319,-3.0225842,0.2910338,1.0688411,0.20350856,-2.318487,0.13950405,0.09603759,-1.0012475,1.880643,0.49283072,-0.46802124,1.1812066,0.43497393,0.88216037,-2.5873005,-0.2096013,1.555271,-0.48053336,-0.30813196,-2.1840794
Nuc_Intensity_IntegratedIntensity_ER,0.33569542,-0.03921129,0.70903665,4.2142253,-1.5596929,0.47408327,0.13174243,0.009371395,0.37182665,0.1577697,-0.07732367,1.5712557,-0.5635764,-0.08401064,0.8157819,0.34343103,-0.51585555,0.93092555,-2.047311,-0.35903153,0.08678609,1.4124795,-0.56374294,-0.47314534,-0.58423465,-0.14337015,-0.39043903,1.587132,1.0200429,-0.6509936,2.5879285,0.16647789,0.960695,-0.01019762,0.19618116,2.526636,0.050952673,-0.39497885,-1.7573457,-1.7952408,-0.35930982,-0.048606917,2.39338,0.55690974,0.09088844,-0.4013605,0.63012344,-0.28496292,-0.035517734,0.8979659,-0.4775941,-0.6376532,-0.29977813,2.6100361,-1.2885396,-0.63758737,1.7237248,-0.08616343,-0.68487763,-0.47569332,-0.46292388,1.6639673,0.7242632,-0.35212526,1.8759948,-0.6530621,3.8752315,-0.4164822,0.44965506,2.9511588,-0.3513945,0.43968102,-0.68491703,-0.3306667,0.9073679,4.4225307,0.35436273,-0.3997685,0.3711096,-0.31037906,-2.548846,-0.010110636,0.10704758,-1.443952,1.4277825,-0.44801435,2.1090443,0.0821323,0.37757695,-0.6311889,0.4171253,0.042755168,1.671023,-0.54656196,1.2334503,0.52005047,-0.2690542,-0.30262548,0.3355594,-2.4964697,0.7298408,0.40105483,-0.15675427,-2.621243,0.33032408,0.04095304,-0.7042146,2.0591476,0.24913926,-0.896653,0.90367204,0.21766336,0.5712922,-0.35478556,-0.12477535,1.4850386,0.08433342,-0.3096914,0.91066533
Nuc_Intensity_LowerQuartileIntensity_DNA,0.12300012,-1.9628077,-0.31343868,-1.0911899,-2.2869816,-2.929328,0.11319947,0.1915291,0.14946367,0.42323753,0.21919926,-3.3403618,-0.9387167,1.3066651,-0.04913177,0.24381119,-0.4154546,-0.8218665,-1.9222584,0.35072336,-0.0534533,-0.45706773,-0.04260871,0.9823505,0.22390138,0.18314974,0.072318554,-3.7935772,-0.682322,-0.14867538,-4.536585,-0.7374649,-0.019505361,0.73592734,0.021720363,-0.41389203,-0.82631093,-0.6233108,-1.264932,-3.4122305,-0.40126595,0.13087483,-4.303476,-0.56455827,0.017320663,-0.38174668,-0.39922246,-0.49038577,0.52281404,-2.402934,-4.513689,0.4728779,-0.76639754,-2.1683073,-1.0336785,0.49339497,-2.0404193,0.061835308,-0.088406764,-0.3648632,0.4155399,-1.7674993,-0.5204678,-0.6496873,-2.3023286,0.8249016,-1.7946119,-1.4254841,-0.09353623,-0.26828492,-0.2077371,0.43428257,0.27476707,-0.22989368,-1.4207373,-2.4298856,-1.2235178,0.30446908,-1.4726385,1.0655183,-2.2355855,0.41649497,0.085284255,0.4205645,-2.353958,-0.27332333,0.48713815,0.19273795,0.42048416,-2.5871396,-0.2833201,0.37974772,-0.1732807,-1.1309634,-1.3744459,-0.121101595,0.45276365,0.3266128,0.3574972,2.8293953,0.65906686,0.18325078,0.58750516,-1.7699131,0.63750774,0.12093186,-0.18862699,-2.4247935,0.8525707,-1.0539389,-0.70416373,0.021420488,0.12343911,1.1602994,0.37896228,0.80241984,-2.9500415,-0.9926548,-12.772347
Nuc_Intensity_LowerQuartileIntensity_ER,0.34155348,-0.45351478,-0.31520867,-0.9342812,-0.90925986,0.16427228,0.35464907,0.05592821,0.5629031,0.7411545,-0.2629987,0.81063795,-0.69531184,0.85643226,-0.793459,0.43440175,-1.0934455,0.2631621,-2.2398777,-0.6159073,-0.13419144,-0.11400042,-0.5665342,0.8743909,-1.0303358,-0.09397588,-0.0810588,-0.7242697,0.61392593,-0.32189235,-0.5385945,0.28481045,0.5162352,0.24811922,0.40315604,-1.4214052,0.03496935,-0.073969804,0.40951455,0.87242335,-0.6169991,0.08894699,-0.5643378,0.2904047,0.4606832,-0.7109527,0.344363,-0.24503191,0.14410841,-0.88953763,-0.5944572,0.34530273,0.24481034,-0.33307835,-2.2329059,-0.4989092,-0.46297172,-0.118739985,-0.45472017,0.33419308,-0.47272053,-1.7071992,0.46182546,-0.86627585,0.0068194666,-0.1739983,0.24274437,0.095252514,0.62346876,-0.1280189,-0.41402864,0.41365317,-0.45885873,0.32552,0.46949148,0.4795444,-0.68532896,-0.1696655,0.57854676,1.9671191,-1.4909563,1.0823172,0.20796466,-0.28346774,-0.11560156,-0.5068329,1.1462107,0.27881825,-0.365522,-0.49413812,0.5209343,0.13255836,0.3089331,1.0130482,0.65528697,1.38948,-0.18542002,-0.07766894,0.33956537,-1.4431225,0.9844772,0.2645006,0.032936323,-1.3790964,0.73971015,0.06021117,-0.5519193,0.008331597,0.567854,-0.2650515,-1.2532979,0.34288025,0.5180213,2.253335,-0.1229856,-0.73573524,-0.4583322,0.17764759,0.76694894
Nuc_Intensity_LowerQuartileIntensity_Mito,-0.47474396,-0.42946637,0.42323294,-0.2664198,-1.0013586,-0.12908597,0.5625476,-0.019163469,0.4584036,0.7693625,-0.09172809,-0.014167388,0.08609444,1.0380431,-0.05946972,-0.095169164,-0.7824059,-0.7528877,0.22588861,-0.11661514,0.030311758,-0.11234667,-0.012664295,0.7159887,-0.22154711,-0.37085283,-0.471697,-0.9509633,-1.059422,0.27401704,-0.72198397,-0.08390665,0.17813785,0.24723156,-0.5274451,-2.8417943,0.13652997,-0.06422567,-0.35605916,2.113619,-0.32625404,-0.016213676,-0.40679264,-0.5905393,-0.070363976,0.090933,-0.03275724,-0.08103394,-0.24348061,-1.3403367,-0.743278,0.9626892,-0.3234699,-0.5372901,-0.644492,0.7141006,-0.7260649,-0.15958719,-0.101434015,-0.13526481,-0.6992728,-1.010621,-0.88187903,-0.43276772,-0.16196005,0.0046491423,-0.44428703,-0.2754828,0.09399495,0.5782594,-0.30797067,0.0039175847,-0.27019712,0.39413762,-1.3092893,-0.84093875,0.3689364,0.10978034,-0.52859,2.9753115,-0.3142018,0.8136577,0.44149327,1.8497249,-0.19636154,-0.5365052,-0.20120849,0.3149692,-0.05247608,-0.17057973,-0.23520136,0.034563374,0.34547898,-1.5734218,-0.71123266,0.10397036,-0.16158414,0.2828425,0.59393615,1.2893666,0.67973447,-0.5164675,-0.44745114,-1.3370632,0.36376214,-0.46783885,-0.5023909,0.5999302,0.01091523,-0.47639087,-1.146313,-0.20928986,-0.19048359,1.7884965,-0.09797398,0.05258012,0.4560484,-0.71355534,-0.16863166
Nuc_Intensity_MassDisplacement_AGP,0.07778133,0.36412832,-0.2624854,3.1410732,0.77899504,0.412443,0.46696123,-0.08926604,-0.33280432,0.45180905,-0.1746658,5.0961356,0.37462926,-0.18500495,0.46275225,0.2576151,-1.0056199,0.8884379,7.163284,-0.3309569,-0.27292812,1.2021767,0.011242588,0.092574716,-0.20530023,-0.36666903,-0.0528235,1.756093,0.27604067,-0.29408863,2.1297674,-0.079401515,1.1460283,-0.29260364,-0.37742448,2.103102,-0.62290424,-0.019687256,2.0705535,0.41318178,-0.2176956,-0.19742864,3.534399,-0.40087637,-0.7173629,-0.1270261,0.21332753,0.12735423,-0.6289713,2.0949042,-0.71520853,1.4391917,1.342008,1.7890822,5.86438,-0.96195483,0.979924,-0.52568096,-0.86793256,-0.282706,-0.5355647,0.24669023,0.35278168,0.01729987,2.5099823,-0.9391751,4.014312,1.8640809,0.2804839,1.9437193,-0.23047023,-0.10101485,0.12281638,-1.0666021,0.5537931,3.4907143,0.32546195,-0.13929647,0.3065381,1.5960604,3.6392348,0.7558162,0.032459494,0.34909368,0.68889624,-0.2536441,1.9548345,-0.05281033,-0.27638555,-0.30923635,0.20954303,-0.29788435,0.67678833,1.0774812,0.056544304,0.3610941,-0.014735262,0.91669035,-0.18774892,4.3361144,-0.0669416,-0.088758685,-0.24038704,0.6983227,0.71452194,-0.008178313,-0.6866353,2.0301085,-0.33708474,0.31935215,1.5801765,0.01578387,0.1545325,3.1249788,-0.25519872,0.44759083,0.61740714,-0.2816958,4.5519876
Nuc_Intensity_MassDisplacement_DNA,0.22481173,-1.0134999,-0.23275858,5.3841095,-1.093365,2.4522302,-0.0549034,0.3181089,0.023639202,0.56671715,0.12723857,-0.43520716,-0.83205724,-1.5679868,1.0643097,0.57234913,0.18073726,0.43746468,-3.2215264,-0.031001618,0.093029566,1.9801364,-0.42760122,-0.72733766,-0.44733402,0.012791713,-1.1639941,-0.33162168,-0.66649675,-0.6791714,-1.1901156,-0.6576966,1.6297537,0.23541898,-0.34805596,2.6297646,-0.4849961,-0.8749637,0.024263421,-2.80295,-0.3327019,0.24210608,1.6888629,-0.74319583,0.037596762,0.37136284,-0.20467968,0.010251194,-0.170705,4.267607,-1.0285301,0.17279232,-0.015309374,-1.2369192,-1.2126923,-0.14893982,1.3776082,-0.0853701,-0.563881,-2.1059217,-0.49101546,-1.3297348,-0.54478455,-0.4730552,0.8265195,-0.5764849,9.096318,1.9017226,0.42272165,3.8228579,-0.15767881,0.10851445,-0.22470482,-0.9412801,-0.4382266,9.933719,-0.03678887,0.12499744,-0.5516797,-1.7204341,4.444495,-1.2673944,0.3651545,0.17748432,-0.022537926,-0.94793946,2.3384013,-0.09657478,1.5167879,-1.9691502,0.35719052,-0.062495083,0.07137657,-0.13879748,0.22797485,-0.4876491,0.329811,0.85839194,0.34241447,-0.99103314,0.14626823,0.14694288,-0.11172668,-1.3842579,0.8847995,0.81538606,-1.1568131,0.5489925,-0.21010447,-1.0927124,-0.6576219,0.29506078,0.27333394,-2.3041732,0.031673577,0.312984,-0.28004202,-0.71713656,-3.2395313
Nuc_Intensity_MassDisplacement_ER,-0.26598525,1.0898272,0.50673753,1.7550513,2.0849864,-0.08014959,0.086019635,-0.3400357,-0.34708944,0.48144266,-0.015169983,5.4939785,1.3374907,-0.60274035,1.025668,0.12415242,0.26620844,1.41255,7.351874,-0.26170763,-0.27619186,0.6778438,-0.3109891,-0.6886244,0.23395127,-0.48152742,-0.00081530464,2.4705017,0.16799188,-0.29619247,3.559901,-0.46359298,0.25886518,-0.27503404,-0.43781567,7.6130414,-1.3278816,-0.20149738,-1.1356193,-0.29996237,0.40370777,-0.3550292,3.1694698,-0.047331583,-0.22326247,0.17100203,0.1908382,-0.11580414,-0.36542937,0.67660195,0.07665169,0.13280345,1.2814425,3.2834263,5.384171,-0.35248187,0.96828955,-0.5019843,-0.114879675,-0.49121165,-0.3539959,1.2996607,0.117580496,0.23556815,1.2143788,0.038210083,3.913225,2.2215436,-0.07516811,1.7448626,0.57474375,-0.42323628,0.4218823,-0.9414242,1.2667888,4.408442,0.13076818,-0.10217316,0.03946344,0.47528645,2.3612854,1.0086164,-0.33946624,-0.2081443,0.6846582,0.4837955,0.12828521,-0.45561326,-0.19210531,0.99869114,0.057567824,-0.29799822,0.129517,3.1038475,0.6383583,-0.63781834,-0.2240787,0.4296367,0.04115035,2.9426203,-0.30829158,-0.4099203,-0.13490638,1.7433027,-0.16278769,0.24211265,0.008422315,2.1721537,-0.568441,2.099316,1.4693698,-0.22329776,-0.17879617,3.7989788,-0.5090635,0.35943606,1.3880211,-0.0014116913,7.126282
Nuc_Intensity_MassDisplacement_Mito,-0.15760005,1.178424,0.55471224,2.3664944,2.691,-0.22121762,0.04661694,-0.12385049,-0.44901457,0.7112691,-0.12799133,13.926944,0.68715733,-0.7948642,-0.027719477,-0.043917138,0.44327417,1.3227943,20.998816,-0.5849256,-0.4964279,0.8088929,-0.5477682,0.5542443,0.38826475,-0.5661152,0.15097101,5.097796,0.041139048,0.11486771,3.431596,-0.6998431,0.7554298,0.14697304,-0.35852304,15.642673,-0.71293396,0.04930417,0.03480913,7.120884,-0.14146398,-0.04349779,3.3643715,0.45333812,-0.11362413,-0.30996856,0.120100826,-0.3019637,-0.2983886,2.9573193,0.41161144,1.8993645,1.5177841,3.454263,22.197151,-0.55362463,0.48244748,-0.8580613,-0.32202396,-0.06468048,-0.41880476,0.6428402,-0.11822023,-0.1412971,0.43069562,0.3858353,2.6083164,2.7950375,0.06831043,3.1939213,-0.20198321,-0.3377769,-0.36483493,-1.1192521,0.04768604,4.511284,-0.4161226,-0.08474532,1.4477204,4.3626366,3.7086163,0.8607457,0.028513044,0.10754743,0.5952973,0.49587008,-0.528771,-0.21274638,-0.21000741,0.7488616,0.058630068,-0.21919852,0.48007122,4.5984273,-0.08071343,-0.804975,-0.16275121,0.8766934,0.072904095,2.7614348,-0.18368036,-0.14574714,-0.11538687,2.3369217,0.67926043,-0.22107422,-0.71638966,1.339899,-0.4562551,1.0982565,3.829788,-0.57146704,-0.0964328,5.05588,-0.43951723,0.052687746,1.2590858,-0.3376104,4.2745385
Nuc_Intensity_MinIntensityEdge_ER,0.35521746,-0.9599535,0.23679762,-1.466423,-1.9459735,-2.0616992,0.19405603,0.16810846,0.43478647,0.17235751,-0.23240495,-2.6909454,-0.72019595,0.8033306,-0.45282832,0.22450225,-0.48569837,1.0114795,-7.3489556,-0.17586948,0.21546604,-0.3498609,0.051339835,0.6025717,-0.75367516,0.14440711,0.48726335,-0.15003347,1.8565181,-0.07850206,0.040710207,0.3873779,0.19311307,0.16073906,0.9081667,-4.911967,0.57786256,0.24603345,-4.44015,-0.48544073,-0.09430611,0.12700945,-1.5578904,0.92475194,0.5828157,-0.202039,0.65064687,-0.16600136,0.65073806,-4.203501,0.35636774,-2.2946155,-0.83479387,-0.12846683,-6.216883,0.13099232,-0.23739219,0.111958005,-0.33544934,1.1861192,-0.053230345,-0.05591925,0.95062494,-0.41403714,0.077680804,0.29292095,-3.7795231,-3.3411605,0.3843267,-1.2304516,-0.09734871,0.49989823,-0.33393356,-0.29330412,0.5879132,-3.808047,0.028526029,-0.20911855,0.72220665,-1.0684676,-5.7919765,0.31402448,0.21250056,-1.7955718,0.8531754,-0.63027126,-0.11972296,0.52872103,-0.2637103,0.2779537,0.09049111,0.28233054,0.7364814,-0.7436063,1.0040673,1.5162388,-0.07584251,0.15780616,-0.05077822,-3.3183727,0.891241,0.25878453,0.0038152088,-3.3152418,1.016244,0.115503825,-0.1629317,-0.7444245,0.5752831,-1.2708561,-1.9713745,0.41260293,0.5440312,-5.803898,0.11475474,0.2817504,-0.0007494688,-0.23238409,-2.7629824
Nuc_Intensity_MinIntensityEdge_Mito,-0.30860385,-0.6965702,0.6495195,-0.7748933,-1.5974599,-1.1079817,0.5967852,0.1394965,0.5110263,0.35142398,0.088344984,-2.0417774,0.0155295925,1.09392,0.14165556,-0.03203258,-0.5520472,-0.6364508,-3.7484024,0.17157228,0.35124448,-0.26058528,0.32012042,0.6768835,-0.007643193,-0.12350281,-0.19416289,-1.2284929,-0.6177307,0.3161423,-0.90631217,0.070786364,0.022814006,0.39783978,-0.082428195,-3.7553327,0.4476951,0.20957021,-2.2884457,1.1127659,-0.10971975,0.13531514,-0.9829288,-0.25903705,0.14933012,0.15422797,0.24394767,0.064178824,0.057671785,-2.463158,-0.3600708,-0.82201004,-0.64874196,-0.9506027,-3.8121014,1.1489234,-0.5544538,0.08976928,-0.14864676,0.32249746,-0.4492625,-0.76583815,-0.5164692,-0.20818211,-0.0078577595,-0.049656708,-1.9397632,-1.9899355,0.14642523,-0.21976745,-0.12561446,0.15612574,-0.005889972,0.12154009,-1.0711585,-2.2787151,0.6717891,0.2393419,-0.36051333,0.7885348,-2.4665916,0.31143963,0.5043537,0.87787676,0.20961471,-0.75270146,-0.6495297,0.5897583,0.036830872,0.23646505,-0.3179573,0.25407624,0.63285327,-2.2523136,-0.44920447,0.37740076,-0.031796742,0.37069306,0.5586023,-1.2262462,0.8319802,-0.32572842,-0.35516933,-2.2178583,0.36568424,-0.31417868,-0.2846541,0.21595536,0.12105889,-0.7727173,-1.6075691,-0.1824444,-0.054819852,-1.5764565,0.120580256,0.54377586,0.5146411,-0.80570555,-1.462094
Nuc_Intensity_MinIntensity_ER,0.45043805,-0.79484254,-0.23013882,-1.4991735,-1.4000946,-1.1728479,0.40560725,0.27603185,0.5861876,0.3664144,-0.23197061,-1.5192543,-0.7247705,0.98598194,-0.8799977,0.4150761,-0.9034942,0.17123063,-5.7997575,-0.34211162,0.11937801,-0.073310874,-0.32540655,1.2244736,-1.0480229,0.15192935,0.4443774,-0.59247047,0.79490185,-0.032974083,-0.9950426,0.67978793,0.38431227,0.37964046,0.7097555,-3.8984652,0.54320174,0.26925707,-2.474322,0.639834,-0.40908015,0.15639131,-1.59685,0.5038288,0.37006536,-0.513064,0.47508964,-0.11320517,0.407508,-2.3955204,-0.05106024,-1.5646696,-0.0972717,-1.2036513,-4.631922,-0.14154887,-1.0744458,0.090270124,-0.44226804,0.9199193,-0.21654367,-1.7187401,0.6856098,-0.6569589,-0.012717366,0.13091895,-2.3078854,-2.4731243,0.5573563,-1.1128896,-0.3569161,0.60962963,-0.4722444,0.11823821,0.6308808,-2.4648967,-0.50503284,-0.1430191,0.85575205,0.42680803,-5.2926664,0.54784226,0.26114807,-0.8861644,0.00421831,-0.47694245,0.7752053,0.48826757,-0.25518414,-0.41621915,0.42246267,0.34755087,0.46644697,0.08780527,0.7747591,1.6199895,-0.10502025,0.028909167,0.24690594,-4.824401,1.0907509,0.44470206,0.13065194,-2.1281693,1.064988,0.13693793,-0.26942554,-0.3468612,0.79461956,-0.5872783,-2.205943,0.39673197,0.60080314,-4.3729,0.09542513,-0.5041247,-0.526802,0.21500449,-4.6915154
Nuc_Intensity_StdIntensityEdge_DNA,0.09608219,-2.0981758,-0.10374981,-0.7152254,-1.986837,-2.1457784,-0.3820648,0.22557087,0.11068311,0.59585184,0.06744849,-3.477992,-1.0334846,1.0587982,-0.3725059,0.074376374,-0.40990612,0.25355688,-2.6329114,0.10333084,0.0178889,-0.5328919,-0.16136135,1.8606936,-0.5547289,0.16022237,-0.5557311,-3.564925,-0.5694348,-0.37099627,-4.388333,-0.7505286,1.2103852,0.7087646,-0.12512237,0.6930192,-0.70323324,-0.9183116,-0.38032663,-2.5763347,-0.05745228,0.1775109,-4.094781,-0.6355166,0.52578026,0.0012249997,-0.34697017,-0.5360764,0.51511806,-0.93614644,-2.2463155,0.13800742,-0.16890144,-3.396516,-2.3869975,1.067908,-2.194388,0.1548209,0.077771395,-1.0595411,-0.0013263822,-3.080881,-0.29414895,-0.9639926,-1.5678679,0.8862064,-0.8648248,-0.13429381,-0.024382567,-0.0029105644,0.25496683,0.11679011,0.30804667,-0.0080218315,-1.5648165,-0.38299322,-1.0876456,0.1155039,-0.6838977,-0.19519222,0.43106914,-0.16276272,0.1739044,1.0306026,-2.3291273,-0.62827533,0.8705724,0.20061933,0.71053123,-2.0383854,0.12999047,0.06240249,-1.1744307,-0.2713907,-1.0477401,-0.44075453,0.64280933,1.343177,0.35558358,6.3937097,1.0350206,0.2814789,0.49644634,-1.2095968,2.1117141,0.2748249,-0.5074915,-2.4362996,0.47976765,-1.307104,-2.1415255,0.0039129555,0.14421545,-0.6530666,0.48508486,-0.45427296,-2.4124086,-1.0504642,-6.0634894
Nuc_Neighbors_AngleBetweenNeighbors_1,0.114905216,-0.025090674,-0.52596074,-1.2805492,0.12312955,-0.75937337,-0.040764827,0.6556557,0.2699547,-0.40531945,0.4732243,-3.0082881,-0.08603939,-0.9167593,-0.09227636,-0.108128406,0.97325104,-1.2943792,-0.9472435,0.26275036,0.38914454,0.4527626,0.34531283,0.55880135,-0.35634813,0.10585966,0.8765788,-0.7658259,-0.5497986,0.652905,-1.5471209,-0.28401077,-0.51018536,0.32196793,0.25706536,-2.7678509,0.2643445,0.753767,-1.2940997,-0.6281648,0.025930325,0.5698991,-0.789299,-0.3884119,-0.29949248,0.60616386,0.090886615,0.025561893,0.5335822,-2.2984922,0.21330716,-0.75496596,0.54532635,-1.5230881,-0.8302953,0.5254152,-1.3125991,0.11592608,0.45680967,0.6226256,0.23836243,-1.1597401,-0.31421825,0.2899348,-0.4252465,-0.21942519,-2.9186652,-0.6010496,0.30369362,-1.4364519,-0.14270894,0.31726813,0.4480139,-0.72663766,-0.02897779,-3.5634725,0.43944848,0.76883966,-0.6444641,-1.4394697,-5.093815,-0.81608504,0.28395244,-0.5938532,-0.2678471,0.2362473,-1.6238693,0.22329652,0.6162053,-0.07492968,-0.13874908,0.7385606,-0.27064005,-1.380993,0.015318553,-1.0500162,0.29369032,-0.07372638,0.006196201,-4.276692,0.6629681,0.5722948,0.07484562,0.30284032,-0.45370722,0.07027831,0.683208,-0.68897796,0.30769348,0.66472465,-1.0318308,-0.2876462,0.1182723,-2.1276546,0.33129713,-0.021945724,-0.13812141,0.41330275,3.3656237
Nuc_Neighbors_PercentTouching_1,0.053845078,-2.7207778,0.0065208278,0.09835183,-2.1428466,-0.32436943,-0.4464951,0.46588138,0.09628671,0.23500018,0.40495396,-6.075129,-1.3831507,0.09211433,-0.81560594,-0.06563226,-0.31745172,0.59064484,-10.14875,-0.21795386,0.402454,-0.9523387,0.0138423145,1.8696798,-0.71585935,0.14955975,-0.91851145,-3.9522278,-1.2398144,-0.4179137,-4.054005,-0.45815644,1.0728743,0.61306447,0.04283933,-1.1774908,-0.00881124,-0.95707756,-4.7207694,-1.221349,0.18461758,0.2780659,-4.480435,-1.6551565,0.42165112,0.18413073,0.24540758,-0.25891915,0.20241797,0.37629938,-0.096711464,-2.6597493,-0.28932756,-3.5413444,-8.032532,1.0992033,-1.2697877,0.4011505,-0.020537527,-1.4105711,-0.110483505,-6.2405076,-0.79328173,-1.0520703,-0.4805145,-0.13950758,-2.8641822,-3.1278265,0.30610344,-0.21225484,0.35944697,0.070755206,-0.18351956,-0.77367085,-1.0909111,-2.626005,-0.091657065,0.20649298,-0.40414968,-3.8305595,-6.9316077,-1.708592,0.2704923,0.6452842,-1.5073919,-2.0061224,-0.37573874,0.2299528,0.8007906,-1.5269798,0.34243116,-0.03224268,-0.82136804,-0.497327,-0.5130401,-0.2744489,0.739193,1.3919739,0.3278041,-4.933772,1.1249777,0.55764127,0.107693516,-3.1909091,1.8125528,0.42157236,-0.7944073,-1.0736537,0.14979245,-1.5233822,-6.5993733,0.055690993,0.06294324,-5.796161,0.57532364,-0.91534305,-1.8982793,-0.9953087,4.62279
Nuc_RadialDistribution_FracAtD_AGP_1of4,0.024587795,1.9485239,0.113426566,0.051595945,1.1787534,-1.6646539,-0.26037192,0.08292763,0.0010588752,-0.72575194,-0.21460529,0.7519326,1.2152663,0.1468492,-0.05813995,0.14207655,1.028839,-0.13790007,10.956956,-0.06663245,-0.29798332,-0.73182076,0.24818797,1.47405,-0.3548646,0.011671702,0.9357669,3.5698783,1.613956,0.014130652,1.8272725,0.5558118,0.319639,-0.32098994,0.041876625,7.5201507,0.04200077,1.7879931,1.3200268,0.26251435,-0.519224,0.031076917,-0.28919664,1.303725,-0.6034947,-0.47549498,0.13071139,0.13112977,0.29339162,5.297047,0.33749846,-2.4371154,0.7265777,0.4395112,7.26809,0.21622638,-0.49710605,-0.11528916,0.21838544,2.0886927,0.71747476,5.8523993,1.0479683,0.39625168,-2.0144217,0.9539501,-0.050210834,-2.9462926,-0.060798515,-0.20087485,-0.318067,0.14279579,-0.2960169,-0.94991535,0.7198369,-0.3214357,-0.41449907,0.34797084,1.4691448,-0.750412,2.5410755,0.6785922,-0.39380848,-1.307669,0.8911429,1.6161709,0.49983492,-0.8023038,0.13082787,0.98022556,-0.42768732,0.4685572,0.24409445,1.9786239,0.2206951,0.17965889,-0.41295287,-0.76932174,0.017437236,0.11192453,0.29490677,-0.22585998,0.32252038,-0.49707246,-0.5187183,0.08271358,0.7467985,-0.21187343,0.044020634,1.4058927,3.5397532,-0.30346617,-0.030450841,7.0026207,-0.10225909,0.33041784,0.40399185,1.7519369,-0.4850165
Nuc_RadialDistribution_FracAtD_AGP_4of4,-0.080055796,-1.4770554,0.25190082,-0.2203471,-1.6870247,1.2612156,0.35961804,-0.06401157,0.113154866,0.15340333,0.44600022,-1.4799045,-0.71417713,-0.40608343,0.9367686,-0.18629797,-1.0348449,-0.3121339,-13.04111,0.29237512,0.44976172,0.9478798,0.03637099,-1.9930304,0.99978775,-0.120699964,-0.51294905,-2.3071678,-0.8149089,-0.27791166,-0.10297846,-0.036384255,-0.9708827,0.28470942,-0.21271493,-11.973071,0.21636534,-1.3816911,-4.4278293,-0.9957192,0.6244728,-0.17810352,2.45037,-1.0831338,0.073423944,0.4311014,0.21684515,-0.034591448,-0.29794228,-7.2239175,-0.23454612,1.6328307,-1.0482845,1.6331202,-7.971376,-0.21144767,0.8890569,0.014366806,-0.5654544,-1.5525845,-0.45239925,-2.2747796,-0.8954939,0.28316107,3.05352,-1.3702072,0.39806855,0.6694475,0.07137553,0.028169414,0.29165423,0.11950901,0.02835086,0.30820474,-0.65678406,1.1261034,0.9398745,-0.33277228,-1.583961,-0.935406,-11.479092,-1.117356,0.42996943,-0.11875615,0.7893242,-1.8013088,-1.3113748,0.91036296,-0.15927748,-0.5675408,0.09731271,-0.37125167,0.6074329,-4.1492124,-0.0873399,-0.43198872,0.35283938,0.24765342,-0.06747917,-0.35422146,-0.3177252,0.20642821,-0.4268639,-0.30009404,-0.31727555,-0.17687567,-0.47549257,1.4955555,-0.10787631,-1.7343235,-1.1307071,0.07373864,0.033876527,-10.917072,0.096650094,1.0864643,0.15109594,-2.3510494,0.6170778
Nuc_RadialDistribution_FracAtD_DNA_1of4,-0.1893425,0.9251933,-0.13100664,-6.4050756,1.5564876,-1.5226866,0.5626022,0.15861492,0.032012407,-1.1199371,0.024546841,-0.24891229,1.1381544,1.3129267,0.0004359136,0.13018772,-0.061477408,-2.0752141,3.140604,-0.104329854,-0.23553927,-2.6736581,0.7355056,0.42724705,0.6926906,-0.3187091,0.4560028,1.502284,0.17328219,-0.66568035,1.5622305,0.30068526,-1.6941189,-0.22286731,-0.18055071,-7.4205956,-0.3624499,1.4829994,0.5010336,3.3977096,-0.314052,0.09284852,-1.7865275,0.41883478,-0.69907635,-0.044579167,-0.029095868,0.4416261,0.5016781,-2.311063,-0.71530694,-1.4008254,-0.9294409,2.7066581,3.9423094,0.48714212,-1.0050839,0.20492314,-0.34808257,2.5114276,0.7659492,3.890672,-0.25183094,0.7489026,-0.8257208,-0.26459137,-1.8765517,-2.85733,0.055278182,-4.5173736,-0.11609819,0.32816735,-0.0909147,-1.0624014,-0.06408557,-2.6884415,0.055283707,0.20143855,0.24265689,-0.12929623,-3.7635765,0.56275135,0.14334998,0.77651864,1.0882428,0.24653713,-2.7207773,0.069377206,-0.6065406,0.64813423,-0.73400635,-0.0037907462,0.7492423,-1.1077417,-0.2688569,0.2801529,-0.014468585,-1.6464351,-0.15467907,-6.3188567,0.17770447,-0.43681595,0.76720613,0.13949937,-1.6789794,-0.36552277,0.23206742,-0.790823,0.056216042,1.6328388,3.5949001,-0.36465254,0.082122125,6.857366,0.105380796,0.309867,-0.55580467,0.055842835,5.709906
Nuc_RadialDistribution_FracAtD_DNA_2of4,-0.079738654,0.0015776157,-0.6400887,-7.675057,1.5838528,-1.5941194,0.21357204,-0.019946614,0.019783616,-0.5023015,-0.022448465,-0.10532886,0.71553373,1.9733385,-0.3605787,-0.0706594,-0.42171475,-1.9442075,2.8418996,-0.6714251,-0.43033028,-2.9502249,0.534035,1.2474638,0.37021145,-0.30867243,0.3598589,0.101967275,0.3222515,-0.71638465,-0.27008596,-0.031856637,-1.9632134,-0.30659562,-0.14283662,-9.072576,-0.7695589,1.0350884,2.3027544,5.6149316,-0.38613984,0.27276942,-3.1466973,0.27239037,-0.1374474,-0.12167751,-0.25701615,0.27067453,0.40776074,-2.8723192,-0.900006,-0.46083894,-0.5500526,1.2257723,3.0511818,0.67536014,-1.7577119,-0.10416919,-0.09285846,2.088094,0.7165182,0.7466283,-0.21874672,0.04071315,-1.7549882,-0.3909525,-2.0245996,-1.627778,0.019155541,-5.452324,0.02878057,0.18926008,0.051262517,-0.4486997,-0.4950359,-3.2826173,-0.73405176,0.093644045,-0.14654319,1.9313062,3.6152306,1.5625902,-0.056904692,2.475598,-0.24695174,0.07016203,-3.2510471,0.002757609,-0.9975355,-0.42306685,-0.29694423,-0.3566928,0.25075582,0.15216327,-0.5503847,0.22284204,0.07779337,-1.1683534,-0.1291399,-0.8152779,0.69942683,-0.62895983,0.93617386,1.2012721,-1.5405914,-0.2290063,-0.000690639,-1.6214746,0.02729252,2.102075,1.4307245,-0.15523098,-0.028779626,10.054769,-0.012245764,-0.49183378,-1.3298651,-0.11720979,2.6380692
Nuc_RadialDistribution_FracAtD_DNA_3of4,0.27022466,-0.6226409,-0.88212734,-4.2403417,-0.21948123,0.3607683,0.3065217,-0.45400706,-0.06526978,0.38598016,-0.39107585,1.0795847,0.43317446,1.728182,-0.9057772,0.004807716,-1.0637369,-1.2104498,5.325319,-0.6801097,-0.35641292,-2.1067553,-0.01609837,0.7498308,-0.25917602,-0.43399572,-0.21966498,-1.9729012,1.4338208,-0.076296665,-2.5978234,-0.75579804,-2.382702,-0.21282406,-0.12641157,-3.6755178,-0.466724,0.32700545,4.6535707,2.9727652,-0.06221549,-0.11605968,-2.5356026,1.0327847,0.9769054,-0.21794195,-0.054281134,-0.47251192,-0.02372598,-2.2901917,-0.73633146,1.7288221,-0.270489,0.208607,2.6199744,-0.003281653,1.0036286,-0.4512935,0.16868438,0.36917844,0.13831218,-3.3472397,0.59509504,-0.46851942,-1.4061083,-0.18617015,-1.3910881,2.2205484,0.2752492,-2.3964586,0.17699902,-0.22801602,0.14415847,1.0633334,0.04916851,-1.7681874,-1.0652608,-0.29007947,-0.60477597,3.8858593,5.1806912,2.009672,0.07912535,3.6037445,-1.5429546,-0.4360385,-2.7750003,0.23782475,-1.5112534,0.4764556,0.56370115,-0.22790383,-0.51927435,0.11581723,0.22630732,0.9318476,0.07912336,-0.83019406,-0.20329975,7.4902973,1.3868405,-0.7242784,0.72274476,1.3601831,-1.1214077,-0.031992923,-0.35735163,-2.3428752,-0.1409892,0.99473834,-2.1981509,0.17867781,0.35198283,8.933415,0.01921101,-1.2850107,-0.33579507,-0.3240677,-12.012986
Nuc_RadialDistribution_FracAtD_DNA_4of4,0.008050621,0.23050655,0.9335583,6.848517,-1.0475094,0.8568494,-0.41945496,0.21157563,-0.018942872,0.21709824,0.18137145,-0.59082466,-1.0165038,-2.2147186,0.71842027,-0.032118622,0.76741344,2.011154,-5.244065,0.6704213,0.3722098,2.9628356,-0.374614,-1.2264258,-0.18826185,0.2782351,-0.11202749,0.5950214,-0.71103173,0.5685696,1.1915919,0.42225027,2.1058993,0.17054343,0.26145923,7.183265,0.7854559,-0.9387762,-3.42404,-5.252777,0.19516097,-0.09525982,3.2588313,-0.61731255,-0.20237112,0.3539542,0.11998952,-0.016391784,-0.17004673,2.8956492,0.9016159,-0.35879758,0.699605,-1.3018427,-4.364802,-0.408591,0.47198287,0.27543753,0.03666432,-1.7239838,-0.46801475,0.0053958595,-0.031787436,0.15908234,1.6795639,0.29703736,1.2688961,-0.15331392,-0.21193345,4.3633475,-0.1415118,-0.019056717,-0.2725479,-0.038823206,0.3569471,2.5218697,0.891655,-0.010073319,0.51498413,-2.8347142,-3.3655396,-2.103578,0.18401675,-3.2729533,0.7224985,0.2148255,3.0222368,-0.060214967,1.2762842,0.054071903,-0.027212331,0.33192712,-0.030591706,0.06248681,0.2637116,-0.6014117,-0.1437838,1.3369805,0.20433176,-1.851381,-1.1922822,0.82682544,-0.8847249,-1.3162163,1.7734222,0.19543229,0.19984479,2.1883917,-0.19386335,-1.9836222,-0.9116521,0.09497964,-0.08466018,-11.34076,-0.09514609,0.75978345,1.2057317,0.22928137,2.697265
Nuc_RadialDistribution_FracAtD_ER_1of4,0.18636008,1.1320626,-0.48576224,-2.3101914,0.87117076,-0.6058687,0.77771235,0.53907675,0.40620407,-0.7145588,0.14994623,0.76889855,0.32026985,0.26235732,-0.5799971,0.1966775,-0.1535861,-1.9989252,4.1548533,-0.26719,-0.060980048,-0.11968116,0.2930062,0.8744189,-0.43924046,0.32913437,1.1889807,1.8343307,-0.37283185,0.22280632,0.20900162,1.3306246,-0.67479175,0.44973734,0.1003428,-1.4533582,0.45459965,1.1765836,-0.015932322,1.8061175,-0.94342345,0.3045003,1.057171,0.46962404,-1.297183,-0.48921955,0.112723075,0.3624241,0.049470317,5.8373966,-0.7162855,0.3585219,0.20745678,-1.3351716,4.216713,-0.38646987,-0.67984563,0.2006617,-0.61530507,1.6609777,0.47552338,4.0589204,0.09929967,0.98434633,-0.63641,-0.24273431,0.57525384,-1.9161712,0.31137526,-2.7219486,-1.1457983,0.5949492,-0.58098286,-1.228649,0.42699686,0.34578058,-0.10216379,0.5115941,1.1839108,-0.36642745,3.8464634,0.05596109,0.19372463,-0.6734809,0.64598817,1.1080154,0.039726216,0.0018748989,0.041165482,-0.3472208,-0.57422537,0.5638757,0.5766916,-0.87055033,-0.17018144,0.5861777,-0.15418239,-1.5705689,0.41595504,-0.36138234,-0.14698604,0.3266321,-0.10825642,-0.031428497,-1.3276896,-0.15892355,0.40440562,0.7379563,0.5757762,1.3985301,3.6574252,-0.17528474,0.16847505,4.7484493,-0.07282085,0.06720821,0.06291529,1.35772,-2.5352266
Nuc_RadialDistribution_FracAtD_ER_4of4,-0.18579684,-0.39016935,0.73401254,2.195592,-1.1264929,-0.4509391,-0.7219496,-0.46206632,-0.41161975,0.15146515,-0.047921848,-1.3648963,0.17625646,-0.66039777,1.2913345,-0.33893967,0.73859763,2.6039326,-4.866197,0.23305859,0.0869118,0.705708,0.016402513,-0.9288966,0.6774077,-0.33516645,-0.34278774,0.2032261,1.4906012,-0.1947637,1.8670698,-0.8642356,0.386516,-0.4001224,0.069487445,1.1186558,-0.18408366,-0.652217,-2.4708798,-3.8101196,0.9147107,-0.17197268,0.4840083,0.36610177,0.8086076,0.6080706,0.3611796,-0.35167375,0.10077319,-6.6596093,0.95450526,-2.0111134,-0.50029516,2.7409298,-4.5935345,0.458858,0.87103057,-0.24402566,0.48496023,-0.8170993,-0.13338284,0.9194327,0.3735342,-0.43282357,0.95089597,0.88991934,-1.1211797,-0.22000635,-0.5011427,2.2215278,0.9958417,-0.34471145,0.45875525,0.36624095,-0.102885306,0.09487637,0.8450846,-0.5203051,-0.8439935,-1.9610296,-7.3399463,-1.0803868,-0.17548794,-1.4761953,1.3577417,-0.5700031,-1.0122559,-0.01963973,0.29641566,1.3766198,-0.014743785,-0.28574404,0.335598,-0.016174078,0.5140711,-0.86942744,-0.068264,1.3719702,-0.40589643,-2.3663814,0.29267403,-0.05043478,0.2737941,-0.81330234,1.2939005,0.13287379,0.038196374,0.088186204,-0.61323214,-1.5040165,-0.4763964,0.18628292,-0.20094593,-9.810318,0.0098293265,1.5227078,0.8409199,-1.4321194,-2.26258
Nuc_RadialDistribution_FracAtD_Mito_1of4,-0.17649908,1.7363309,-0.1804033,-2.3965824,1.3395427,-0.94330376,0.4336636,-0.10388565,0.023610575,-0.78577393,0.2537472,-1.6221428,1.9339657,0.6560593,0.61226547,0.029826978,0.58958906,-1.111646,6.414823,0.49064186,0.21530496,-1.0242387,0.6796549,-0.51213473,0.13301532,0.06054474,1.495687,2.7052288,0.20848002,0.41110316,2.1073725,1.7504333,-1.4842764,-0.39376473,0.03556152,-4.248011,0.19242336,1.7013375,-0.19320433,-3.2451572,-0.08247424,0.13998319,1.8410095,0.5619336,-1.3764458,0.32490048,0.070326805,0.5120923,0.28561255,0.9600273,-0.30804953,-1.2747954,-0.6100939,1.6669117,-1.1021507,-0.11818973,-0.9393247,0.23788051,0.29456368,1.99996,0.83436745,5.2815776,0.2512533,1.3435072,-0.4188311,0.42588463,0.19010854,-2.5519936,0.04973503,-3.6019633,-0.22216575,0.3647851,0.03938538,-0.8817099,1.3434185,0.42593646,0.39729795,0.42234457,0.5152846,-1.8608645,5.9358463,0.54152524,-0.24982493,-1.1379458,1.4335934,2.0633202,0.68898726,-0.43196854,-0.0015159448,-0.033201713,-0.63917094,0.30817124,0.41131607,-1.1954848,0.48540142,0.55093247,-0.1974652,-1.9564342,0.017585224,5.101133,-0.20975576,-0.1879872,-0.31518012,-0.27393416,-1.7508836,0.061789166,1.5018007,0.6338074,0.3607343,1.5704685,4.575353,0.041217476,-0.05323408,3.9082508,0.04054447,0.9264267,0.54396266,1.9554602,5.1208377
Nuc_RadialDistribution_FracAtD_Mito_4of4,0.020108977,-1.1034163,0.9599838,3.2480755,-1.837556,-0.41115394,-0.44236553,0.28967118,-0.092195034,0.17244385,-0.041159526,2.124647,-1.5729542,-1.1609758,0.38552657,-0.25067663,0.04800448,1.616217,-9.722025,-0.10898092,-0.07674534,1.2924925,-0.565965,0.8479769,0.17967731,-0.12676708,-0.84541494,-0.9767483,0.3786253,-0.56317896,-0.58224195,-1.4224309,1.1474048,0.42998147,-0.030101975,4.919935,0.035423722,-0.8695724,-2.7956555,1.7485143,0.12749946,0.06491383,-0.9341615,0.3553625,0.846677,-0.27883407,0.3945705,-0.48624465,-0.28106835,-1.2898895,0.62232316,-0.26690078,0.5412078,-0.3143902,-0.23523974,0.12543324,0.89426094,-0.14856245,-0.771342,-1.0217861,-0.48355663,-1.3258827,0.055180687,-0.7595721,0.8421568,-0.09940676,-0.38806888,0.4707792,-0.1441259,3.6943798,0.120189466,-0.09192691,-0.28212604,-0.3553668,-1.1142381,-0.26321873,0.21481995,-0.25891867,0.25229618,-0.5825117,-11.102912,-2.020685,0.22583668,-0.9808731,0.47547898,-1.6827065,-1.8166386,0.48657218,0.08755215,0.81902355,-0.08588923,-0.016452068,0.54462844,0.33397543,-0.23732173,-0.97748685,-0.018624425,1.5624809,-0.22871214,-9.041431,0.5048155,0.68378335,0.36460495,-0.9259607,1.6376408,-0.27439663,-1.385595,-0.002750973,-0.39306426,-2.057674,-1.7272425,-0.17173415,-0.108513094,-10.310571,-0.09147972,0.6665283,0.020007014,-2.1172931,-5.9867935
Nuc_RadialDistribution_MeanFrac_AGP_1of4,0.13860615,0.9314244,0.14135103,4.4840503,1.2568406,0.6005146,-0.69229126,0.035803925,-0.02767842,0.0021627943,-0.25175685,0.14222424,0.18804486,-0.45440695,-0.53696126,0.39760694,0.8628815,0.7994904,8.202733,-0.3579453,-0.10737882,1.309153,-0.33545637,1.3696266,-1.166268,0.04514135,-0.05491997,1.7564694,1.1820102,0.13740699,-0.39307547,-0.0996991,2.6452444,0.03207666,-0.06772262,15.165088,-0.20549946,0.3089139,4.980231,-1.0070057,-0.6376135,0.057374503,0.04399677,0.72043943,0.05934125,-0.5364177,-0.38236633,0.045779645,0.0049603283,10.083997,-0.1534083,-1.8713598,1.1827011,-2.8404129,5.083416,0.05788539,-0.8790426,-0.047937017,0.39349088,-0.13132818,0.09934356,1.5018287,1.0916007,-0.5292734,-2.3471026,1.0517964,4.6055856,-0.05387668,-0.08541557,3.5220654,-0.37890616,-0.028346667,-0.17897342,-0.0071392655,0.051107425,3.9646966,-0.911287,0.12992279,1.1983296,-0.34464455,-0.2472213,0.39748296,-0.19924824,-0.7822704,-0.80627805,1.0671792,2.6131346,-0.7941535,0.7787216,-0.3866755,0.4083228,0.23316796,-0.71876794,4.445811,0.21323232,-0.317669,-0.2509558,0.37694728,0.45479283,-1.0837653,0.16742952,-0.08073385,0.17595352,0.3169848,1.0570842,0.37340447,-0.03406762,-0.59034497,0.13776954,0.8348675,-0.22418666,-0.27778867,-0.13293946,6.109073,-0.07346806,-1.0359468,-0.11575067,1.895328,-7.122389
Nuc_RadialDistribution_MeanFrac_AGP_3of4,-0.0737708,0.76831275,-0.2765041,4.2194824,0.98647624,1.0438274,-0.35149166,0.13035114,-0.28686842,0.031903863,-0.44352674,2.6481273,0.008196195,-0.042114038,-0.6008536,0.15865944,0.69780564,0.58566785,12.363759,-0.25836268,-0.4262037,0.12547018,-0.5253429,1.0761968,-0.8856005,0.059938043,-0.5187501,0.9395444,0.19885154,0.004003147,-1.0303725,-0.5603533,2.3406432,-0.021185927,0.24634707,17.823715,-0.17904861,0.36241055,7.077112,-0.022823015,-0.37594604,-0.008087431,-2.0229437,0.40110818,0.35665235,-0.33129603,-0.34009004,-0.26645043,-0.010660629,9.1113405,-0.018678963,-0.6818047,0.81502026,-2.4181335,7.674833,0.22608794,-0.109114505,0.0056848526,0.43953153,-0.095812984,0.12015331,-0.49924377,0.7985804,-0.95674676,-2.6087027,0.7437914,4.035127,2.6550305,-0.023735126,3.1603315,-0.1412854,-0.28699937,0.10339069,0.2629639,0.47250947,3.8351326,-1.171981,0.23593013,0.81066483,0.85232466,17.85171,0.5263459,-0.34120688,1.2892903,-1.8546553,0.74655646,3.0003717,-0.8841913,0.8070688,-0.68150777,0.37838718,0.083213925,-0.90770316,4.0502853,0.098854005,0.2539403,-0.34480083,0.19520378,-0.086250894,-0.011659463,0.5356535,-0.117161036,0.45435596,-0.093230486,1.0945295,0.21154188,-0.38095453,-1.3738068,0.041668307,0.7785225,-1.2450184,-0.019959882,-0.13601685,10.008714,-0.059605796,-1.475387,-0.2672591,1.7520151,4.2185936
Nuc_RadialDistribution_MeanFrac_AGP_4of4,-0.10715749,-0.8458262,0.09846604,-4.419435,-1.0376691,-1.259464,0.60575455,-0.14881115,0.06301406,-0.07993463,0.3819686,-1.5366625,0.14311713,0.2837533,0.5899902,-0.3490082,-0.8808651,-1.0429187,-10.952991,0.35814372,0.26637283,-0.9303148,0.48769426,-1.2148286,1.23104,0.0047421455,0.55971926,-1.3732219,-0.6393533,-0.04030021,1.2101184,0.4124987,-2.598253,0.059707794,-0.025251066,-16.717375,0.24269839,-0.33340445,-5.9742446,0.6926047,0.6832513,-0.030753283,0.9748673,-0.6659184,-0.25197682,0.41914412,0.4215114,0.096051954,0.045223277,-9.709733,0.22965364,0.99878925,-1.0867501,3.0208814,-6.5946527,-0.099158175,0.41848293,0.097610265,-0.40348133,0.36545908,0.04795808,-0.33025348,-0.9872343,0.9004416,2.302627,-0.85800767,-4.8723187,-1.4407697,0.07055318,-3.3738048,0.32505882,0.19445753,0.044828195,-0.2794017,-0.2119966,-4.063563,1.035043,-0.1516394,-1.0810605,-0.13747013,-7.5500484,-0.31312382,0.27199236,-0.19351499,1.4129394,-0.7731655,-3.2413375,0.90912646,-1.0131904,0.6752317,-0.3828574,-0.1041373,0.80848044,-4.5653386,-0.07419933,-0.14438827,0.2675159,-0.45689058,-0.09740025,1.646122,-0.4124199,0.10989686,-0.21972556,0.05281655,-1.292389,-0.28036246,0.30098376,0.83390737,0.015716204,-0.7168355,1.2205222,0.12612171,0.13170135,-8.487819,0.06484059,1.4191508,0.25754488,-2.0112665,2.6765716
Nuc_RadialDistribution_MeanFrac_DNA_1of4,0.16605954,-1.1454792,-0.28544238,-3.4038546,0.93788433,1.7481055,-0.07131002,0.440701,0.22731549,0.22255762,0.076202765,-1.3127759,-1.0402838,0.7275886,-0.5944908,0.48045897,-0.6702533,-0.94121933,-3.9839122,-0.5180823,-0.35215557,-0.71127605,-0.17662148,-0.2943842,0.06406285,-0.18020992,-1.0006653,-1.2849704,-1.3884715,-0.7042007,-2.22662,-0.8766437,0.7430183,0.03959769,-0.3446226,-2.9258707,-0.9206607,-0.5112007,5.076031,2.8756196,-0.3517827,0.16354911,-2.8810775,-1.5270287,0.1869939,-0.2785081,-0.24436252,-0.041938167,0.25304446,2.834287,-1.4866756,0.68296766,-0.7733011,-0.98941946,-0.6278613,0.4259551,-1.4115263,0.1883177,-0.25579694,-0.82425433,-0.0509212,-2.5276666,-0.9712398,-0.6578954,-0.8957606,-1.1801505,4.537243,1.8688117,0.29039466,-1.230607,0.11519503,-0.048923016,-0.079755165,0.74468803,-1.5107784,2.1319249,-0.86765224,0.0038746472,-0.98051184,1.1881723,-8.418496,0.31400672,0.074148215,3.13953,-1.5096607,-1.403608,-0.09793145,0.35532627,0.2971576,-1.9581565,-0.06472991,-0.45168778,-0.0910938,0.82685643,-0.93718034,-0.34694517,0.34674525,-0.065483846,0.41739073,-13.153573,0.5897581,-0.1992383,0.76400375,1.2274064,0.056776673,-0.029883822,-1.3203564,-1.4423767,0.07874789,0.6849766,-1.8020366,-0.16603015,0.11076468,7.174895,0.488965,-1.4341364,-1.974276,-0.52945834,0.6189746
Nuc_RadialDistribution_MeanFrac_DNA_3of4,0.39382195,-1.3389467,-0.8365555,-0.45541644,-1.4163127,3.1066258,0.07847912,-0.2763267,-0.083456874,0.33031827,-0.31760326,1.2815428,-0.15306441,1.1047707,-0.09292066,0.0051549324,-1.2829256,-0.9417675,2.9557855,-0.8165679,-0.36392352,-0.463873,-0.4513751,0.15413578,-0.26217163,-0.5288358,-1.0793914,-2.2173421,1.5764831,-0.7175177,-2.5424037,-1.3119708,-1.513464,-0.3114018,-0.18583564,0.037223577,-0.66296816,-0.632475,4.069942,1.2703463,-0.19560082,-0.17848587,-0.37664738,0.820858,0.7796996,-0.40988418,-0.16967167,-0.6531063,-0.41654992,-0.11944791,-1.3851315,1.5612732,-0.66594386,0.30611566,2.3693721,0.20033681,2.319081,-0.43093976,-0.0979175,-0.8981363,-0.057600856,-3.5336878,0.44905186,-0.7753289,-0.89155203,-0.89075834,5.370363,3.4050148,0.53345084,0.71827227,-0.044356238,-0.38407245,0.022845367,0.963981,-0.22503345,5.838375,-1.1166316,-0.45514786,-1.2567698,2.697837,7.3349986,1.050614,-0.041271348,3.4710293,-1.6173166,-0.98215264,-1.541048,0.054363757,-0.6741391,-0.7454476,0.94379133,-0.37771618,-0.0014462471,-0.91358733,0.45774376,0.5978178,0.15493271,-0.89874935,-0.14129709,7.61338,1.2121114,-0.40905333,0.660312,-0.15283857,-1.0378551,-0.17640696,-0.9596949,-1.7202936,-0.078888856,0.14089864,-2.4741256,0.20033143,0.26371396,5.4199996,0.012953456,-0.7184808,-0.28853202,-0.9925456,-14.510323
Nuc_RadialDistribution_MeanFrac_ER_1of4,0.25999203,0.37161562,-0.6621683,-0.33111373,0.6937752,1.2623903,0.48469576,0.5028501,0.518534,-0.15180299,0.13918312,0.46030107,-0.5655884,-0.29188827,-0.9952817,0.4262961,-0.51829064,-1.3299799,0.9556015,-0.2848613,0.06960494,1.2512461,-0.20339178,0.614515,-1.2392031,0.332369,0.467145,0.1845489,-1.1017027,0.2715103,-1.5362207,0.76579905,0.28060672,0.59834355,0.09389458,1.3087797,0.42837647,0.21488146,1.2682525,0.9524021,-0.89074665,0.32947996,1.5243756,-0.104858555,-0.9369328,-0.61423504,-0.28929976,0.16398129,-0.05069998,8.739348,-0.9729325,1.4718367,0.4464352,-3.3231735,1.3502871,-0.65949583,-0.7989548,0.080095194,-0.7733307,0.18548095,0.036162496,0.8255913,-0.18955322,0.28785458,-0.4172447,-0.55995095,4.497036,0.16844754,0.41566443,-1.1807437,-1.2307702,0.4452025,-0.54311174,-0.6386699,-0.12048223,3.603885,-0.44726205,0.4404142,0.5964455,-0.060143907,2.7887955,-0.006510876,0.19262993,-0.25458646,-0.6939897,0.4516337,1.7059869,-0.03414974,0.2552843,-1.5764041,-0.049085695,0.3647289,0.01698939,0.21733485,-0.32021612,0.20471998,0.0091563165,-0.9197853,0.45503202,-1.5515122,0.07696291,0.38373497,-0.4129393,0.2152369,-0.48612833,0.12358644,-0.20296961,0.6228054,0.60833484,0.7972879,0.9444499,-0.06082363,0.23677595,4.1941237,-0.04084308,-0.74748415,-0.3739572,1.1918303,-6.252027
Nuc_RadialDistribution_MeanFrac_ER_3of4,0.13555662,-0.7161543,-0.34980917,-0.6002882,0.5227823,2.673351,0.57714933,0.45993182,0.29964557,0.010733177,0.00035293898,2.4132147,-0.38734972,0.6787656,-1.0036732,0.41802135,-1.1638405,-2.4750566,5.2968745,-0.25120604,-0.106186055,-0.63325113,-0.425222,0.13225527,-0.41717812,0.19468212,-0.71221614,-1.7978114,-1.7574271,-0.3139669,-3.0807755,0.29798147,0.18142505,0.23378055,-0.36448416,1.683909,0.039541323,-0.118220456,3.6298106,3.6761506,-0.7079175,0.03627486,-0.42354974,-1.0481118,-0.15275018,-0.51116675,-0.5154907,0.13258953,-0.37521324,5.9109435,-1.2866935,3.0418818,0.2467737,-2.6277325,3.947216,-0.34168038,-0.11813203,0.2138397,-0.56075317,-0.6427176,-0.1654368,-4.3257747,-0.6999011,-0.014283478,-0.6214791,-1.6163611,5.279296,2.331918,0.5582068,-0.3842541,-0.74832314,0.19240125,-0.32612744,0.5254958,-0.16724764,4.149115,-1.0105606,0.13381575,0.18485902,2.330054,7.6534996,0.8710868,0.1602688,2.834605,-2.4156215,-0.51350915,2.1280744,0.10497137,-0.037843347,-2.0666518,0.30276406,-0.22135295,-0.80272746,0.035212636,-0.676539,0.7083776,0.023377629,-1.112931,0.41059175,2.4020863,-0.29130527,-0.09309099,-0.16521013,0.78683263,-1.0594221,-0.018899938,-0.7204988,-0.47265756,0.20534746,0.68429834,-2.3424602,0.13136128,0.062530994,9.303305,0.024625694,-2.1490314,-1.187729,0.7521513,6.273393
Nuc_RadialDistribution_MeanFrac_ER_4of4,-0.1994677,0.58419013,0.48902988,-0.633575,-0.3781804,-2.3200693,-0.45113692,-0.44124842,-0.38697958,-0.029650351,0.009329975,-1.0692368,0.6695159,0.0059042177,0.9256608,-0.37317884,0.9832638,1.7849647,-2.0048506,0.2753168,0.052837014,-0.8578066,0.45863786,-0.31416973,0.77062434,-0.29855156,0.5987347,1.2734112,1.8500537,0.17531733,2.871577,-0.2978772,-0.60752296,-0.34585884,0.19613658,-2.9280484,-0.14563453,0.37035695,-2.5854728,-1.8933501,0.70578426,-0.13708515,-0.4977152,1.1041856,0.47025362,0.56423277,0.46758953,-0.09457768,0.28351173,-7.6802025,1.2291862,-2.1140192,-0.24931316,3.5625165,-2.0482695,0.63221306,0.3778143,-0.21927178,0.55404776,0.8496484,0.2240296,2.5726397,0.6960993,0.078247346,0.50787455,1.2985802,-5.94466,-1.9059631,-0.4958483,0.012856324,1.0616642,-0.30654743,0.51691514,-0.1090643,0.31434295,-4.9026437,0.76837105,-0.19275688,-0.24947335,-0.9902951,-5.097998,-0.04619844,-0.28885087,-1.3993784,1.9767715,0.23205869,-2.2619069,-0.009698376,-0.35274217,2.204034,-0.16527785,0.08842058,0.49476257,-0.018409014,0.5431485,-0.3498567,-0.053817075,0.6753691,-0.54820925,-0.35147986,0.12082875,-0.20089388,0.44717312,-0.3110371,0.40770844,0.0008310179,0.66340566,-0.039841533,-0.30557224,-0.1615833,1.532258,-0.064328335,-0.15620936,-7.7755413,-0.08557258,1.6884886,0.7492525,-0.7506375,0.95883083
Nuc_RadialDistribution_MeanFrac_Mito_1of4,-0.034612853,0.855937,-0.5818899,0.92930573,1.5765476,1.1108464,0.06997054,-0.14717458,0.064179346,-0.017571231,0.08058406,-2.8468482,1.2271136,-0.39078403,0.21430862,0.1815397,0.28575805,-0.47890934,4.8776793,0.26337972,0.19935413,1.5479606,0.26239207,-1.2084056,-0.8696146,0.19933297,0.7121387,0.9881585,-0.6692104,0.62566763,0.0077361264,1.4008218,0.24290748,-0.3843461,0.047683198,-1.2964433,-0.0065963045,0.09815266,2.503754,-6.053041,-0.09876037,0.086097814,2.6765182,-0.67261,-1.2164341,0.3043531,-0.40968513,0.5107987,0.044106204,5.4444184,-0.8157055,-0.15864809,-0.51634324,-1.2879703,-4.644432,-0.40235534,-1.3133055,0.23567785,0.5422147,-0.26367912,0.2558261,1.366629,0.07031914,0.54325753,-0.26466286,0.29366544,5.677467,0.37803006,0.078109,-1.3026925,-0.43187127,0.11459368,0.05806474,0.1235052,0.868177,5.719784,-0.028734952,0.119291395,-0.015604779,-1.9608172,5.0051045,0.36607823,-0.21961051,-0.93387985,-0.3778669,1.947403,3.5434544,-0.7649374,0.564776,-1.8323927,0.020219455,0.09048525,-0.4887334,0.534451,0.37924492,0.1827103,0.04585694,-0.99517184,0.31883612,4.4743724,-0.3860668,-0.25453004,-0.8605208,0.32586452,-0.5004731,0.2804316,1.0559111,0.78680557,0.40793934,1.2354697,1.2004303,0.15587498,0.013233125,3.078995,0.10163609,-0.35642806,-0.14573817,2.2921093,-0.19118118
Nuc_RadialDistribution_MeanFrac_Mito_3of4,-0.023689905,0.054010373,-1.0581216,-1.0470587,0.7417024,2.9083087,0.3635316,-0.13960999,0.08471731,0.14011966,-0.032753106,-0.72471875,0.9008123,1.0168942,-0.36560515,0.3367569,-0.7949571,-1.8780214,8.665584,-0.065602206,-0.029417554,-0.2511319,0.16521157,-1.4488964,-0.26318038,0.16954964,-0.50501823,-0.9994548,-0.8754321,-0.005861625,-0.8449777,0.5120949,0.0026176374,-0.28681374,-0.3209531,-1.6799978,-0.2747234,-0.364296,4.1124816,-1.0794618,-0.15374635,-0.22959697,1.155476,-1.204127,-0.18624412,0.27631375,-0.6899989,0.21900932,-0.0685801,2.0642407,-1.049578,1.6499635,-0.78234076,-0.3330589,1.0356933,-0.13645093,-0.050875265,0.20615725,0.56987804,-0.8491151,0.02759242,-1.838334,-0.46523213,0.33394578,-0.5291194,-0.7811501,5.4261646,2.4184504,0.37218842,-0.96125364,-0.17358899,-0.023243347,0.4167997,1.2541863,0.33203807,5.2487164,-0.5092523,-0.06595794,-1.533352,1.2445759,9.490258,1.6225677,-0.008187314,2.4623346,-1.6375312,0.18538265,2.7481463,-0.18933992,0.27515894,-1.6172733,0.58552,-0.36511704,-0.8245526,-0.7032778,-0.029268265,0.75114655,0.1678796,-1.099011,0.38254833,9.09699,-0.52573335,-0.6742918,-0.3261871,0.925204,-1.179921,0.25186512,0.3665376,-0.059424967,0.29209694,1.1196786,-1.0777106,0.35170004,-0.007500688,9.916092,0.15517028,-1.3423419,-0.10947224,1.1184049,8.794402
Nuc_RadialDistribution_MeanFrac_Mito_4of4,-0.002327323,-0.14809805,0.77449375,-1.0529319,-0.9643311,-2.683297,-0.13351421,0.15120076,-0.09005784,-0.26172566,-0.035911918,1.9414135,-0.786458,-0.056690738,0.09713627,-0.3461127,0.37825966,1.0928658,-7.8160567,-0.097939216,-0.118101396,-0.98821646,-0.07693454,1.640996,0.6213023,-0.11080685,0.29887304,0.24754362,1.11088,-0.19514044,0.9716735,-0.8420631,-0.617192,0.2951528,0.3401951,-0.26840642,0.32262716,0.5643151,-3.6869316,4.178591,0.081132434,0.06929293,-2.2085884,1.3692489,0.6284179,-0.1957515,0.71118736,-0.3606139,0.078133374,-4.8434677,1.1332217,-0.94659287,0.7049319,1.231105,2.195406,0.4207114,0.57447267,-0.19325286,-0.4365072,1.2975061,0.008723239,0.9208662,0.42450234,-0.2649242,0.34189868,0.6062347,-6.9477315,-2.3571253,-0.21627331,-0.16285987,0.3487477,0.043918233,-0.18986988,-0.8635721,-0.39321256,-6.6862197,0.40905392,0.11227306,0.9633913,0.38143253,-7.258022,-0.7451641,0.16788946,-1.1011909,1.5129677,-0.8348956,-3.5570443,0.3820125,-0.64416224,2.2442765,-0.49765995,0.30632022,0.9205319,-0.008151531,-0.1477599,-0.347643,-0.17021072,0.8229092,-0.34693658,-8.653071,0.3858129,0.45822406,0.63681155,-0.5141559,0.69940233,-0.27639663,-0.45978257,-0.34719777,-0.28942165,-0.808758,0.72902423,-0.29748037,0.0021248658,-7.2601013,-0.0860584,1.086965,0.11344264,-1.494254,-4.393198
Nuc_RadialDistribution_RadialCV_AGP_1of4,0.09106377,0.46298477,1.1538564,1.5568395,0.7834069,1.8786756,0.16914947,-0.2871947,-0.14453925,0.71507955,0.0021260108,0.14382993,0.09258389,-0.21760714,0.3393911,0.6218547,-0.68707514,-0.9504064,-0.71117646,0.030626254,-0.06600082,0.5491496,0.051020086,-0.13300057,0.28309557,-0.032942723,-0.5173003,1.1704526,0.4141468,-0.73296976,1.0697602,0.6837702,-1.0767708,-0.42154434,-0.5819306,-2.8991044,-0.13964571,0.282639,0.23912199,0.9391534,-0.13959326,-0.18217577,2.4074662,-0.013483007,-1.1952535,0.12036526,-0.19142787,0.33583602,-0.43365002,-0.047047973,-0.51552707,1.6566563,0.74444646,0.96964836,-0.5545904,-0.458582,1.6157227,0.07474825,-0.65299976,0.20271552,-0.138299,1.3834591,-0.1267416,0.5417039,1.511326,-0.8479182,-0.42354313,0.45116448,0.53941536,0.82868004,-0.09558871,0.009981602,-0.35584053,-0.39193153,-0.13789998,-1.6367955,0.4823803,-0.3988445,0.6774354,0.85375303,8.047455,0.9160623,0.40921918,1.0464239,1.0775224,-0.45187998,0.020762363,-0.044571426,-0.29266703,0.30314,0.4093381,0.120137036,0.5290832,-0.5240847,0.16556704,0.9879224,-0.21922898,-0.18637395,-0.27898434,-4.97336,-0.7467558,-0.15279888,-0.29214033,0.050651092,-1.5505637,0.10991308,-0.5209268,1.2583921,-0.35721794,0.92577964,1.2576412,0.009145846,0.5010713,-0.16326362,-0.2998524,0.29037532,0.6494283,0.06451731,-6.307438
Nuc_RadialDistribution_RadialCV_AGP_2of4,0.2520795,0.6767691,0.8276615,0.8012442,0.35821494,2.2635448,0.41166744,-0.40209487,-0.27461752,0.7346305,-0.010674124,1.9201994,-0.12051093,0.10090353,0.18923612,0.54398227,-0.63569564,-1.4399695,0.13522021,-0.057605777,-0.1952814,-0.06540158,0.28986084,-0.8271436,0.20662926,0.020872533,-0.7307682,0.45930624,1.334668,-0.7458212,1.1475478,0.40463862,-1.2624922,-0.41219345,-0.74993205,-3.7800982,-0.42229244,0.31543592,2.0569656,1.5092653,-0.17457728,-0.28802282,2.463463,0.54150784,-1.0167178,0.1719122,-0.33623418,0.07811602,-0.6236581,-1.1355242,-0.47164306,2.8877935,0.5974534,0.9015432,0.5428135,-0.7853897,2.08885,-0.19930132,-0.7138861,0.26644036,0.042401295,1.4503123,0.18701924,0.5717848,2.3667247,-1.1075459,-0.43171802,1.9110785,0.6055547,0.64186424,-0.022668937,0.055006597,-0.17575695,-0.37737003,0.25998002,-1.8885199,0.31503013,-0.3598955,0.6304525,1.8245004,8.122276,1.0079511,0.38312602,1.5505673,1.064371,-0.8971575,-0.19794075,0.2329338,-0.42820558,0.19223516,0.3100917,-0.14679141,0.53372234,-0.6588622,0.23814033,1.0795932,-0.07040816,-0.5475568,-0.4307342,0.9890998,-0.9222773,-0.12971187,-0.35108814,0.6425323,-1.6439558,0.28696284,-0.5574949,1.0983063,-0.4202608,1.1727422,1.6250964,0.32451183,0.46640015,0.60164213,-0.21019314,0.26346472,0.4571168,-0.21699166,-4.8782535
Nuc_RadialDistribution_RadialCV_AGP_3of4,-0.003137688,0.4032886,0.21375914,1.1943465,0.7739653,1.7007971,0.43871394,-0.22704245,-0.3165891,0.47701648,-0.0406336,4.1893735,0.10703355,0.28773776,-0.048374336,0.2071916,-1.1244828,-0.614491,4.954325,-0.20456576,-0.32982135,-0.22281045,0.14619024,-0.34279647,0.28256753,-0.21197546,-0.42549264,0.27465257,0.64457303,-0.40629205,1.0543804,0.16616029,-0.51165485,-0.2536751,-0.78178245,-1.3988485,-0.5782128,0.10002017,5.485124,1.7741326,-0.06962467,-0.40360174,2.270952,-0.06058359,-1.0684007,0.09560045,-0.13297273,-0.08995063,-0.612828,-0.15142965,-0.6673729,2.8136737,0.90084594,1.1808528,3.3287532,-0.9169503,1.2226958,-0.3064541,-0.92815256,0.12527674,-0.2829369,0.73254746,0.024514904,0.3471019,3.221182,-1.2339692,1.0864797,3.027332,0.52940816,0.84326535,-0.17748834,-0.20074408,0.18785192,-0.21135521,0.69043523,0.60139084,0.345428,-0.36418295,0.10873365,2.5965476,8.596557,0.9898787,0.019258022,1.9239866,0.39064157,-0.7147839,0.5857112,0.15155086,-0.57416654,-0.4172636,-0.025012925,-0.4959441,0.3578186,0.34424362,0.13529608,0.8413431,-0.05853923,-0.0793159,-0.39374825,5.8537555,-0.6949832,-0.26705685,-0.31392485,2.2488272,-0.7558201,-0.04301541,-0.5603928,1.3046995,-0.59749025,1.0833637,1.847984,0.1665161,0.2716673,3.4888268,-0.29141372,-0.01601352,0.18061614,-0.38015413,5.717399
Nuc_RadialDistribution_RadialCV_AGP_4of4,-0.21448922,0.7576261,-0.5612754,1.5231138,1.5391725,1.2313768,0.37818265,-0.1929122,-0.33981037,0.4550132,-0.30853096,6.4924664,0.53359157,0.57909584,-0.409873,0.06433833,-1.293591,1.2806262,14.927909,-0.33463302,-0.47285625,0.16265482,-0.10266928,0.8587244,0.10699373,-0.48700467,0.024961144,0.9536314,0.23278332,0.018730124,0.84927326,-0.0074953386,0.75493413,-0.21947359,-0.49861535,2.976951,-0.7922538,0.3699156,8.613661,1.7046753,-0.3022877,-0.15021351,1.338452,-0.37750638,-0.25314465,-0.3169733,-0.15258981,-0.21839578,-0.59384423,1.9273978,-0.60096055,3.0653133,2.0625336,0.47675452,9.560615,-0.881424,0.5785637,-0.6428846,-0.5536668,0.28245586,-0.55825377,-0.87200236,0.28229094,-0.3255539,1.6355215,-0.6744023,3.159197,5.294811,0.2669895,1.2865392,-0.21711697,-0.11019057,0.5494557,0.2263246,0.77410984,2.1671581,0.008924574,-0.21617204,0.3337181,3.639548,10.297563,1.6399893,-0.20676701,2.25573,-0.15296327,-0.14556682,2.076255,-0.1364432,-0.77822584,0.012015502,0.40536413,-0.21402876,-0.09034873,3.177356,-0.19305186,0.5655374,-0.16567267,0.8589838,-0.30704102,9.843956,0.30283794,-0.27575925,0.075173475,3.4493735,0.94433594,-0.14872889,-0.43054304,1.0392381,-0.31137088,1.6234425,0.6668983,0.066307224,-0.04792641,11.212035,-0.34448716,-0.4899126,0.15603276,-0.07814294,6.085852
Nuc_RadialDistribution_RadialCV_DNA_1of4,0.0979892,-0.40445057,1.0626477,5.9272594,0.53584176,0.16441108,-0.024360403,-0.00470978,0.04496761,0.47201705,-0.12880056,2.0371256,-0.12345151,-0.001228412,0.23358889,-0.071639754,-0.099263795,0.4858756,10.18052,-0.21833128,-0.12579377,1.5899323,-0.025814747,2.3084238,0.9502855,-0.19884296,0.032572787,-0.88451195,0.7115543,0.28161466,1.2237021,0.12082374,2.4676244,0.13871424,-0.42370304,12.438998,-0.4080056,-0.20837994,0.4425405,-0.14218974,-0.79790634,0.17263031,0.08654434,0.5940363,-0.94573706,-0.0738934,-0.39992633,0.2638784,-0.18375576,5.968015,-0.5980138,2.2340064,1.7574791,0.06910068,3.0300052,-0.10712123,-0.8449187,0.27045012,-0.6322245,0.03885916,-0.20727432,1.574953,0.1886008,0.12536865,0.9194333,0.7507927,9.695608,0.8419755,0.33817586,7.204473,-0.47897908,0.0421797,-0.65876776,-0.08862161,-0.6777794,11.134658,-0.3614687,-0.10104973,1.314112,0.45891237,24.118065,1.0977846,-0.24471213,-1.4023203,0.18534608,-0.54590905,9.451206,-0.613995,0.20005238,-1.8459415,-0.24970417,0.05079441,-0.5584029,5.5863876,0.260007,0.121946774,-0.0867326,0.85266733,0.15741839,6.0223384,-0.31461832,-0.23475815,0.035631955,2.258956,0.31905004,0.5713834,-0.19645943,1.9332625,-0.050567925,0.60454744,1.5733865,0.53548616,-0.034174215,2.4599411,0.13597323,-0.057035286,-0.3806244,0.014553432,1.3232523
Nuc_RadialDistribution_RadialCV_DNA_2of4,0.28338262,-0.725455,0.31050313,5.548898,0.07091751,1.1695623,0.077925645,0.2927706,0.29580346,0.93171024,0.04584148,0.012031913,-0.6478107,-0.84853905,0.13900279,0.4556725,0.045681525,0.21340437,6.659058,-0.31127557,-0.45649013,1.342861,-0.3758943,0.9744862,0.16057646,0.0689745,-0.8278236,-1.003669,-0.06953386,-0.24710216,-0.03361875,-0.5363309,2.188708,0.11474813,-0.45078814,8.098613,-0.6795678,-0.3873396,2.7838004,-1.2378465,-0.8439717,0.14282799,-0.12280488,0.031567574,-0.5675041,-0.39586553,-0.41447517,0.14451052,-0.09054329,7.3444595,-1.2333946,1.8951308,0.96220475,-1.0817766,2.5893729,-0.08927372,-0.68742275,0.16055994,-0.74632525,-1.1990079,-0.41628587,-0.58150524,-0.18865585,-0.58244663,-0.04277547,-0.258814,11.821958,3.1359808,0.43329462,7.2198386,-0.45602465,-0.08012111,-0.0506521,-0.4911739,-0.785594,12.696704,-0.43930173,0.21659088,0.42339388,0.40506932,22.576418,0.66064256,0.4001918,-0.42386708,-0.5077049,-0.8773513,6.147142,-0.3065634,1.1222366,-2.3112772,0.06295998,0.062089305,-0.64691406,3.7145035,-0.012271087,-0.36231074,0.15914361,1.0881699,0.26562262,14.820184,-0.18635297,-0.18829393,-0.1501237,1.0739292,0.7332528,0.8330837,-0.96680707,0.7532341,0.007983317,-0.26308656,0.5205046,0.5920785,0.4396403,4.365936,0.21383111,-0.48349667,-0.42518795,-0.21262217,-3.2629101
Nuc_RadialDistribution_RadialCV_DNA_3of4,0.09328526,-1.228103,-0.3734826,3.2356062,-0.33336678,2.072567,0.17891149,0.3115618,0.21937068,1.3252939,-0.021452367,-0.6498527,-0.7465458,-0.88666916,-0.10314853,0.7123814,-0.22741143,0.06685092,1.9478499,-0.3726155,-0.2570372,0.66766375,-0.32441902,0.23460633,-0.39092067,0.011348893,-1.191089,-1.5548223,-0.8912018,-0.6304049,-2.2855654,-0.9400077,1.4963583,0.09391198,-0.4674188,2.4987023,-0.7671353,-0.81819624,4.104716,-1.1817974,-0.45496783,0.06371017,-0.42079306,-0.89717484,0.20605843,-0.14729272,-0.52314323,0.0427921,-0.05623008,4.404463,-1.4269137,1.5814452,0.42877474,-2.4325306,0.83942956,-0.16332103,-0.2126595,-0.048527706,-0.4242736,-1.9356018,-0.6394194,-2.2905324,-0.87266064,-1.0351228,-0.46546754,-0.424022,8.844337,4.009,0.37781528,3.784752,-0.3324776,-0.053456653,0.13225621,-0.4119977,-0.7180056,9.945347,-0.6346495,0.15398549,-0.56660557,0.44121024,12.440711,0.097347826,0.2819512,1.2238911,-1.4533014,-0.98786545,3.1470547,-0.079803824,0.8010809,-2.121955,0.5879741,-0.32917306,-0.9559579,1.6203752,-0.21041663,-0.37869492,0.22821127,1.2387428,0.37242654,1.8211727,0.14853363,-0.04447479,0.034390908,0.71040297,0.98755723,0.57863456,-1.2803392,-0.50656796,-0.10356126,-0.29654312,-0.91153383,0.35437235,0.28576028,2.1483626,0.18061431,-1.1887971,-0.70889074,-0.51708525,-4.3515
Nuc_RadialDistribution_RadialCV_DNA_4of4,0.22118974,-1.8971992,-0.37986445,0.9918013,-1.7525896,1.7883927,-0.13336317,0.19167334,0.12385834,0.73166436,-0.1194277,-2.303966,-0.87599325,0.41849467,-0.48167226,0.2624561,-0.7347,-0.21727896,-2.966973,-0.5636654,-0.034745198,-0.19500773,-0.3565534,1.2888235,-0.70659536,-0.06971469,-1.3885655,-2.598568,-1.0136825,-0.7852517,-3.3447807,-1.1941986,0.72955364,0.20777102,-0.5092206,0.3398119,-0.44975087,-1.049524,2.5426562,0.09792129,-0.2976536,0.008559271,-2.295205,-0.99762845,1.2422928,-0.053019155,-0.27931094,-0.66914886,0.026999434,1.5712004,-1.7449645,1.4436852,-0.022295097,-2.253634,-1.5920357,0.5760769,0.30291545,-0.1945002,0.08562275,-2.0490196,-0.41426387,-4.370926,-0.64100415,-1.095336,-0.4995679,-0.3974888,3.6293268,2.852885,0.2933397,1.4730006,0.11731758,-0.24686217,0.12123322,0.9099547,-1.0347972,3.6435833,-0.78819513,-0.10930244,-1.1170634,0.700412,-1.971879,-0.10798228,-0.029599985,2.8776848,-1.5909234,-1.6868453,1.2391037,0.10375329,0.42554367,-1.6538658,0.8793264,-0.33156896,-1.0141202,0.15363099,-0.49738875,0.06302973,0.45692968,1.0264693,0.29905474,0.42400303,0.7353036,0.16888134,0.64704406,-0.25394985,1.4779043,0.6279834,-1.0617656,-1.090998,-0.14352621,-0.5708021,-3.5364454,0.28601265,0.35559762,-0.35289827,0.18790217,-1.1021662,-1.6783346,-1.2766978,-7.357658
Nuc_RadialDistribution_RadialCV_ER_1of4,-0.0031145215,2.2521975,0.25227287,2.6571124,1.4078752,2.1840117,0.17154473,-0.15757631,0.06168267,0.2148729,0.11602804,2.1788592,0.13335828,-0.29940942,0.49247324,0.32788944,0.39329806,-0.36150852,1.3313411,0.058504403,-0.05740601,0.99007004,-0.27117178,-0.77845985,0.52606314,-0.21604224,-0.6415266,1.5157665,-0.44366583,-0.78919697,3.4795494,-0.43425164,0.4139866,-0.13707304,-0.14549983,5.752527,-0.88000655,-0.048998892,1.2936125,-1.541613,-0.6474337,0.011280517,4.1797857,0.1818723,-0.06721123,-0.46396092,-0.20872873,-0.22117633,0.20124316,4.4085503,-0.5629026,-0.09328467,0.35762715,2.6894855,4.7085357,-0.84515864,2.5558164,-0.3968914,0.0582951,-0.077388465,0.12412497,3.051623,-0.071531795,-0.500318,0.19636852,-0.560589,2.2660232,1.354447,0.34742084,3.9932454,0.31517118,0.3601443,0.0825252,-0.57666326,-0.6093423,1.7687947,0.41214037,0.07780463,-0.81869143,0.08324412,3.9421732,-0.32379624,0.29770792,-0.37310055,1.8755366,0.05756119,-0.55252784,-0.2864301,-0.079636894,0.95611066,-0.012122114,0.18692958,0.94553924,0.3956535,0.012455265,-0.69744587,-0.17014742,0.68485856,-0.005692323,1.15234,-0.13170125,-0.28688595,-0.2793964,0.6334949,-0.8486037,0.18427436,0.099910714,0.892798,0.14188346,0.29852888,3.7793179,0.092041604,0.16316153,3.1231565,-0.26150525,0.8206,0.9982429,0.05295092,5.2563844
Nuc_RadialDistribution_RadialCV_ER_2of4,-0.20865314,2.0008843,0.3981711,3.9470184,1.7963915,2.2100642,0.05895126,-0.25641948,-0.26512873,0.77365476,0.12751761,3.0208142,0.26886106,-0.5018394,0.32025817,0.17052941,0.1544025,0.7018657,5.1632977,-0.3021767,-0.4462737,0.3514379,-0.36286855,-0.6343259,0.59370404,-0.42287183,-0.82822925,1.1474952,0.07724055,-0.8428971,3.1144035,-0.7566101,0.85358983,-0.23794393,-0.37555405,5.449245,-1.4308954,-0.17393921,2.1803923,-1.4711046,-0.17901154,-0.14357363,3.652627,0.16149254,0.24273014,-0.13012882,-0.28213263,-0.47218588,-0.094468236,2.5827703,-0.41818598,-0.39355418,0.9754808,3.0904598,4.4886336,-0.73621637,2.0139139,-0.6471382,0.32949865,-0.5977476,-0.26178452,2.5120742,-0.290534,-0.49464324,0.81310606,-0.2638029,3.169927,4.0442696,-0.0067358166,4.8251314,0.5670318,-0.16401798,0.29481804,0.103583746,-0.0063554444,2.9154527,0.19075799,-0.087226786,-0.43419328,1.0525684,10.746334,0.50739163,0.14825246,0.082198076,0.9889954,-0.083435506,0.26926565,-0.34585175,-0.09192016,0.98444384,0.30319026,-0.039578736,0.33490086,1.2814506,0.1926163,-0.57883716,-0.13170868,1.1876518,0.3297436,4.516476,-0.1824727,-0.45321977,-0.39513278,1.9760288,-0.4299059,0.1493609,-0.10667807,1.038785,-0.3975265,0.88127184,2.6504085,-0.12261835,-0.114914574,3.6375854,-0.37276316,0.34714174,0.9454873,0.061408997,11.995033
Nuc_RadialDistribution_RadialCV_ER_3of4,-0.34658265,0.8937014,0.32211953,1.8854374,1.9295083,0.48830533,-0.22811674,-0.54221743,-0.45476532,0.81264144,0.014488663,3.2816687,0.8184275,-0.4428656,0.6345132,-0.10447205,0.20851333,1.3993282,6.4599233,-0.28313887,-0.48202863,-0.16569477,-0.2625843,-0.30635566,0.6150293,-0.601281,-0.6592229,1.2824689,0.17056282,-0.7435262,2.1219018,-0.93311614,0.67216045,-0.28166112,-0.55704165,4.827786,-1.529775,-0.27005187,2.3520772,-0.24589872,0.20559724,-0.35788807,2.5417092,-0.31621635,0.25304392,-0.05366549,-0.10784962,-0.45529938,-0.2074968,0.2378242,0.014767905,0.1848077,1.2252151,2.869097,3.7340477,-0.3051949,0.5810675,-0.6604991,0.29152003,-0.7936099,-0.32837254,1.286621,-0.19593312,-0.4713532,0.43128857,0.24411942,2.9686863,4.329053,-0.11992546,2.8821266,0.6853064,-0.5495473,0.54936546,0.18088128,0.6347956,3.2844388,-0.056073766,-0.1723885,-0.098473765,1.3868831,6.3079033,1.0433445,-0.23907004,0.39409426,0.054478716,0.17187637,-0.11761726,-0.49546483,-0.24311888,1.2557317,0.33707133,-0.45693246,-0.34476462,3.6066704,0.23253198,-0.63668114,-0.112834685,1.1748693,0.114044346,3.8211117,-0.37031353,-0.41763297,-0.11594867,2.6871922,0.44502422,-0.0011870066,-0.010963321,0.9347394,-0.69481015,1.3913919,1.7731142,-0.3505608,-0.27867123,4.6923223,-0.62680936,-0.14723644,0.9768419,-0.25923786,8.584893
Nuc_RadialDistribution_RadialCV_ER_4of4,-0.28691158,1.2800217,-0.22888476,0.14921331,3.0642357,0.41514313,0.08858553,-0.39682424,-0.46545896,0.93377274,-0.16845202,5.507192,1.4797211,-0.402462,0.3360419,0.10035071,-0.12398684,1.1562902,11.367718,-0.36365762,-0.5482071,0.13316052,-0.5079328,-0.34029314,0.10408685,-0.44250858,0.036904056,1.4338723,-0.2337184,-0.39203358,1.7991099,-0.647223,0.016933396,-0.23898959,-0.5690581,8.078704,-1.6509403,-0.08371744,3.7960727,0.7234629,0.24274029,-0.2888234,2.4337847,-0.25488877,-0.26387656,0.032778453,-0.05622204,-0.17466848,-0.3753085,0.8522194,0.059763122,1.4210218,1.5881904,2.161053,7.7723413,-0.50198376,-0.10300928,-0.54983443,0.25291762,-0.35472146,-0.33576202,0.5560577,-0.11570668,-0.13446008,0.42936802,0.22085132,4.4055734,5.356549,-0.12214085,1.3760452,0.35736918,-0.4142069,0.54827845,0.05004235,0.71659154,4.3857117,-0.34776,-0.08507679,-0.20268647,2.1100152,7.401406,1.6239742,-0.23567784,1.1139138,0.066416115,0.6487303,-0.15152411,-0.60591274,-0.4143187,0.9717149,0.27382156,-0.2743801,-0.51588774,4.9432144,0.17469887,-0.61596173,-0.2513125,0.7078422,0.24506442,6.3246646,-0.10568563,-0.47734943,0.1338301,3.9762838,0.13341199,0.12842269,-0.07445886,1.470461,-0.6139263,2.63507,1.8161716,-0.22826965,-0.21572202,10.786697,-0.54929334,-0.43628228,0.88589746,-0.09634993,4.398969
Nuc_RadialDistribution_RadialCV_Mito_1of4,0.024582386,0.30600208,-0.26091832,5.538147,2.4432423,0.7913599,-0.15358359,0.10781839,-0.19193818,1.3382322,0.072904326,5.9273276,-0.5593571,-1.3679527,-0.3872111,0.23048681,-0.48470446,1.5686073,16.676735,-0.6844525,-0.43843022,0.95719725,-0.558546,1.6286374,-0.15577398,-0.15908219,-0.60398805,2.0915627,-0.11295637,-0.31830916,0.07139722,-1.2090551,1.7381659,0.16474204,-0.34894574,16.088554,-0.7838531,-0.66543776,1.4876328,4.1653004,-0.36122647,0.041999485,1.5543208,-0.32433215,0.37137198,-0.5723892,-0.22927935,-0.17578538,-0.25364873,11.044651,0.11752538,1.6246122,1.7779483,0.58734494,6.5183105,-0.85347134,0.24182884,-0.44530788,-0.43799534,-1.0430671,-0.6026029,-0.19683349,-0.22997005,-0.98568374,0.26186103,0.2453819,4.6811395,2.8713455,0.012512838,5.6146126,-0.28756997,-0.39999518,-0.49778798,-0.86775094,-0.45223904,4.6487465,-0.5979729,-0.17435144,1.1351606,4.570235,7.6243916,0.56568915,0.36575377,0.15472977,-0.57197404,0.231422,0.33492044,0.20412643,-0.37544417,-0.018978333,0.42977202,-0.23442023,-0.5625121,6.723555,-0.27230433,-0.65616876,0.08190378,1.6259617,-0.0009834965,2.773166,0.15926956,0.11242766,-0.2003989,1.1783028,1.2111605,-0.1282468,-1.4522396,0.85860896,-0.39497122,-0.32667264,2.7164881,-0.44597867,-0.09315399,8.182277,-0.23488188,-0.91884756,-0.06509534,-0.47278503,9.382945
Nuc_Texture_AngularSecondMoment_AGP_10_01_256,-0.62060404,-0.3178327,-0.21706605,-1.2504863,1.772551,-1.2397567,-0.65540487,-0.6176385,-0.3591059,0.76167846,0.2289968,-0.76097035,1.7348553,-0.25274622,0.22817762,-0.44880453,1.3848815,1.5632411,1.2642015,0.061195284,0.3208884,-0.12204703,0.64940745,1.4778008,-0.008050899,-0.2826297,0.1452574,-0.019153446,-0.11898651,0.8697868,-1.6239797,-0.2754911,1.1165171,-0.13031974,-0.38198778,2.0602024,-0.08234346,-0.119155526,0.939524,1.5184253,0.5755027,0.017727733,-1.8245243,-0.3129763,0.32704264,1.0376067,-0.14262591,0.39487883,0.12973714,-0.35269228,0.45436338,-0.44945338,0.061015803,-1.0949534,-0.32848874,1.5028311,-1.9265157,-0.108801335,1.4086653,-0.2679861,0.38750055,-1.0193659,-0.40233484,-0.16979058,-1.3034794,1.490475,-1.6140484,-0.10701474,-0.8380403,-1.2478791,1.0681076,-0.4072543,0.5076509,0.12057843,-0.49718225,-0.75640637,-0.08310038,0.18076539,0.20366786,0.33577594,10.959564,0.802947,-0.18049373,0.579802,-1.1862211,0.7571149,0.18409693,-0.3220007,-0.53449774,0.42669645,0.12122176,-0.33743593,-1.4416138,2.2340353,-0.60007006,-0.5009212,0.29441532,1.2703654,0.091989994,3.5622551,0.120010674,-0.71907306,-0.112396576,1.0940028,0.6836459,-0.0074434876,1.2165478,-1.7962333,-0.32569146,0.5453602,-1.237435,-0.28846624,-0.7564724,7.719417,0.17409508,-0.9390399,0.53099364,0.37138534,0.739137
Nuc_Texture_AngularSecondMoment_AGP_10_03_256,-0.56975585,-0.29027352,-0.19788273,-1.4214249,1.8658549,-1.2358295,-0.64260584,-0.5920864,-0.34681106,0.86714417,0.17421114,-0.8375764,1.8137875,-0.23378049,0.26475024,-0.53683954,1.3938689,1.6374527,0.8926143,0.077169485,0.29142505,-0.166793,0.6996598,1.5541612,0.013101836,-0.3354852,0.13562524,0.04416762,-0.08074509,0.8635108,-1.5909815,-0.28143406,1.064477,-0.1470028,-0.36798874,2.3311422,-0.09758579,0.019749304,1.0713763,1.6041398,0.54314345,0.049861863,-1.820405,-0.26591423,0.41336682,1.0834526,-0.1948082,0.41807923,0.12711035,-0.29636768,0.37270632,-0.23253171,0.0856758,-1.1099802,-0.19340599,1.4823675,-1.8934625,-0.09912505,1.431425,-0.22399533,0.34916487,-1.1909734,-0.40087506,-0.12516098,-1.3102616,1.5640535,-1.6819617,0.1442286,-0.76608545,-1.2797667,1.0429361,-0.42818394,0.51004046,0.07707747,-0.57330304,-0.6906225,-0.034882605,0.13985513,0.2970123,0.47407398,23.853271,0.81896067,-0.23212202,0.6019054,-1.1850764,0.76965696,0.03207058,-0.29866722,-0.56802243,0.5590512,0.056231797,-0.36234903,-1.4224488,2.2009168,-0.6580509,-0.58267564,0.2538536,1.1111909,0.15827505,15.756825,0.093654394,-0.757001,-0.14975399,1.2002507,0.7116446,-0.015050828,1.2409766,-1.7778703,-0.33541593,0.5912949,-1.1823109,-0.29690167,-0.6877741,2.57775,0.19243163,-1.0192381,0.37240374,0.36115912,0.6093406
Nuc_Texture_AngularSecondMoment_AGP_3_03_256,-0.5590045,-0.20251961,0.08104924,-0.23911901,1.3829285,-1.0746762,-0.66614145,-0.5313492,-0.2947399,0.52601236,0.2711883,-0.6613199,1.7019606,-0.6559485,0.8553707,-0.55818486,1.750367,1.6708866,1.356316,0.28745574,0.45620465,0.08359218,0.7481022,1.0798844,0.13866767,-0.43101144,0.16016144,1.0999094,-0.21135306,0.8662756,-0.5927813,-0.17805703,1.6023526,-0.1828251,-0.41784367,4.858644,-0.034127723,-0.20584871,-0.44784585,-0.38638863,0.5761673,0.04544382,-1.1036938,-0.38998735,0.35498416,1.3147014,-0.036006868,0.40014538,0.17868046,1.0807,0.44418073,-1.2857536,-0.25363192,-0.5203448,0.45164368,1.5405279,-1.559127,-0.14685673,1.4554659,-0.40649584,0.3534756,-0.16996817,-0.32906505,0.111262284,-0.72968173,1.4107976,-0.68740624,-0.59865266,-0.86609024,-0.74564666,1.1263229,-0.42224288,0.27084243,-0.0123972595,-0.57557994,0.4521439,0.4580896,0.12873964,0.17193794,-0.8299022,2.8384316,0.43932486,-0.17212431,-0.28000462,-0.53380626,0.7446103,0.94782287,-0.40514877,-0.28821442,0.5900819,-0.07250067,-0.33507773,-0.9739298,1.6465393,-0.64516646,-0.8458349,0.2688341,0.9324887,0.08161906,11.626456,-0.0291726,-0.6783018,-0.17372672,0.12686507,0.49899516,-0.026033362,1.3398433,-1.2321631,-0.33158177,0.0158964,-0.6407737,-0.39985263,-0.7063508,0.9194699,0.3337016,-0.06206241,0.6118801,0.29530543,2.424081
Nuc_Texture_AngularSecondMoment_DNA_10_01_256,-0.17882204,2.675388,0.10431854,-0.7270353,3.722448,-0.117918216,-0.068249844,-0.32049453,-0.25131366,-0.2301315,-0.14587875,3.0470426,1.5258627,-0.7989499,-0.3745297,-0.3143929,0.94838256,1.7573005,0.5037492,0.17914085,0.026950866,0.38802543,0.3060521,-0.019493183,-0.041269094,0.05649,1.2655563,4.718998,0.8979222,0.96904635,5.957794,1.3335261,-0.48981428,-0.35669056,0.40592393,-0.8965786,1.3326689,1.2053972,0.21262406,3.4539793,0.65007085,-0.124329805,4.4929466,0.89306086,-0.0443687,0.4798858,0.5068017,0.4165417,-0.20436542,-0.79654175,6.0898438,-0.72888,1.2332681,1.835413,-0.70565534,-0.34780648,0.6419956,-0.06575638,0.5189986,1.6451806,-0.19392604,2.108471,0.8334915,0.77778536,2.1362836,0.5688175,-4.213588,-0.3020415,-0.0747579,-1.7700143,0.3508614,-0.25841573,0.1195273,-0.037518024,1.7629086,-3.2003822,1.5113889,-0.095643826,2.0647638,-0.5373724,4.6073647,-0.15020104,-0.19126742,-1.3427582,3.337518,1.4475659,-1.7337464,-0.24156211,-0.55896467,4.4133086,-0.13313998,0.08753419,-0.14180423,1.8078524,1.2431048,0.22695471,-0.40355968,0.045432806,-0.3912309,-2.882376,-0.62241644,-0.008479883,-0.5299908,2.8797674,0.170394,-0.06626133,1.2525543,2.10792,-0.519222,1.1969485,1.380825,-0.08665481,-0.35023382,0.5027806,-0.3454789,-0.465789,3.7022274,1.7586174,125.95593
Nuc_Texture_AngularSecondMoment_DNA_10_02_256,-0.13758205,3.0358646,0.42302385,0.35828778,2.5890636,-0.15872698,0.04846396,-0.25189078,-0.24748547,-0.4715897,-0.16509108,3.4280574,1.5217682,-0.93854207,0.3443594,-0.4622904,1.1234165,1.6355934,0.71282625,0.34764862,0.23217626,0.52595943,0.37886393,-0.57035667,0.013290088,0.089452416,1.4298377,5.725572,1.2593756,1.0580417,7.3938727,1.5348778,-0.49511766,-0.31295228,0.5317111,-0.27066395,1.505478,1.2536049,-1.2605516,1.6946007,0.68079185,-0.15126033,5.3042903,1.3317038,-0.12975518,0.6811467,0.8808379,0.49471954,-0.26770943,-0.44056177,6.326016,-1.2969857,1.0375863,3.1380005,-0.068571985,-0.44716585,1.5129429,0.03483693,0.3471186,1.5751137,-0.08024949,3.453542,1.1437464,1.051745,2.7172298,0.5033257,-3.9197247,-1.0231907,-0.10300239,-1.1881994,0.30733848,-0.1257468,-0.08102772,-0.25406942,2.035946,-2.751052,2.0048487,-0.15244469,2.0730083,-1.2709378,0.3110501,-0.5425667,-0.18521686,-2.0006304,4.507914,1.5560774,-1.5342306,-0.119619966,-0.43614724,4.9305005,-0.024582922,0.2157988,0.5479793,0.7825227,1.6651416,0.1792786,-0.4662298,-0.27282658,-0.3727133,-3.2092063,-0.43737897,0.10968376,-0.59303695,1.3841349,-0.07143408,-0.19369753,1.3338705,2.8757083,-0.47170353,0.50749713,2.403389,-0.13835807,-0.26196834,-3.115509,-0.31854457,0.4216596,3.8813488,1.6886791,145.43634
Nuc_Texture_AngularSecondMoment_DNA_10_03_256,-0.20090765,2.7724407,0.08389024,-0.7257836,3.685591,-0.16947024,0.07670868,-0.18771805,-0.16844828,-0.2022032,-0.31741115,3.1622765,1.630167,-0.7365746,-0.40632224,-0.48927507,0.9545908,1.6973664,0.7411714,0.2198435,0.03040613,0.33236334,0.34400034,-0.24563348,0.021072844,0.030051365,1.1921062,4.66202,0.91493034,0.9981043,5.8663516,1.3642164,-0.5565355,-0.4331894,0.39643812,-0.9440182,1.1486734,1.3415028,0.21148004,3.5516741,0.46998784,-0.16753428,4.4216285,1.0292622,0.035705384,0.5464046,0.52977556,0.53864974,-0.2128123,-0.7373366,5.94075,-0.81027395,1.4065633,1.972202,-0.67699176,-0.42433438,0.6107865,-0.07825092,0.44873127,1.6496987,-0.23045886,1.9136122,0.7887647,0.84116906,2.1030376,0.551781,-4.280132,-0.19974065,0.006614864,-1.670391,0.3059539,-0.26386845,0.15277551,-0.14032505,1.6624247,-3.143717,1.562344,-0.13588016,2.1921518,-0.45037755,17.339165,-0.17937057,-0.1918832,-1.4576772,3.4169915,1.3704919,-1.772276,-0.24710304,-0.6407235,4.505551,-0.010428977,0.14232574,-0.19705106,1.817936,1.3563175,0.26145256,-0.43414092,0.12283989,-0.35354826,2.2672422,-0.48102155,0.03162499,-0.5906641,2.60919,0.24357082,-0.17382844,1.3374733,2.1574655,-0.4363843,1.0867978,1.368248,-0.018411368,-0.2832614,-1.8620917,-0.3045309,-0.4691887,3.6508636,1.8780657,135.30898
Nuc_Texture_AngularSecondMoment_ER_10_01_256,-0.02714777,-0.32118848,-0.58718413,-2.8730204,1.0363958,-0.7138012,-0.048596203,0.22414887,-0.16957529,-0.13769878,0.041365158,-1.6879488,0.44581047,0.4905237,-0.783312,-0.06648008,0.1855412,-0.697627,0.045848925,0.0901433,-0.017337203,-0.7202775,0.57592505,1.0350331,0.12326002,0.3976365,0.50151557,-1.4580914,-0.6588434,0.75060636,-2.6035097,0.105255865,-0.71214885,0.22923268,0.033153813,-1.5754061,0.44652596,0.52326006,2.1989954,4.0712934,0.101712264,0.12712026,-1.5018325,-0.39837825,0.06438041,0.3512871,-0.41166893,0.29813373,0.13720886,0.905545,0.39980412,1.1225098,0.22449012,-2.8677971,0.20175223,0.62718874,-1.2207127,0.26665097,0.5733535,0.64381355,0.6388929,-1.6606997,-0.41004133,0.32962328,-1.3791543,0.3250103,-2.983822,-0.28016976,-0.05531751,-2.7792504,0.11073238,-0.10842102,0.5454121,0.110628456,-0.40351233,-3.242079,-0.4062717,0.36107695,0.08557395,1.4082365,11.001435,0.27085108,-0.12453041,2.0262737,-1.4991676,0.50772196,-1.2534846,0.14123727,-0.21697961,-0.2568935,-0.041426044,0.18761225,-1.2298495,-0.42174828,-0.5926907,0.03669989,0.29011294,0.28109822,-0.23045969,1.923595,-0.26393238,-0.13340066,0.24136658,2.662422,0.014891513,-0.047936667,0.7168278,-1.7753128,0.043970883,1.4560308,-1.3286449,0.12440166,-0.22487408,5.676382,0.08686727,-1.3823055,-0.36522242,0.41231012,-2.4384778
Nuc_Texture_AngularSecondMoment_ER_10_02_256,-0.036667686,-0.21480228,-0.22134937,-2.1284192,0.48053512,-0.9043897,-0.18725185,0.22782476,-0.09087177,-0.40668118,0.15284733,-1.4184108,0.40389144,-0.0043987236,-0.115365475,-0.21619074,0.56978893,-0.69588953,0.008839409,0.42243084,0.21444018,-0.31177923,0.66867995,0.4732317,0.33769977,0.4045385,0.5341134,-0.7475138,-0.42346585,0.80470496,-1.809276,0.3293768,-0.6476694,0.20966041,0.033502355,-0.81143695,0.5599666,0.4444494,0.28854108,2.2432451,0.27949095,0.14678384,-1.1301686,-0.21903308,-0.3315338,0.488577,-0.40674666,0.43527317,0.12693094,1.691841,0.56052643,0.26467803,-0.1473928,-2.412824,0.3511925,0.72070247,-0.9883206,0.416399,0.4859644,0.51154345,0.62153053,-0.8117619,-0.3466344,0.6282594,-0.9561749,0.32101694,-2.425582,-1.1584092,-0.1826602,-2.4750028,0.15817785,-0.13697146,0.3606399,-0.17824794,-0.4902316,-2.677516,0.005396744,0.32051897,0.14804053,-0.30143932,4.010608,-0.35593715,-0.0894475,1.0734272,-0.94451046,0.6480804,-0.6970201,0.18634273,0.17170624,-0.25764427,-0.25943723,0.1188873,-0.7909994,-1.0016955,-0.53306544,-0.26574728,0.30314186,-0.043565195,-0.26905945,1.7708994,-0.40713963,-0.06144658,0.14156197,1.482751,-0.1950411,-0.06578266,0.76773673,-1.1075754,0.0035831928,0.6716828,-0.7361551,-0.03653044,-0.095416896,-0.55002326,0.22598875,-0.6584534,-0.11047577,0.33548176,-2.657708
Nuc_Texture_AngularSecondMoment_ER_10_03_256,-0.008965194,-0.27576834,-0.6272984,-2.8918362,1.1010698,-0.76983243,0.041036617,0.15383205,-0.13917057,-0.106350124,0.0064466097,-1.2176229,0.5171663,0.4599645,-0.749245,-0.06777591,0.19873266,-0.69756645,-0.19369002,0.15487863,0.0430067,-0.65903187,0.61855876,0.96781373,0.13076796,0.32253706,0.53966534,-1.5011097,-0.60207045,0.7252696,-2.4939299,0.16853108,-0.6987188,0.18533058,0.0064824,-1.4751897,0.41975722,0.5056042,2.044665,4.272317,0.14220624,0.08464385,-1.4717741,-0.35945937,0.016330818,0.32645223,-0.5525784,0.3228152,0.15905918,1.1517211,0.42992797,1.0554538,0.23374413,-2.8718889,0.17992349,0.71324223,-1.2248074,0.27354807,0.55804926,0.5861551,0.53006744,-1.7774042,-0.44544688,0.35446945,-1.293404,0.3353561,-2.883974,-0.036305983,-0.083337456,-2.8362694,0.042230766,-0.23468547,0.6252314,0.041308403,-0.5600915,-3.090168,-0.32110247,0.3722696,0.23127317,1.2327956,33.859104,0.30623677,-0.22939563,2.0395963,-1.4711407,0.62081844,-1.338163,0.19038461,-0.15736394,-0.17441137,-0.13370605,0.11666175,-1.1385499,-0.35039294,-0.68117803,-0.08728051,0.18269812,0.13562638,-0.20143794,11.92366,-0.24557333,-0.18541855,0.24041612,2.438709,0.021038204,-0.14738218,0.777571,-1.5997057,0.0010504524,1.3928881,-1.2740339,0.08117046,-0.16025072,1.0128828,0.19189076,-1.3717299,-0.33372653,0.38252422,-2.750596
Nuc_Texture_AngularSecondMoment_Mito_10_01_256,0.4580156,0.3572391,-0.2978302,-1.9410614,0.5410979,-0.074283816,-0.32942206,0.053843483,-0.24989653,-0.784228,0.28114936,-1.636859,0.30059665,-0.28480324,0.5127059,0.34908223,0.91306186,0.26774624,-2.85365,0.2798092,0.29804173,-0.05625381,0.46830258,-0.76922756,0.1501172,0.5607417,0.95037156,0.1274025,1.6351334,0.07170399,0.1900748,0.91836977,-0.5686602,-0.2681968,0.83310443,0.050095122,0.13866682,0.47575033,0.69322664,-1.7837166,0.5654111,0.054669797,0.27569616,0.69162923,-0.12593603,0.35858282,0.76490563,0.33345103,0.46802652,-0.11778903,1.0209799,-0.9933395,-0.20974354,-0.18904273,-2.0912974,-0.24766259,0.3113515,0.48317504,0.5222594,0.34368134,1.0307897,1.3981603,1.1487051,0.612279,0.5524802,0.16534887,-0.6511987,-0.59391886,-0.035136666,-2.1943946,0.560209,0.112359166,0.7196264,0.03641397,2.0653203,-0.5099216,-0.04893941,-0.005468895,1.0838617,-1.9301754,5.357611,-0.43897983,-0.2286907,-1.0641708,0.22704923,0.90856045,1.6212085,-0.30364838,0.37410286,-0.36762753,0.22811909,0.22028933,-0.30900517,-0.073070765,1.2982312,0.6280234,0.2387144,-0.27427724,-0.2797127,0.8438837,-0.4464225,0.52154845,0.5090125,1.1091095,-0.40171686,1.0770513,1.3214747,-0.6864905,0.310084,0.54221994,0.1720128,0.47491482,0.25599065,-1.1797763,0.3048117,0.102832936,-0.43024123,1.9879303,-0.7341576
Nuc_Texture_AngularSecondMoment_Mito_10_03_256,0.48944655,0.35475278,-0.26617298,-1.9514669,0.5653077,0.0020689864,-0.3636001,0.040705275,-0.21804212,-0.773043,0.21501954,-1.5593721,0.33453652,-0.29211795,0.48194447,0.27245322,0.882165,0.27666247,-2.938073,0.28217605,0.27606502,-0.0264076,0.46244785,-0.73872924,0.14915304,0.57199174,0.9306027,0.09944705,1.6712445,0.08497878,0.27649364,0.9315887,-0.62679267,-0.24585348,0.8337426,0.0056264005,0.1130563,0.55700827,0.6958656,-1.7520562,0.6224609,0.011126135,0.30667806,0.7092991,-0.11119435,0.38155794,0.7650013,0.32768926,0.51619464,-0.10380653,1.0262692,-1.0443987,-0.17386013,-0.18332757,-2.1399524,-0.26192895,0.27248886,0.48833773,0.52949667,0.31587243,0.914661,1.3493434,1.1392306,0.655873,0.49602094,0.17197579,-0.6140304,-0.50021785,0.011212607,-2.2005372,0.5297918,0.1828664,0.68493253,0.026395798,2.0954738,-0.59199685,-0.057461824,0.018161029,1.102464,-1.9699808,15.364749,-0.41414478,-0.22972505,-1.013745,0.2242961,0.93831867,1.5837494,-0.3044171,0.42424545,-0.3693684,0.26695767,0.23543823,-0.28946722,-0.057406265,1.3203405,0.62217575,0.22152807,-0.3818474,-0.2641815,1.5017046,-0.3624657,0.53450865,0.4597777,1.0798929,-0.42759934,1.0563991,1.4296457,-0.70979595,0.3302034,0.561444,0.16256404,0.568261,0.29422858,-1.8153921,0.32423958,0.08823564,-0.45817494,2.0307581,-1.6717612
Nuc_Texture_Contrast_AGP_5_01_256,0.6531496,0.32035023,-0.06957376,0.06877544,-1.0420804,1.3837515,0.9147596,0.55934787,0.16715431,-0.34091005,-0.38191018,1.9378494,-1.2444187,1.4241098,-0.9269894,0.7110605,-1.4726243,-0.7922285,0.79849404,-0.3340572,-0.4904715,-0.29326883,-0.63196605,-0.6642137,0.23832752,0.38693342,-0.01064225,-1.073144,0.7950981,-0.71464396,0.48710355,0.07465437,-1.0617856,0.22250766,0.37272105,0.12939453,-0.07731285,0.4933006,6.9523697,2.3268242,-0.53450996,-0.17220132,1.1672856,1.1057947,-0.10276563,-1.1295556,0.12532121,-0.54067415,-0.1836706,-0.9533184,-0.36816967,4.443211,0.42390633,1.025024,0.5509915,-1.1794162,2.1344507,0.050284248,-1.0874509,1.1126121,-0.17723669,0.70527714,0.65093863,-0.18848403,1.289617,-1.1317393,0.43775335,2.6255934,1.0305561,1.2402185,-0.92937857,0.49925804,0.029377619,0.3743507,0.7187362,-0.50775206,-0.46249595,-0.19660811,-0.16362295,2.7456095,1.2057925,0.039968543,0.054923415,1.2107289,0.4590424,-0.7680562,-0.6531969,0.5083227,-0.11924221,-0.35119972,0.29460192,0.2653063,0.8217368,-0.97489524,0.64197683,1.123573,-0.29721516,-0.25768846,-0.15746312,-0.81307155,0.21265996,0.68802905,0.5039003,0.94745344,-0.03671417,0.15971993,-1.012787,0.9733906,0.3710786,0.8129444,0.62295943,0.58721113,0.8203581,1.5411426,-0.3511161,-0.14222097,-0.49655852,-0.33142072,1.0092734
Nuc_Texture_Contrast_DNA_10_03_256,0.15793262,-2.0524762,-0.43330833,-1.0133675,-2.1300278,0.2408046,0.12155757,0.09951135,0.20399739,0.38286224,0.1645982,-2.1347377,-0.9884174,1.4756303,-0.20962317,0.5096191,-0.9660649,-1.4899031,0.3093586,-0.26407576,-0.21082036,-0.96058863,-0.18751681,0.6895214,0.04317854,-0.23046148,-0.8154227,-3.3197021,-0.61462706,-0.9217014,-4.055742,-1.1894491,0.0065843216,0.40811133,-0.24111754,-0.6464348,-1.1696329,-0.70753735,1.0023612,-1.0177904,-0.551379,0.04138391,-3.3552704,-0.7125829,0.13888265,-0.4969772,-0.54597926,-0.47710434,0.2031539,-0.66508013,-3.5528195,1.5275408,-0.9427035,-1.9205866,0.9513584,0.5259795,-0.86060715,-0.014659047,-0.1894999,-0.9309136,0.28197873,-1.8337575,-0.68329686,-0.73099804,-2.0459402,-0.26081932,5.699743,0.8002844,0.13019508,0.6674034,-0.22568132,0.26634753,0.08092769,0.2974747,-1.4503717,4.258154,-1.4328767,0.19057328,-1.6830417,2.0132465,4.422933,0.69208694,0.21286748,3.2042332,-2.5713615,-1.24762,0.7820544,0.15316845,0.28487095,-2.7704394,0.024801217,-0.30424333,-0.29561266,-1.1496474,-1.1922892,0.03320704,0.517859,-0.023774743,0.38107142,12.68027,0.6353697,-0.19932257,1.0079201,-1.5279304,-0.14321911,0.1473422,-0.92575294,-2.3542807,0.5477856,-0.66816884,-1.4850669,0.10276391,0.16886567,6.1373067,0.32291445,-0.21330076,-2.4381998,-1.2683668,-6.8592544
Nuc_Texture_Correlation_AGP_10_00_256,-0.046273842,-0.25237978,0.349517,3.1548321,0.4899921,-0.2801797,-0.16552894,-0.14255406,-0.066643156,0.26154086,-0.44601163,0.69915795,0.023251927,-0.43259692,0.24368803,0.15888534,0.21045436,1.115331,-1.0688275,0.10831567,0.2674171,1.7810279,-0.3421764,0.62228614,-0.31809437,-0.25885576,0.007256801,1.7676853,-2.349059,-0.2886529,1.2861859,-0.18541984,1.2502412,-0.0002441456,0.13960229,1.9898148,-0.18308924,-0.62780774,-1.9786234,-1.5498558,-0.42291072,0.032808494,1.8492093,-1.0344791,-0.4804376,-0.18392818,-0.1304412,0.44913733,0.1494842,3.5113347,-0.025972322,0.0053631864,1.0467957,-0.04689492,1.3882641,-0.18815921,-0.22344108,-0.44040772,-0.2782258,-0.45463118,-0.22524631,-0.30322042,-0.8737398,0.0567864,0.48027894,0.08252762,3.7851765,-0.7861772,0.140377,1.4303398,-0.055727527,-0.04257228,-0.5060349,-0.5017124,0.40674135,2.9695003,0.24015032,-0.040757984,0.26281813,-0.102651946,-5.241776,0.02927204,-0.44554117,-0.9052224,-0.23899482,-0.10263727,1.9217094,-0.25033325,0.19636406,-0.46042565,0.32490122,0.09908003,0.2771921,0.66029674,-0.09315419,0.11505008,-0.04773293,0.65091914,-0.34974203,-5.141334,0.36903736,0.22989123,-0.4110373,-1.576971,1.3766332,0.24522068,-0.066529915,1.281237,-0.04212454,-0.040040452,0.5345102,0.09402598,0.4251628,-3.3849747,-0.026599279,0.44135547,0.3881646,0.11540113,-6.310121
Nuc_Texture_Correlation_AGP_10_01_256,0.31613013,0.18953192,0.74935055,2.3052013,-0.9171824,0.8018479,-0.5162042,-0.013011247,-0.038311224,0.2743607,-0.32618794,-0.46270669,-0.40308082,-0.85262257,0.4932805,-0.07632022,0.6194186,1.1957239,-3.0838196,0.2472827,0.12625864,1.5018595,-0.19032174,0.119593896,-0.46465683,0.02036723,-0.5057507,1.2752827,-0.88500375,-0.4357778,0.9154542,0.26213095,0.5320129,-0.15509988,0.35608634,0.29962984,0.18492973,-0.4133655,-1.8298446,-2.2189646,-0.15427752,0.04593547,1.5350337,-0.46163496,0.12399119,-0.34608182,-0.40396205,0.15698266,-0.35330892,1.3056298,-0.20501141,0.09819138,0.5046578,-0.47316775,-1.9404311,0.26319122,1.0799822,0.07390451,-0.044853255,-0.87722445,0.10947857,1.0536984,-0.500922,0.06844363,0.2076338,0.026111722,2.0056565,-0.4309956,0.22430396,0.9229352,-0.18340404,0.03636682,-0.71535474,-0.57835394,0.050492924,0.68026954,-0.11742485,0.042937264,0.3795292,-0.7022489,-3.165127,-0.96667266,0.164228,-0.55927825,0.495959,-0.40838888,1.5123272,-0.3016129,0.93557614,-0.5648551,-0.15862648,0.13018757,0.50419754,-1.0342788,-0.10292074,-0.5509724,0.021303603,-0.022837976,-0.23945718,1.6079507,0.12141771,-0.24078678,0.07173569,-2.339986,0.5671403,0.3647189,-0.23920427,1.0394596,0.009881079,-0.22307968,-0.6622039,-0.36202744,0.19628148,-8.1564045,-0.18683915,0.43948793,0.56712496,0.5463695,-20.738413
Nuc_Texture_Correlation_AGP_10_02_256,0.082038045,-0.45254079,-0.21612859,2.2828531,-0.4853456,-0.122875415,0.03537014,0.45968935,0.6999512,-0.041303735,0.492059,-0.64076763,0.20849997,-1.4315337,0.4053364,0.18920326,0.04878524,0.8802214,-2.100344,-0.13173147,-0.18670124,1.6460899,-0.12152001,-0.053031515,-0.29355484,0.1751196,-0.30315822,1.4091684,-1.9009477,-0.09452644,0.9704067,-0.21382046,1.0082015,-0.15458715,0.19016065,0.41010952,-0.31509694,-0.26895547,-3.0300646,-1.77841,-0.09807532,-0.16713302,2.2786388,-1.4655218,-0.30080473,0.02022107,0.2646691,0.66057956,-0.08374763,1.2281994,-0.564763,-0.4522951,0.31837717,0.84837914,-0.17096043,-0.065258116,0.70318514,-0.012375842,-0.24535257,-1.1104487,-0.20675428,-0.13391368,-0.87108684,0.36843923,0.003423214,-0.0883331,3.2655745,-0.49525675,-0.31381682,0.47817716,-0.29029265,0.0161634,-0.2142571,-0.37525225,-0.23904252,3.4190285,0.35720536,0.25964728,-0.23145509,-0.40611637,0.3559029,-0.9498255,-0.23258822,-1.2306305,0.37961516,0.7164278,1.2432264,-0.18975471,0.82784134,-0.78612036,0.12033037,-0.28482974,0.6282854,-0.5495251,-0.067331694,-0.48510733,0.15616311,0.20316179,0.23757678,6.397444,-0.3548163,0.35953522,-0.19843794,-2.1564815,0.38261804,-0.2271658,-0.45188943,0.667651,-0.19071214,-0.39247116,1.1306278,-0.09723904,0.039373633,-1.625666,0.0068268976,0.3935462,0.6232485,0.17860676,-0.012647629
Nuc_Texture_Correlation_AGP_10_03_256,0.20183347,-0.16201735,0.29737738,2.7005465,-1.167123,1.0103288,-0.33870363,-0.030484894,0.25601777,0.2063418,-0.07704744,-1.2903396,-0.15833248,-1.214163,0.5282838,0.24114247,0.9201229,0.94196206,-3.3717449,0.09749409,0.39357483,0.94011325,-0.0031675994,-0.277704,-0.30135646,0.23783143,-0.4196352,0.9913581,-0.46018496,0.07436069,1.2269822,0.35931215,0.5597808,-0.30075648,-0.08651936,0.1384856,0.34598795,-0.8019001,-1.6788045,-2.2720687,0.5877039,-0.37314293,1.460817,-0.6457905,-0.28566384,-0.16539373,0.0066032656,-0.21636753,-0.21744502,0.44192776,0.0084098475,-0.30612186,0.45611545,0.37075403,-1.7950659,0.12622066,1.0152425,-0.28538078,-0.30914718,-1.0839785,-0.35920706,1.423741,-0.8595665,0.21821433,-0.032334015,-0.0035971478,1.5632668,-0.58268183,0.07045021,0.94438666,-0.23772383,-0.19822538,-0.2155373,-0.533592,-0.23115174,1.0997366,0.20142893,-0.19042371,-0.12847738,-1.4486548,-11.110993,-0.81191784,-0.24185134,-0.39662334,0.50813895,-0.24364825,1.8179616,-0.30583543,0.5776717,0.07085394,0.49732935,0.09420673,0.3067975,-1.0155367,0.33476546,-0.5309401,-0.1516609,0.27325547,0.14577498,4.4628654,-0.20482545,-0.27147368,0.058849424,-2.1816523,0.4696349,0.19501847,-0.005604446,0.6698368,-0.43759522,-0.42743158,-0.1699024,0.088533245,0.20418775,-6.5496902,-0.103157036,0.6492645,0.70247835,-0.01416107,9.907479
Nuc_Texture_Correlation_AGP_3_00_256,0.34085026,0.12637265,-0.41519693,2.6490767,-0.58724743,-0.97819066,0.3249332,0.3365234,-0.34505263,-0.5745635,-0.13964292,2.7250297,-0.35362348,-0.16437359,0.6712579,0.37848413,-0.35485378,-0.11159285,0.861123,-0.26131532,-0.058649287,0.7483793,-0.28215238,-1.0623685,-0.7177554,-0.019989809,0.14297773,1.3297648,1.2026472,-0.2762078,2.6530697,0.2908953,0.851224,0.17810671,0.026538828,1.9156021,0.019190243,0.15834379,-3.468486,-2.2895348,-0.34056768,0.008446504,2.3233864,0.7202678,-0.75240517,-0.12054386,0.34209538,0.06581005,-0.13310915,2.4308012,-0.40266505,-0.9825875,-0.09943372,1.0149401,2.418319,-0.88225347,0.8144644,-0.20161311,-0.96430683,-0.11945441,-0.030335978,1.2264467,0.90730673,0.27662638,2.4245193,-0.87068397,3.3112888,-0.8647609,0.4885603,1.5880527,-0.44334006,0.20117843,-0.31912687,-1.3089472,1.2080256,3.747915,0.29795006,0.07630963,0.4989592,-1.7989362,-5.8691773,-0.8525954,0.05551188,-1.3342152,1.1087176,-0.32187995,1.0837353,-0.097946934,0.61614823,-1.1404845,-0.09308795,0.007712841,1.1075178,-1.0009717,0.63340664,0.3953892,0.14210604,-0.2007945,-0.05219857,-5.3721175,0.16454436,0.53244215,0.17811318,-1.4670099,0.13585944,0.49554875,-0.3902631,2.0508337,0.12593251,-0.08979815,2.493324,0.15589039,0.2885328,-0.82978743,0.11952176,1.3858843,0.08516524,-0.39763483,0.05167675
Nuc_Texture_Correlation_AGP_3_01_256,0.15635557,0.32776523,-0.25935152,3.4223413,-0.02939556,-0.9661336,0.31459823,0.29707608,-0.21965337,-0.3693963,0.22551437,2.4449525,0.2506791,-0.7919654,0.77242374,0.1900881,-0.082026295,0.02219375,0.36235538,-0.23413706,-0.036006078,0.9992569,0.132603,-0.81707114,-0.5727548,0.021549165,0.047675278,1.668466,0.4602592,-0.039409522,2.4832158,0.098361254,1.2723261,0.039308798,0.28438187,4.099214,-0.09337268,0.001748239,-3.9443042,-2.5482204,-0.24892777,-0.013474196,3.0154684,0.034356833,-0.83144313,0.10806131,0.514456,0.22483218,-0.26102903,3.6066258,-0.36533883,-1.1981274,-0.19060136,1.3857766,2.6843252,-0.8221593,0.6190408,-0.29949582,-0.7485581,-0.3406266,0.018986037,1.2026433,0.7682685,0.26628056,2.093841,-0.5564609,3.8515015,-1.5766066,0.41471258,1.7838464,-0.4249697,-0.15674508,-0.2461046,-1.3121296,0.5585407,4.283085,0.3453687,0.12473145,0.52122587,-1.5987831,-2.484088,-0.72659945,0.19762443,-1.9832431,1.0527858,0.43013665,1.7726833,-0.22600622,0.9480977,-0.9456644,-0.2957439,0.05784607,0.7795949,-0.20536406,0.4563254,0.17663658,0.047402184,-0.39444116,0.23387772,0.50843316,-0.04234543,0.2998259,-0.2772905,-1.8014812,-0.015355189,0.25312367,-0.34026682,1.917832,0.19962196,-0.2659706,2.3827112,-0.29396987,0.19843797,-1.005558,0.18627997,1.4528319,0.25121054,-0.23443039,4.479016
Nuc_Texture_Correlation_AGP_3_02_256,0.31680083,0.31387702,-0.5501382,2.6962833,-0.7003589,-0.9336193,0.2366754,0.34295222,-0.08143886,-0.6573712,0.30012718,1.5595919,-0.34935382,-0.6492817,0.63128424,0.398301,-0.51955587,-0.29228246,1.5810152,-0.0011133552,-0.1753537,0.8965618,0.0093538165,-1.4832882,-0.48758945,-0.07199947,0.031571727,1.0187327,1.1719006,-0.17080516,2.248566,-0.02735735,0.70021385,0.09723067,0.14558658,2.9148676,-0.15776227,0.19085026,-4.7412987,-3.1793976,-0.15540509,0.3387443,2.9149983,0.19015694,-0.84827954,-0.06624981,0.47280368,0.12016487,-0.062936775,2.493786,-0.47694775,-1.774364,-0.4784701,1.2220435,1.9114193,-0.9600773,1.0604028,-0.14564145,-0.9930809,-0.18467219,-0.14010274,1.242473,0.5755573,0.28159454,2.3281095,-0.76347923,3.1624959,-1.2490864,0.44994262,1.0449262,-0.46714053,0.082242616,-0.31683108,-1.2613539,0.7683225,4.1717796,0.46122053,0.04481415,0.27415827,-2.4019306,-5.3138604,-1.1930671,0.2659435,-1.8716491,1.0561273,0.12870337,1.2860689,-0.19624984,1.0975788,-0.8267455,-0.20718543,-0.049612373,1.0228698,-0.88421327,0.6345816,0.10537809,0.12613118,-0.275676,0.13850558,-1.7431642,-0.34013042,0.4635009,-0.093773134,-1.6839522,-0.26363477,0.23259602,-0.56284255,1.6959203,0.024722219,-0.5806202,2.4011111,-0.045889746,0.51307625,0.67695713,0.084349655,1.2231263,0.29622987,-0.5028697,-1.0429705
Nuc_Texture_Correlation_AGP_3_03_256,0.2946782,0.19388889,-0.26653907,3.2777195,-0.30631462,-1.0254031,0.120461136,0.4307066,-0.14405505,-0.46348992,0.05835678,2.566873,-0.16260278,-0.48428655,0.96536475,0.33781445,-0.26247314,0.2290361,1.0277029,-0.03717506,-0.28183272,1.4163604,-0.34289685,-0.6738226,-0.44185176,-0.13055657,-0.25112724,1.6086868,0.70648366,-0.10276142,2.5140045,-0.006248156,1.2479283,0.13553968,-0.0742319,2.5897377,0.17462857,0.11397654,-3.6474323,-2.5401032,-0.26968908,0.22986658,2.9600246,0.5172124,-0.39014372,-0.084669,0.47881055,0.27040395,0.06342404,2.8000698,-0.25489202,-1.3403827,0.1064534,1.4954195,2.439017,-0.79651946,0.5433585,0.04168265,-0.8917008,-0.1528092,-0.46414483,1.4804955,0.7222422,0.02949343,2.0272467,-0.7964921,3.8174925,-1.1872079,0.31363812,1.790294,-0.39260456,-0.12404257,-0.21224259,-1.2239294,1.0330418,4.752297,0.49656716,-0.039393652,0.28899252,-1.7115923,-5.513439,-0.7754733,0.040066246,-1.4182067,0.890304,0.4208382,1.412454,-0.08412433,0.90881777,-0.93195033,-0.084467076,-0.16576661,1.0638746,-0.4588836,0.6168981,-0.1003798,0.10324061,0.108875185,0.089824796,-8.540883,-0.12544318,0.3672357,-0.008380249,-1.8608751,0.11729149,0.4582138,-0.5381437,1.83467,-0.019869396,-0.42876598,2.3282917,0.05353709,0.2901064,0.7644866,0.04213345,1.1014799,0.001848956,-0.19154648,0.61555433
Nuc_Texture_Correlation_AGP_5_00_256,0.09534196,0.23437482,-0.20927818,3.7549393,0.13076168,-0.8662862,0.18397689,0.31144616,-0.3855544,0.028523803,-0.07554021,3.6784258,0.0052346983,-0.52924794,0.9750354,0.21408767,0.112042464,0.6105576,1.4273959,-0.086920835,0.120028146,1.2158761,-0.28987756,-0.45700204,-0.6773834,-0.027608952,0.015351176,2.0379212,0.23008293,-0.03426947,2.7303846,0.050226677,1.5391527,0.15170796,-0.042329114,3.216259,0.113732815,-0.14898936,-3.164489,-1.8764502,-0.26987228,0.011116177,2.8925617,0.2565588,-0.6626027,-0.2534242,0.42153004,0.3260792,-0.17409967,4.267345,-0.31500402,-0.9400287,0.3145671,1.256584,3.0305598,-0.73473483,0.2989796,-0.32707134,-0.6920175,-0.4005978,-0.23347783,1.1291625,0.56308573,0.13013567,2.0949793,-0.4974459,4.3236394,-1.2782623,0.14052331,2.2838347,-0.4674221,0.030750534,-0.3860493,-1.2618853,1.0307311,4.583666,0.4918538,0.23300143,0.6702569,-1.3658222,-6.4989963,-0.39631388,0.09796334,-1.5668087,0.7749148,0.42598173,2.0120733,-0.08550183,0.45739388,-1.1368328,-0.096529566,-0.00858138,0.97227687,-0.060592968,0.3802619,0.21523196,0.057210565,0.21858586,-0.069161534,-6.9543357,0.26328993,0.40363058,-0.22005953,-1.4255174,0.58719563,0.30388248,-0.39583588,2.3920858,0.022186348,-0.34352008,2.6365397,-0.09544925,0.088464044,-1.325448,0.08136609,1.3905783,0.1605746,-0.07383307,3.9154942
Nuc_Texture_Correlation_AGP_5_01_256,-0.030306786,0.09588683,0.10783545,3.842456,0.59389395,-0.75542927,0.07785361,0.24704514,-0.031888485,-0.036668103,0.04370212,2.2051957,0.3939266,-0.7215412,0.9328794,-0.17843153,0.13906716,0.9103616,1.1868597,0.014585137,0.109929346,1.4702497,0.08651054,-0.0630584,-0.5083112,-0.1936099,-0.08315854,2.0889091,-1.1998873,0.14589636,2.0328722,0.056158826,1.6941818,0.061493922,0.2989625,4.361578,-0.19366758,-0.4142463,-2.936371,-1.6103348,-0.3443325,0.02570121,2.94948,-0.717622,-0.69125414,-0.02187728,0.4928725,0.5153437,-0.1846004,4.3291116,-0.27089563,-0.87740725,0.4105761,1.1927965,2.5677745,-0.5133293,0.14990611,-0.20097212,-0.5809462,-0.5813518,-0.2712747,0.3162078,0.11132169,0.24728101,1.3870093,-0.072999634,4.368001,-1.1959695,0.23487933,2.2714224,-0.5519561,-0.5006966,-0.18419337,-1.1150059,0.24582697,4.6222024,0.26444983,0.1446077,0.33987308,-0.9799563,1.7153765,-0.2915361,0.31445247,-1.7996868,0.63002676,0.97017497,2.3908808,-0.24011926,0.82339114,-0.9383165,-0.2085547,0.013414939,0.8177109,0.45827928,0.31925812,-0.2277716,0.16930388,0.17938514,0.32428586,3.637227,0.17452896,0.18302709,-0.26851988,-1.7494313,0.5089765,-0.092402495,-0.43415096,1.8623648,0.27285576,-0.41035953,1.9524657,-0.5690186,0.00034395544,-1.6983805,0.092921786,0.9536774,0.34354433,-0.025236646,-0.6942641
Nuc_Texture_Correlation_AGP_5_02_256,0.084447496,0.44088876,-0.33728194,3.761297,-0.07701805,-0.90867823,0.07566752,0.23305033,0.018373052,-0.4086407,0.40408257,1.8101764,0.03239152,-1.0701842,0.9468495,0.2965254,-0.26782063,0.24829881,1.9043747,-0.014783363,-0.060759615,1.2290983,0.11277017,-0.8056131,-0.29316875,-0.08159091,0.012584689,1.9382175,0.5134781,0.021006929,2.1263945,-0.07643524,1.3356355,0.12857442,0.23255853,3.6337862,-0.25301304,-0.056783825,-4.2547,-2.8694923,-0.25917292,0.26919782,3.0543463,-0.26093653,-0.7354801,-0.109507255,0.53187495,0.4299778,-0.051844418,3.5659282,-0.4862313,-1.7803966,-0.2662997,1.5550985,2.402291,-0.7939682,0.71852547,-0.28257117,-0.97868603,-0.6209395,-0.29362288,1.4009689,0.4112092,0.16772926,1.9396315,-0.5358018,3.7577808,-1.8222557,0.17730258,1.7060467,-0.44571212,-0.19091326,-0.12161934,-1.1668128,0.5463192,4.853935,0.39799914,0.21951576,0.1406446,-1.5432247,0.3249458,-0.948509,0.05584535,-2.1608822,0.8573015,0.6673649,1.9676844,-0.12790321,1.1653551,-0.9566272,-0.33883253,-0.14596024,0.8426754,0.00294892,0.3043026,-0.20314322,0.15130119,-0.08874891,0.31742916,0.1273048,-0.053552944,0.49920663,-0.082461596,-2.0307786,0.057412505,0.050661255,-0.67538947,1.8623348,-0.057763636,-0.8078658,2.3113594,-0.24291204,0.31739566,0.26680598,-0.004111737,1.008602,0.28612578,-0.1283965,-3.3303912
Nuc_Texture_Correlation_AGP_5_03_256,-0.0933075,0.023893923,-0.07322983,4.0645223,0.1951163,-0.72051525,-0.071720965,0.3666269,-0.12675406,0.015339251,0.15824457,1.198394,0.26801285,-0.7958837,0.87439364,-0.006747087,0.16050076,0.9551292,1.142562,0.036278516,-0.20992194,1.6546884,-0.28550613,0.077993594,-0.39589882,-0.22978334,-0.23285733,2.0352943,-0.64253193,0.043733653,1.6991602,0.02978921,1.8209366,-0.0021873116,-0.01263239,3.2232988,0.21137415,-0.28003117,-3.2221797,-1.9743172,-0.030269504,0.13157466,2.7949677,-0.6578323,-0.4382616,-0.049301665,0.5248882,0.41766444,0.101165034,3.5301516,-0.3571522,-1.130392,0.41147494,1.5399203,2.6217568,-0.4071424,0.036320623,-0.04410422,-0.5449204,-0.6224595,-0.588121,0.59541035,0.12979212,-0.0985502,1.0817837,-0.5558601,4.0725784,-1.41043,0.004378577,2.5308907,-0.57080996,-0.01296552,-0.027641037,-1.2368711,0.50382936,5.1529603,0.40483895,-0.038367014,-0.108357035,-0.99877524,-7.7349243,-0.48802528,-0.009329428,-1.7149636,0.09859262,0.8165601,2.0620348,-0.12983742,0.67814875,-0.75046843,-0.16596217,-0.055530846,0.56330085,0.25623187,0.28630143,-0.53598404,0.05952524,0.63404423,0.07084712,-6.74914,-0.2134044,0.573823,-0.07289591,-1.6445106,0.52306217,-0.016617745,-0.6552894,1.6188331,-0.24514286,-0.81993467,1.9833666,-0.3990306,0.048118662,-0.5162863,0.010181337,1.0186304,-0.04813212,0.038561285,5.0581784
Nuc_Texture_Correlation_DNA_10_00_256,-0.30519518,0.2505181,1.0617821,7.2666945,-1.9214913,0.58226013,0.0999664,-0.042897273,-0.3240077,-0.6581799,0.24347015,0.7382994,-0.068035625,-1.4268333,2.565769,-0.212579,0.4740287,-0.048355717,0.88680553,0.40717483,0.3982329,1.7417728,0.1000231,-1.5101115,0.16336764,-0.059350867,-0.20842518,2.0682075,0.7763073,-0.38015175,3.416928,0.2726633,0.9784042,-0.26235595,-0.100731224,5.599995,0.3634797,-0.43868354,-3.2218373,-4.749108,0.31512943,-0.35675797,4.140985,0.86982536,-0.8290166,0.42520466,0.10472852,-0.13880093,-0.35180405,2.742276,0.082866915,-0.61737984,-0.31544384,2.1641257,0.98827666,-0.5717106,3.5357933,-0.3091345,-0.6103876,-1.0522374,-0.34866264,3.1648636,0.47910702,0.68481725,2.3623269,-0.83581114,3.5729916,-0.99247533,0.17915218,4.499331,-0.25607628,0.27001902,-0.61572415,-1.156676,0.69207793,4.386021,1.042347,-0.51140887,0.3175921,-2.6595495,0.8190603,-1.4857497,0.12850265,-1.9659323,2.06482,0.12759583,2.6336918,-0.20256193,1.0119503,-0.20713156,-0.042931233,0.021480896,1.6315795,-3.1235511,1.031384,0.22280128,-0.062043626,-0.73709315,-0.24233793,4.45651,-0.31769705,0.35812286,-0.41367772,-2.9350574,-0.79480046,0.39966556,-0.19248068,2.58696,-0.35685182,-1.4778961,3.1015885,-0.06366154,0.07111764,-7.0422897,0.1339265,3.0074909,1.1959692,-0.70991945,-0.84426147
Nuc_Texture_Correlation_DNA_10_01_256,0.21873294,0.25245726,1.5195398,7.19225,-1.5366024,-0.024239799,0.27720466,-0.091387324,0.23668474,-0.8449712,0.14032803,1.4033637,0.46273896,-1.2930098,1.9290186,-0.31200388,0.8209095,0.13584788,2.350455,0.40434,0.46144184,1.8244247,-0.0068570375,-1.4159846,0.16884379,-0.13689269,0.12675253,1.9610453,0.99153763,-0.0038995643,4.020704,0.70203733,0.23989953,-0.34047094,0.20777468,6.8578706,0.69106215,-0.42575896,-1.775712,-4.5604644,-0.0027816494,-0.21870627,5.1767726,1.1320547,-0.57666785,0.18825047,0.07010422,-0.28107953,-0.5957591,2.1208353,0.569477,-0.57844776,-0.27673838,2.5037732,1.9141483,-0.5616927,3.353818,-0.36691484,-0.3614142,-0.625341,0.140366,3.889444,0.79297113,0.9211421,2.2374027,-0.26317987,3.457999,-0.079711415,-0.075287975,4.621211,-0.23916568,-0.11566641,-0.7856734,-0.2466668,0.8786659,5.3825383,0.9760373,-0.108816385,0.8076339,-2.6635327,3.766011,-1.0941037,-0.16582684,-2.81499,2.0614443,0.19609118,2.3545399,-0.20950794,0.6343984,0.29495367,-0.29722932,-0.00549984,1.4090033,-1.7697638,1.3248752,-0.15880184,-0.3005388,-0.52741534,0.34941185,8.318071,-0.20003869,0.33053413,-0.68725723,-1.9992504,-0.67791504,0.26760516,0.1824217,2.867561,0.036052454,-1.0901499,3.5276768,0.06235407,0.08149356,-5.105752,-0.0053082607,2.638708,1.5067558,-0.3085821,-0.22583266
Nuc_Texture_Correlation_DNA_10_02_256,0.29732898,0.043263048,1.1389881,7.028545,-2.4292428,0.28760424,0.07567087,-0.2288885,0.2860371,-0.87422967,0.18861865,0.6563124,-0.07865312,-1.6860372,2.417357,0.09624085,0.40263024,-0.35477898,2.354353,0.48709154,0.34771833,1.713532,0.03432922,-1.5959226,0.28158683,0.39444065,-0.2861764,2.477259,0.91763955,-0.19438316,3.8973691,0.48185635,0.33793488,-0.16498479,0.12098777,6.053289,0.5881896,-0.21705432,-3.0767174,-4.8285575,0.19422583,-0.16192037,5.0124,0.6937771,-0.5754294,0.26564258,0.1732697,-0.18717754,-0.51095355,2.0082738,0.2819311,-0.2579516,-0.66615397,2.9717429,0.82406837,-0.117113054,3.9836588,0.18927805,-0.69099444,-0.8649092,0.12041507,3.4625118,0.6509195,1.1891581,2.6144903,-0.6707606,3.2573116,-1.0679088,-0.05942142,4.369716,-0.13896266,0.24070066,-0.59965533,-0.6843197,1.0421938,4.4736347,0.64247054,-0.0015160093,0.3441421,-3.043165,-6.8960977,-1.5048872,-0.053930342,-2.4153397,2.055803,0.23354411,2.1435049,-0.03147742,0.91095704,-0.28073934,0.12583444,-0.009514476,1.8334261,-3.1202066,0.981843,-0.12213272,-0.39407015,-1.05325,0.07081174,7.505648,-0.62324077,0.004418023,-0.6028945,-3.2955744,-1.1545936,0.1601186,0.17743273,2.696087,-0.273255,-1.4035206,2.915322,0.5676159,0.15623443,-4.8370757,0.0016251007,2.8599885,0.8393112,-0.5988361,-6.1677423
Nuc_Texture_Correlation_DNA_10_03_256,0.021680644,0.31830812,1.3524929,7.8037553,-2.0034323,0.1650139,-0.06489096,-0.16749175,-0.43177977,-0.8591636,0.2265767,1.03886,-0.12662083,-1.2870358,2.1810434,-0.20393777,0.44487944,0.46606538,2.864211,0.45286453,0.25364545,1.5858346,-0.07284896,-1.2305374,0.22942673,0.2757504,0.052785445,1.7918485,1.0950384,0.19173877,3.7846944,0.4920211,0.38971022,0.031080112,-0.006536603,7.1020145,0.8475661,-0.60372347,-1.6119157,-4.4172063,0.17862326,-0.3099179,4.652426,1.1512603,-0.9719255,0.34777865,0.36377,-0.17475002,-0.51822716,1.3264424,0.72297066,-0.67929643,-0.32686076,2.615249,2.0598204,-0.43831372,3.5680149,-0.0070918747,-0.758146,-0.5710472,-0.25205067,4.3743453,0.70993453,0.66630095,2.408556,-0.34031108,3.7830665,-0.37463593,0.068359055,5.073699,-0.11846367,0.10292599,-0.48378682,-0.85233593,0.9987839,5.1111913,0.912129,-0.3453914,0.5314992,-2.3629725,-5.742869,-1.0253181,-0.13117339,-2.5674179,2.2954085,0.13257818,2.2477143,-0.13306928,0.7416232,0.007176459,-0.22000688,0.07595115,1.5957924,-2.025538,1.3587023,-0.03629152,-0.5140277,-0.36896017,-0.36701953,-6.0642495,-0.6227241,0.27631044,-0.82479787,-1.5406132,-0.71506816,0.29131058,-0.13271877,2.467196,-0.2505025,-1.153463,3.1331205,-0.09539815,0.14799114,-6.4759717,-0.058778822,2.8993957,1.1918736,-0.26960158,-4.898913
Nuc_Texture_Correlation_DNA_3_00_256,0.10999002,-0.9372294,0.26602736,1.9965187,-1.2380164,0.9371752,-0.29703137,0.5932217,0.30488238,-0.30971095,0.33519447,-1.6644186,-1.3689839,-0.8404253,1.1772677,0.38464943,0.20471437,0.06705745,-7.618187,-0.07071668,0.11445275,0.8141934,-0.2025304,-1.3685999,-0.54708934,0.16357362,-1.5214639,0.46437135,-1.3396106,-0.99010104,-0.60193676,-0.5107764,1.4437914,0.30835187,-0.075527646,-1.2660348,-0.3349472,-0.7292307,-2.8664305,-2.3815181,-0.046037775,0.0671105,0.62215066,-0.9236528,0.07016186,0.10649493,0.13588099,0.10805973,0.12801851,4.3284726,-1.5167041,-1.6063895,-1.0488652,-0.3511783,-2.6535327,0.13668287,0.3572419,0.32917246,-0.4705528,-1.8923573,0.046473354,-0.512968,-0.37880206,-0.3388666,0.6600289,-1.3489813,3.765852,-1.1486158,0.26331016,0.73367304,-0.12822525,0.23719637,-0.17321093,-0.99881023,-0.57373697,2.360795,0.23165803,0.16580458,-0.9436185,-3.0282915,-5.237539,-1.6670842,0.21307206,0.13987613,0.19738793,-0.9511494,0.32034138,0.3003533,1.6576296,-2.5303147,-0.001697965,-0.3662075,0.86105585,-2.0763645,-0.1901527,-1.1540735,0.5343842,0.29484344,0.2974861,-8.863566,0.13352545,0.43346298,0.2914568,-3.4246676,0.71352917,0.43892148,-0.9439176,0.5145555,0.17632468,-1.0442902,-1.070748,-0.032916944,0.28528062,-2.2328396,0.26986468,0.70727235,-1.1528865,-0.97002727,-7.2954793
Nuc_Texture_Correlation_DNA_3_01_256,0.075454794,-0.5770797,0.78826874,3.1559868,-1.1240321,0.6966758,-0.0987755,0.46225905,0.46523473,-0.2520869,0.28877127,-1.5483584,-1.3183719,-1.1281486,1.5175709,0.39056334,0.56441265,0.32519263,-7.318484,0.24393308,0.4297731,1.3554854,-0.121540666,-1.6469849,-0.4806107,0.19843365,-1.0684072,1.4287658,-1.1356972,-0.89563257,0.47561678,-0.12739791,1.7600049,0.38366863,-0.050633956,-0.07346094,-0.21034504,-0.72989655,-3.7875865,-3.140129,-0.23410459,0.10889033,1.4435312,-1.0492015,-0.18963295,0.2419154,0.22128807,0.2132845,0.035004955,4.801803,-1.0738333,-1.4733034,-0.9445023,0.24491274,-2.763895,0.11065242,0.8149374,0.23684609,-0.520244,-1.9078702,0.08514053,0.20879996,-0.38003615,0.031697124,1.4844795,-1.143402,3.634812,-1.7382463,0.09906002,1.0163126,-0.07334188,0.19309604,-0.29664823,-1.335638,-0.40722477,2.2954726,0.39324033,0.17916387,-0.28518412,-3.6083622,-5.345923,-2.1408255,0.14833148,-1.3348368,0.8617754,-0.5590909,0.9552054,0.13607909,1.7630299,-1.9216957,-0.17940916,-0.35461125,1.206402,-2.1380246,-0.13366355,-1.0478772,0.36999846,0.08666342,0.40042993,-4.5844646,-0.05705597,0.50651973,-0.10428064,-3.7473698,0.5226236,0.22186191,-0.8604205,1.7652397,0.11163316,-0.9298069,-0.027270794,-0.13629858,0.18071836,-4.725963,0.24347253,1.2141422,-0.91476125,-0.8020281,-3.0629733
Nuc_Texture_Correlation_DNA_3_02_256,0.13126951,-1.1774907,0.3705453,1.9324293,-1.1584549,0.8789285,-0.13338871,0.6048122,0.35547248,-0.17441536,0.26441345,-2.3580973,-1.4181828,-0.9212838,0.96829873,0.45061186,0.22184403,-0.09195804,-6.7253013,0.06082301,0.11506074,0.8943756,-0.27700198,-1.2689134,-0.37199512,0.3220766,-1.3029155,0.60319537,-1.2443941,-0.88446665,-0.4952102,-0.6548689,1.6052485,0.26121214,0.01302586,-1.3453878,-0.3434402,-0.5463617,-2.9271972,-2.0777206,-0.14752553,0.2200893,0.74104786,-1.1092912,0.051112577,0.14880466,0.19848345,0.1297295,0.047711965,4.013429,-1.3770136,-1.607015,-0.89110583,-0.2049176,-3.0359476,0.16251403,0.4944723,0.31848893,-0.40031275,-1.6607383,-0.011448215,-0.54603475,-0.6286565,-0.15548204,0.6910312,-1.2782158,3.465105,-1.3285524,0.1635288,0.3956975,-0.048684467,0.09274843,-0.15039243,-0.9218192,-0.51456213,2.042797,0.21899576,0.23958643,-0.905118,-3.0477085,-7.190704,-1.8337435,0.17406584,-0.20294218,0.13275348,-0.9267585,0.2943733,0.1368471,1.448153,-2.6033423,0.04819284,-0.49989137,0.93418425,-1.8584296,-0.37913048,-1.296548,0.4588078,0.14378078,0.35992312,-5.79606,-0.04805249,0.41528526,0.096358,-3.6892471,0.67990714,0.20367973,-1.0743765,0.64780474,0.15630691,-0.9442327,-1.1028345,0.016349941,0.35556006,-2.9449284,0.05870908,0.6740634,-1.4138023,-0.78505963,-10.140922
Nuc_Texture_Correlation_DNA_3_03_256,0.17258258,-0.4530567,0.79434127,3.4228427,-1.1896306,0.80175877,-0.3066875,0.63027686,0.11188435,-0.20923765,0.117669605,-1.6717561,-1.4435095,-1.3986326,1.3801826,0.35485575,0.47701824,0.33832407,-7.4630866,0.28834406,0.07449194,1.3120891,-0.39714277,-1.7810062,-0.29553244,0.014688711,-1.2560192,1.4585547,-1.1342007,-0.9064255,0.4135902,-0.3773402,1.7310481,0.39100996,-0.063211896,0.47145364,0.064745,-0.8441046,-4.0515857,-3.340861,0.17607957,0.109303065,1.3942398,-1.067066,-0.25535467,0.35695502,0.23354375,0.28511873,0.25762984,4.793373,-1.0981401,-1.8010095,-1.1095104,0.43467188,-3.0285861,0.08201551,0.9616499,0.44470656,-0.72946674,-1.7900715,0.03686043,0.5732406,-0.60204524,-0.13694613,1.3302277,-1.2463063,3.4186363,-1.8937283,0.105715334,1.1882658,-0.11293489,0.1953549,-0.4248974,-1.5143734,-0.2657145,2.0558558,0.5015397,0.12785397,-0.73228145,-3.5706985,-7.253042,-2.092356,0.13547572,-0.93018085,0.97192985,-0.63680816,0.64273906,0.18849862,1.9053234,-2.1293852,-0.12402985,-0.31163773,1.1970328,-2.0593824,-0.03738922,-0.9818767,0.39010242,0.3496016,0.18732272,-8.743166,-0.10508426,0.6144827,-0.16151911,-3.4379692,0.507847,0.35166717,-1.1880738,1.607514,0.1811492,-1.2759337,-0.04908975,0.06443127,0.45985273,-4.694866,0.03732452,1.3764653,-0.8105722,-0.50852484,-6.6068816
Nuc_Texture_Correlation_DNA_5_00_256,-0.068074875,-0.19338728,0.77343374,4.2584095,-1.2358907,0.9162342,-0.09088293,0.5380878,0.015548058,-0.31582418,0.30498853,-1.0483886,-1.1473851,-1.6562296,1.9184322,0.14951654,0.6514304,0.35615122,-7.499575,0.14563037,0.22009899,1.5113125,-0.024285764,-1.8549188,-0.3905618,-0.08421523,-1.0505198,1.8293461,-0.97496647,-0.76574117,1.2080573,-0.045374345,1.7611185,0.10314707,-0.13722794,1.4116958,-0.19690013,-0.785093,-4.303322,-4.0799503,0.13481905,0.050638776,2.204682,-0.7799937,-0.37690404,0.105604075,0.41508162,0.21265309,0.14594422,5.0957923,-1.0769544,-1.8286971,-0.89332944,0.6820824,-2.2531192,-0.14928783,0.95897454,0.19249047,-0.7239952,-1.7976335,-0.13416694,1.0002062,-0.30786768,0.017665923,1.7213901,-1.0413382,3.7529533,-1.5039625,0.22445108,2.218175,-0.1889513,0.3568729,-0.35802028,-1.8550353,-0.31979707,2.446788,0.7744208,-0.09892971,-0.37490574,-3.7201393,-5.0248966,-2.2084835,0.19530708,-1.3461113,1.4480394,-0.42056265,1.2741681,0.227597,1.6658038,-1.7470217,-0.21760114,0.036301095,1.4189237,-2.8232267,0.13902698,-0.8814633,0.41788033,0.07871136,0.11218432,-7.9222107,-0.40009224,0.6452934,-0.08862459,-3.4467876,0.43145028,0.17794657,-0.85972524,1.8640589,-0.028160468,-1.4746107,0.69728285,-0.20657277,0.37125817,-5.5661907,0.18729551,1.7496582,-0.34695885,-0.5809247,-2.3538306
Nuc_Texture_Correlation_DNA_5_01_256,0.11951077,0.20334451,1.4499687,6.605453,-1.6403338,0.78521556,0.34314394,0.21420781,0.23822473,-0.74907273,0.35198653,0.7507181,-0.48651075,-1.7415781,2.2951765,0.051547702,1.0206796,-0.08676233,-3.4928043,0.48114526,0.52215123,1.6989192,-0.056523982,-1.8283838,-0.13993342,0.09052577,-0.5651238,2.4835188,-0.59081364,-0.68967074,2.748394,0.635263,1.2245202,-0.04521234,-0.06436498,4.0733485,0.1470062,-0.63208586,-5.441002,-4.5195293,-0.03708956,0.084086835,3.9162152,-0.21091814,-0.6533745,0.29012978,0.44390085,0.23931159,-0.25107673,4.199158,-0.087977074,-1.0858926,-0.8005999,1.9760513,-0.5347886,-0.39200583,2.6896737,-0.013751189,-0.5996938,-1.4543978,-0.053428967,2.3215506,0.013338427,0.84472054,2.5710804,-0.49146453,2.9944696,-1.9267588,-0.0155414445,3.2229805,0.07623706,0.20755857,-0.49900356,-1.6804099,0.293877,2.7563503,0.8583935,0.061801553,0.40696952,-4.024187,-2.532629,-2.0901918,-0.08541017,-2.514139,2.1001117,0.068005286,2.0299208,-0.05438553,1.4407039,-0.6565941,-0.36675772,-0.40305802,1.7426286,-2.9977915,0.6479051,-0.7332254,0.022283653,-0.5835896,0.5434572,-5.2681503,-0.29990876,0.34114537,-0.24593718,-4.283543,-0.23200886,0.1269765,-0.3634927,2.8754723,-0.10687689,-1.3722595,1.838728,-0.13353944,0.1028442,-6.974232,0.25133857,2.5118196,0.21015966,-0.57637244,-3.8447964
Nuc_Texture_Correlation_DNA_5_02_256,0.25695294,-0.23575763,1.0776757,3.8119433,-1.4617656,0.5548616,-0.024055475,0.34418082,0.5075062,-0.28291374,0.3743526,-1.6549683,-1.3176113,-1.5858507,1.8648313,0.16172643,0.5510366,0.2117327,-5.6497216,0.49780384,0.32734317,1.4817957,-0.27726617,-1.8259443,-0.20360468,0.28055987,-1.0191447,2.1041236,-1.0191078,-0.7756135,1.20894,-0.009415488,1.7547315,0.23141699,0.13753904,0.6582376,-0.033011377,-0.534885,-4.2943616,-3.5118237,-0.14154367,0.2901123,2.0621853,-1.0516499,-0.26698142,0.21072371,0.16817026,0.12175848,-0.054959055,4.4380946,-0.96928406,-1.4672343,-0.8564715,0.97630024,-2.2697346,-0.017532162,1.399671,0.4371806,-0.6979162,-1.6339874,0.007215331,1.0971991,-0.39343545,0.365411,1.9550244,-1.1344028,3.0879412,-2.0562797,0.21071662,1.5661615,0.003078113,0.18524976,-0.28151506,-1.4932019,-0.09227913,2.0867882,0.5931049,0.23955621,-0.285178,-3.79426,-9.688453,-2.2259858,0.10430086,-1.6829435,1.2650272,-0.3652675,1.3233625,-0.035299677,1.676107,-1.6637764,-0.061736763,-0.30389324,1.4113693,-2.1866539,0.001932287,-1.0243179,0.2724968,-0.25586376,0.4367226,-7.110683,-0.44476724,0.49635443,-0.20605676,-3.8050654,0.24919687,0.04355526,-0.8646455,2.1318176,0.072737314,-1.3407494,0.30147323,0.05695072,0.48301664,-6.242786,0.15950245,1.6558565,-0.7453282,-0.48456064,-10.8643
Nuc_Texture_Correlation_DNA_5_03_256,0.112030126,0.27152678,1.1592547,6.709643,-2.0120559,0.5807172,-0.18788733,0.08895769,-0.13584934,-0.725632,0.22393471,-0.5714171,-0.9656485,-1.9412245,2.4408562,0.06466632,0.6784797,0.058432173,-2.5004058,0.5061059,0.2920078,1.6244427,-0.14678602,-2.162217,0.09543723,0.097278826,-0.6472756,2.5864,0.0023718874,-0.3872734,2.981675,0.23598973,1.3553314,0.17116793,0.015903905,4.0302386,0.30779186,-0.7556262,-5.502165,-4.722971,0.055643175,-0.0929172,3.947591,-0.21286309,-0.7261722,0.3930304,0.36037612,0.21716456,-0.0045687803,3.7636087,-0.3671778,-1.4944715,-0.79572505,1.9560765,-0.8095336,-0.39914167,2.7627392,0.33566907,-0.88513565,-1.3966002,0.05524208,2.8799994,0.044628024,0.6211538,2.4457226,-0.9818263,3.2520695,-2.0640225,0.029968008,3.6811736,-0.25825238,0.4309567,-0.61352736,-2.1312482,0.69885033,2.8023071,1.0855404,-0.19251509,0.049411703,-3.748626,-6.410799,-2.4942255,0.28395742,-2.0292342,2.1783926,0.06259435,2.0421946,-0.14005855,1.6335722,-0.9290576,-0.29427376,-0.10279582,2.1364233,-3.0169652,0.7960971,-0.30531406,-0.040893212,-0.25544384,-0.09709633,-0.8391855,-0.5742639,0.58319753,-0.67251855,-3.902066,-0.46081766,0.27387673,-0.6212342,3.0577984,-0.0073529533,-1.77916,2.0055587,-0.05843879,0.35661134,-8.4338,-0.2887857,2.700723,0.1779238,-0.41903242,-8.083533
Nuc_Texture_Correlation_ER_10_00_256,-0.012344986,0.48750505,0.016619781,1.9963058,-0.25441882,0.30278865,0.29096138,0.50690895,0.108579166,-0.35444114,0.44082868,1.8743296,0.024721285,-1.0324268,1.2728583,0.2894574,0.09879605,-0.1966397,1.375352,-0.019295732,0.49522772,1.2717786,-0.1920019,-0.4423286,-0.20587204,0.14885439,0.3750842,1.7765254,-0.3554574,-0.59592575,2.1998107,0.47772598,0.561085,-0.019124767,0.14550124,3.3132665,0.14473772,-0.29262766,-0.5175431,-0.88202333,-0.11147801,-0.13324644,2.1796105,0.63942605,-1.134364,-0.49649382,0.05305302,0.063425206,-0.06670115,4.071961,-0.3099631,0.41406286,-0.066685475,0.7529053,2.265692,-0.45759615,1.0513567,0.11547062,-0.44651377,-0.35667023,0.372452,2.0557604,0.0568947,0.5832198,1.4745613,-0.6154157,3.2672129,-1.7628132,0.49449575,0.4738761,-0.41558376,0.2733468,-0.48690736,-1.0845015,0.24601556,3.9027288,0.30633172,0.2091574,0.2666662,-1.0748755,-1.8545855,-0.48873866,0.03473806,-0.95111364,1.1687843,0.41547337,1.1492603,0.3003752,0.7144508,-0.86976975,-0.5608127,0.25382897,0.83131766,-1.3798084,0.36316308,-0.64570075,-0.20565896,-0.8115236,0.3071426,-3.056404,-0.12331592,0.31705818,-0.5045867,-1.0531026,-0.8447032,-0.03865524,-0.03685489,1.7174326,0.15862668,0.13786721,2.0445933,0.39579272,0.3396684,-0.1733203,0.0010553399,1.219498,0.63623893,0.5742168,0.861671
Nuc_Texture_Correlation_ER_10_01_256,-0.059981603,0.59006125,0.5143254,2.7284768,-0.59685844,0.88667077,-0.09098063,0.3183911,0.48456112,0.03118288,0.04409199,0.1929035,-0.8974803,-1.0520384,0.7948784,0.17460214,0.051695276,0.26453462,-2.711079,0.49707142,0.16656019,1.7250241,-0.035278786,-0.53399277,-0.36245915,-0.013547353,-0.24958403,0.86198455,-0.51911706,-0.5116246,1.2628273,0.12631594,0.7575591,0.11825529,-0.057159405,3.4587357,-0.6330928,-0.21595688,1.6150156,-2.0453565,-0.30296692,0.2871857,2.6466656,0.11554235,-1.1957457,-0.28525528,0.0016884804,-0.016636437,-0.20298208,5.313235,-0.6158094,0.16183811,0.09466503,-0.13043213,1.1525133,-0.81937927,0.76912063,-0.011243184,-0.47658864,-0.20315982,-0.06216525,2.0034535,-0.10701308,0.20106737,0.9800598,-0.37378767,3.7743042,-0.15662777,0.045807343,1.550944,-0.6050997,0.0448119,-0.66927844,-0.9173444,-0.80535984,3.1279173,-0.14268498,0.07059886,0.5308061,-0.7393863,1.1172677,-1.5112796,-0.29002702,-0.7108535,1.0875989,0.14276567,2.122379,-0.49339652,0.95740813,-1.2423596,-0.115927644,0.19513965,0.4858215,-2.0850801,-0.054751296,-0.65209466,-0.16352288,-0.2617853,0.097394206,0.027708054,0.18757522,0.1968646,-0.30881396,-1.4245237,-0.13077368,0.24893834,-0.5415067,1.9533682,0.19792072,-0.9941351,2.527589,-0.38003957,0.4689158,-5.3364716,0.2193474,1.0970803,0.2857218,0.5662556,1.2854952
Nuc_Texture_Correlation_ER_10_02_256,0.5570943,0.5035331,0.44347915,2.1684344,-0.1665127,0.64412504,0.1844027,0.32828987,0.26999125,-0.47764567,0.10928407,1.2577586,-0.2140407,-0.97783905,1.0376024,0.26344913,0.65421754,-0.18947941,-0.655061,0.38365427,0.24280025,1.1520107,-0.21969558,-1.0754622,-0.20238757,-0.27385885,0.050094306,1.8652586,-0.26697788,-0.057099093,2.0820627,0.51629,0.76083213,-0.023281991,0.12162129,3.9168072,-0.24121182,0.03110472,-0.6627694,-1.060307,-0.45938993,0.123837925,2.8099058,0.3396139,-0.99131536,-0.09780011,-0.221732,0.014876087,-0.059915036,3.5361822,-0.6203269,0.060860682,-0.022593647,0.43330875,1.2781171,-0.71459943,1.4490346,0.05855723,-0.5443434,0.009345397,0.14227915,1.9274362,0.30897075,0.6002774,1.3332709,-0.66843444,3.5577443,-1.1966615,0.21672817,0.534005,-0.40783575,0.09779131,-0.7296576,-1.3945309,0.40021563,3.4950192,0.08495438,0.14335053,-0.073179424,-1.3117462,-4.7832246,-0.8715722,-0.08384786,-1.2231046,0.8305219,-0.037992,1.0012239,-0.11706099,0.70884293,-0.8313561,-0.17513914,0.20069887,1.3086599,-0.7400787,0.50598866,-0.2914902,-0.02827241,-1.072969,0.054754425,1.0543733,0.21232623,0.17048138,-0.12276181,-1.1421183,-0.79307777,0.21275765,-0.68270236,2.0681603,0.10718421,0.7132868,2.0747926,-0.03516699,0.32134995,-1.2230581,-0.19624512,1.1907853,0.54605526,0.5540105,-0.65643054
Nuc_Texture_Correlation_ER_10_03_256,0.3154275,1.1591188,0.5297132,2.80534,-0.7333643,1.1346802,0.0643954,0.17752624,0.14219186,0.252068,-0.073118806,-0.0773193,-0.33364567,-1.1733762,0.9665933,0.48317876,0.10182903,0.1094956,1.3489243,0.32740542,0.13670598,1.3241893,-0.6530265,-0.3205646,-0.08419136,0.11157957,-0.31635532,0.7136163,-0.3591423,-0.37372395,1.1306792,0.3520882,0.84655714,0.30806234,-0.010601282,3.1277144,-0.17962927,-0.14148326,1.9590756,-2.1584828,0.023068478,0.23112732,2.4291189,0.1841238,-1.0728588,-0.22069795,0.085291326,0.065897584,-0.117452376,5.418249,-0.42515025,-0.1456604,0.31758663,0.10732722,1.2634006,-0.48810372,0.6802729,0.21468963,-0.42825595,-0.53011197,-0.18953355,2.3874474,0.137987,0.015945932,1.1284881,-0.5794684,3.4273748,-0.87730575,0.23690385,1.6934882,-0.50264716,0.32198125,-0.083606906,-0.8782142,-0.29110774,2.7368565,0.34393302,0.39156365,0.24943672,-0.7363365,-7.074144,-1.2784009,0.39812246,-0.2816612,0.6677249,0.056349754,2.055531,-0.28050563,0.5965883,-1.1893367,0.3103734,0.3863,0.7771656,-1.3170111,0.23164678,-0.3828446,-0.039269704,-0.2707042,0.004619648,-3.6918535,0.16286343,0.4460665,-0.45384976,-1.1725504,-0.009417583,0.20189828,-0.5489045,1.8687321,0.18280108,-1.0543596,2.456805,0.14279449,0.4101461,0.37656984,0.12331343,0.97153777,0.20737545,0.13661097,12.125499
Nuc_Texture_Correlation_ER_3_01_256,-0.2088814,-0.4135263,0.40893003,2.82007,0.45666602,-0.17896949,0.22008009,-0.23587988,-0.29693747,-0.46639553,0.31925014,4.367656,0.40281403,-0.61305803,1.0384662,-0.061746668,0.13786477,0.26190853,0.23297282,-0.06856224,0.12985153,-0.41170108,0.10256345,-1.3396515,-0.09702489,-0.23928623,-0.43430498,2.59141,-0.011753355,0.09001144,3.2417972,-0.16156936,0.066192925,-0.11133525,-0.33357778,3.5149467,0.439636,-0.2973124,-5.9664116,-0.4508052,0.23321016,-0.5439128,2.1641781,-0.30122146,0.2981331,0.51366234,0.12942295,0.10471749,-0.4912437,-0.13927722,-0.19788618,-0.33058193,0.22750358,2.2940881,0.7820604,-0.14656852,2.1331322,-0.025581062,-0.3800248,-1.086034,-0.31173256,0.85594434,0.18754458,0.64292175,2.0741355,-1.288369,2.9573936,-0.39869583,0.22525877,1.3678074,0.11185509,-0.34414348,-0.21059197,-0.7794617,1.5676203,3.60472,0.23211586,-0.2905016,-0.09106386,-1.3218466,-2.127918,0.8287851,-0.16016509,-0.916547,0.6803414,-0.17736606,0.60887605,0.18621856,0.40714172,0.08447933,0.16758658,-0.80090714,0.7035411,-0.00535957,0.82425445,0.085407734,-0.041327555,-0.8667801,0.4952003,1.264326,-0.50396246,-0.10073841,-0.13057287,-1.2404801,-1.0477289,0.5421272,0.0036881368,1.789205,-0.7024498,1.2671192,-0.20648402,-0.1617314,-0.24686022,-0.029130617,-0.25944805,0.9457738,0.5823686,-0.011434044,4.634281
Nuc_Texture_Correlation_ER_3_03_256,0.00830255,-0.3816944,0.6654752,2.6255512,0.11150086,-0.19049436,0.3068718,-0.09608985,-0.3690498,-0.30050647,0.48668924,3.3370886,0.6587685,-0.59563786,1.1194328,0.02976627,0.08340656,-0.08125862,1.6839327,-0.18253595,0.028345108,-0.3930881,-0.25265622,-1.3449444,0.0631293,-0.45229682,-0.4939182,2.4533908,0.14802086,0.21488278,3.1852062,0.093708776,0.092834614,-0.115248226,-0.26236346,3.4877691,0.41843036,-0.2342211,-5.4075737,-0.75148076,0.24965246,-0.42923716,2.576406,-0.28746295,0.25074863,0.33814928,0.21767557,0.14649343,-0.44307968,-0.41503718,0.25831217,-0.7611602,0.075967275,2.4944885,1.1836613,-0.019380659,2.3772736,-0.3147593,-0.5529583,-1.1995906,-0.41283417,1.0622144,0.42181945,0.6312377,2.033518,-1.262568,2.5487418,-0.34872994,0.12202829,1.7207254,0.12494136,-0.25767255,-0.05541575,-0.93587685,1.7884351,3.7100697,0.40523896,-0.12881455,-0.034166276,-0.84352636,-0.8356776,0.993845,-0.106694065,-0.36010465,0.5845962,-0.00062229234,0.6229628,0.38574818,0.15397996,-0.021742523,0.3676341,-0.7592209,0.63147867,0.2890283,0.97341806,0.053074796,0.09236273,-0.5980902,0.11566955,-5.580902,-0.7796673,-0.062719174,-0.36135077,-1.023925,-0.74856657,0.35170162,-0.3132458,1.7949514,-0.62171245,1.1231462,-0.008854906,-0.0047923326,-0.13362955,0.15622775,-0.4779904,0.90406626,0.3772863,-0.16270643,-0.13486736
Nuc_Texture_Correlation_ER_5_00_256,-0.35698113,-0.4042391,0.5821809,3.0355825,0.31011212,-0.41782084,0.37910214,-0.11275151,-0.41571793,-0.50383997,0.4334344,3.5542834,0.40175864,-0.6859552,1.3022085,0.136431,0.018892417,0.090108596,1.227585,-0.11689422,0.17486142,-0.24274707,-0.01950582,-1.1388606,-0.17495497,-0.34781042,-0.54067665,2.423599,0.034547467,-0.010316938,2.926072,0.25778425,0.34344593,0.038858935,-0.29002398,3.7423642,0.19328463,-0.2900039,-5.78825,-0.7232966,0.2703471,-0.27227822,2.127046,-0.2805474,-0.043470133,0.2785316,0.3348361,0.069513805,-0.39477906,0.73356014,0.06574524,-0.54394466,0.47664595,2.5424843,0.8835118,-0.03541609,1.7578821,-0.05605799,-0.5020465,-1.0213493,-0.38065934,0.81203,0.17567569,0.61784106,2.1035545,-0.9927977,2.7233212,-0.99323684,0.121719204,1.5764679,0.14606185,-0.37339327,0.10140417,-1.0074215,1.5344843,3.5385342,0.16942048,-0.03424496,0.49798635,-1.2620867,-4.89138,0.89480495,-0.19378905,-0.8344663,0.93391085,0.00012015303,0.8657758,0.17324097,0.39194813,-0.17104094,0.11409477,-0.58334076,0.49641743,0.09218802,0.8498831,0.115107186,-0.20661414,-0.77335596,0.0915311,-5.8881927,-0.4246267,0.012946348,-0.41537634,-1.1985708,-0.9410107,0.30596897,-0.24382,1.8259926,-0.5027639,0.89151955,0.07326653,0.1702557,-0.16127564,-0.29888427,-0.3904357,0.90295887,0.57479936,0.032566298,5.058689
Nuc_Texture_Correlation_ER_5_01_256,-0.20243056,0.046547294,0.6579911,2.9285803,0.26485988,-0.3247997,0.51794916,0.14371729,-0.028481087,-0.52710843,0.34850463,4.749033,0.10419136,-0.80657625,1.1090239,0.076165885,0.34062588,0.16917616,0.088781655,-0.03669549,0.33374465,0.28715932,0.08606074,-1.0297863,-0.049301635,-0.083461106,0.16007924,2.7055082,-0.03604858,0.2808468,3.1926553,0.41689014,0.54704076,-0.103605546,-0.04848334,4.3931947,0.33335602,-0.28948686,-5.11997,-0.42662168,-0.1387403,0.0316412,1.9928039,-0.034574937,-0.5326968,0.25863448,0.09759313,0.1897469,-0.26881868,2.7431223,-0.23408364,-0.29117382,0.08063786,1.8775316,1.7293258,-0.6076176,1.3126267,0.12636423,-0.6636098,-0.6888132,-0.05591916,1.0962192,0.1427301,0.47227836,2.184345,-1.0182773,3.6880124,-1.728022,0.36450458,0.7577178,-0.04668976,-0.1470369,-0.47822085,-1.524875,0.8843935,3.8607929,0.4028999,-0.20765956,0.12955578,-1.8491101,-1.0932847,-0.009111196,0.06146978,-1.9763054,1.2669635,0.22928546,0.8172016,0.07507275,0.64872724,-0.40110067,-0.39436206,-0.22133966,1.1173788,-0.15300244,0.6381984,-0.27117243,-0.020907218,-1.0653546,0.54054946,4.6878767,-0.32446954,0.054385852,-0.25491485,-2.0258424,-0.85505867,0.50102496,-0.29993698,2.5245922,-0.31468844,0.8492171,0.82933587,-0.14264823,-0.014172852,0.047559023,-0.073715635,1.2720839,0.90601414,0.49304226,6.4306407
Nuc_Texture_Correlation_ER_5_02_256,0.12737073,-0.44953153,0.66095287,3.1050186,0.52442616,-0.35256973,0.29687405,0.037799735,-0.41964862,-0.2640551,0.34373978,3.809206,0.40333512,-0.9539714,1.0660477,0.19477248,0.2279405,0.07239946,2.013852,0.051512808,0.045946855,0.01373591,-0.037968814,-1.3703136,0.0030763943,-0.48346934,-0.39079928,2.6003702,0.0925472,0.33934733,3.2280312,0.17306249,0.43753818,-0.106563486,-0.26846567,3.8287227,0.19674917,-0.35583806,-6.003298,-0.6477244,0.023625383,-0.31516087,2.4998443,-0.47122154,0.12245902,0.30657634,0.07503766,0.28401938,-0.32769033,0.54742247,-0.062231023,-0.31449798,0.33951434,2.326165,0.91718405,-0.2884188,2.1739933,-0.049595553,-0.63946694,-1.0683507,-0.42369214,0.9931975,0.36831442,0.8051705,2.2681434,-1.2254795,2.8678913,-0.56693035,0.053045955,1.6958532,0.117779694,-0.15912299,-0.41237497,-1.2432256,1.4967418,3.8604012,0.14615771,-0.13694926,0.12383225,-1.1744444,-1.8793942,0.5196398,-0.21111019,-0.7349289,0.80365133,-0.07607668,0.8004152,0.14271411,0.32372418,-0.18162674,0.19569762,-0.6182253,0.8924057,0.44815257,0.8119178,-0.14488284,-0.0029860113,-0.8041037,0.22608237,1.5008537,-0.57090235,0.05690494,-0.21507473,-1.2933997,-0.8851817,0.11333134,-0.37106225,2.1049507,-0.46004605,1.2882608,-0.04883933,-0.0028569251,-0.05235045,1.7179524,-0.40481344,0.9436693,0.3909758,-0.058222454,-1.8993229
Nuc_Texture_Correlation_ER_5_03_256,0.20193167,0.2580103,0.9522345,3.0649712,0.04120339,-0.46890175,0.33600202,0.18482405,0.010237585,-0.3226692,0.3281509,3.495663,0.424646,-0.73184204,1.0617882,0.19629999,0.1880691,-0.23056734,1.0319507,0.083661854,0.1912592,0.4926252,-0.43741593,-1.169119,0.09457629,-0.36337635,-0.08368293,2.5454009,0.17411388,0.2897394,3.0612059,0.55359596,0.6797867,0.13025282,-0.1143438,4.837167,0.18036361,0.010071744,-4.914988,-0.69251686,0.121617,-0.23461689,2.3689005,-0.22141482,-0.59312004,0.23445606,0.3416933,0.3393418,-0.22913063,2.5965686,0.3077459,-0.1746238,0.21648502,2.4172153,2.1154659,-0.30420074,1.5498542,0.044021875,-0.7608934,-0.73701257,-0.25839013,1.618827,0.412137,0.8460334,2.0224288,-1.1131941,3.2634418,-2.1840303,0.2255538,1.2058908,-0.21098077,0.21711393,-0.24857253,-1.5146141,1.3261124,3.982151,0.42660666,0.20567364,0.09368061,-1.5179359,-5.220898,0.23349243,-0.137514,-1.0054582,1.0147067,0.14869727,1.0737333,0.056149166,0.58834004,-0.39387548,-0.0029647823,-0.06283101,1.0331484,0.41389146,0.6980997,-0.104786366,0.042291522,-0.92848045,0.011050443,-7.2152715,-0.5248877,0.32334277,-0.46729007,-1.7226334,-0.8432433,0.13233396,-0.44599602,2.3488338,-0.14903651,0.69208336,1.0045782,0.10851588,0.07267443,-0.5532191,-0.23760168,1.0941759,0.72052693,0.5104487,-3.873649
Nuc_Texture_Correlation_Mito_10_00_256,-0.05478616,0.4049889,0.199587,3.2414672,0.47587633,-0.10204659,-0.06339959,0.21766146,-0.25938413,-0.56564385,0.19457145,1.9640546,0.77539736,-1.6699167,1.453527,-0.073893234,1.2040815,0.66307503,1.5114166,0.039331306,0.32996026,1.3374494,-0.07922359,-0.9454596,0.1509778,-0.123374514,0.31862268,2.678482,-0.49500594,0.26582465,2.6398563,0.58648056,0.4127979,-0.007543633,0.2128027,3.427701,0.22822915,0.036931146,-1.1894292,-1.833395,0.18011005,-0.15466201,2.8822994,0.24070168,-1.274202,0.44205603,-0.040972125,0.0796788,0.13044699,3.1374261,-0.1434881,-0.2609249,-0.23666285,1.6250278,0.9872193,-0.075511575,0.5717634,-0.35432482,-0.1665458,-0.5480315,0.13848464,2.5154736,0.08981889,0.10879818,0.9328142,0.031348284,3.212705,-1.3983401,0.057721157,1.7983955,-0.3999667,-0.00048873696,-0.6258962,-1.2246951,0.76694757,4.0820622,0.034125198,-0.24103348,0.5741471,-0.880933,-7.669769,-0.75159746,-0.37352884,-1.6144905,1.4904307,0.9739711,1.6194291,-0.271821,1.1213709,-0.41830587,-0.48794195,0.050250214,0.742177,-0.197852,0.683664,-0.7540769,-0.21378972,-0.8257591,-0.045167267,1.7491349,-0.105863236,0.22678252,-0.6153454,-1.1031157,-0.2710156,-0.038360726,0.24013323,1.4042941,-0.08336652,-0.21526444,3.1353004,-0.31721285,-0.20246737,-3.6847675,-0.088932954,1.6328769,0.47525844,0.59295076,3.185914
Nuc_Texture_Correlation_Mito_10_01_256,0.11181879,0.74812126,0.8249898,4.608391,0.54113203,0.90811676,-0.055445705,0.03522262,-0.07476453,-0.47724107,-0.11630863,0.67569524,-0.11096207,-1.897276,1.3707428,0.23817952,0.515835,0.68159866,-0.63784134,0.37408853,0.23830803,1.822722,-0.25145715,-0.8442996,-0.047849346,0.12971039,-0.03950472,2.6055202,-0.41447163,-0.45102453,2.0588026,0.5655962,0.9136031,-0.22841513,-0.037847698,3.7368991,-0.118444525,-0.2475329,1.1030341,-3.2671824,-0.24374247,-0.00046588978,3.4662502,0.22184855,-1.0773065,-0.36104035,0.077131815,0.24065888,-0.27150968,5.8712516,-0.025417915,-0.68735546,-0.07096231,1.0245398,1.2425874,-0.88895065,1.014636,0.18635935,-0.8931864,-0.7309766,-0.09788731,2.489038,0.1338389,-0.053666472,0.9071756,-0.30373502,4.093637,0.7082148,-0.0006452948,2.912446,-0.4089048,0.057748783,-0.95180035,-1.1257561,0.13466823,2.9186008,0.1342505,-0.053619955,1.2187945,-1.6419663,-2.4598172,-2.2294312,-0.052975863,-1.7772399,1.1927358,0.8704991,1.7972288,-0.7300706,0.8214621,-1.256146,-0.3497142,-0.17469704,0.52383673,0.102956444,0.22440271,-0.9783168,-0.06005342,-0.52786463,0.14331895,9.936471,0.07640759,0.3169726,-0.22120564,-0.8132093,0.0030071065,0.24392791,-0.2763076,1.3050615,-0.060481694,-0.6674636,2.91796,-0.37029597,0.31115052,-4.7985997,-0.115044035,1.252941,0.14799537,0.043976586,3.1394205
Nuc_Texture_Correlation_Mito_10_02_256,-0.050236065,0.71669024,0.38077524,2.9480045,0.9103444,0.41608748,0.21993625,0.20372617,0.24430692,-0.22775821,-0.022527019,3.8693135,0.52696854,-1.0974646,1.1018715,0.22667937,0.63633907,0.36858746,3.8955567,0.46703705,0.033600103,0.95771384,-0.3287356,-1.2068945,-0.23166788,-0.0553717,0.46498814,2.6250777,0.015529931,-0.0009195109,3.443493,0.50493723,0.9611183,-0.23295255,-0.21664809,4.5135336,-0.012249271,-0.05368324,-1.2484976,-1.7448215,-0.13305098,-0.04011485,4.2245045,0.4259883,-1.0561873,0.15833421,-0.52012587,0.39760447,0.06812117,3.5750859,-0.5822546,-0.25610211,-0.19117141,1.6877389,1.5866667,-0.723515,1.0519162,0.025933763,-0.5746842,-0.5149029,0.21526624,2.2964466,0.30696008,0.637262,1.2979548,-0.40146837,3.4518063,-0.54436517,-0.22755222,1.2764567,-0.22784798,-0.02775698,-0.81293964,-1.3980931,0.9029012,4.474689,0.0573028,0.09801689,0.45458928,-1.1056277,-5.324514,-0.6922341,-0.20679618,-1.8794941,1.330801,0.6750762,1.5425386,-0.43668747,0.9936526,-1.0681071,-0.2687666,-0.05406013,1.2209632,0.4982257,0.42503798,-0.4068686,-0.23978744,-0.6739846,0.13315977,8.388997,-0.19249143,0.04952115,-0.14839719,-0.43791667,-0.58626986,0.11106118,-0.43450734,2.3673444,0.14765762,0.6686282,2.508034,-0.24623829,0.47000924,0.25444627,-0.29382667,1.5200853,0.3653148,0.97638637,-4.713049
Nuc_Texture_Correlation_Mito_10_03_256,0.36383072,0.9259901,1.5734814,4.68732,0.4610386,1.7883397,-0.33818766,-0.09352398,0.11163602,0.11653101,0.13704172,-0.7025018,-0.062911026,-2.0568836,1.0104631,0.3871708,0.54055303,0.8918336,2.7226617,0.38941756,0.23862201,1.6756129,-0.5517605,-0.7308909,-0.14479648,0.16142549,-0.2011711,2.5359552,0.3560891,-0.13506575,2.601971,0.21888836,0.9209872,-0.048909545,0.10519446,3.9351552,0.008855025,-0.30966362,1.6141878,-3.686614,0.026152259,0.23515391,3.6735284,0.84517163,-0.93385607,0.0044646263,0.047887433,-0.101858936,-0.2292615,5.8435493,-0.06452021,-0.9952469,0.45369378,1.3325146,2.133035,-0.7580268,0.80446345,0.12767775,-0.43741778,-1.094871,-0.28347832,3.3646095,0.5376813,0.064047866,1.0873893,-0.5202548,3.8440716,-0.054986715,0.029415207,2.5001118,-0.65186733,0.040022165,-0.33955312,-1.1116532,0.36732003,3.5102746,0.36540517,0.12982395,1.0154753,-1.1261016,-9.145694,-1.8360602,0.10594749,-1.6360871,1.0635474,0.7627532,1.8434486,-0.3005785,0.910796,-0.7790554,-0.019726327,-0.12734178,0.56421024,0.80861217,0.57559514,-0.7631069,-0.0072610327,-0.56015974,-0.04484202,-2.9512205,-0.43548962,0.09654561,-0.62548214,-0.24687748,-0.2760968,0.53504986,-0.6193611,1.5362333,-0.16292712,-0.796453,3.016451,-0.11294544,-0.034097385,0.14995773,0.0719724,1.5706986,0.009141386,-0.07020615,5.637628
Nuc_Texture_Correlation_Mito_3_00_256,-0.6398429,0.085781656,-1.0811585,-1.4499797,-1.4268013,-1.2141826,0.24848616,-0.23940103,-0.15821552,0.07045881,0.113168634,2.8555124,0.8124555,0.3388848,0.79061395,-0.2281404,0.20422502,0.27001712,0.98082703,0.017349651,-0.26188624,-0.23611307,0.404237,-1.081085,-0.192187,-0.4462634,-0.21946752,0.65861356,-0.8700512,0.6095116,3.007942,0.57179385,0.26216632,0.11792624,-0.54007494,3.8220034,0.3166273,0.115217745,-6.2434673,1.04159,0.4137443,-0.26797405,2.5943806,-0.91257596,-0.11758834,0.50609386,0.057279687,0.042785138,-0.11880443,-5.757513,-0.3585761,0.25107136,-0.506576,2.4069388,0.22009628,0.2374984,0.36960623,-0.43641034,0.21551184,-0.26301387,0.052172225,-0.3807665,-0.6514687,1.1963437,1.322914,-0.091196306,0.90390295,-1.6159405,0.5572953,-1.2356011,0.24834847,-0.02073092,-0.20518179,-0.41251254,0.13445882,3.413456,0.34800413,0.06656981,-1.7134434,-0.88756293,-4.757156,1.7355556,-0.08525139,0.15715551,1.018376,-0.21176772,1.9982046,0.21683025,0.4797862,0.40243292,0.123783566,-0.28030232,1.5357255,-2.306162,-0.16069208,0.22608213,-0.07002029,0.030520737,0.17688183,-5.921643,-0.021620056,-0.08893361,-0.59253603,-2.0683777,-0.045819983,-0.36016586,0.43308625,2.4771597,-0.13268131,0.7674642,0.29701832,0.18166302,-0.23037803,-2.0186884,0.10785958,1.5426022,1.8398272,0.35881367,-7.1616
Nuc_Texture_Correlation_Mito_3_01_256,-0.30706763,-0.05970608,-0.84181184,-0.91713077,-0.81283873,-1.3886595,0.20626058,-0.09071946,0.083479084,-0.21023075,-0.115752526,3.6653812,0.5385559,0.28080383,1.1000104,-0.14980839,0.3988055,0.073888786,-0.07026327,0.0040178695,0.18526614,0.064004086,0.22917636,-1.2985939,0.000375847,-0.49361143,-0.113476574,1.1755093,-0.8486965,0.40060577,3.5955868,0.64965546,0.46123815,-0.2073666,-0.3206086,4.0670695,0.6316853,0.041245144,-7.007814,0.6906732,0.09789097,-0.16051374,2.916935,-0.8345817,-0.28107658,0.4045986,0.032848973,0.16348459,0.20234801,-3.4292316,-0.34042847,0.019809762,-0.60407406,2.2586327,0.9957239,0.0885914,0.512562,-0.40752807,-0.135821,-0.18653058,-0.026227871,-0.13585413,-0.6968164,1.0363313,1.5685148,-0.378137,1.2673415,-2.1584332,0.5028452,-1.1409806,0.17484002,-0.12730244,-0.34134698,-0.8162086,0.30059695,3.828624,0.24973886,-0.1074268,-1.2502893,-0.9645795,-3.6755533,1.5002146,0.1763132,-0.9001984,1.0208535,0.11563627,2.3071048,0.3189578,0.68231493,-0.014470805,-0.05983856,-0.2819953,1.6382943,-1.884018,-0.01613719,0.06703227,-0.21486187,-0.33370695,0.2906876,-0.67379683,0.064770326,-0.04151271,-0.23674995,-2.4551592,-0.33082083,-0.19367833,0.4724784,3.0729678,-0.07117485,0.9979623,0.39314106,0.053344425,-0.0075791776,-1.943909,0.06505218,1.5022837,1.6806895,0.60295695,-4.427171
Nuc_Texture_Correlation_Mito_3_02_256,-0.28061083,-0.0857577,-1.0702676,-1.2395595,-1.0183507,-1.036999,0.3690753,0.098882295,0.07473381,0.19230914,0.062329788,2.6537764,0.8075308,0.6951635,0.65752304,-0.16517411,0.1559811,-0.08613578,1.7226273,0.31408283,-0.086996935,-0.15876715,0.19186215,-0.9728851,0.24041961,-0.54154456,-0.16828446,0.6244139,-0.6091683,0.4495101,3.1566746,0.26270694,0.38177755,-0.15125911,-0.60757,3.4232006,0.28267863,-0.022271117,-6.1086173,1.2310365,0.22581029,-0.23624133,2.5279806,-0.8803118,0.02922053,0.4930608,-0.10946754,-0.0055191717,0.21994199,-4.8822703,-0.6320507,-0.36269704,-0.106068134,2.3688781,0.6318209,0.38179627,0.7007589,-0.5331443,-0.19387935,-0.08910203,0.058145482,-0.3154143,-0.7902284,1.2154703,1.4637719,-0.40690172,0.77158004,-0.9965169,0.4431182,-1.188922,0.17945765,-0.07173904,-0.034249097,-0.61438924,0.06360977,3.3278382,0.45375738,0.2897822,-1.8345648,-0.7992377,-5.738939,1.5576357,0.16233914,0.26635137,1.0046223,-0.24028642,1.9039522,0.30843273,0.24320573,0.27193943,0.3657708,-0.44482568,1.6008114,-1.8688942,-0.23514457,0.32740113,-0.09408354,0.027225276,0.37565827,-1.3405164,-0.11124384,-0.042527657,-0.41451144,-2.2172675,-0.24537718,-0.12029911,0.47944018,2.9114695,0.07449479,1.100171,-0.03132212,0.19940805,-0.061747193,-0.33766177,0.046159055,1.5994372,1.6762849,0.5773414,-6.889387
Nuc_Texture_Correlation_Mito_3_03_256,-0.28688022,0.19960862,-0.5295926,-0.6372702,-0.97651845,-0.6125426,0.080464125,0.048033684,0.07976096,0.003537501,0.17394227,3.9033425,1.155002,0.24960588,0.8503077,-0.22518675,0.5715775,0.23458815,1.0820367,0.023181984,-0.07040179,0.15501086,0.09995711,-1.3854727,0.14275287,-0.37107363,-0.21314621,1.1725179,-0.5260652,0.489498,3.6100757,0.76214737,0.5848267,0.064307235,-0.34564695,4.625427,0.42534828,0.09553692,-6.5620856,0.72515136,0.27706406,-0.2677963,3.273534,-0.90481585,-0.20262341,0.6278884,0.1520344,0.09420719,-0.11618182,-3.8977718,-0.5251389,-0.42000893,-0.35885492,2.5038385,0.8164904,0.27976307,0.63051677,-0.46433213,-0.03552409,-0.37232956,-0.16795778,0.11801779,-0.43771663,1.5881883,1.3833934,-0.2463367,1.2317753,-2.0715528,0.5059046,-1.0229774,0.04632001,0.13026957,-0.088671744,-0.6485884,0.6366642,4.10409,0.64190567,0.25320467,-1.3652793,-0.84694624,-4.486286,1.506884,0.03108509,-0.199885,0.9348033,-0.025225917,2.2872598,0.20240434,0.6494901,0.09788834,0.33707485,-0.45616028,1.8092626,-1.7127347,0.21903276,0.046150923,-0.066992395,-0.16025694,0.30173662,-4.4020686,-0.32863012,-0.19571292,-0.70655805,-2.4413016,-0.6613899,-0.14601864,0.41360506,2.9031012,-0.12083555,0.95327014,0.67457026,0.06134401,-0.10421682,-1.5375757,0.10778999,1.6814142,1.7063788,0.83088344,-14.9195795
Nuc_Texture_Correlation_Mito_5_00_256,-0.5684214,-0.0041649193,-0.56176096,-0.13882491,-1.0775924,-1.1987836,0.22668315,-0.08534205,-0.19310151,-0.2881656,0.09526929,3.6394787,0.9351285,-0.3452951,1.0285847,-0.041966658,0.72213036,0.33042452,0.0028394063,0.1295764,0.01773121,0.28461912,0.4378117,-1.2941753,-0.10084158,-0.51966256,-0.022047604,1.5017214,-0.7694643,0.62703866,3.7381256,0.7934423,0.40458664,0.14849709,-0.31022933,4.395136,0.39802358,0.13392086,-7.0344024,0.06815759,0.485063,-0.23058029,3.4225552,-0.53960603,-0.4615803,0.57964236,0.10310469,0.0881261,0.017740378,-3.1609752,-0.2083509,-0.47816876,-0.49348578,2.5348556,0.33026856,0.11599926,0.40764728,-0.38423395,0.12316165,-0.32167515,0.18982105,0.24840999,-0.42069253,1.3007433,1.6105394,-0.029228106,1.7197175,-2.928075,0.5669517,-0.4880937,0.25555646,0.04011589,-0.51305133,-1.0487341,0.6351147,4.2771974,0.3930672,-0.046455044,-1.1493281,-1.3381885,-7.4702263,1.3670454,0.018143445,-0.90305156,1.2734274,0.20225401,2.5300808,0.31044492,1.079513,0.14479367,0.005672276,-0.13002639,1.6697382,-2.0943491,0.014918278,0.0090536475,-0.21257953,-0.06045999,0.14565949,-6.32655,-0.1635675,0.049693387,-0.83587486,-2.3676703,-0.40501228,-0.16084556,0.46049866,2.6720364,-0.100807816,0.45406914,1.2641381,0.035011727,-0.20621042,-1.402588,0.04811958,1.766122,1.7782825,0.6193448,-5.2657776
Nuc_Texture_Correlation_Mito_5_01_256,-0.29135433,0.14995171,-0.21735203,1.4592619,0.057842314,-1.0975975,0.17024384,0.15846352,0.034848645,-0.5848258,-0.015658146,4.2056785,0.3710548,-0.6285612,1.4909598,0.121902086,0.92510986,0.46891174,-0.3740858,0.067622036,0.31623086,0.64052105,0.44971445,-1.1971201,-0.15801457,-0.23820871,0.36847028,2.2537951,-0.4109231,0.48432168,3.5806553,0.8816638,0.5394466,-0.23217873,-0.0037336152,4.143776,0.51825047,0.12275201,-5.317072,-0.42726243,-0.22681217,0.023755068,3.6650994,-0.14979006,-0.70535606,0.12944531,0.008397917,0.2216773,0.08532243,0.7026617,-0.11043633,-0.5177402,-0.49336886,2.0844176,1.0609097,-0.32268822,0.6549667,-0.27252787,-0.42514908,-0.27001426,0.14158942,1.2420161,-0.15558982,0.9053605,1.3492581,-0.29199997,2.6993039,-2.4395914,0.29218706,0.09232718,-0.13136202,0.007947019,-0.7266988,-1.6063756,0.456008,4.4633045,0.39934063,-0.17377096,-0.38329145,-1.2561035,-1.0782629,-0.019317845,-0.08804508,-2.2675407,1.4262758,0.6624991,2.0073206,0.049278643,0.95219976,-0.62196666,-0.34852973,-0.03672071,1.4530554,-1.2860957,0.2608419,-0.30510548,-0.149921,-0.72094846,-0.06462479,-1.5419236,-0.050699294,0.10431739,-0.34982565,-2.3699396,-0.44062376,-0.19200332,0.24785662,2.7492082,-0.21927725,0.53760344,1.7807889,-0.09546801,0.2687505,-2.534357,-0.09416303,1.6708165,1.5272417,0.9838651,-3.1369622
Nuc_Texture_Correlation_Mito_5_02_256,-0.046744227,-0.03638798,-0.5805506,-0.11607187,-0.53262883,-0.66784835,0.29013368,0.01116392,0.2196666,-0.30248117,0.12935317,3.989025,0.6671913,0.2926958,0.88762355,0.04450373,0.48145285,-0.2790203,2.3377974,0.32778504,0.14220278,0.025900146,-0.13251446,-1.3475546,0.08808676,-0.37587225,-0.019210532,1.5047954,-0.526951,0.43276384,3.9187782,0.5582733,0.5216084,-0.15598924,-0.44439688,4.2495666,0.20097224,-0.12587418,-6.675901,0.47444168,0.17114162,-0.33260244,3.3366935,-0.5504593,-0.25570676,0.44483086,-0.00025792918,0.09452748,0.21523793,-2.4710143,-0.65071803,-0.9017877,-0.26579657,2.644355,1.4519664,0.17055891,0.9631238,-0.47522783,-0.38690773,-0.13915734,0.11764269,0.2946979,-0.3649875,1.2119741,1.7092646,-0.5035072,1.3576602,-1.6866862,0.2499649,-0.7779067,0.13482736,0.063614614,-0.24309964,-1.1885062,0.5948983,4.144958,0.36718988,0.1343434,-1.1916869,-0.6841945,-2.818443,1.2781707,0.089539446,-0.64652115,1.2063075,0.06573826,2.240678,0.23522456,0.64865786,-0.20083182,0.2558365,-0.3031291,1.6337334,-1.4241456,0.014512013,0.024491107,-0.21008833,-0.20062594,0.48293722,5.279554,-0.27198228,0.01095434,-0.48742214,-2.470763,-0.40404403,-0.059677746,0.29770416,3.171484,-0.027774254,1.1941603,0.6685963,0.13702321,0.24259377,-0.075395666,-0.07583094,1.6832404,1.379227,0.80378413,-6.319817
Nuc_Texture_Correlation_Mito_5_03_256,-0.15733816,0.47311702,0.036986362,1.4996182,-0.26669776,0.18868493,-0.047700245,0.29071057,-0.008139908,-0.3200044,0.20129676,4.405454,1.235586,-0.9207439,1.3384286,-0.16446263,0.82195544,0.45215282,2.319959,0.3437179,0.1506065,0.50772625,-0.28325984,-1.303562,0.0769744,-0.24777572,0.24486174,2.0884917,-0.09570569,0.4712895,3.9177856,0.95381016,0.7242753,0.12153077,-0.12538047,5.0382895,0.3894999,0.21892047,-5.3286357,-0.5505186,0.3278372,-0.025821047,3.6596527,-0.04820365,-0.810021,0.61880124,0.33118817,0.33684352,0.012576099,0.15745798,-0.62453836,-0.7596558,-0.1565463,2.5572846,1.3984371,-0.16530578,0.6190176,-0.38925874,-0.2794322,-0.2304997,0.021132156,1.6126132,-0.015910784,1.4975382,1.3629231,-0.29517934,2.4105957,-2.672346,0.08094766,0.057856917,-0.3384887,0.2574542,-0.35343316,-1.4884657,1.0355507,4.573482,0.9482145,0.28780076,-0.42755648,-1.2658821,-6.7034545,0.556976,-0.16286288,-1.6643187,1.1032602,0.44569802,2.2310493,0.09787643,0.81771994,-0.032875676,0.17510612,-0.45338407,1.7029122,-0.7530425,0.4924743,-0.34942213,-0.18940131,-0.49076077,0.14810291,1.004908,-0.47983924,0.061384957,-0.8666031,-2.2241504,-0.738102,0.16268109,0.37841544,2.6535378,-0.102506705,0.35587487,1.9673625,-0.1315658,-0.1336513,-3.3493454,-0.0073981495,1.8337101,1.199689,0.8927613,-6.2518163
Nuc_Texture_DifferenceEntropy_ER_10_01_256,0.024880603,0.382725,0.22921638,1.1737226,-0.031381924,-0.09117829,-0.0057421327,-0.3870627,0.04668492,0.6257542,-0.119134255,1.7751375,0.18538284,0.14508884,0.18460059,0.15824947,-0.36803356,1.6547407,1.4987389,-0.3268908,-0.21284755,-0.07989958,-0.58510524,-0.08129566,-0.20026243,-0.3420271,-0.24594672,0.8111391,1.0620037,-0.69254225,2.1912124,-0.545433,0.5374096,-0.17907524,0.019756237,1.6111478,-0.7383373,-0.08913263,-0.63133925,-1.790297,-0.031270012,-0.2207463,1.0777203,0.5783368,0.2561807,-0.30008325,0.37328053,-0.47061273,-0.037315995,-3.1788912,-0.077907786,-0.8315843,0.37347522,3.2908983,0.124532856,-0.551914,0.41672,-0.4912221,-0.22462511,-0.14054008,-0.5281635,1.0264243,0.70027703,-0.6160999,0.8094943,0.29203224,1.6704979,1.5228425,0.093187414,2.0959284,0.17363448,0.056794386,0.006989976,0.11661091,0.7184941,2.2915337,0.20022245,-0.34597853,-0.020670017,0.40315142,-0.91916424,0.3825766,-0.008181684,-1.1676164,1.1680455,-0.28502283,-0.30259517,-0.30382386,-0.3140888,1.1157913,0.28900796,-0.097515084,0.63341886,1.8073305,0.66794974,0.15594006,-0.38891625,0.4405849,0.20744832,0.37459552,0.41996253,-0.028202305,0.08760864,-0.8709349,0.8769088,0.07341065,-0.39728752,0.9672473,-0.107286155,-0.22007692,0.90208125,-0.06096207,0.15513393,0.752064,-0.35820195,0.50243646,0.26818314,-0.5228331,2.5453436
Nuc_Texture_DifferenceEntropy_ER_10_02_256,0.0057856143,0.26102445,-0.006735578,0.6018769,0.2706747,-0.04290552,-0.07429949,-0.47195348,0.0088525815,0.86582476,-0.18081582,1.7476534,0.18524225,0.46552786,-0.007804394,0.18788642,-0.54756266,1.6402887,1.4366473,-0.51784855,-0.41212097,-0.32526946,-0.56162924,0.15795206,-0.22511096,-0.35978654,-0.39796042,0.2768509,1.0523007,-0.76142055,1.4700149,-0.7231265,0.2826967,-0.18954785,-0.023739165,1.0897511,-0.87614375,-0.2136997,1.0494562,-0.92896,-0.094676435,-0.21984373,0.8499759,0.48771945,0.49545348,-0.39139047,0.3058063,-0.54702157,-0.084869504,-3.3805835,-0.12613282,-0.10185626,0.5361773,2.9641666,0.14692982,-0.49715814,0.28574765,-0.5425961,-0.16601056,-0.089109235,-0.57393473,0.39710298,0.49595174,-0.7722871,0.47718605,0.29421738,1.3415498,2.2108233,0.099778116,1.9160585,0.07633612,-0.060480077,0.13436162,0.4034877,0.5938062,1.8833727,-0.11701264,-0.376465,0.0050295196,1.5112692,0.22070129,0.9153655,-0.1115086,-0.52915996,0.7892944,-0.30877176,-0.3796033,-0.29351357,-0.5696616,1.0306802,0.3479546,-0.19124538,0.20794898,1.857996,0.60486203,0.2671192,-0.35083246,0.69460875,0.242127,-0.22953613,0.5132062,-0.1798258,0.1409112,-0.14290822,1.0176667,0.0492146,-0.5301487,0.37783888,-0.1196359,0.12213397,0.4854087,0.0063410997,0.09823152,3.0455444,-0.36350596,0.0088013215,0.026764989,-0.5440963,2.955403
Nuc_Texture_DifferenceVariance_AGP_10_01_256,-0.5244653,-0.24062216,0.097669184,-0.4372423,1.5958828,-0.8606088,-0.76492244,-0.54008186,-0.2796953,0.6512912,0.44189915,-0.84350103,1.6012608,-0.787419,0.76946306,-0.5098157,1.8619837,0.96561784,0.25763905,0.3163968,0.50729555,0.14857818,0.71384484,1.0846282,-0.039889712,-0.31712994,0.00287127,0.9457583,-0.31822532,0.76217264,-0.7890695,-0.08115216,1.0654529,-0.20271404,-0.39250064,3.8648117,0.027089208,-0.18610972,-0.985395,-0.42613617,0.68360233,0.12427038,-1.2038925,-0.38749406,0.20605981,1.3789691,-0.2041579,0.5536975,0.15265356,1.4291049,0.44411978,-1.5367688,-0.22086811,-0.75966424,-0.21994846,1.5643576,-1.5349954,-0.0035645764,1.5387473,-0.5470919,0.423097,-0.36850992,-0.41933557,0.20905732,-1.0564882,1.4792198,-0.80199915,-0.88477236,-0.82405347,-0.9182226,1.2575188,-0.41510656,0.16756932,-0.025250942,-0.57940394,0.32880613,0.3829696,0.12169311,0.30555776,-1.0870346,7.466637,0.42578495,-0.0182279,-0.23371036,-0.6369788,0.82475615,0.42833367,-0.41459092,-0.019096315,0.482438,-0.026757002,-0.24478745,-0.9922261,2.0317757,-0.60949636,-0.7571282,0.3888236,0.5320686,0.15507852,3.5903704,-0.1489688,-0.63649714,-0.17257912,0.020503333,-0.05707279,0.041136544,1.2904032,-1.0564477,-0.32393923,0.34755215,-0.71285677,-0.40409386,-0.7093313,2.685611,0.42216858,-0.1735105,0.5826095,0.53813297,0.044310372
Nuc_Texture_DifferenceVariance_AGP_10_03_256,-0.56133807,-0.23549907,0.12985383,-0.38589177,1.5301679,-0.822577,-0.74383277,-0.55258995,-0.22313154,0.6387159,0.36158642,-1.0517908,1.6526769,-0.82881737,0.77424043,-0.47780016,1.8630165,1.0264758,0.443336,0.36446548,0.51381665,0.09464294,0.7433929,1.0557351,-0.039738655,-0.31860864,0.012010063,0.91893786,-0.38945794,0.7426228,-0.8053426,-0.1294328,1.0632335,-0.20624858,-0.46782294,4.1115994,0.019453019,-0.21338809,-0.9522397,-0.30933213,0.7359361,0.12047866,-1.2061021,-0.37499034,0.31533763,1.4159147,-0.17780773,0.55953485,0.18304066,1.2995706,0.3792552,-1.5577189,-0.18355502,-0.75069386,-0.2810894,1.5620995,-1.523348,-0.038822073,1.561982,-0.4560276,0.37340093,-0.4502528,-0.4632621,0.21728544,-1.0347513,1.4206042,-0.8254455,-0.85324425,-0.76094025,-0.86799884,1.2048022,-0.39465377,0.22355163,0.0091483,-0.66520935,0.40428793,0.4487845,0.20797385,0.32855332,-1.1445177,10.257932,0.4091458,-0.09932796,-0.23818724,-0.66421026,0.8104617,0.47807476,-0.4105153,-0.04522075,0.55833256,0.014617801,-0.28083712,-0.94936913,1.9415393,-0.5426242,-0.73203117,0.34518626,0.5258486,0.1505227,11.203644,-0.10096357,-0.6627769,-0.24196114,0.029843122,-0.12372714,-0.048335094,1.3200375,-1.0829526,-0.3789344,0.30921516,-0.61969143,-0.37986588,-0.66236365,1.6217047,0.37805954,-0.1917695,0.5466147,0.44470248,0.60826164
Nuc_Texture_DifferenceVariance_ER_10_01_256,-0.055583104,-0.25688413,-0.16731699,-0.7979153,-0.061335683,0.30876675,0.113473356,0.30928013,-0.036905747,-0.79811645,0.2587513,-0.83768624,-0.024398455,-0.18108325,0.0035755932,-0.15883332,0.4837065,-1.4509159,-0.8103245,0.3839122,0.27968967,0.09991119,0.7149353,-0.02291646,0.37196836,0.38633594,0.25202462,-0.45300746,-0.848211,0.7689231,-1.5596619,0.5363813,-0.5989489,0.1716321,-0.0791238,-0.91426355,1.0411375,0.1999724,-0.41119012,2.165806,0.09353635,0.17711431,-0.7432051,-0.5016153,-0.08425894,0.4213616,-0.50501287,0.45442614,0.08955958,3.641125,0.05600283,0.99902314,-0.29344064,-2.414465,0.24028368,0.62252945,-0.083368294,0.5303859,0.34096357,0.18300116,0.4723775,-0.33171123,-0.53714913,0.78695804,-0.6416171,-0.26097307,-1.5496966,-1.37042,-0.1017982,-1.5427965,-0.09670797,-0.10003868,0.13716708,-0.15986684,-0.6051185,-1.832446,0.122627355,0.36226812,-0.08649739,-0.61372215,2.0533974,-0.4942235,0.0065613165,1.1833594,-0.93826365,0.50164217,0.18459032,0.53409475,0.36538854,-0.8175631,-0.1779536,0.105547495,-0.52594066,-1.5875694,-0.5296831,-0.10444643,0.42028883,-0.5237984,-0.058095153,0.3868127,-0.39316642,0.008001481,-0.16962528,0.8719631,-1.0050987,0.018333158,0.6085271,-0.8507288,0.06800717,0.29437438,-0.27889362,0.08669972,-0.12815826,-0.7872882,0.36103046,-0.299565,0.11357182,0.57517743,-1.5302283
Nuc_Texture_DifferenceVariance_ER_10_02_256,-0.031938102,-0.17079501,-0.045342024,-0.46084604,-0.26935688,0.14795116,0.17874722,0.418393,-0.03127849,-0.94656366,0.30548865,-1.1040071,-0.009676169,-0.38917795,0.12364242,-0.18390019,0.68005776,-1.395058,-0.7636749,0.50137573,0.41909465,0.26403978,0.6472163,-0.17488198,0.4293282,0.3955994,0.4021708,-0.041685313,-0.77068925,0.8322112,-1.0581907,0.65241176,-0.46108016,0.18102026,-0.018382171,-0.54463154,1.1525458,0.29830635,-1.2068464,1.356547,0.10542208,0.14917794,-0.6302504,-0.3538121,-0.309045,0.49596176,-0.41082728,0.4896768,0.13375027,3.7731454,0.13883102,0.36107573,-0.39917168,-2.1627736,0.26730537,0.5984372,0.049215555,0.5197284,0.27119812,0.17860027,0.5228667,0.15570998,-0.4008957,0.92978114,-0.35163733,-0.22211473,-1.3081378,-1.7308749,-0.11936363,-1.4565836,-0.030951718,-0.051956613,0.0508519,-0.37052873,-0.47905448,-1.570309,0.29051742,0.3791192,-0.12868576,-1.2762166,1.0689765,-0.87500834,0.05396099,0.7022055,-0.63853925,0.5153125,0.17235756,0.49512696,0.57558346,-0.705486,-0.24402793,0.2127651,-0.15319812,-1.5929922,-0.50809276,-0.27118412,0.38076842,-0.6561203,-0.07866857,1.0555464,-0.47596177,0.102033995,-0.19454606,0.36214074,-1.0573283,-0.03423967,0.75115675,-0.45117518,0.04859088,0.053123992,0.079365246,0.071592696,-0.0875297,-2.3482933,0.2866039,0.06758809,0.20262803,0.50066715,-2.307799
Nuc_Texture_DifferenceVariance_ER_10_03_256,-0.028699547,-0.2395286,-0.17120843,-0.7700251,-0.046684165,0.37275207,0.19186974,0.36099538,-0.0783025,-0.7173845,0.19984066,-0.8333098,0.086905,-0.13798517,-0.041514028,-0.1488548,0.49883485,-1.4762945,-1.1109701,0.37388507,0.24872537,0.1252761,0.5652807,0.04091217,0.31966734,0.3803254,0.27418903,-0.41927335,-0.7621667,0.84880877,-1.5870705,0.54136807,-0.5939531,0.2063349,-0.08096448,-0.8186957,1.0928947,0.21679032,-0.40610942,1.9936233,0.06633801,0.11653275,-0.7494337,-0.40800548,-0.13634354,0.5620995,-0.49481604,0.43580917,0.11472112,3.5792577,0.08589979,0.61927634,-0.22704192,-2.389609,0.1504006,0.68097997,-0.14082699,0.42691877,0.32120213,0.12197555,0.43882012,-0.27245882,-0.5060887,0.81670874,-0.6426074,-0.24719024,-1.5695019,-1.2538905,-0.07827095,-1.5645065,-0.10997093,-0.06224062,0.11974322,-0.15444784,-0.634311,-1.8662626,0.12423998,0.36650428,-0.10138013,-0.6954544,9.113007,-0.45432875,0.04740637,1.3196229,-0.93359977,0.46173096,0.11364969,0.48411283,0.37507558,-0.7451353,-0.056132972,0.139915,-0.42756966,-1.5610529,-0.52529085,-0.120298624,0.3785157,-0.55724376,-0.1129993,3.7560413,-0.4133325,0.06289395,-0.22035097,0.94503814,-0.990071,-0.08678988,0.69091344,-0.84878063,0.11584699,0.29959217,-0.16778083,0.109419905,-0.074731015,-1.7691525,0.33866084,-0.333764,0.113711715,0.46847546,-1.9180034
Nuc_Texture_Entropy_AGP_10_01_256,0.65352124,0.43351912,0.41152716,2.2111464,-1.6114153,1.1539272,0.61332613,0.6131487,0.36741003,-0.86629087,-0.16981429,1.147915,-1.6249851,0.24508853,0.06968423,0.44071794,-1.0931369,-1.2093996,-0.7022667,-0.004711181,-0.21886627,0.16734101,-0.6002415,-1.3518358,0.051522274,0.20991586,-0.10573613,0.45330572,0.22515477,-0.768812,2.0490305,0.35764813,-0.79705906,0.07999595,0.44458187,-0.3369209,0.069081485,0.27354327,-1.535967,-1.4951081,-0.580663,0.031586424,2.368099,0.38288856,-0.4206122,-0.9624794,0.2366571,-0.36556494,-0.083125554,1.1070725,-0.4154339,-0.40371022,-0.07486763,1.4066647,0.6131927,-1.3134819,2.1867115,0.08451804,-1.2037289,0.45958328,-0.344805,1.588411,0.5065431,0.2687054,1.6417414,-1.3460482,1.944849,-0.67977667,0.92058676,1.71441,-0.94701576,0.38426542,-0.5574178,-0.27190048,0.526637,1.1180757,0.323656,-0.21494003,-0.091415584,-0.809845,-4.1344085,-0.7583669,0.19043641,-0.8626866,1.4370302,-0.6363974,0.26599818,0.28316447,0.6675477,-0.27558434,-0.19627376,0.3756732,1.69428,-2.0379295,0.59485596,0.48329592,-0.30219075,-1.1797642,-0.04144231,-1.9437855,-0.03219129,0.77425456,0.10914171,-1.482205,-0.60086113,0.112899184,-1.0364882,2.2189987,0.33423698,-0.4122684,1.501647,0.2298068,0.816652,-2.4285088,-0.19430506,1.2159071,-0.33755112,-0.2467093,-0.5836379
Nuc_Texture_Entropy_DNA_10_01_256,0.19211914,-2.2322838,0.2220273,1.2969717,-3.1114457,0.076938905,0.04037876,0.30727473,0.30029845,0.091781795,0.23161316,-2.2593224,-1.5312767,0.7865615,0.72407943,0.35823205,-0.69489056,-1.5689269,-0.52135754,-0.057804108,0.016061656,-0.24521464,-0.21197964,0.0043158135,0.12954056,-0.065265164,-1.0226412,-3.350055,-0.6551456,-0.8973911,-4.1542835,-1.0529269,0.55355835,0.26559687,-0.2313527,1.4830576,-1.2002668,-0.9838602,-1.8492924,-3.1264374,-0.6553062,0.13589136,-3.4087753,-0.71410877,-0.056140978,-0.3674486,-0.31031018,-0.35505116,0.2174418,1.0980525,-4.6170235,0.17219593,-1.2901765,-1.1878077,0.8907873,0.3539852,-0.12979014,0.022288471,-0.51798606,-1.4481912,0.20073523,-0.9697919,-0.54007554,-0.5422281,-1.5288903,-0.62924105,5.4020343,-0.25387588,0.16455801,2.1888802,-0.30710185,0.32413077,-0.19108771,-0.19613898,-1.4540877,4.1434135,-1.1322685,0.0599512,-1.7861314,0.028634071,-2.0866382,-0.104153365,0.19928885,1.0297189,-2.3688276,-1.2503855,2.1452842,0.27758187,0.67105454,-3.46562,-0.047421437,-0.025459727,0.49865007,-1.8448805,-1.0674609,-0.25563788,0.4101577,-0.17581624,0.39165416,3.5494633,0.7562775,0.029127916,0.54851276,-3.0707293,-0.28684205,0.07869748,-1.1352025,-1.5235548,0.51633984,-1.4024206,-0.8387413,0.09982125,0.3371311,0.33456135,0.3006095,0.91209143,-3.029719,-1.519092,-24.537094
Nuc_Texture_Entropy_ER_10_02_256,0.033405304,0.2848495,0.47709846,3.002079,-0.5575338,0.7550587,0.15936948,-0.21106164,0.1406915,0.29381412,-0.051274817,1.9025826,-0.36080852,-0.06404922,0.41869438,0.16671336,-0.375864,0.93566775,0.5330549,-0.32554594,-0.09813348,0.7079676,-0.57703406,-0.5757823,-0.24640125,-0.3513964,-0.48659,1.2422942,0.65369695,-0.7325392,2.5381882,-0.20520096,0.6382003,-0.1949835,-0.015075144,1.6408758,-0.4583989,-0.3760372,-1.305427,-2.2921596,-0.22107057,-0.08277225,1.4874262,0.36452594,0.17187707,-0.4220446,0.45982397,-0.37822008,-0.094700806,-1.0529989,-0.46651256,-0.6646645,0.057478797,3.1327198,0.108697854,-0.67102194,1.1383855,-0.37398434,-0.43154004,-0.50697285,-0.5904857,1.3439236,0.46080923,-0.4549795,1.2176391,-0.312363,3.0643327,0.6800778,0.1422591,3.087252,-0.085420705,0.17016387,-0.4174141,0.05741624,0.61027974,3.4362993,0.34057772,-0.3379273,-0.066922106,-0.29680556,-2.7186797,0.13812368,0.09417621,-1.4271704,1.3136798,-0.45402178,1.0872966,-0.18202768,0.018464029,0.2854146,0.22417204,-0.08142587,1.1315515,1.0492324,0.65028197,0.12682539,-0.25674033,0.05174349,0.32675925,-1.5716133,0.39000186,0.104235314,-0.21533541,-1.715263,0.1707203,0.09557595,-0.6602867,1.5733819,-0.028856456,-0.905286,1.0973493,0.03210151,0.09664413,0.9258344,-0.2161814,1.0522952,0.40086517,-0.29305503,3.3596373
Nuc_Texture_Entropy_Mito_10_01_256,-0.45419395,-0.16985987,0.54220563,3.0271933,-0.60372096,0.07289592,0.39690843,-0.014005815,0.28908888,0.8091478,-0.0693452,2.4409313,-0.30433926,0.23721878,-0.2947416,-0.2574441,-0.63160366,-0.096605174,4.2639613,-0.17717445,-0.16454065,0.20327584,-0.41681644,0.81640965,-0.027472854,-0.49864396,-0.81384826,0.4175966,-1.2228762,-0.019644937,0.11611747,-0.7721204,0.63567704,0.32103747,-0.64381486,0.76276606,-0.09819486,-0.30263302,-1.8336196,1.9374567,-0.43498218,-0.017015832,0.081627525,-0.45471844,0.067133464,-0.13204344,-0.4030826,-0.290697,-0.38751855,0.5398025,-0.7469754,0.824012,0.25876942,0.7669005,3.2835958,0.25066704,-0.07534105,-0.4440485,-0.46346474,-0.26533362,-0.8484688,-0.44428685,-0.7664757,-0.47046432,-0.15926977,-0.090625145,0.86918306,0.26697582,0.045405913,2.967202,-0.33811018,-0.08023016,-0.65524465,-0.11844144,-1.5398,0.6938949,0.15024759,-0.017407505,-0.5657913,2.090642,-1.6574959,0.3059269,0.3185385,0.960252,0.07364521,-0.7940157,-1.2585737,0.32925296,-0.25137815,0.4838176,-0.25140896,-0.1339295,0.45500517,0.02907738,-0.9983805,-0.61863196,-0.21395671,0.20074272,0.3587415,-0.114098094,0.5254678,-0.4281558,-0.5042491,-1.4830734,0.42552647,-0.833491,-1.0592444,0.8582246,-0.2789711,-0.5186061,0.26454294,-0.43716216,-0.21007651,1.1987495,-0.28606394,0.12233043,0.5193564,-1.5286031,1.5098548
Nuc_Texture_InfoMeas1_AGP_3_00_256,-0.01036342,-0.089030944,0.072400115,-1.8195449,-0.028658768,-0.044043798,-0.53336364,-0.03940588,0.26699176,0.07350103,0.063431896,-2.5697162,-0.03571877,-0.3409156,0.1959549,-0.09291625,0.9852335,-1.1519051,-3.02937,0.39461768,0.32507876,-0.39867833,0.31562933,1.052123,-0.109998524,0.11634084,-0.032431025,-0.14529002,-0.9591686,0.015883202,-0.7358648,0.37677395,-0.82939273,-0.11934432,0.15694605,-0.12554772,0.30007502,-0.031013837,-2.6530163,-0.7407544,0.25177947,0.20554972,-1.7156721,-1.1103206,0.5034013,0.35788253,-0.33513293,0.048074424,0.39992285,-0.5478031,0.38346133,-1.994023,-0.07532755,-1.6974573,-3.447089,0.9678094,-0.59099984,0.35096422,0.97218704,-0.037032854,0.29792714,-0.3975792,-0.67562056,0.34745297,-2.1290317,0.35945106,-3.2735472,-1.8375541,-0.22628908,-1.7430679,0.48135534,-0.1461638,-0.14842206,0.31900916,-1.1096071,-3.389488,0.10329691,0.2034045,-0.32165617,-1.6461378,-0.8655069,-0.014086366,-0.045337517,-0.25607646,-0.07336138,0.09253365,-0.71597797,-0.26153797,-0.04781727,1.1494523,-0.07095637,0.27756435,-0.35720024,-0.014859676,-0.512858,-0.70540744,0.17875977,-0.39481005,-0.19542694,2.3751717,-0.30127707,-0.23369671,-0.007306536,-1.1897734,-0.7652745,-0.14683177,0.8033784,-1.1865828,0.06426569,0.21668951,-1.5160302,-0.2560701,0.010543585,-2.6541378,0.1254691,0.15765987,-0.059986692,0.46617734,-4.8703723
Nuc_Texture_InfoMeas1_AGP_3_03_256,-0.468062,-0.17895944,0.28582272,-1.271932,0.027301908,-0.42179665,-0.8166864,-0.3493904,0.15545304,0.18015909,0.19344324,-3.251097,0.12514448,-0.7026162,0.4968387,-0.28612444,1.4863262,-0.87008387,-3.0634143,0.616251,0.61755306,-0.52903455,0.46540177,0.6274171,-0.053800702,-0.03798635,0.053597685,0.2723101,-0.65272546,0.18819672,-0.31829798,0.33653924,-0.56533736,-0.16141056,0.12737687,0.59571743,0.3385694,-0.18914646,-4.4277134,-1.6460348,0.5132291,0.084231056,-1.4747318,-0.83472747,0.16342808,0.715368,-0.24052213,0.120586716,0.2703435,0.174421,0.58640337,-2.5431974,-0.497918,-1.1833612,-3.1667187,1.2434235,-0.61749154,0.25393865,1.0652432,-0.32170522,0.5164208,-0.32900488,-0.58823496,0.7537349,-1.2600452,0.6596028,-3.0593917,-2.5176775,-0.3317056,-1.5480314,0.75430673,-0.06823188,-0.19628221,-0.09021429,-0.9586406,-3.219693,0.30779076,0.3047076,0.12906016,-2.6931064,-1.9090489,-0.14817412,0.14208725,-0.9581761,0.44488168,0.06321534,-0.37293294,-0.25616893,-0.045068663,0.87997526,-0.33855757,0.10521143,-0.48859236,-0.06304717,-0.40185896,-0.65990317,0.25358054,-0.3381764,-0.12496849,3.2121565,-0.10071037,-0.34364533,-0.1942647,-1.4405471,-0.79166716,-0.17126334,0.9396739,-0.63201386,-0.09601819,-0.2578106,-0.9360698,-0.5467502,-0.1015329,-3.419613,0.2292129,0.67338115,0.057925254,0.22909653,-6.4174423
Nuc_Texture_InfoMeas1_DNA_10_03_256,0.2668852,1.5815376,1.0464317,4.7408886,0.04287247,0.23155504,-0.03683768,-0.045359675,-0.23877138,-0.8849828,0.0530426,1.3795476,0.025759354,-2.0320036,1.6270908,-0.23533404,0.8019188,1.085076,-0.7672949,0.5687191,0.3935176,1.7504073,0.1369304,-1.5773516,0.013281047,0.11142113,0.28282717,3.831103,0.88233405,0.50111085,4.93778,0.92524856,0.60510623,-0.25945818,0.23505543,4.073581,1.1797242,0.25541618,-4.8685603,-2.558592,0.49129033,-0.15136613,5.0672283,0.85022116,-1.0158587,0.414265,0.70653677,0.457518,-0.2687005,2.7193682,2.323252,-2.6118643,-0.0400001,3.3063552,-0.08126751,-0.6245112,2.712947,-0.056450497,-0.3425695,-0.02464427,-0.074199595,3.5084162,0.9031763,1.0058047,3.017784,-0.48288572,0.121937,-2.697518,-0.13659568,2.0837915,-0.13401355,-0.037919894,-0.79649824,-0.9557195,1.6237937,0.56726474,1.6145921,-0.29092786,1.0227513,-3.7680607,-13.537415,-1.7214235,-0.03204451,-3.6879022,3.2165596,0.68604046,1.0603145,-0.28552833,0.5416048,1.5261873,-0.17607464,-0.057738695,1.6773354,-1.4221865,1.4121265,-0.2475035,-0.41181803,-0.47333494,-0.28333983,-14.416511,-0.6895763,0.47965786,-0.89054686,-1.8781301,-0.4619651,-0.0021860003,0.2390296,3.353096,-0.35887322,-0.6297831,2.595957,-0.08295628,-0.046269387,-8.968612,-0.1467753,2.2352428,2.452093,0.6864907,1.6210505
Nuc_Texture_InfoMeas1_DNA_3_02_256,-0.00694867,1.4774443,-0.14207284,-0.52963,1.380906,-0.1151034,0.078725174,-0.51078707,-0.19726162,0.025473127,-0.18985355,2.6055214,0.74088794,0.266963,-0.69889766,-0.31249332,0.11155588,0.6536296,5.0382,0.1304483,-0.078477114,-0.46750212,0.36690697,0.60100126,0.14046276,-0.045351136,1.1749492,0.19962762,0.9918952,1.0588044,1.3499475,1.0785503,-0.5989663,-0.3089843,0.2131081,2.9518566,0.87289983,0.622828,-0.91206247,2.1938465,0.27893266,-0.2689815,-0.22425197,1.0412606,-0.13893098,0.024422685,-0.016004026,0.18807949,-0.14435126,-2.0030587,1.8360443,-1.0361556,1.000398,1.186273,1.6840214,-0.20693827,-0.10891616,-0.26689383,0.465193,1.539594,-0.024840027,1.2547861,0.7368197,0.32542345,-0.01655654,0.99410677,-3.7736504,-0.48120365,-0.01833721,0.10067364,-0.090988435,-0.16518283,-0.22570415,1.1041166,0.98023635,-2.4053748,0.38569918,-0.2656307,1.150386,0.848591,-1.5072521,1.0077449,-0.09001398,-1.1851877,0.69014865,0.99055,0.32698318,-0.17499404,-1.0482192,2.7709486,-0.08246595,0.34665486,-0.47091508,2.0622692,0.69064635,0.77339727,-0.3374922,0.00057035685,-0.40316272,-2.4404762,-0.2494415,-0.36774775,-0.2061876,1.8940102,-0.53829163,-0.0017054876,0.99676496,0.3927754,-0.39509574,0.31094733,1.4065791,0.09354695,-0.22141604,-0.7914367,-0.26009515,-0.16980703,1.9213349,1.0802761,4.6225176
Nuc_Texture_InfoMeas1_DNA_3_03_256,-0.11541901,1.7384866,-0.068681985,-0.3853917,1.4654895,-0.025590697,-0.012712389,-0.26607886,-0.17658527,-0.15940696,-0.09700913,2.9975529,0.8150492,-0.45283684,-0.16842,-0.25019243,0.46557626,0.86866856,2.7779305,0.1775995,0.13251342,-0.6411541,0.5871431,-0.031418998,0.0824837,0.023393497,1.2924756,1.540481,0.82181287,1.0751723,2.8337097,1.2623162,-0.41738343,-0.32746506,0.45878467,1.917779,1.0977979,0.66269636,-2.239097,1.9603173,0.25022686,-0.16910236,1.5375348,0.997209,-0.1628425,0.090986036,0.39100227,0.109309204,-0.37636724,-1.0686883,2.6260462,-1.8032535,0.790406,1.8155872,0.8692644,-0.28407648,0.5229941,-0.31634292,0.42099008,1.50339,0.055025022,1.2645211,0.857109,0.52912253,0.8785123,0.56151843,-4.072829,-1.3633462,0.03479137,-0.35023084,0.06810408,-0.2682236,-0.2948579,0.77891976,1.2646155,-3.18804,0.8387019,-0.052378956,1.4492718,-0.45991674,-3.5398178,0.15329377,-0.15057315,-1.8786925,1.616283,0.9553468,-0.29581922,-0.1436212,-1.0067711,3.0427272,-0.21644777,0.3804976,-0.014504135,1.578925,0.98973083,0.21285178,-0.5453938,-0.28601226,-0.23926271,-5.488955,-0.34242508,-0.10460806,-0.33982778,0.9772551,-0.48418,-0.43873087,1.2702669,1.350608,-0.48469612,0.19636278,1.4208604,0.06099419,-0.44662642,-3.1683915,-0.3027086,0.13791826,2.040965,1.3156408,9.181647
Nuc_Texture_InfoMeas1_DNA_5_01_256,0.015965909,2.0236487,0.4960581,1.317741,0.85586977,0.054330904,-0.018411646,-0.19807099,-0.20441622,-0.7516615,-0.03034585,2.3010025,0.42915893,-1.4601817,0.53280693,-0.44730088,0.82829094,1.2941064,-0.73754126,0.36187586,0.28937092,0.58178425,0.41201493,-0.97661513,-0.24584074,0.030151969,1.0062925,3.6479423,0.83617157,0.59522694,4.5189347,1.2129021,0.22042614,-0.32152185,0.3754296,1.6747617,1.2210761,0.61410385,-5.1894083,-0.20435226,0.3672923,-0.025444478,3.7210407,1.0780865,-0.5122489,0.41161788,0.84005475,0.4795731,-0.35493684,0.95895797,3.3419504,-2.7986262,0.36898002,3.0168724,-0.23312157,-0.29624683,1.8589216,0.00043119988,-0.09023905,0.93207675,0.023524007,2.5750754,0.9156752,1.0855719,2.234268,-0.028380444,-3.137152,-3.154609,-0.18938552,-0.15574844,-0.002597106,-0.13254367,-0.5648053,-0.53657955,1.524742,-2.496009,1.4569017,-0.1701108,1.3803434,-3.1832807,-8.919642,-1.3395911,-0.049184,-3.3280048,2.9562786,1.0152241,-0.40795764,-0.0828624,-0.27033675,2.6093867,-0.1671869,0.2040426,1.0407319,-0.5734857,1.3711567,-0.14599557,-0.4432609,-0.4534304,-0.32263216,-8.615647,-0.38778356,0.062496334,-0.7907023,-1.2161652,-0.3624222,-0.3406683,0.7477484,2.527398,-0.5826929,-0.17778139,1.989185,-0.07840962,-0.14333265,-8.299996,-0.24523549,1.1768425,2.1308873,1.0483223,12.3122635
Nuc_Texture_InfoMeas1_ER_10_01_256,-0.101529896,-0.12622786,0.7354839,3.398819,-1.5940366,0.03361694,-0.10072795,0.4199752,0.056382686,-1.4287891,0.25700817,-2.200266,-0.67229605,-1.3473777,1.1271986,-0.30212247,0.83889645,-1.0802298,-4.2732005,0.6737838,0.5162497,1.1445345,0.46137336,-1.163845,0.24397312,0.3631784,0.10508912,1.0864264,-0.9004142,0.24787976,0.90731287,0.77911025,0.33242995,0.053389173,-0.06438673,1.460497,0.81476784,-0.17539547,-4.779287,-3.1888702,-0.061496336,0.18878525,1.568482,-0.21903045,-1.1091497,0.26839897,-0.08875999,0.44633308,-0.084401935,4.2693915,-0.19166577,-1.3063744,-0.968581,-1.0785059,-0.8861627,0.20022632,1.1437854,0.4709876,-0.37276372,-0.46196222,0.32952157,1.748051,-0.25981173,0.9055905,0.88149804,-0.6000215,0.859875,-3.0888965,-0.16799028,0.5521539,-0.41483453,0.13851681,-0.7909619,-1.2957065,-0.5055732,0.46440613,0.69538194,0.16300066,0.02624917,-4.4693165,-5.4869056,-2.6140537,0.052294966,-1.5913407,0.849699,0.29186836,1.5254167,0.08742299,1.1284978,-1.4365244,-0.6785967,0.12493644,0.9099634,-4.62558,-0.3394111,-0.7607525,0.15525655,-1.1084799,-0.13149172,-2.724683,-0.58741665,0.46782553,-0.615588,-2.9121864,-1.132246,-0.16151033,0.15014166,1.2583064,0.010043263,-1.315647,0.78491396,-0.19970317,-0.058345657,-10.088812,0.24059476,1.7692314,0.16758752,0.2173246,-5.3485546
Nuc_Texture_InfoMeas1_ER_3_00_256,0.16986644,-0.118166246,0.06859541,0.5885673,-0.74048704,0.04331344,-0.060809184,0.54325396,0.15625596,-0.8684003,0.02436099,-3.0502138,-0.77568865,-0.40544042,0.01726081,-0.11070307,0.56855464,-1.3817662,-2.9734752,0.48224318,0.37858388,1.1285611,0.39765728,0.098049186,0.16647418,0.372959,0.44246808,-0.4809753,-0.81078225,0.40888715,-1.2402831,0.7317545,0.05052182,0.20825098,0.19359513,-1.1934448,0.7795144,0.15351616,-1.885889,-1.0076371,-0.14929612,0.37800264,-0.80937225,-0.20920075,-0.70127505,0.17195475,-0.28402063,0.4646962,0.15596704,2.8730466,-0.25367245,-0.7361105,-0.4956001,-2.3542712,-0.88801885,0.31181994,-0.5553789,0.5077844,-0.04361098,0.33257076,0.2614464,0.5710563,-0.3389968,0.55229276,-0.6030818,-0.10967948,-1.4678379,-2.860116,-0.18405533,-0.76085806,-0.20701917,0.2685374,-0.342721,-0.5789899,-1.0865668,-2.1943386,0.25384462,0.29974404,-0.17327733,-2.9612103,-3.7592592,-2.0038965,0.31696007,-0.8089464,-0.2945126,0.34242472,1.190255,0.19986682,0.6742742,-0.9504017,-0.3912904,0.45030347,0.12235334,-2.138047,-0.52253395,-0.3294532,0.15930457,-0.25393748,-0.18306704,-1.5136827,-0.3424169,0.5582687,-0.3455266,-1.1414412,-0.41756675,-0.14071201,0.12075154,-0.33375344,0.44456062,-1.2304047,0.28691164,-0.03171989,0.014812787,-5.9564805,0.40606847,0.3689907,0.010339935,0.66893244,-6.300171
Nuc_Texture_InfoMeas1_Mito_3_00_256,0.65757626,-0.63568634,-0.8529982,1.2906953,0.04970467,0.40608355,-0.22733821,0.39229855,0.27873036,-0.11540246,0.1608465,-9.520745,-1.3249507,-0.9739396,-0.3751183,0.18456756,-0.46658072,-0.32314786,-10.129021,0.4594322,0.18822223,0.61108845,0.2219069,-0.03365618,-0.3430228,0.633126,0.25136885,-2.345382,0.45476457,-0.6223213,-3.012078,-0.0235006,0.14182957,-0.016837806,0.41068265,-4.4635725,-0.014937739,0.00045104572,0.5276966,-6.9759336,-0.124496914,0.31207943,-1.8194805,-0.31535238,0.056802284,0.13520105,-0.12559901,0.20158432,0.18704332,3.924924,-0.21332379,-1.9155769,-0.27221274,-2.592099,-12.478526,-0.017987927,-0.51294976,0.57881933,0.32960483,-0.31405678,0.30219933,0.41888118,0.5048451,-0.26635954,-0.5264034,0.18544729,-0.67011005,-0.997587,-0.17020537,-0.67023134,-0.07511652,0.2643226,0.17000471,-0.17979111,-0.3275461,-2.8413036,0.122175574,0.27738085,-0.03253154,-5.273045,-1.7126522,-2.0690694,-0.016043007,-1.2840447,-0.6002624,0.2915036,0.6166282,-0.23357677,-0.14398198,-0.7075655,0.004509648,0.6137714,-1.0078536,-0.24796486,-0.10072138,0.12080828,0.4473772,0.16171734,0.002422596,1.6409901,-0.043056507,0.53363967,0.07860729,-0.746926,0.096078135,0.27193794,0.1753213,-1.2996458,0.059479713,-1.6586844,-0.5086108,0.33385038,0.27625304,-4.326753,0.451298,-0.38988304,-1.414197,0.3206229,-3.8484
Nuc_Texture_InfoMeas1_Mito_3_03_256,0.5336847,-0.52361625,-0.6624189,0.6019483,-0.53848547,-0.03131034,-0.3602951,0.14658874,0.034443036,-0.5758851,0.2780211,-8.000331,-0.90523475,-0.85264987,0.037112117,0.34019503,0.06766534,-0.08215021,-11.326809,0.34611198,0.2277544,0.40936008,0.3897666,-0.5296145,-0.35529387,0.6753671,0.3590125,-1.6389426,0.8480912,-0.4174219,-2.4043322,0.20375983,-0.23389508,-0.15841348,0.6628807,-4.091898,0.040585402,0.09509014,-0.88022727,-6.9789376,0.1939606,0.16403712,-1.5089892,0.06597144,-0.03674515,-0.026135167,0.18417431,0.3789173,0.34568372,2.1062438,0.33969197,-2.203073,-0.45344424,-1.8593537,-10.980507,-0.07761592,-0.2478571,0.59926695,0.41400817,-0.18134348,0.35408965,0.684236,0.8738505,0.08136493,0.11673518,0.14099027,-0.4942093,-1.7141796,-0.26023686,-1.2974523,0.1517719,0.07579401,0.25592956,-0.09133493,0.4699842,-2.3942845,0.03133968,0.055885185,0.07684449,-5.851841,-4.079896,-1.6998831,-0.15167837,-1.6650506,-0.021132687,0.36501884,0.86874217,-0.27161214,0.1384068,-0.6147825,0.1302027,0.5069601,-0.63541484,-0.94798136,0.31447795,0.2663096,0.28221512,-0.27141637,-0.13588232,-0.42411694,-0.22971173,0.5547778,0.18986447,-0.9266656,-0.19408964,0.5053715,0.62860864,-1.1060324,0.1816716,-1.3440706,-0.42507252,0.4381744,0.3307808,-6.474257,0.4020528,0.008568068,-0.9784322,0.35394168,-4.6371417
Nuc_Texture_InfoMeas2_AGP_10_03_256,0.44251576,0.20058687,-0.8793289,-2.2453148,-0.030359676,0.6304477,0.6931109,0.41499937,0.09339517,-0.21436386,-0.44694886,1.8125868,-0.87291926,1.2598087,-1.7682337,0.42114913,-2.2004535,-0.9943085,1.499394,-0.56545,-0.6298399,-0.8142464,-0.62164646,-0.22071433,-0.012741764,0.26360643,0.11332724,-2.3385575,0.31337735,-0.6023738,-0.87751865,-0.120258,-1.3527093,0.24138086,0.34359792,-11.364739,-0.29126316,0.59003186,3.3422272,2.204766,-0.6774273,-0.13131076,-0.04770724,0.43600288,0.035437405,-1.3077707,-0.04217851,-0.47575653,-0.23543786,-5.3088083,-0.3059148,1.5410904,0.7183166,-0.10794488,1.643128,-1.3597633,0.34458807,-0.13678576,-1.2100686,0.89673495,-0.3442084,-1.5119959,0.3684347,-0.5203585,0.27521336,-0.80988497,-0.26862517,1.4393312,0.7837599,-0.19035153,-0.8686576,0.21008849,0.17980796,0.49808297,0.5036583,-1.6526794,-0.9549213,-0.114194,-0.2666914,2.5536559,2.2514005,0.46343303,0.13427447,1.2935575,-0.5386474,-0.51124495,-1.7053552,0.38105503,-0.4017817,-0.26149338,0.2868733,0.1886819,0.061991487,-0.13689613,0.27554515,0.9843411,-0.34299898,-0.24658579,-0.04335023,1.1712444,0.19958222,0.34254232,0.48834443,1.7340013,0.16737264,0.003750801,-1.3192314,0.09305191,0.3750576,0.7967906,-0.1073178,0.47392663,0.5842194,2.713829,-0.33520892,-1.5078706,-0.64797634,-0.17564403,3.476127
Nuc_Texture_InfoMeas2_AGP_3_00_256,0.3857495,0.23717411,-0.45633236,0.9726081,-0.52969927,0.53351873,0.7460327,0.31172657,-0.09357645,-0.4042162,-0.3227614,1.5613142,-0.89184636,0.75949305,-0.6347948,0.39212647,-1.7781268,-0.2559345,1.6658636,-0.61303896,-0.47209764,0.050375987,-0.62234825,-1.2026083,-0.027388653,0.054088697,-0.049992442,-0.5472377,0.7432728,-0.57824576,0.73892456,-0.101678155,-0.39386758,0.17905676,0.13522002,-2.455593,-0.25953868,0.22840089,1.8179947,0.8905744,-0.63498265,-0.23008366,1.5550755,0.7170181,-0.39206302,-0.9874201,0.22314851,-0.3100977,-0.3418884,-1.1388553,-0.49877894,1.4200397,0.21369119,1.0790379,2.1997674,-1.4873568,1.2100409,-0.18558301,-1.4185745,0.3565638,-0.3669261,0.22017972,0.61297923,-0.40772092,1.5425717,-1.2434483,2.0471852,1.343411,0.68226,1.2949699,-0.92721415,0.33129045,0.01213042,-0.09204722,0.9416752,1.2799236,-0.45790812,-0.23798312,0.04366209,1.4729176,-1.0475558,-0.08499337,0.035256416,0.45175028,0.26852593,-0.48716107,-0.2546331,0.33406243,-0.008648872,-1.0883945,0.19492142,-0.016211927,0.6085605,-1.0012778,0.5758791,0.97197753,-0.23701052,-0.09870205,-0.047367137,-3.378029,0.23252738,0.44478345,0.2061162,0.74496746,0.26055506,0.22899811,-1.3330102,1.1831212,0.2398433,0.15812539,1.1652914,0.4153893,0.5656639,1.5519079,-0.31245312,-0.11569905,-0.30696177,-0.46747366,1.4945345
Nuc_Texture_InfoMeas2_DNA_10_01_256,0.070348255,-2.2428477,-1.1928793,-4.343214,-1.0693625,-0.219032,-0.03564802,0.11319628,0.0710234,0.75446147,-0.059009165,-2.4422348,-0.6449101,1.7382213,-1.1521709,0.28273693,-1.1194943,-1.2916898,0.74496967,-0.44785663,-0.28144452,-1.7950673,-0.2865599,1.4876505,-0.057153802,-0.09738874,-0.66857433,-5.176582,-0.71825147,-0.5400041,-6.6535873,-1.3727406,-0.35693553,0.28237757,-0.39641222,-3.0969903,-1.2648319,-0.36921787,2.9426906,1.0448152,-0.5006285,0.23616265,-5.8527565,-0.8192725,0.6501253,-0.6113731,-0.70382386,-0.3859384,0.46462607,-2.750888,-3.8186538,1.7540388,-0.36806846,-3.660947,0.12611532,0.45788607,-2.716829,0.0009881258,0.11311547,-0.3147365,0.10748726,-3.749136,-0.8614996,-1.1670712,-3.1904204,0.21942276,0.9310128,1.9029078,-0.005545775,-1.2264842,-0.040127363,0.047188472,0.50484157,0.5828433,-1.6901894,0.2213661,-2.0761886,0.067862116,-1.7352246,3.0280426,3.4830544,1.4083366,-0.033042964,2.9731255,-4.069596,-0.97331667,-0.44832048,0.22824712,-0.27006587,-2.4816434,0.12294225,-0.08924695,-1.4543194,0.5338552,-1.621548,0.37119973,0.40357855,0.43847355,0.22726323,5.5017257,0.537541,-0.37346825,0.80830234,0.9192181,0.25603428,0.072213076,-0.66354734,-3.929901,0.4134511,0.29811862,-2.5937202,0.08213373,0.1641044,5.4001155,0.13416451,-1.8891381,-3.0146668,-0.8931504,-17.74969
Nuc_Texture_InfoMeas2_DNA_3_00_256,0.13664575,-2.0555978,-0.32672927,-0.26093102,-1.9581751,0.124720536,-0.15677543,0.3969194,0.22899385,0.08189993,0.12003832,-2.7776687,-1.1310214,0.46191892,0.2176062,0.4081562,-0.5648599,-1.0506016,-3.235829,-0.3317074,-0.15169631,0.15524745,-0.51053804,0.09917692,-0.21262479,0.052965343,-1.51893,-2.503109,-1.1988717,-1.2274448,-3.679291,-1.3181404,0.5327637,0.3296418,-0.33586287,-1.8502296,-1.109795,-0.8755997,1.2809318,-1.9994749,-0.34693637,0.24297385,-2.4104464,-1.0751156,0.21222179,-0.36139104,-0.32666376,-0.2332449,0.2705789,1.349769,-3.6312454,1.0846068,-1.068499,-1.8308567,-0.83970255,0.30046377,-0.72749394,0.22443773,-0.38481227,-1.7202927,0.15837675,-1.9803162,-0.80045515,-0.87792444,-1.1786636,-0.92046565,3.8198757,0.7589728,0.22827578,0.48857427,-0.16018009,0.27724028,0.15371726,-0.37642184,-1.3528754,2.6373768,-1.0884094,0.14670134,-1.7695656,0.25377563,2.4424171,-0.32360837,0.053716738,1.9538289,-2.123388,-1.3293171,0.28804198,0.33037558,0.92167205,-3.7551804,0.14206986,-0.38639346,-0.05632873,-1.7706116,-1.0776403,-0.39098382,0.48875722,0.09453076,0.25864556,2.9379318,0.55539674,0.25224027,0.62340134,-1.8062019,0.34320948,0.30661744,-1.1234221,-1.7608205,0.48234534,-0.39882776,-1.9367203,0.11716703,0.3270111,2.2368708,0.36166152,-0.11117994,-2.6041586,-1.5317203,-17.663689
Nuc_Texture_InfoMeas2_ER_3_00_256,-0.05866599,0.1411886,-0.18341321,-0.6156982,0.6356035,0.113474965,0.026228284,-0.51579845,-0.1617965,0.78415364,-0.15546127,2.448102,0.48832628,0.41204965,-0.13686065,0.15995555,-0.7286542,1.1574532,1.8938667,-0.59121823,-0.5200405,-0.913682,-0.5337686,-0.06094392,-0.2731245,-0.4817922,-0.5232911,0.3387523,0.6332651,-0.6277139,1.1389967,-0.7381347,0.07011794,-0.23348927,-0.1978786,0.8869338,-0.93242645,-0.20641895,1.572718,0.23005037,-0.03472064,-0.3937951,0.8798365,0.257632,0.6200395,-0.37574252,0.16901106,-0.48597404,-0.24598247,-4.1613297,-0.037192494,0.5234035,0.48413026,1.9676632,0.5776429,-0.47792706,0.4545028,-0.5882972,-0.08678567,-0.40021014,-0.43855253,-0.25436077,0.32411864,-0.75671434,0.43353152,0.061781775,1.4850723,1.9328333,0.19107085,1.1115456,0.034451365,-0.2312336,0.19491987,0.44936284,0.841247,2.1144392,-0.39282504,-0.33661547,4.975001e-05,2.1738482,2.2858136,1.5613929,-0.22094233,0.4401083,0.2910456,-0.36440802,-1.1272645,-0.25590384,-0.72222835,0.7853234,0.41509533,-0.4778386,0.0041197934,2.028085,0.52198595,0.36409044,-0.2355235,0.3710947,0.216689,1.073891,0.29959357,-0.46406427,0.18059261,0.76318055,0.4716765,0.103755705,-0.41201115,0.3295364,-0.30990645,0.6957073,0.02151888,0.013895224,0.048150707,4.2198853,-0.46980736,-0.3834916,-0.09363546,-0.6170271,3.8248844
Nuc_Texture_InfoMeas2_Mito_10_01_256,-0.51732045,-0.019257784,0.019713601,-1.0227128,0.5420099,-0.07557186,0.37613747,-0.1405488,0.10664121,1.0199758,-0.39049292,2.7605114,0.15678687,0.9946744,-1.0163206,-0.26884577,-0.77671164,-0.15105283,5.415901,-0.5994308,-0.504986,-0.5151604,-0.31122875,1.2678465,0.047817428,-0.48445305,-0.6154412,-0.32732204,-1.2222799,0.25616547,-0.4568781,-0.8752361,0.13461761,0.33926246,-0.63368326,-0.30100295,-0.22557376,-0.08366405,1.6616253,3.3025882,-0.39871415,-0.09498332,-0.9326604,-0.4970878,0.3596147,-0.13553095,-0.5857431,-0.30915084,-0.35906455,-1.1390868,-0.5270402,1.4281588,0.5791649,-0.08193297,3.6678855,0.27120936,-0.73115426,-0.43911242,-0.18975694,0.17039776,-0.7120893,-2.0188074,-1.0240568,-0.85200864,-0.95793396,0.17909713,-0.4899559,1.13603,-0.0018655708,0.9441959,-0.20524307,-0.12988225,-0.20536979,0.4446424,-1.235733,-0.3616822,-0.18412082,-0.024719603,-0.48369098,3.333985,2.1622477,1.3222113,0.20960326,1.926993,-0.8472461,-0.7032211,-2.3082626,0.27664125,-0.6315853,0.73846513,-0.08272075,-0.2606196,-0.089498304,1.2770654,-0.9792196,-0.21958566,-0.24551165,0.67067957,0.20950611,0.26772207,0.5769262,-0.6128795,-0.12937646,0.96144843,0.5454498,-0.7792625,-0.88467246,-0.030236408,-0.17790885,0.40816388,-0.5455606,-0.42556992,-0.29150966,3.6101158,-0.29904225,-1.1135335,0.31012008,-1.3817568,1.4581304
Nuc_Texture_InverseDifferenceMoment_DNA_10_01_256,-0.16570172,2.3309515,0.6766123,1.5601116,2.4286845,-0.51271844,-0.06939743,-0.15856086,-0.17397954,-0.56172025,0.019089958,2.7286825,1.1480633,-1.2445601,0.34847128,-0.40752313,1.2261213,1.5821362,0.019629717,0.31811255,0.27895042,1.1029919,0.34743893,-0.6210306,0.04746129,0.1451562,1.1200842,4.769613,0.7799609,0.9906238,6.1216545,1.3827583,0.083435245,-0.3984963,0.42803678,1.5091062,1.2746137,0.83473635,-1.8395876,0.7557874,0.5962762,-0.065434344,4.8853655,0.8966792,-0.37987158,0.61925966,0.68360543,0.53305745,-0.24868585,1.1119636,5.170593,-1.4416909,0.9045639,2.4961047,-0.547957,-0.5005923,1.1533594,-0.060406238,0.17367403,1.0625064,-0.1207296,3.1489446,0.8664234,0.97279024,2.6204298,0.28726038,-2.7877533,-1.0172886,-0.18593623,-0.29351768,0.22585173,-0.12880129,-0.29708925,-0.3932886,1.5536245,-1.6789593,1.8054425,-0.039019138,2.0415297,-2.004295,0.16535497,-0.65608525,-0.1269568,-2.7122812,3.6887772,1.2901403,-0.26508895,-0.21346086,-0.16456,3.2726452,-0.1844668,0.27616468,0.60056597,1.1355764,1.2773391,-0.20532952,-0.3901037,-0.02508978,-0.20961934,-2.3224058,-0.6400385,0.22897094,-0.7377779,1.2285936,0.0203742,-0.1935634,1.0199704,3.053872,-0.4478314,0.39200196,2.3124723,-0.15434872,-0.23254932,-2.765578,-0.26649186,0.75111943,3.2321284,1.4440136,36.585506
Nuc_Texture_InverseDifferenceMoment_ER_10_01_256,-0.049468983,-0.09133182,0.37732598,0.50493604,-0.668426,-0.22116776,-0.07819977,0.47869888,0.20691031,-0.84995836,0.19865789,-1.9721599,-0.31610566,-0.6229287,0.20218289,-0.1406022,0.6831813,-1.1870273,-1.1222965,0.5792386,0.66074234,0.542619,0.5706535,-0.22951126,0.20113212,0.44969472,0.44125423,-0.011944274,-0.85772014,0.61769325,-0.8621202,0.7342587,-0.16775523,0.24353655,0.19641896,0.20313668,0.69147706,0.14054283,-2.178359,-0.12172862,0.10889804,0.32171234,-0.2039057,-0.42027107,-0.7505346,0.38727066,-0.10619926,0.5434745,0.05758248,4.796903,0.1491032,-0.6523781,-0.6360641,-1.8970727,0.35039365,0.38226366,-0.2997919,0.51566666,0.07995503,0.17454417,0.45348096,0.15911637,-0.46911374,0.7464798,-0.31557843,-0.3325157,-0.7449023,-2.1924107,-0.10405209,-1.0346386,-0.040906966,0.050666224,-0.120170854,-0.5690122,-0.6130676,-1.3196975,0.4593148,0.2715368,0.18804498,-1.9802431,-0.9011033,-1.3876748,0.05513202,-0.18086535,-0.30771616,0.3711599,0.96084017,0.20128,0.7063772,-0.9679621,-0.43085012,0.24019754,0.0774943,-2.3164678,-0.62110037,-0.40061104,0.34854928,-0.6600259,-0.115526296,-1.3098367,-0.34964824,0.20989175,-0.25155628,-1.1131579,-0.9284613,-0.10265217,0.49405468,0.05673744,0.11911717,-0.49072948,0.1036399,-0.031950522,-0.029417178,-5.345972,0.4405979,0.39555025,0.09039378,0.4354175,-0.5689675
Nuc_Texture_InverseDifferenceMoment_ER_10_02_256,0.060637582,-0.083983034,0.38837376,0.06482891,-0.5180314,-0.55167085,-0.048189778,0.4625462,0.063798964,-0.91847533,0.29917887,-1.6742626,-0.06892767,-0.65793705,0.27500933,-0.22746837,0.81412345,-1.2065668,-0.71615773,0.5787744,0.5455113,0.6580192,0.55520517,-0.25331992,0.30235717,0.4545884,0.5578018,0.3006249,-0.7591376,0.662136,-0.55867285,0.7204574,-0.18396325,0.21050113,0.093578495,0.1851743,0.7423385,0.32247564,-2.253474,0.15536986,0.2167778,0.1996442,-0.22396779,-0.22865558,-0.8915488,0.46282342,-0.19357903,0.6045045,0.13077967,3.8229825,0.17967261,-0.73954266,-0.6276976,-1.8294009,0.4554212,0.4079796,-0.30127645,0.5484923,0.035189528,0.19751106,0.55560607,0.4810852,-0.30316392,1.0787772,-0.06536886,-0.07165395,-0.7560994,-2.470152,-0.17806326,-1.5631018,-0.01798292,0.11269778,-0.18067746,-0.7280548,-0.4983472,-1.3298922,0.3594109,0.3893709,0.07006198,-2.2310102,-3.0247622,-1.3469645,0.12374101,-0.24599771,-0.070041984,0.59676737,0.5770236,0.18547244,0.73178834,-0.76506346,-0.55779976,0.32256666,0.1270658,-2.0701096,-0.5115748,-0.55660766,0.24725623,-0.6926134,-0.2394103,1.0579237,-0.40812835,0.27869108,-0.09537185,-0.7029454,-0.8867666,-0.13880897,0.53968376,0.2158714,0.08338799,-0.30539063,0.23464383,-0.02265816,-0.09089031,-3.7655876,0.2990366,0.5267928,0.21176784,0.4438564,-3.4609566
Nuc_Texture_InverseDifferenceMoment_ER_10_03_256,0.05663773,-0.008629143,0.3088208,0.5280836,-0.7617615,-0.055953283,-0.053313076,0.48324946,0.114730336,-0.791439,0.22471535,-2.1212518,-0.32806152,-0.65966624,0.21499752,-0.11686436,0.71041983,-1.1750636,-0.3157483,0.52643985,0.6152322,0.6395575,0.4885572,-0.23378395,0.053129405,0.37708852,0.38297448,-0.09663418,-0.79150265,0.64863306,-0.82560307,0.60324496,-0.03452316,0.30997238,0.10100333,0.23191941,0.825963,0.14206289,-2.1684327,0.015800098,0.1935582,0.26409373,-0.14531066,-0.388572,-0.6929514,0.44247398,-0.13634798,0.6167386,0.14565052,4.857752,0.17568521,-0.85483074,-0.50872755,-1.9151376,0.04100263,0.41609845,-0.27389243,0.4972318,0.10484675,0.06257641,0.44185725,0.2958178,-0.323677,0.82140875,-0.14011447,-0.2867945,-0.63014627,-2.3254156,-0.16769235,-0.9963684,-0.07071024,0.19053097,-0.21688662,-0.64916164,-0.4942738,-1.3706847,0.50028086,0.41365024,0.10664886,-2.1962605,-3.7013664,-1.3212695,0.15743595,-0.029618561,-0.24287598,0.52231514,0.88148934,0.21752077,0.6899871,-0.9255449,-0.4367775,0.43497697,0.17268164,-2.174206,-0.5170577,-0.4030793,0.35175872,-0.62564844,-0.13559234,-3.1609278,-0.45517182,0.21810867,-0.20970017,-0.9920966,-0.9190343,-0.14123756,0.4908674,0.038213134,0.1702102,-0.54558825,0.09676391,0.06856651,-0.042324472,-3.7277539,0.4664874,0.49248123,0.1508724,0.4920875,-3.7672808
Nuc_Texture_SumAverage_AGP_5_02_256,0.7485687,0.19770008,-0.17739595,-0.12056482,-1.4684271,0.09758276,0.7026016,0.77882975,0.5205367,-0.5438414,-0.16278529,0.2684177,-1.3836867,1.0953029,-0.85027075,0.62786007,-1.0757786,-0.49477258,-1.8284458,-0.23858798,-0.21927042,0.13395756,-0.6839974,-0.35632744,-0.32409427,0.59511006,0.1017153,-1.1890553,0.047393084,-0.40124464,0.11837227,0.0313933,-0.9317949,0.3646101,0.8575104,-1.8116988,0.25924423,0.2837084,-0.43815073,0.1754915,-0.5220139,0.1068343,0.14996698,0.5895346,0.12171427,-1.2643363,0.23785114,-0.2870249,0.19090165,-0.8361853,-0.13505931,1.2465988,0.1273066,0.011292179,-1.4533973,-1.0308604,1.0316502,0.2700129,-0.9665473,0.8401966,-0.071184486,0.028531373,0.306646,-0.28571817,0.21384151,-0.64778453,0.24622433,-0.19122086,0.94086075,0.6508207,-0.995259,0.48917004,-0.15337284,0.23363622,0.73827606,-0.77685374,-0.6554432,0.04984918,-0.10058347,0.666517,-3.7379513,-0.43183377,0.05741242,-0.22017322,0.12176301,-0.41973218,-0.8911767,0.42884764,0.4030377,-0.61755323,0.07319339,0.5106916,0.7636068,-1.1916833,0.695412,0.7444486,-0.28551883,-0.5083633,0.1982788,-2.4526744,0.50059026,0.86014503,0.43782544,-0.806637,0.533166,0.13641162,-1.0303162,0.6184509,0.6235352,0.11802872,-0.051757783,0.5113962,0.8491257,-1.030355,-0.23426346,-0.1648012,-0.6763763,0.08475336,-1.5231376
Nuc_Texture_SumAverage_DNA_10_01_256,0.19211853,-2.3148599,-0.18483703,-0.27378955,-2.8288956,-0.82214516,0.028775722,0.25605193,0.26281482,0.110518225,0.3160787,-2.942383,-1.2438161,1.148455,0.45725942,0.43370783,-0.66751343,-1.428929,-1.5723041,0.21634276,-0.08348153,-0.5336836,-0.15254587,0.43344983,0.2199776,0.14056234,-0.5962892,-3.8595717,-0.67454726,-0.6764188,-4.5745373,-1.0788419,0.13966142,0.57775426,-0.12868942,-0.07727847,-1.0759321,-0.75157785,-1.3534079,-3.4653072,-0.57704496,0.12513031,-3.7400486,-0.6328011,-0.06971129,-0.48285308,-0.44946215,-0.53128886,0.42228302,-1.2264057,-4.733362,0.36967614,-1.1879629,-1.8062963,-0.1387928,0.4011359,-0.9638303,0.058514696,-0.25885984,-0.9673891,0.4130427,-1.3055559,-0.48788333,-0.4651388,-1.8892641,-0.008521576,2.5812256,-0.7272597,0.012830257,0.61145115,-0.28702042,0.44507003,0.055257533,-0.2533789,-1.5652443,1.3535315,-1.1811045,0.1589177,-1.9115672,0.47907713,0.08947977,0.008181595,0.2232694,1.0420071,-2.4522867,-0.8630894,0.8888319,0.27940473,0.6819853,-3.0982182,-0.29022765,0.08975667,0.4197421,-2.0053668,-1.3269359,-0.092568435,0.43183303,-0.033731062,0.40216994,5.106169,0.7864053,0.06332003,0.75184697,-2.6530893,0.07930712,0.15987687,-0.755107,-2.1359093,0.7388846,-1.3824868,-0.8382953,0.0046564937,0.17503299,0.81805974,0.35568726,1.1634685,-3.0406682,-1.3822283,-12.590594
Nuc_Texture_SumVariance_DNA_10_01_256,0.20027697,-2.0811503,-0.07477814,0.98364735,-2.5135436,0.3967339,0.123286046,0.20267992,0.2127346,0.19747932,0.13727771,-1.7481331,-1.016215,1.1827117,0.4948391,0.41653582,-0.82856256,-1.5529209,0.6817302,-0.17508431,-0.06801813,-0.36798355,-0.21079123,0.31629226,0.28910753,-0.12534173,-0.83751553,-3.1712778,-0.5061991,-0.9150236,-3.5460587,-1.1992763,0.19650991,0.32114828,-0.27570182,1.29323,-1.1887522,-0.7993315,-0.01054579,-2.2716553,-0.67621845,0.08596855,-2.7679157,-0.5816335,0.079260536,-0.38530514,-0.50375396,-0.5350068,0.18714851,-0.13665318,-3.7131011,1.3812612,-1.041973,-1.2524031,1.3538324,0.40371695,0.034379322,-0.15101546,-0.2783794,-1.2080035,0.25260326,-0.9787541,-0.48413935,-0.50801164,-1.6174396,-0.43798164,8.351555,0.70162886,0.053854186,2.2636154,-0.26009768,0.18154393,-0.029181128,0.015119036,-1.2900195,7.2282367,-1.2135139,-0.081995286,-1.7707738,1.0674893,5.046119,0.19480479,0.16440374,1.9758912,-2.2986064,-1.238896,1.9709979,0.24791132,0.45390674,-2.8645084,0.024463242,-0.17059314,0.2937508,-1.6423496,-0.989975,0.028508583,0.4081076,-0.13138156,0.35858974,15.091453,0.8416977,-0.04205149,0.88779074,-2.1606274,-0.26985976,0.10534514,-0.9814317,-1.8119302,0.5711866,-1.0039161,-0.46245828,0.11524466,0.3209575,3.855861,0.29727829,0.73086333,-2.3831341,-1.3823687,-6.8982983
Nuc_Texture_SumVariance_DNA_10_03_256,0.22773428,-2.0579689,-0.08960726,1.2279366,-2.620612,0.30444098,0.049567133,0.13693103,0.0657577,0.2527711,0.2365741,-1.974493,-1.0657799,1.1628227,0.6217633,0.38930503,-0.98681957,-1.5021671,0.8848417,-0.17891236,-0.21925354,-0.21577013,-0.32339793,0.34149924,0.14124249,-0.09644577,-0.96213627,-3.1123288,-0.45965815,-0.7803356,-3.482344,-1.1642295,0.1444307,0.34137097,-0.3485783,1.3804942,-0.9442827,-0.9232386,0.19249256,-2.1873984,-0.52111226,0.00029182434,-2.7391024,-0.4771943,-0.07973885,-0.479956,-0.42525697,-0.5585632,0.21152066,-0.16130185,-3.5843952,1.3801311,-1.102459,-1.3209567,1.7999763,0.42781195,0.10935187,0.0005408625,-0.36158988,-1.1812329,0.1559959,-0.8735857,-0.44298157,-0.6055841,-1.5873886,-0.4699014,8.676644,0.64980835,0.041935068,2.356304,-0.36712334,0.25895143,0.035092395,0.17835563,-1.2980578,7.19177,-1.1636192,0.034049932,-1.7762407,1.1608586,1.8603717,0.43906108,0.1796156,2.2440653,-2.2792025,-1.1997256,2.0966535,0.14904186,0.51958567,-2.8363717,-0.10658119,-0.15655561,0.21943866,-1.596313,-1.0818073,-0.029342597,0.31548557,-0.06878362,0.27115095,7.4879518,0.6764447,-0.04450274,0.75510454,-2.0925305,-0.2429338,0.22899818,-1.0374233,-1.8337159,0.47173533,-0.9699833,-0.57021606,0.08357862,0.31604865,3.7739391,0.2242393,0.82758635,-2.2165396,-1.3882371,-7.222958
Nuc_Texture_SumVariance_ER_10_01_256,0.065129615,0.61716825,0.18669277,1.0765166,0.40132198,-0.0607089,-0.07276575,-0.33546534,0.052482706,1.1034718,-0.1655909,3.1979797,0.21172446,0.24463971,0.24399109,0.31435996,-0.32734013,2.2948143,3.0384903,-0.31303522,-0.32816565,0.10817806,-0.58184665,0.0775067,-0.3039093,-0.33966327,-0.26972726,0.74040097,1.4110147,-0.76616675,2.163448,-0.53748655,0.7144139,-0.18096344,0.064626135,3.074632,-0.98459345,0.00671495,1.7174212,-0.9391925,-0.14112148,-0.02165257,1.5159779,0.7250028,0.07883125,-0.458573,0.4582444,-0.40135303,-0.044481635,-1.635244,-0.0932613,-0.14705156,0.5769985,3.9949067,1.354633,-0.74124414,0.22177404,-0.48935094,-0.23058987,-0.06840516,-0.43629393,0.9914236,0.7117562,-0.62571603,0.770855,0.36205876,2.8438044,3.08681,0.17311485,2.2998505,0.18055071,-0.01318109,0.012553503,0.22281635,0.5903408,3.4066365,-0.0405429,-0.36154497,0.18293671,1.4854579,2.4505196,0.5559004,-0.03712511,-0.7771576,1.2366031,-0.16580997,0.18850227,-0.39377537,-0.26184788,0.953811,0.18653697,0.00777784,0.5437916,2.5619204,0.8873102,0.006100138,-0.39797232,0.7639544,0.20411052,1.0035475,0.71747524,-0.023319736,0.276079,-0.033029955,1.2951645,0.08190185,-0.47943664,1.1398541,-0.0910581,0.17809643,1.2065449,-0.033212196,0.2557701,5.156698,-0.30606106,0.38374588,0.46313998,-0.3945028,4.6259193
Nuc_Texture_SumVariance_Mito_10_03_256,-0.43471682,0.15352409,0.77838355,2.1395278,0.5640613,-0.06557353,0.40549254,-0.03260665,0.13815744,1.0974265,-0.20467977,7.525109,-0.094122745,0.24918985,-0.16881107,-0.22662051,-0.36926007,0.16907196,18.827604,-0.2350628,-0.35004994,0.13476984,-0.41092584,1.3059975,0.23427474,-0.4523199,-0.655066,1.1590356,-0.91750795,0.08559976,0.43621054,-0.74927026,0.40539327,0.41576958,-0.57240826,3.1588,-0.16916625,-0.17119564,1.1325182,8.974595,-0.31452525,-0.03419103,0.28216538,-0.11079935,0.025028905,0.22989647,-0.08757017,-0.35892916,-0.45251623,0.9944157,-0.36405444,2.6383042,0.63453794,1.3792845,25.561632,0.21096303,0.04200549,-0.38422355,-0.42457,-0.11575631,-0.45071593,-0.3846793,-0.73381853,-0.6207789,-0.24129479,0.104768455,0.8176883,2.7244189,0.015539467,4.42075,-0.09112203,-0.0949967,-0.50259995,-0.121517606,-1.0605234,0.85259014,0.0957566,-0.028593129,0.41720366,7.504439,4.2519774,0.28654128,0.38732386,1.685115,0.086100064,-0.56366634,-0.9658055,0.2256928,-0.26306984,0.83914804,-0.3271246,-0.1665032,0.44511533,0.98885185,-0.67571014,-0.59807324,-0.21927679,0.68490905,0.2837343,0.94141906,0.5963506,-0.46418485,-0.25399926,0.19905151,0.61821,-0.70286417,-0.813781,0.7617836,-0.30487823,-0.2163723,0.95107764,-0.42288336,-0.23118031,6.0042844,-0.3940648,-0.026668705,0.54283977,-0.946379,7.947237
Cells_AreaShape_BoundingBoxMinimum_Y,-0.08635798,-0.048652243,-0.15158233,0.11130688,-0.0847644,-0.098675616,0.5145566,-0.04704879,-0.52787584,0.17432809,-0.28674886,1.1046373,0.29773977,-0.1666267,0.36161092,0.0942441,0.42784628,0.18720643,-0.82638115,-0.1707633,-0.9868949,-0.37764668,-0.04498202,-0.44198814,0.8438568,0.10141778,0.012113432,0.4182056,-0.41102704,-0.1893845,-0.26511267,0.045158688,-0.07868305,0.24196953,-0.64132726,0.4557809,-0.13688941,-0.09433139,0.16109474,0.018385759,0.20312984,0.11573974,-0.7971966,0.013151,0.47607878,0.4524987,-0.29923025,0.037070394,0.19286972,-0.10580959,-0.41713774,-0.945379,0.073950894,0.029668963,-0.37395087,-0.003828938,-0.048610736,-0.164845,0.31712484,0.26703092,0.08228979,0.6381041,-0.23229079,-0.1545699,-0.39686868,0.49456576,0.013564467,0.5034477,0.0035584073,-0.023747087,0.63990885,-0.28692883,0.05315395,-0.016354457,-0.3062525,0.6316699,-0.19790606,0.08046538,0.318127,-0.59749943,-1.0631528,0.028205255,0.17722665,0.33534682,-0.14115657,0.3124038,0.47403693,-0.5025427,0.7430958,-0.05398186,-0.078795396,0.17733288,-0.23652285,0.3984047,-0.29290333,0.26147738,0.22886693,-0.20071422,0.29674214,0.34246302,0.6256845,-0.6953623,0.14786518,0.12696262,0.075046845,-0.15126038,-0.07424864,-0.49136388,-0.0025278628,0.19630887,0.407282,-0.1527456,0.31419107,-0.020262161,0.34612814,-0.05449008,0.37869596,-0.22117709,-1.707633
Cells_AreaShape_Compactness,0.22596522,0.6884447,-0.26840493,0.43669072,0.38261184,0.021680037,-0.30770668,0.115095474,0.14173412,-0.8796673,0.40498424,-4.00362,-1.0012846,-2.5332844,1.388044,0.16530271,1.0467148,0.4075515,6.271978,0.5387476,0.45453832,2.5438159,-0.17200625,-2.063099,0.46824682,0.17446898,-0.04633686,3.740593,-0.83125216,0.33635756,1.8137345,0.40921593,-0.13912697,-0.1592276,0.2873952,-2.007056,0.52672195,0.022406459,0.5378886,-2.5380533,0.17356122,0.27181873,3.0019112,0.23894463,-0.86410165,-0.0088766115,0.08734048,0.8805155,0.29058683,-0.32104507,-0.26513448,-1.8392067,-0.74837714,0.86711526,6.482885,-0.45270142,1.373414,0.24691363,-0.053996,-0.4103322,0.25211152,-2.4054503,-0.30617556,0.9715791,1.1021458,-0.11406831,-2.5730267,-1.234322,0.028541302,-0.51135683,-0.086955614,-0.018396875,0.11494783,-1.0147508,-0.16393854,-1.0607723,0.94471,-0.010672634,-0.0940957,-5.0871997,-2.60757,-2.908549,-0.031161001,-2.8962777,1.9319876,2.1513107,-1.7340106,-0.1668603,0.5950118,0.89480466,-0.39567256,0.4829894,1.3619038,-1.9564009,0.40327916,-1.816103,0.14331396,-1.37424,0.16765296,-8.551393,-0.57587373,0.254814,-0.2023433,1.062102,-1.0962553,-0.056460142,0.2668544,1.2732219,0.10159884,-0.5402201,1.3453652,-0.5447528,0.434911,-13.705932,-0.0136866765,2.2575202,1.5933437,0.30884847,-1.8689728
Cells_AreaShape_Eccentricity,0.17305036,1.2117416,-0.5296635,-2.8847444,-0.030691499,-0.86499196,0.079640545,0.28422824,0.13751434,0.66749245,0.14250246,-4.210564,-0.73656607,-1.5228685,0.26832366,0.19318135,0.50978416,0.4888946,-5.2150564,0.4758414,0.42652404,0.41723743,0.68179274,-1.3945678,0.18841338,-0.05827404,0.5978913,2.6575737,-1.0947515,0.022112003,1.6564684,0.40124908,-0.25779477,0.2699425,0.24527179,-4.8816338,0.643378,-0.11858153,-1.2505264,-1.805451,0.3227068,0.13118827,1.6475201,-0.318869,-0.044344205,0.24949254,-0.13075005,0.72710586,0.3430682,-0.46459985,-0.0901076,-0.8479462,-1.0718279,0.72459865,-2.230092,-0.389666,0.73483306,0.2674582,-0.3144085,-0.059910048,0.33435297,-5.1020846,-0.5499536,0.15253994,1.2791661,-0.24946462,-4.887589,-1.6856565,0.028786859,-2.8302794,-0.042041715,0.27163446,0.22501917,-1.3293045,-0.092952855,-1.9271803,0.54161865,0.21404569,-0.66890264,-2.090182,-15.848003,-0.7894109,-0.14718467,-1.4355087,1.0740832,0.014965584,-0.48034438,0.33431372,0.29104048,0.9974386,-0.2695413,0.20850503,1.0101323,-1.5476471,0.33526734,-0.5542172,0.48085162,-0.70457053,0.21752667,-7.830541,0.23781359,0.16332656,-0.11005604,-0.90778995,-0.42369685,-0.1319351,0.37261462,0.94889396,0.20438612,-0.14117058,-1.9380374,-0.027374446,0.37714896,-15.6454315,-0.0017609,1.6579953,0.3133006,0.41839972,-33.08276
Cells_AreaShape_MaximumRadius,-0.121613525,2.5587122,1.5236259,5.1848655,-0.09402141,-0.09093141,0.18165141,-0.20240147,-0.15406673,-0.9516568,-0.22519527,6.549909,0.37769547,-0.9818406,2.6245654,0.102005064,0.5077757,0.4332271,5.701147,0.5780642,0.14382242,2.1357903,-0.06600472,-2.145915,0.6278838,-0.13305105,0.39141986,5.087033,1.6674923,-0.40251064,6.9493637,0.92989516,0.27663672,-0.32999006,-0.32133082,4.148554,0.53808624,0.74694043,-0.8305108,-1.7127448,-0.01895672,-0.19907977,5.5744405,2.5762608,-0.7972856,-0.010158107,0.24192679,0.34531775,-0.42806038,3.1629698,0.061919775,0.0030161936,-0.11446149,4.0408044,5.2182584,-0.75597113,2.2708013,-0.08630139,-0.5463771,0.8373682,0.0015433232,8.520579,1.2289801,1.2999492,2.2199893,-0.29678515,5.6615624,-0.16962546,0.026263943,1.967576,-0.08273815,0.03019754,-0.70645255,-0.9183302,1.5417887,6.784656,1.3410133,-0.5873429,0.99785304,-0.9301569,1.538146,-0.7521743,-0.06610068,-2.0674226,2.932602,1.4675285,2.4493554,-0.36770758,0.36543858,0.71288115,-0.3798422,-0.04795046,2.532295,-1.2095186,1.2594265,0.2571726,-0.58984727,-1.0950131,-0.42115632,2.9509516,-0.9307129,0.13833335,-0.19276118,-0.5404184,-1.024634,-0.35741362,0.5772434,3.595815,-0.32177806,0.13396847,4.361091,-0.086604394,0.16250022,0.61359596,-0.45033297,2.6770165,1.9012341,0.31967255,-2.9808035
Cells_AreaShape_Orientation,0.036782842,0.18497543,0.44929156,0.17089088,-0.21868162,0.072636455,-0.23470342,0.35524544,0.23960318,0.14602698,-0.24921064,-0.22347774,0.26180235,-0.329084,-0.3408216,-0.2650377,0.4880549,0.20160969,-2.4935462,-0.024187729,-0.18166047,0.1154742,0.11366603,0.2046042,-0.363698,0.36786845,-0.20576614,-0.19423164,0.056340814,0.16370164,-0.5414761,0.32711455,-0.19737582,-0.28108326,0.042868644,0.24328513,-0.30708253,0.1294041,-0.124736786,-0.0872935,-0.10748007,-0.2123664,0.003965477,0.18273723,0.020172903,0.29250184,-0.23199902,0.11354774,-0.44465122,0.15091187,-0.14739677,-0.98944616,0.21970594,-0.51017433,-0.6913385,-0.26312754,-0.32535928,-0.13406329,-0.035354663,-0.0062328726,0.09040075,-0.20950527,0.32901415,0.08618859,-0.08234846,0.17413153,-0.073774494,0.40464377,0.54108757,-0.014453749,-0.12394732,0.29447958,-0.37778533,0.100045204,-0.38895133,-0.15810664,-0.36058673,0.017819906,0.542528,-0.45819065,-6.7526183,-0.29714772,-0.25366846,-0.3482109,0.026559874,0.024092475,-0.27068505,0.14268939,0.34194377,0.5223772,-0.108722866,0.20048308,-0.015198867,0.2717872,-0.14937359,-0.33277932,-0.1581515,-0.41458258,-0.06233414,7.9435954,0.13321005,-0.25657418,0.3330506,-0.24662144,0.06792849,-0.5813042,0.11723957,0.08110497,0.01854383,-0.05318457,-0.040364165,-0.14566667,-0.2551739,-0.79479927,-0.3449076,-0.14302804,0.4360477,-0.51868266,-1.3050665
Cells_AreaShape_Solidity,-0.3012541,0.25401506,0.42786005,0.18207209,-0.29261672,-0.35801458,0.14368372,-0.38814065,-0.18887602,0.70206857,-0.59465414,7.0072556,0.9786453,2.45785,-0.60884076,-0.10035036,-0.6469612,-0.18772411,-4.380868,-0.48880073,-0.5534036,-1.7973343,0.102009796,0.9525857,-0.41175616,-0.44365132,0.4133147,-1.3353132,1.4491261,-0.57664233,0.52220774,0.04959346,0.595516,-0.098777466,-0.43229565,2.8021896,-0.5573456,0.032408178,-1.1450516,1.6648594,-0.03539911,-0.33906457,-0.76503557,0.44831172,0.65229374,-0.07316797,-0.1177209,-0.7651761,-0.4424639,1.5705746,0.13017218,1.6610398,0.49317965,0.67726135,-5.243815,0.017578363,-0.6759815,-0.39524612,-0.21661879,0.5550918,-0.28273627,3.3891408,0.560877,-0.7637513,-0.06519306,0.10507225,3.1375332,0.958695,-0.2502496,0.48613286,0.016894551,-0.008822009,-0.20575885,0.9711841,0.622249,1.9658356,-0.66415673,0.052423496,0.29399028,5.171801,2.4455361,2.8373573,0.07178172,2.0412786,-0.69961387,-1.1890569,2.827648,0.09206775,-0.5604235,-0.27719447,0.36694983,-0.54593784,-0.26485476,1.6037545,-0.0906497,2.3038085,-0.33023286,1.1294259,-0.27993193,9.078082,0.35303202,-0.3443471,0.115608156,-1.4614679,0.7033565,-0.237292,-0.29267946,0.41680244,-0.23525973,0.6611914,-1.0073352,0.60053587,-0.502708,13.398484,-0.11565321,-1.0159143,-0.94333,-0.28720418,-2.0243301
Cells_AreaShape_Zernike_0_0,-0.08147641,-1.1015352,0.5020659,2.2429912,-0.19179948,0.74156255,-0.07954221,-0.12029474,-0.18334909,-0.2010784,-0.3256733,6.898868,0.56401336,1.9736238,-0.8939871,-0.16091375,-0.8648179,-0.14536493,0.40835842,-0.56759197,-0.3884615,-1.0819311,-0.36167774,1.8444128,-0.24493843,0.029921213,-0.57655305,-3.0805557,0.84685725,-0.057385266,-1.5631593,-0.5751324,0.4795631,0.015039851,-0.34070286,6.451205,-0.57511145,0.15817611,1.445467,2.3978393,-0.4091495,-0.3213442,-1.5766255,-0.0512139,0.3255866,0.0367918,-0.12287674,-0.96235514,-0.5634422,0.49501476,-0.20002669,2.076774,0.9283499,-0.75864905,-0.9589229,0.077522,-0.7529454,-0.31268153,0.46743524,0.031734433,-0.21842818,5.762194,0.23103149,-0.32570037,-1.4254189,0.27344307,5.4505177,2.6571395,0.18160634,2.6070042,0.006284734,-0.09552568,-0.25840425,1.1009094,0.06707836,3.7976186,-0.62159485,-0.3690854,0.55110854,4.342287,11.581086,2.0852487,0.10522135,2.430794,-1.8604412,-0.8128002,1.0453289,-0.27710307,-0.32215753,-0.87097913,0.49954295,-0.37772927,-1.188944,2.0247629,-0.61913586,0.9238662,-0.38557747,1.1929516,-0.13122152,10.88503,0.15839742,-0.311075,0.10386366,0.8127931,0.99841005,-0.0822737,-0.5543047,-1.0945894,-0.16183728,0.18685007,2.374922,0.40916502,-0.35074636,19.697624,-0.16155492,-2.1829755,-0.7802877,-0.34340394,12.872968
Cells_AreaShape_Zernike_1_1,0.061567303,-0.51709396,0.36886084,-0.42791295,-0.3293431,0.47549853,0.18225344,-0.06770522,-0.43913516,0.002952844,-0.2325208,-1.8270274,0.38231865,0.8455689,-0.47715616,0.4586977,-0.23240066,0.2283634,2.707182,-0.3857555,0.086190976,-0.24253379,0.09718218,0.93432254,-0.35026458,-0.1460399,0.25900954,-0.8620711,-0.021384647,-0.2448286,-0.8416224,0.019892752,-0.5952064,0.13482003,0.1805958,0.50970155,-0.5361562,-0.05656301,0.21678309,1.3863894,0.33999965,0.35854343,-0.5226604,0.16673477,0.053566735,-0.24708192,-0.40928975,-0.2024997,-0.06760061,0.15446101,-0.11609266,-0.30679396,0.42583153,-0.060705036,1.0722096,-0.10557314,-0.12860794,-0.3464917,0.28114498,0.53973216,0.028520426,0.67039067,0.24637687,-0.5049007,0.22272128,0.32116726,0.40760335,-0.0053182044,0.4536568,-0.49063805,0.25094685,0.3279052,-0.20286785,0.4328737,0.36343685,-0.19419229,-0.1531528,-0.24134938,0.19916445,1.18,6.444841,0.08855272,-0.06703416,1.176072,-0.046532333,-0.31426224,-0.22720538,0.12769085,-0.13520998,-0.673491,0.54290736,0.012621661,-0.03144728,0.18199678,-0.07180051,0.16927598,0.4618648,0.50068516,-0.17488265,-2.4925752,0.2141047,-0.05668058,0.0242877,-0.6265798,0.08492887,0.275051,-0.5298163,-0.39762917,-0.07396544,0.7289656,-0.67378074,-0.03905052,-0.32680002,-1.7529885,0.07945358,-0.5653567,-0.3099487,-0.07321646,18.593655
Cells_AreaShape_Zernike_2_0,-0.42105195,0.18961482,0.10531259,0.76311046,0.6053366,-0.9117915,0.027851889,-0.03920959,0.3418196,-0.55822057,-0.11412158,1.6999292,-0.0019033849,0.7076504,0.23470265,0.09106005,0.32249108,-0.2004503,1.9194959,0.17333704,-0.128455,-0.6418084,-0.23233454,0.62501144,-0.117013924,-0.0097538335,0.022177557,-1.2541109,0.87120503,0.13003838,-0.22944343,0.35708055,0.027298788,-0.20740058,-0.33414283,1.6692625,0.015722727,0.7457733,-0.09840381,0.8845543,-0.31197253,-0.559484,-0.23499918,0.61645466,-0.33356237,-0.20228493,0.21543884,-0.42362246,-0.2271936,0.38081375,-0.09867549,-1.1091813,0.39081708,0.17018645,0.60288054,0.3450576,-1.3097786,0.3741378,0.3446127,0.6492441,-0.1212008,0.8817301,0.7798161,-0.012171924,-0.4899309,0.31470558,-0.38882518,-0.083446346,-0.28503326,-0.04369239,0.49375677,-0.12791884,-0.5617217,1.0134567,0.8919532,-2.7417467,-0.14099604,0.36058256,1.1595107,-1.5655459,-14.484458,-0.05561344,0.3113417,0.101656795,0.44531146,-0.040075243,0.027103683,-0.43365142,0.46216682,-0.35595274,0.18022193,-0.09174985,-0.30118048,1.5082268,-0.03962191,0.39687446,-0.3579367,0.21069203,-0.35114232,4.862287,-0.56172234,0.12440369,0.038148046,1.6205372,-0.07795044,-0.03937893,0.3539741,-0.35170212,-0.17386614,0.430475,0.186296,0.001235803,0.15440537,-10.727632,-0.052932113,-1.0595388,-0.61884886,0.43175077,-3.482394
Cells_AreaShape_Zernike_2_2,0.27208033,-0.05998073,-0.44404256,-1.6216167,0.026343107,-0.09213084,0.28473935,-0.115519226,0.21665318,0.6878686,-0.013721366,1.7220821,0.26418638,-0.21159284,-0.84904337,-0.4108856,0.18684827,0.4072282,-10.171609,-0.062255263,-0.06678659,-0.21304668,0.00053758174,0.6629012,-0.11665213,0.0053820163,-0.13939492,-0.25968847,-1.1158969,-0.03350622,0.11199651,0.103154056,0.11194096,0.18607265,0.08504287,-0.1662572,-0.20670116,-0.30760637,0.27776384,0.02132809,0.050288726,-0.4050875,-0.36546674,-0.26457527,0.44556788,0.16839497,-0.14413491,-0.13107121,-0.029498458,-0.50809795,0.13153203,0.95109534,-0.027350843,0.03354125,-5.4564495,-0.1213334,-0.007963061,-0.10763705,0.035232503,-0.30055156,-0.2574092,-0.9413507,-0.21473819,-0.13954921,-0.705575,-0.5934851,-0.49953613,1.6477829,-0.27359083,-0.6749026,-0.05494793,0.13261312,-0.104901195,-0.485288,-0.45233297,2.5257902,0.12718435,-0.100165874,-0.89984035,2.2727096,-13.707217,0.9959243,0.10275313,0.3540938,-0.72064924,-0.13946173,-0.43523252,0.46037015,-0.19896936,0.31522316,-0.023492435,-0.123552464,-0.04442534,-0.25151342,-0.6172765,-0.33854103,0.21676935,0.6632679,0.0012210557,0.9509549,-0.44570768,-0.2048556,-0.21942465,-0.02003035,0.68991524,-0.0868471,-0.090171374,-0.62640285,0.3664117,0.48807415,0.619951,0.4603282,0.1110659,-1.5968164,0.054955542,0.14487682,0.0584008,0.04487731,-43.55218
Cells_AreaShape_Zernike_3_1,0.30406448,0.66516346,0.35585415,-1.8218266,-0.14601655,0.26061,0.595728,0.03654796,0.2754993,0.02728006,-0.117427476,-4.7572827,-0.3472419,-0.36119702,0.26778495,0.46678564,0.042451207,0.25671884,1.299558,0.29932356,0.2341699,0.7472512,0.42178115,-0.8015277,0.019903684,-0.046461683,0.13507758,1.4764806,-0.4846065,0.0018148124,0.77710986,0.3127674,-0.4499439,0.22483747,0.30750117,-2.6137478,0.1743697,-0.1529928,-0.46984565,-0.4514641,0.41166973,0.47914705,0.49935853,-0.23931886,-0.038318258,0.2610962,0.097071506,0.5988705,0.30956528,0.08749693,0.6594598,-1.3579522,-0.45071352,0.92730206,1.9547843,-0.17478651,1.0968791,0.22823127,0.08350971,0.17109394,0.21235906,-3.05509,-0.10314993,-0.086968504,0.89203805,-0.123645894,-3.4471834,-1.5163145,0.15581489,-2.4667225,0.16681421,-0.068682626,0.43231377,-0.12885575,0.03382286,-1.718002,0.36255553,-0.029908165,-0.36003304,-3.084716,-3.6828232,-1.0824846,0.030629238,-0.7221039,0.887935,0.4253911,-0.78903025,0.15278123,-0.023573527,0.3341259,0.4114242,0.08118527,0.64759034,-1.1000055,0.0690045,-0.38873705,0.67467326,-0.20609748,0.3317215,-4.1479607,0.57264334,0.43361458,0.35753083,-0.4586048,-0.451888,0.13730626,0.14446229,0.68594867,0.21764189,-0.14389093,-1.5483884,-0.31835893,0.087242365,-9.035634,0.13997914,1.0386301,0.31914267,-0.24001105,3.8727262
Cells_AreaShape_Zernike_3_3,0.05181919,-1.338596,-0.13639438,-0.26623085,0.11888453,-0.023465445,-0.5426592,0.12309731,0.056870148,-0.19563131,0.11537585,-4.1110697,0.019465417,0.5164583,-0.06898481,0.07041282,-0.08853639,-0.3350023,0.6162597,-0.1441681,0.19936568,0.30347592,-0.38137746,1.7116632,-0.66900986,0.3163468,0.17074667,-1.4658952,0.06463615,0.29436615,-1.9161816,-0.045755625,-0.064596534,0.51520133,-0.082520485,0.18414266,-0.1794918,-0.09761268,1.1494693,0.83817464,0.12534843,0.13865663,-2.007906,-0.33092684,-0.037460763,-0.13221918,0.16715403,-0.22595124,-0.2032779,-0.33843613,0.099046916,-0.098029576,0.94652826,-1.2327976,-0.57825595,0.27373603,-1.2407371,-0.48607203,0.3979261,0.3057483,-0.37759665,0.9181475,-0.20925188,0.10465915,-0.68762875,0.23475017,0.6832349,1.0901564,0.42213753,0.29425368,-0.13765687,0.25426963,0.3016067,1.418603,-0.025693268,-0.4055644,-0.064020365,-0.42604518,0.95611924,-0.3616493,-2.797674,-0.44583428,0.36377883,1.1537725,-1.1559356,0.24262874,-0.640388,-0.14085932,-0.57987493,-0.48099685,0.6922796,0.09844166,-0.7526433,0.81085604,-0.30645669,0.4723027,0.09615118,0.4399205,0.23146373,-9.758654,-0.30794978,-0.11379195,0.21641941,1.7167856,0.5114166,0.18678927,0.10544322,-1.0264858,-0.076566115,0.041192353,0.07309977,0.12440079,-0.595656,-3.4030278,0.079121344,-0.60384303,-0.071127556,0.2956439,21.949453
Cells_AreaShape_Zernike_4_0,-0.25143877,0.28719726,-0.060965437,1.0663939,-0.079222225,0.51226676,0.074379675,-0.14250754,-0.17666344,0.5180389,0.022938574,7.293757,0.24471779,-0.2619373,0.6246626,0.007687375,0.048459116,-0.12549084,2.587382,-0.03903373,-0.15351345,-0.5494352,-0.14714277,-1.1785425,0.15040483,-0.10213989,0.22030234,1.2537237,-0.12716104,-0.460274,0.87869453,-0.5051109,0.72687143,-0.425766,-0.061137717,0.8829954,-0.024665594,-0.48238745,-1.1119915,-1.2386612,0.1429912,0.14277405,1.1198263,0.10894451,-0.037101716,-0.2547117,-0.12429237,-0.13428289,0.47367573,0.81685466,-0.12601148,0.73613423,-0.48798823,0.50741994,0.5934032,-0.6889104,1.3383188,0.25459173,-0.22814105,-0.21658082,0.13021804,1.3769776,-0.036699098,-0.26373598,0.3087085,-0.30305985,1.9412866,-0.7889292,-0.14968619,1.557889,-0.843952,-0.05994013,-0.16440156,-0.62957567,-0.46302786,1.7649584,-0.0070648342,-0.1075559,-0.8792868,1.705999,15.2265215,0.8797569,-0.29827705,-0.391557,0.19871289,-0.2661043,0.85678196,-0.054649252,-0.11405916,-0.15944065,-0.6379362,0.009926398,0.69825584,-0.6279207,0.2021628,0.36096123,0.027639985,-0.4833707,-0.24886324,9.769509,-0.6587167,-0.17802902,-0.33386657,-1.699406,-0.6612378,-0.004198929,-0.0682958,0.75269157,-0.28258535,-0.6843672,-0.06317073,0.17236619,0.014584795,13.54819,-0.3562776,0.7751691,-0.04967882,-0.42286637,21.714724
Cells_AreaShape_Zernike_4_2,0.14461702,0.84124273,-0.7808879,-2.3221462,0.27125946,-0.86202663,0.34035602,0.35994652,0.34261772,0.15129636,0.4433426,-5.528939,-0.5090019,-1.4149221,0.27409393,0.11905862,0.8611371,0.24990948,-5.3008347,0.7456877,0.19409867,0.7994931,0.14906919,-1.1945299,0.019821113,0.014888267,0.57681066,1.869006,-0.65169686,0.51098853,1.5311006,1.023519,-0.17567837,0.15774278,0.36935243,-4.1731467,0.82888204,-0.10943401,-0.955975,-1.3441426,0.49392805,0.14205162,1.1938698,-0.06417829,-0.07478664,0.7160864,0.46623978,0.81759644,0.67723304,-0.4681549,0.32780877,-1.6366726,-0.409444,0.15329383,-2.977006,-0.07555991,-0.18950659,0.35667744,-0.19770133,0.027220061,0.039559823,-4.0099916,0.048014503,0.2600818,0.75196785,-0.22607,-4.0059366,-0.896853,0.017297259,-3.1794002,0.086036555,0.1564082,0.22765715,-0.79134494,0.4642042,-2.1325173,0.2826345,-0.13126068,-0.31828165,-2.7604237,-4.7822747,-1.4482231,-0.07065757,-1.8287582,0.9561849,0.79447603,-1.1056538,0.11283264,0.34158242,1.0724564,-0.16367202,0.23630582,0.96806914,-1.0822229,0.32318142,-0.5862988,0.2686486,-0.26332995,0.06942527,-12.71396,-0.42246795,0.13746904,-0.003159533,0.013455967,-0.53661543,0.082234435,0.5701878,0.6120296,0.12633392,-0.030980587,-1.7621555,-0.6025718,0.5954001,-11.705592,0.15344422,1.6706277,0.68133336,0.768596,-27.504408
Cells_AreaShape_Zernike_4_4,0.15944976,-0.46800947,-0.18663359,-2.4829514,-0.015741974,-0.27215806,-0.0344813,0.21741731,-0.17735714,0.7643731,0.07624536,-3.9555368,-0.02557298,-0.2912815,-0.569474,-0.42036727,-0.060502797,0.016785959,-6.754242,0.12596636,-0.07204726,-0.9600744,-0.028135708,0.26617238,-0.26663855,-0.24696653,-0.25093988,0.0035276413,-0.25475952,0.33907318,-0.43385467,0.20277189,0.39753345,0.2438441,0.07415169,-2.6640031,0.06431475,-0.13017197,0.16320361,1.1472149,-0.13288206,0.22540541,-1.1718245,-0.29460815,0.20006466,0.33359525,-0.10106125,0.043866515,0.29078454,0.11177153,0.04428655,0.94137794,0.04297048,-0.8275493,-4.321261,-0.29795557,-0.81418353,0.052709233,0.42509267,-0.25377455,-0.094660096,-2.6838887,-0.42451453,-0.2693518,-0.3322219,-0.019094298,-2.628089,-0.4131309,-0.33299577,-0.9780116,0.22906739,0.20424038,0.12257608,-0.34398153,-0.43954656,0.23450737,-0.095971964,-0.12618655,-0.36941013,0.8218765,-5.82799,0.6423518,0.53867555,0.40558162,-0.45057693,-0.3267572,-0.4119829,0.19217849,-0.028865436,0.051358838,0.4374796,0.15264772,-0.51514095,0.19380061,-0.9939471,-0.05055384,0.2217607,0.6305874,0.36724737,1.5904051,1.1842303,0.12995781,-0.19502254,-0.22489715,-0.19476575,0.34560212,0.21336518,-0.57565206,0.44830537,0.023575792,0.124012776,0.72761256,-0.18282104,-7.5692315,0.05291908,-0.4266683,-0.45354488,-0.2806456,-4.8879075
Cells_AreaShape_Zernike_5_1,-0.036778927,0.05674426,0.120171845,-0.27782544,-0.010975962,0.6018025,-0.17208956,-0.05129072,-0.5630152,-0.1556061,-0.2434426,-1.2357231,0.65225726,-0.25956678,0.14981373,0.33928242,-0.20042074,-0.18227644,2.1867468,-0.10120324,0.6274717,0.3513589,0.15288407,-0.062360484,-0.36346218,0.3280676,-0.22072583,0.48390862,0.5517423,-0.007453064,0.3019854,0.12005782,-0.40740263,0.08299252,-0.1862964,0.4857287,-0.03978163,-0.028828649,-1.2711085,-0.32297912,0.16862583,0.34059915,0.038276654,0.64570576,0.2575924,-0.28767478,0.082036175,0.033286035,0.21791561,0.036181927,0.22431767,-0.76835084,0.34852174,1.2378683,2.1453345,-0.007873933,1.4779472,0.25955832,0.32792327,0.19990633,-0.1963818,1.2104336,0.02307407,-0.14887215,0.09571263,-0.5598188,0.75229424,-0.81760496,0.047574896,-0.54994,-0.34163418,-0.46784338,0.42415896,0.40170732,-0.63947666,0.20527212,-0.16103321,-0.16518989,-0.19188304,0.0877789,-3.1470346,-0.2726691,-0.27357146,-0.0030699968,0.34001508,-0.13962835,-0.15082689,0.3337489,0.2544135,0.009764607,-0.33090654,0.2932337,0.07571531,0.36007938,0.36920094,-0.113812774,0.001888629,-0.5330523,-0.12123672,0.683809,0.3640064,-0.19755764,0.23850292,-1.0083712,-0.020408204,-0.21670811,0.1241376,-0.15852594,-0.5100369,0.18723297,-0.24540617,-0.116654925,0.013570289,-0.25838852,0.22295274,0.38998938,0.37354565,-0.29642245,21.44559
Cells_AreaShape_Zernike_5_3,0.20204417,-0.27266344,-0.33399692,-1.218558,-0.11784797,-0.5296772,-0.40706542,0.42470527,0.22881223,-0.08335335,0.14419341,-5.115389,-0.41690397,-0.60681105,-0.10214412,0.20452328,0.6096162,-0.1650172,-2.8853877,0.20057118,0.68332416,0.8964669,-0.29272845,0.29730025,-0.40227196,0.10419325,-0.30275682,-0.31752416,-0.50655824,0.19961233,-0.29163605,0.25931123,-0.023398459,0.28841376,0.07058692,-2.7263138,-0.110149406,-0.1053768,0.39820507,-0.60324085,0.24138808,0.52317166,-0.86066914,-0.15077582,0.34322277,0.079974465,0.026542643,0.2247773,0.34489062,-0.8957689,0.18608786,-1.1312283,0.29931718,-1.1427841,-0.49954948,-0.15941253,-0.95605654,-0.28223476,0.19765432,-0.15154296,0.23867215,-1.7125555,-0.28285885,-0.2127037,-0.38840356,0.4761378,-1.7940155,0.21865416,0.60406095,-1.5279189,-0.00083651143,0.09377178,0.21799242,0.49358094,-0.050778884,-1.9280676,0.35677278,-0.0037057798,0.42650715,-2.1706555,-8.6935835,-1.5304571,0.53087896,-0.6916289,0.122356944,0.17942101,-1.2472748,-0.15181784,0.13921611,0.3341299,0.2635626,0.48651075,-0.26921725,-0.7285482,0.22474949,-0.7241683,-0.0749651,-0.06129222,0.3658004,-7.4299183,-0.6254673,0.18195258,0.5012815,1.1775212,0.20496209,0.26526418,0.16793744,-0.79979235,0.13533281,-0.14380874,-1.46377,0.08953806,0.038207125,-5.608954,0.399088,-0.163319,0.0642327,0.34237114,-13.878411
Cells_AreaShape_Zernike_5_5,0.15579163,-1.25562,-0.4534711,-0.41878685,0.051835656,0.13376181,0.22212511,0.23890162,0.35020205,-0.32084474,0.14634039,-4.4743056,-0.42296156,0.2902404,-0.5896302,0.024664959,-0.28776076,-0.242447,-1.5222545,-0.124816865,-0.31707832,0.30480945,-0.29331046,1.4787344,-0.14183548,0.20340537,-0.008002837,-1.5029064,-0.15519427,0.40570316,-1.878002,0.14798455,-0.426229,0.42829838,0.4238626,0.053142827,-0.16631608,0.1616966,1.3770622,0.48552346,0.27738634,0.1713072,-2.0863678,-0.33611593,0.47006217,-0.17973232,0.035241168,-0.7322189,-0.22443582,-0.82393503,0.2138036,-0.14319216,0.75387925,-1.2364551,-0.93744224,0.2721238,-0.98824424,-0.11474111,0.3892554,-0.13774389,-0.6818926,0.56700397,0.003347079,-0.06629942,-1.3416581,0.53187156,-0.043861747,0.7104295,0.16408394,0.55696875,-0.2128069,-0.06246182,-0.33191785,0.6406477,0.22082447,-0.06971984,0.1888309,0.45397815,0.06689016,-0.3699491,-7.0411325,-0.119758375,0.18846388,0.47729787,-0.99344206,0.13941388,-1.4739109,0.0055501065,0.064002216,-0.24519853,0.9317309,0.17697184,-0.5566556,0.34905407,-0.43949488,0.24510144,-0.4108721,0.33700833,0.23254271,-6.84387,0.30893618,0.15938886,-0.015159761,1.5780023,0.57506716,0.22399907,-0.21705608,-1.1229676,0.17189477,0.0288136,0.96380687,0.10011711,0.11546016,-1.1092834,0.27337888,-0.5674496,0.083151035,0.10227966,13.474973
Cells_AreaShape_Zernike_6_0,-0.4271047,0.15426616,-0.17645012,0.5354002,-0.22290921,0.14642456,0.150743,-0.3401321,-0.04025799,-0.23739094,-0.30456418,0.6524104,-0.06399032,0.5088454,0.015948197,-0.3004205,-0.06565667,-0.17261009,-1.1042188,-0.26980665,-0.21390946,0.13171446,0.12990798,0.46556905,-0.47908148,-0.07237774,-0.22143537,0.15535544,0.22448039,-0.51372224,0.20148754,-0.32102096,0.27433673,0.4031283,-0.2707381,1.3670212,0.014758487,-0.2736697,-0.8891874,0.08131394,0.029769592,0.06502097,-0.19947274,0.19240262,0.0047233105,0.32589352,0.12133509,-0.1410091,-0.7288241,-0.1169829,-0.22382744,-0.1977927,-0.34552506,0.76350194,-0.12155571,0.040771842,0.5889711,-0.11544391,0.33769336,0.19256054,-0.041440327,0.52134687,-0.39752173,0.19069338,-0.4072421,-0.02293097,0.49834928,0.12249267,-0.09523132,0.18499096,0.0014056191,-0.23467612,-0.53172994,0.66072315,0.5927157,0.009797613,0.016842643,-0.20229118,0.22786294,-0.0020567973,10.8764,0.75997066,-0.37013876,0.48643395,-0.52762955,-0.2628717,-0.09848074,0.046124298,0.06844673,-0.18487068,0.124530055,-0.01251173,0.15661174,0.28424776,0.10463655,0.41606522,-0.3194803,-0.29512456,-0.1614768,12.598946,-0.18590869,-0.16375671,0.12634638,0.15282279,-0.2883635,0.28075746,-0.12784256,0.074319996,0.039566185,-0.14317961,-0.58308405,0.06019621,0.23741741,8.828193,-0.3096979,-0.037149712,-0.18282895,-0.07713493,8.649825
Cells_AreaShape_Zernike_6_2,-0.01340836,-0.07146621,0.047064435,0.73684067,-0.30989042,0.29766962,0.065241456,-0.055180896,0.28512666,-0.25046435,0.1712035,2.7364914,0.861417,-0.42397675,-0.4043391,-0.13234077,0.11757153,-0.18196897,3.347293,0.15997992,0.11469829,-0.24382776,-0.18663411,-0.4695017,0.4360865,0.29964313,-0.04678301,0.18342759,0.4545182,0.05869834,0.11324742,-0.3772377,0.30339807,0.08398402,-0.11768216,-0.033243816,-0.35940972,0.08058306,-0.6375264,0.23990546,0.22084475,0.0067556053,0.47021893,0.5771895,0.73096085,0.1621454,-0.19725402,-0.39808062,0.2539172,-0.78292817,0.12560752,0.93084145,-0.1874425,-0.128103,0.09482659,0.037443876,0.4170657,-0.26106635,0.11544623,-0.37806204,-0.13658881,0.5171646,-0.08853709,-0.3784035,-0.45320824,-0.70716685,1.0943035,0.1469694,0.056830447,0.86561257,0.2878169,0.4674542,0.22888185,-0.61822623,-0.58173645,1.3666626,0.06357051,0.16139317,-1.2739935,0.530911,-3.4355748,0.22778344,-0.19075917,-0.032601796,-0.31150904,0.21776098,-0.12815994,-0.15088238,0.38799414,0.18896401,-0.06352216,0.014901876,-0.0783942,-0.2300105,-0.29962492,-0.24361198,-0.28474987,0.18029022,0.19926588,9.146611,-0.09039682,0.026947638,-0.05024588,-0.35732183,0.21656029,-0.03987007,-0.04585604,0.1923008,-0.16282994,-0.18557799,-0.1374945,0.27376398,-0.5557571,-0.10857848,0.19715732,-0.04437675,-0.08644078,-0.47952697,-15.607221
Cells_AreaShape_Zernike_6_4,0.43938723,0.68682915,-0.22405507,-2.3496916,0.17578276,-0.47908223,-0.45048475,0.0974575,0.023412168,0.31602922,0.6211106,-5.3570924,-0.7201157,-1.1381625,0.6151149,0.28635952,1.0529988,0.80504876,-2.271375,0.10460174,0.26480183,0.35352024,0.28763452,-1.0331364,0.24620867,0.36697188,0.01965945,1.8669287,-0.79651886,0.49992356,0.68608457,0.3534149,-0.022009373,-0.028781736,0.15538026,-3.1844273,0.11281064,-0.10916233,-0.9563634,-0.7420986,-0.2077639,0.26412156,0.54597765,0.15177375,-0.137134,-0.19808239,0.3422391,0.48109365,0.21176188,-0.7914171,0.2802437,-0.8906,-0.39996862,-0.6245752,-0.6292631,0.14022481,-0.32221082,0.3475876,0.052547187,-0.17127092,0.20625989,-3.2256508,-0.013863484,0.13933511,0.40889832,-0.21243621,-3.568861,-1.5178267,-0.11132726,-1.8947353,-0.032027375,0.14604941,0.01008824,-0.5523651,-0.12376273,-2.3304627,0.45817927,0.3439095,-0.29091126,-2.2482834,-8.924478,-1.7001888,0.27281266,-1.5541872,1.4059356,0.47064415,-1.4930521,0.0159664,0.7208995,0.6903496,-0.26292476,0.5972308,0.59349316,-1.2481484,-0.010730813,-0.7920411,0.45799413,-0.47035703,0.15846461,-8.340949,0.18697786,0.3512613,0.08300029,0.23789239,-1.0272411,0.28045788,0.17777492,0.46498588,0.38061404,0.092910886,-1.8471998,-0.09000825,0.11172659,-11.029855,0.27979505,1.2096499,0.7381579,0.23895484,-1.1888822
Cells_AreaShape_Zernike_7_1,0.10220013,-0.28076586,0.65863824,0.5787179,-0.0021363895,0.32287982,0.27569035,0.077551,0.16311571,-0.27930042,-0.15272604,-1.0977291,-0.18166493,0.6858799,-0.16210988,0.77857,-0.6202369,0.20301838,2.0430152,-0.24946702,-0.19624376,-0.07956195,-0.313274,0.6480353,0.041057903,-0.044758517,-0.6643085,-0.0883764,0.17778327,-0.52599925,-0.010105133,-0.06962348,0.40882087,0.0064358264,-0.06575739,0.77925754,0.13161929,0.15642859,-0.1556245,0.49676684,-0.050417263,-0.07877233,-0.5244419,0.08667338,-0.069332086,-0.3828844,-0.16693735,-0.08142635,-0.2606004,0.55393475,0.011409789,-0.86194396,-0.08853257,0.110976756,1.8429203,0.3207278,0.15718915,-0.48495245,-0.17523694,0.24123056,0.16604364,0.5764859,0.26559904,0.16342847,0.14882451,-0.11337554,-0.11822096,-0.23698004,-0.33416283,-0.24889435,0.1716783,-0.13975012,-0.14239123,0.7550776,0.27937984,-0.5369155,-0.06304712,0.16034764,0.18851589,-1.0712689,-4.3647294,0.14390568,-0.10783115,0.8187626,0.5067836,-0.56606257,0.021266103,0.0026686143,-0.15589869,-0.35249147,0.31886882,-0.30464828,-0.5846924,-0.08090643,0.0383207,0.17054684,0.14565907,0.07147694,0.17597872,8.302402,0.046074826,0.103161424,0.1316846,0.16782063,-0.042758245,-0.37695682,0.3950559,-0.43526256,-0.09613022,0.10914055,-0.25370622,-0.2185204,-0.204645,-6.7312465,0.4242374,-0.11689502,-0.19517684,-0.1940401,-9.892344
Cells_AreaShape_Zernike_7_3,0.15888529,-0.015420596,-0.3310115,-0.67396593,-0.5446397,0.24087675,-0.41899428,0.31879625,-0.13273044,-0.37396553,0.27689132,-1.77973,-0.09717637,-0.8044741,0.33836102,-0.04363652,0.49577448,-0.60747343,-1.2808627,-0.13875645,0.13637915,0.088184975,0.21963817,0.22707736,-0.05927517,0.17347659,0.0065004923,0.12251675,-0.103634395,0.1195424,-0.3341658,0.53884816,-0.32215956,-0.28090307,0.39855507,-0.416598,-0.15985575,0.13772945,-0.21359201,-0.17656083,-0.04247558,0.008416255,-0.090513624,0.0021339853,-0.1790322,0.24924223,-0.0065184436,0.14669198,-0.0792809,0.15588157,0.28830972,-0.46670166,0.032783348,-0.39266884,1.0167569,0.12783343,0.21912234,0.31825158,0.39608872,0.22492856,0.12245854,0.04144607,-0.16124584,0.0025132298,-0.3815407,0.1683008,0.33843085,-0.10668119,-0.4045198,-0.41436577,-0.2672074,0.2803595,-0.28011107,0.14244361,-0.072083354,0.40454578,0.6482027,-0.0998055,-0.5720387,-0.5412078,-1.3283061,-0.72076035,-0.059547257,-0.2541169,0.12375646,0.27304396,-0.8719806,0.48584187,0.1120044,0.1366957,-0.06538602,0.47718832,0.26187825,-0.4390638,0.26941708,-0.37169543,0.27281868,-0.8043644,-0.049371544,-10.268066,0.44786033,0.21987231,-0.13129497,0.3569816,0.17872687,0.13942859,0.16239013,-0.13426031,0.16592012,-0.22424066,0.424481,-0.0292058,0.44543782,-6.799639,0.5915508,0.025354186,0.13472086,0.6353454,23.820883
Cells_AreaShape_Zernike_7_5,0.35799208,-0.26779196,-0.44415116,-1.0641117,0.07348653,-0.4043137,-0.24682947,0.39624324,0.7586582,-0.4663223,0.42658225,-5.1001363,-0.72763985,-0.60812354,0.33662438,0.091942854,0.15172373,0.47907552,0.6136481,0.21831834,0.09767244,0.5991647,-0.10317735,0.073772706,0.11343279,0.4636012,-0.43879786,0.20736147,-0.6368627,0.3219044,-0.35435006,-0.14268582,-0.3788108,0.003982539,0.2358977,-2.1915374,0.39060044,0.42355338,0.42253947,-1.0753945,0.1983581,0.35206434,-0.5171132,-0.48223272,0.1904359,0.24886604,-0.1043246,0.32444164,0.1627944,-1.4776964,-0.054454397,-1.0595877,-0.24783547,-1.000565,0.86335707,-0.29802158,-0.18338864,0.08720861,0.32894924,-0.3014981,0.15351273,-1.5308572,-0.19245557,0.21197654,-0.38930488,0.13359378,-1.8013897,0.26973593,0.10225,-1.2431223,0.27504095,0.2242098,0.008422971,-0.11352354,-0.3168923,-1.8122369,0.39592454,0.25337064,0.13734967,-1.9982198,-0.008384983,-1.0833683,0.4807001,-0.8150584,-0.08174216,0.4481347,-1.6923417,0.03651239,0.20878227,0.2487277,0.1459751,0.35906944,0.033602614,-0.34619388,0.0052139065,-1.1672678,-0.08422798,-0.1386617,0.4275218,-7.402004,0.33370265,0.18557674,0.11086243,1.2138797,-0.15519564,0.5927016,0.34037897,-0.49756017,0.17933416,0.3019645,0.25393227,-0.3764086,0.5175608,-4.422108,0.079211034,0.15299381,0.5033353,0.55032015,5.984886
Cells_AreaShape_Zernike_8_0,-0.25224292,0.43961456,0.34234998,0.54496783,0.0032551487,-0.1778114,0.08956196,-0.19369034,0.15548556,0.070736706,0.53397727,1.0469661,-0.23668368,0.26844892,-0.51114845,-0.25745738,0.26005167,-0.6777684,1.1599239,-0.15259631,0.027303213,-0.13325639,-0.49058402,-0.360574,0.3884666,-0.31409183,-0.112664185,-0.11060584,0.41156968,-0.22584146,0.45321235,0.046401158,0.22613202,0.121112205,-0.1540204,1.2352157,0.008583759,-0.21075289,0.4426411,0.33950484,-0.17514373,-0.16445561,0.23185758,-0.26509604,0.16544996,-0.06277367,-0.15381463,-0.37880412,0.2338012,0.47520855,-0.12188023,-0.27670303,-0.33380696,0.6520042,-0.2652283,-0.08223768,0.30062237,-0.22059788,-0.32998657,0.08428085,0.23106694,0.19659905,-0.4650588,-0.01964505,0.18597388,0.017594308,0.6530703,0.48030496,-0.061967224,0.2715993,-0.0145618515,0.16740572,0.23548938,-0.28523675,0.2814647,-0.2579625,0.35467586,0.0286567,0.033644695,0.034848157,-7.099358,0.57427067,-0.27280894,0.15178812,0.01907141,-0.35691237,0.56255764,-0.08900434,-0.21514249,-0.07538005,0.06394287,-0.44523072,0.001346747,0.07501003,0.101804316,0.47650513,0.02328673,-0.28503776,0.13573259,9.5466585,0.18464136,-0.4857371,0.08728888,-0.39830032,-0.5075939,0.18531959,-0.695982,0.6362688,-0.22524048,-0.33029953,-0.7730019,0.38392615,0.510861,0.97290593,-0.31165212,0.28278568,-0.31419072,-0.006958445,49.469635
Cells_AreaShape_Zernike_8_2,0.012798746,-0.09313043,-0.3859965,-0.90794,-0.45431933,0.3673205,0.3167394,0.31773087,0.028266618,0.008655163,0.08892519,-0.47174093,0.05388288,-0.084023006,-0.031761263,-0.31183115,0.029185742,0.026948884,-1.9701929,0.12499809,0.3206332,-0.15375869,-0.026838263,0.27609098,-0.11737869,0.59535795,-0.092463136,-0.108642675,0.9130179,-0.15535225,-0.6624601,-0.2018172,0.08586367,0.032583397,-0.65884215,-0.59897935,0.106967025,-0.26119208,0.18056537,-0.013015409,0.26727244,-0.24019162,0.10680497,0.36957052,0.6114717,0.33968297,-0.01710254,-0.24939223,-0.35086012,-0.05052817,-0.18700893,0.11616135,-0.036555868,-0.3739604,2.01781,-0.029321343,0.19480248,0.015509526,0.13389957,0.18340032,0.12551711,-0.8553038,-0.007240852,0.3062735,-0.2732918,0.0070722997,-0.9243321,0.37993908,-0.020504951,-0.6251072,0.057835475,0.2282751,0.106870316,0.38194716,0.21694934,0.05776049,-0.035072703,0.04531488,0.44074893,-0.26074228,-3.8025644,-0.08351172,0.32526436,0.2316417,-0.24575941,-0.10621252,-0.10425079,0.36538744,0.2506669,0.13796644,-0.1885413,-0.05359752,0.2951269,0.2263773,-0.14818202,0.06812495,-0.030838773,0.38735175,-0.022097597,-12.698792,0.0012671152,-0.1208714,0.2049547,0.25097457,0.08767655,0.051427603,0.30359408,-0.23587132,-0.12796944,0.033689,-1.2040416,0.09461216,-0.3754523,-0.61505896,-0.12796189,0.07058904,-0.37203372,0.058615845,-5.2322407
Cells_AreaShape_Zernike_8_4,0.15103178,-0.7076607,-0.2702922,-0.6560726,-0.002215882,-0.13299966,-0.29524693,0.12104779,0.20135565,0.16613337,0.031960312,-1.1125668,0.16553235,-0.8942533,-0.20002802,0.45138535,0.39687613,-0.47718444,-0.5376752,0.22140776,0.28729278,0.048535705,-0.32880375,-0.30737433,-0.22375144,-0.11496136,-0.28572562,-0.20615013,0.5548461,0.36664072,-0.22438444,-0.13808958,-0.54665667,0.15858951,0.27376416,0.320786,0.31496617,-0.09671136,0.08931097,-0.51576716,0.046918597,0.034073085,-0.2645021,-0.35543522,0.35544667,0.17398739,-0.04479602,0.5910459,0.21282583,-0.8200672,0.15791029,-0.12222594,-0.13522808,-1.0221834,-0.0348279,-0.17252354,-0.41833556,0.27201152,-0.07066452,0.0985154,-0.112036385,0.10030613,-0.058788136,-0.07613509,0.13332106,0.30056134,0.59144145,-0.12641877,0.39010224,-0.6620416,-0.08883836,0.086119115,0.256409,0.26062536,-0.20497306,0.64561,0.28875682,0.071312495,-0.47297597,-0.18131362,-3.1857321,-0.19184564,-0.13306832,0.06913162,-0.6248022,-0.14419286,-1.5005108,0.11628914,0.4419565,-0.045205608,-0.27608728,0.045254905,-0.3287426,0.14549138,-0.3465545,-0.45743358,0.010966579,0.19072044,0.29261526,4.6559706,-0.13449521,0.20985995,0.39028642,0.28161296,0.03522409,-0.13157052,0.30370596,-1.0203811,0.109048225,-0.019487282,0.1397968,-0.5077531,0.050133124,-3.2226074,-0.15689434,-0.3700243,-0.27742425,0.035081733,-4.952162
Cells_AreaShape_Zernike_8_6,0.2837896,0.6465853,-0.4657894,-1.5708841,0.1564043,0.026548227,-0.016962921,0.030248685,0.30260488,-0.18875165,0.55917567,-3.719717,-0.45837128,-1.408949,0.8750834,0.14753978,0.97752,0.29599425,-0.63622236,0.48430476,0.3854734,0.5619703,0.43543077,-0.80126745,0.29907396,0.15886231,0.056535974,1.0681565,-0.69443965,0.21846227,0.1412458,0.6372337,0.027037919,-0.02384922,0.41857973,-3.2376611,0.6186308,-0.12862329,-0.108081944,-1.2543744,0.0123555465,0.5237475,0.8907338,0.060843427,-0.11109189,-0.21855617,-0.01636815,0.45498753,0.44066516,-0.99151796,0.35505244,-0.5674456,-0.2818407,-0.45151052,0.756411,0.33861327,-0.13022077,0.39442182,0.15813588,0.0943862,0.37686348,-2.6406553,-0.09586793,0.14253299,0.7319317,0.11814076,-3.3422387,-1.0611824,-0.46352518,-1.4163631,0.09462476,-0.08975634,0.18716048,-0.6642383,-0.070174605,-3.2743514,0.24167497,0.038327187,-0.019089812,-1.991062,-7.3520055,-0.9139411,0.28900483,-1.6810836,1.4225135,0.5820237,-1.0546627,0.23004921,0.31528172,0.17919545,-0.3033328,0.72248334,0.047047246,-1.0054883,0.7397909,-1.0476687,0.05115004,-0.7988262,0.10680276,-9.8808565,-0.16911125,0.36708096,-0.22762008,0.16261922,-0.40147662,-0.11893741,0.7539172,0.052070577,0.21098642,-0.029308042,-0.66399604,-0.3066791,0.12585951,-6.9201455,0.37191674,1.1621722,0.10908437,0.2856827,-0.5292203
Cells_AreaShape_Zernike_9_1,-0.14363685,-0.077065565,0.2057267,0.048316855,0.23177743,0.46992216,0.32105497,-0.3531734,0.30833218,-0.031392604,-0.09616395,1.062856,0.3022154,0.35083628,-0.20273952,0.118635535,-0.21164447,-0.22177373,3.0937004,0.31485495,0.026303709,0.08910778,0.0071086884,-0.0022070457,-0.51281816,0.116128705,-0.078890674,-0.009468709,0.05744511,0.07259297,-0.08330426,-0.10461087,-0.16093433,0.024304816,-0.35011783,-1.2202618,0.31459263,-0.087378465,0.10829729,-0.0022812288,-0.10182003,-0.032298714,-0.10642048,0.33585593,0.025985202,-0.34028506,0.080178976,-0.34279266,-0.22900057,0.44277504,0.45521703,-1.0690604,-0.0056863627,0.6563778,0.6179164,0.0041730604,0.18332092,0.70420057,0.23134549,0.012594293,-0.30911127,0.30401513,0.42363015,0.15285845,0.27265164,-0.0134266615,-0.43236986,0.10875372,0.04372585,-0.5431741,0.040570777,0.01830276,0.14872581,0.7412877,-0.769139,-0.327208,-0.15853377,0.06485386,-0.042809427,-0.49947023,9.884223,0.14014927,0.082510054,-0.008798659,0.34439167,-0.5821298,0.136564,-0.2736188,0.26694855,0.16957974,0.16122545,-0.049454104,-0.04497422,0.82757074,0.26010033,0.3876646,-0.21706909,-0.1226705,0.037719786,4.086596,-0.09281194,-0.019928008,0.15374316,-0.18935375,0.39509258,0.2948447,0.24263625,-0.13406308,0.29855275,-0.20566796,0.03818935,-0.3999784,-0.12147319,-3.157813,-0.087551124,0.21433572,-0.019936472,0.2088054,22.290644
Cells_AreaShape_Zernike_9_3,0.16955341,-0.009892265,0.35214415,-0.6697568,0.085965864,0.21574908,0.29367322,0.33750308,0.048879106,-0.35500154,-0.20332171,1.9664297,0.32481697,-0.15653868,0.43846783,0.2831682,0.072863854,-0.4652013,1.2388779,-0.31669298,0.10644063,0.46316543,0.17335899,0.36189017,-0.20773782,0.23445632,0.2375685,-0.39541006,-0.59648937,0.15020932,-0.44206384,0.2149538,-0.31347743,-0.11496193,0.1298232,-0.9975764,0.4351463,0.3093668,0.3774189,0.55153567,-0.22853051,-0.15275571,-0.11189286,0.10661747,0.23446982,-0.1038089,-0.26711592,0.17952257,0.028061023,-0.1708469,0.252987,-1.106545,0.07938421,0.18461211,0.13444157,0.097093545,0.16540061,0.02959005,-0.25501195,0.12664682,0.1932035,-0.7643127,-0.009148061,-0.16316324,0.3178574,-0.11609664,-0.9307265,-0.32819968,-0.0786215,-0.59354615,0.42764172,0.11276028,0.32873937,0.28858212,0.19020207,-0.41637507,-0.2771582,0.4478861,0.08370333,-0.8999774,-4.4073634,-0.6994445,0.15579802,0.3063633,0.25423506,0.21901448,-0.18848844,-0.021548225,0.026006252,0.053447027,-0.11140162,-0.06459275,0.020399908,-0.31497738,-0.32936656,0.3545011,0.09338695,0.7128899,0.1966812,-8.934907,0.46705237,0.21351595,0.398352,-0.3878057,0.083862506,0.14674811,0.26745108,-0.36766717,-0.02583631,-0.100154795,-0.514534,-0.94199497,-0.3561835,-3.2640889,0.23543935,-0.24216928,-0.007883847,0.368323,-14.309715
Cells_AreaShape_Zernike_9_5,-0.07208981,0.20657903,-0.7902248,-0.4025704,0.20019317,0.4829487,-0.52657086,0.5549638,0.25496265,0.121158026,0.094505064,-3.047922,-0.062918864,-1.1682966,-0.19899948,0.057635467,0.327468,0.35748267,-0.46955705,0.034447014,0.14398436,-0.00739491,0.41614258,0.21501462,0.033266276,-0.024014562,-0.18588948,-0.40665862,-0.12267443,0.24437863,0.04973359,-0.26440072,-0.37267658,0.18698163,0.16601054,-1.427619,0.11482794,-0.14068376,0.3988568,0.20882607,-0.3315375,0.55938065,-0.12864651,0.083696805,-0.623945,0.068002045,0.4787458,0.38559452,0.1625713,-0.43141404,0.016752183,-0.022630135,0.11330066,-0.37023795,1.8171695,-0.060207266,-0.5669569,-0.019334009,0.43893674,-0.06037915,0.07180806,-0.5751931,0.24848421,0.20693214,-0.23298258,0.018335024,-0.70504713,-0.1679702,-0.009860476,-0.1552668,0.33761767,0.3383174,0.4529504,0.00292934,-0.16248102,-0.15303655,0.15382043,-0.028299823,0.28380617,-0.91702765,-3.1362507,-0.4978741,0.35307708,-0.5106806,-0.073552765,-0.1865109,-0.9325185,0.19473116,0.31091273,0.29175028,-0.03408451,0.12085343,0.2521577,-0.02111579,0.4752836,-0.2756391,-0.12365731,0.110934995,-0.3189992,-5.830606,-0.18838477,0.2855294,-0.3474296,0.36443356,0.62262547,0.17168947,0.39282468,-0.5295625,0.5102014,0.09103104,0.5813434,-0.03946654,0.15034781,-6.898102,0.037265103,0.12720561,-0.10064995,0.16723366,6.1007943
Cells_AreaShape_Zernike_9_7,-0.0458429,-0.06600687,-0.56278586,-0.9105291,-0.20062041,-0.21455191,-0.4123511,0.1723959,0.33370662,-0.025711492,0.3601315,-2.8811924,-0.4259847,-1.0854782,-0.05240138,0.10337641,0.48666546,0.014915188,0.8801834,0.27122295,0.23993354,0.7677514,0.23896003,-0.03976346,-0.17232974,0.6440703,-0.109933525,0.083606265,-0.12153205,0.3947332,-0.45885602,0.054464918,-0.42443165,-0.04290894,-0.0062740245,-2.0873685,0.04383139,0.24240404,0.5931991,-0.80118555,-0.19008195,0.07927535,-0.4381784,-0.26969245,-0.0821216,0.1587667,0.1929223,0.42329594,0.20187844,-1.4388648,-0.04221728,-0.5290011,-0.1433611,-0.71054906,1.5720739,-0.05397938,-0.26008365,0.2996408,0.31298253,-0.1040078,-0.006831765,-1.0732031,-0.68236715,0.1443165,0.0027046602,0.10492366,-1.1611687,0.27250814,-0.06928259,-0.58183026,0.26236963,0.088909216,0.4365743,-0.11442173,0.10657171,-1.8488288,0.256001,0.3742539,0.40763542,-1.679169,-4.967464,-0.93083787,0.048959225,-0.64280874,0.10972307,0.06573203,-1.8815246,0.017111195,0.31993362,0.31722483,0.4017808,0.3560895,0.04092147,-0.25324354,0.5997091,-0.8237402,0.05624919,-0.03474759,0.48185027,-3.7258751,-0.025820017,0.06344392,0.32886705,0.9538266,-0.42670646,0.25081393,0.24410622,-0.8779854,0.013827289,0.20205082,1.1179267,-0.10328725,0.12320968,-4.891215,0.3960501,-0.1220361,0.6173891,0.17559272,-3.4061172
Cells_Correlation_Correlation_AGP_DNA,-0.13526975,1.0544864,-1.0117012,2.2744534,1.1530428,-0.031707387,-0.18775904,0.020709017,-0.14028311,-0.12491182,-0.5448515,3.5747497,-0.04546245,0.46431366,-0.3866347,0.113981836,0.93105894,1.5784644,8.386386,-0.14919676,-0.49780962,0.43064895,-0.40972725,2.563866,-0.53896046,-0.2846518,0.048797835,1.4572101,0.51974314,-0.610764,-0.121310115,-0.055859584,2.9430075,-0.14895283,-0.035288885,9.236217,-0.22056119,0.24191435,3.368419,-0.06392765,-0.8387715,0.0325569,-0.89230746,0.5479621,0.5603362,-0.5142371,-0.16589884,-0.07011673,0.013550907,6.5873466,-0.3295303,0.019319743,1.3646073,-0.92991066,5.579336,0.44807947,-1.2317612,-0.38365778,0.54479575,0.021370128,0.23102765,0.9959739,0.71867245,-0.57488495,-2.077763,1.5645772,3.2162619,0.7428947,-0.051570535,1.7482601,-0.3436348,-0.1650516,-0.100206144,0.18696399,0.07891347,2.83728,-1.0178765,0.21087648,0.64305216,0.061631512,6.9584236,0.4439306,-0.3777053,-0.18759863,-0.5257163,0.86286277,2.8933926,-0.76181674,0.68367225,-0.60340613,0.70781475,0.18859594,-0.49683058,4.332611,-0.022442231,0.29749128,-0.32460353,0.9854103,0.40865174,3.209636,0.989,0.1352672,0.34872445,0.3840597,2.2391467,0.3107358,0.037825506,-0.6439362,0.06430101,0.4699285,-0.7705369,0.02334994,-0.086161464,5.9724326,-0.10371711,-0.43262556,-0.41045856,1.4504141,0.106660284
Cells_Correlation_Correlation_AGP_ER,-0.28570348,-0.92196274,-1.8364223,-2.6317348,1.4475039,-0.10818682,0.4039066,0.09425604,0.04328456,-0.064495414,-0.11498314,4.6311545,0.43804765,0.5916132,-0.78353435,0.33949712,-0.13825592,-0.5298043,4.2244277,0.021027466,-0.64671034,0.29179266,-0.50543445,0.923738,0.09683273,-0.15111665,0.15530841,0.02324766,-1.1047443,-0.18164425,0.6721583,0.14466281,-0.71659356,-0.15090524,-0.58360946,-4.6229115,0.055879872,-0.19621141,2.8541136,2.9250758,-0.38417014,-0.07875442,1.1290988,0.017642096,-0.07014799,0.1907177,-0.60245657,0.25352576,-0.21880998,0.07826362,-1.2694713,2.1646068,1.2856222,0.6327022,3.4059324,-0.16515985,-0.63199073,-0.42990124,0.06396309,0.19100456,-0.18240286,0.21811445,-0.44771698,0.22124946,-1.1990048,0.33909237,2.488487,1.9351183,0.28073356,-1.3421474,-0.33011776,-0.11667895,-0.4308028,0.6991276,-0.79652905,2.1040404,-0.73855716,0.17709208,-0.5722297,2.7916691,5.2082114,1.4405466,-0.051183145,0.9407697,0.050369542,0.76011723,0.46918383,0.48540327,-0.40675628,-0.38760445,0.7924611,-0.13844034,-0.3446962,2.558777,-0.17935699,-0.0033333898,-0.0013711354,-0.4588541,0.39976868,4.0841117,0.040498,-0.06313338,-0.09834826,3.2477531,-0.34105375,-0.3261719,0.3149151,0.5368758,0.15772091,1.5652522,0.9111734,0.071129285,0.2313205,4.8382897,-0.3814604,-0.41145086,-0.5382248,-0.12794778,2.74179
Cells_Correlation_Correlation_AGP_Mito,-0.33846888,-0.9380967,-2.0680728,-2.0489562,0.66275615,-0.39126667,0.3260136,-0.20639361,0.13794407,0.044254113,0.031962037,3.5668652,1.0211755,1.0594698,-0.56117433,0.02937377,-0.55088997,-0.48247132,1.7893916,-0.17055154,-0.38601592,0.14850442,-0.30421892,0.84827477,-0.0056269565,-0.41024652,0.32162735,-1.1604247,-1.28121,-0.14676987,0.12714541,0.5107587,-0.35193577,-0.12778312,-0.57557034,-7.9424133,0.19395275,-0.699441,1.4869653,3.2308934,-0.37212026,-0.084516145,0.8097963,-0.8225376,0.52095175,0.21533938,-0.7696273,0.1051024,-0.021450633,-2.3249197,-1.188584,2.520851,0.6133985,-0.12653507,-0.42347002,0.123835586,-1.7210428,-0.42588505,0.5552577,-0.40156516,0.20985329,0.7560896,-0.8514604,0.22334717,-1.795174,0.6995518,2.3049414,2.001116,0.10954424,-0.7797208,0.002833565,-0.05209588,0.30302003,1.0379986,-0.89342475,2.9268196,-0.7179063,0.010547777,-2.3472378,3.2633934,4.413443,1.9359328,-0.08769095,1.2571235,-0.22208743,0.67684716,0.6584448,0.46462855,-0.5987511,-0.6705629,0.98628896,-0.13606904,-0.37626207,0.83468837,-0.66036576,0.3860104,-0.021187758,0.47139296,0.53482366,3.5104868,0.11780808,-0.34766337,-0.49295947,2.4780598,-0.2988052,-0.20563054,0.5296447,1.0321662,0.15938915,1.1954808,1.5888184,0.091769576,-0.0077143013,4.048082,-0.063267864,-0.35153452,-0.31649473,0.013524324,-0.7082605
Cells_Correlation_Correlation_DNA_ER,-0.0052947155,1.3320223,-0.33624876,0.28023246,2.0577033,1.3866658,0.7398004,0.16007096,0.30735192,-0.25062317,-0.044742186,3.9932745,0.37271896,0.6744935,-0.9433751,0.2524012,-0.4226946,-0.18431705,6.8808804,-0.25438878,-0.25964677,0.69968265,-0.3467083,0.6999696,0.005776902,-0.24590607,0.2311222,0.14071979,-0.11501157,-0.42042685,0.046915203,1.1012653,0.091928564,0.20883356,-0.4144353,3.3357437,0.10086205,0.25865483,2.057248,1.4288392,-0.90736294,0.110426806,1.4276309,0.36220798,-1.1570815,-0.3996608,0.022450289,0.36731598,-0.35070288,7.1273727,-0.98430115,1.1365166,0.34761095,0.45697775,5.881264,-0.4238728,-0.5432155,-0.3278461,-0.57739115,0.34448287,-0.007713361,0.3332854,0.17123507,0.6669879,-0.0018993219,0.17142135,4.434443,0.62637085,0.428257,-0.4012045,-0.8536573,0.32737568,-0.77303743,0.23179996,0.7330923,3.7000895,-0.80127877,0.11894011,1.644897,0.59126,4.9988694,0.3443829,0.1109641,0.19208127,-0.070719756,1.1030345,2.959604,-0.3774376,-0.4124968,-1.4440726,-0.17478485,0.2555609,-0.089583255,2.4078581,-0.0232777,1.1906532,-0.28681445,-0.4790721,0.61707973,3.925533,0.050437886,-0.0008197725,-0.4090722,1.6619791,-0.21287161,-0.21640688,-0.22017638,0.7677274,0.15472777,0.3308704,-0.371906,-0.03907901,0.11712303,5.5701985,-0.07321775,-1.0952319,-0.3626436,1.5623155,3.118509
Cells_Correlation_Correlation_DNA_Mito,-0.35943785,1.5069455,-0.748907,0.6580704,1.891107,1.7639176,0.44749832,-0.2577089,0.048856255,0.2903927,-0.03379758,2.2036734,1.1973013,0.91919494,0.045786586,0.1069957,-0.5302664,-0.14161296,6.8706203,-0.11725557,-0.21574634,0.8472688,-0.095826365,-0.030110935,-0.032384057,-0.50273603,0.14199637,0.6115524,-0.185988,-0.13143721,1.8125701,1.0449477,0.27605477,-0.3345016,-0.6601674,1.1235485,0.054267813,-0.1694225,1.217944,-1.4978746,-0.45923987,-0.061133325,2.6253393,-0.07423591,-0.79407245,0.24257998,-0.34916532,0.3093069,-0.1321804,3.702324,-0.8327995,0.91684836,-0.1372901,1.9293423,2.8030708,-0.17607231,-0.2852179,-0.3858576,0.08362824,-0.043868195,0.27164653,1.8430433,-0.07525292,0.9790354,0.4206914,0.36054525,4.861256,0.86683345,0.25609395,0.35127565,-0.30469885,0.0013891632,-0.4542285,0.40335324,0.9919951,5.42754,-0.44639564,-0.082533956,-0.07836678,-0.5483479,5.304045,0.9538086,-0.0060875244,0.3810234,0.029094836,1.2421794,4.1016407,-0.48965845,-0.7796826,-1.0972365,-0.02499331,-0.23980911,0.06344367,2.0536969,0.0008280526,1.0690838,-0.07790403,0.24937324,0.3934749,6.47847,-0.32795587,-0.4588782,-0.56733435,1.0847384,-0.16654514,-0.08766552,0.3922222,1.5948592,0.21096049,0.7448942,0.050763447,0.03976197,-0.041774992,4.5977883,-0.07677523,-0.73427325,0.29289782,1.5666195,4.571707
Cells_Correlation_Correlation_ER_Mito,-0.0051228306,0.52568454,-4.0171824,-3.3244746,-0.86898446,0.68394256,0.39816418,-0.43438542,-0.18580717,-0.6346683,0.06325195,2.2286003,1.2377157,1.2949412,0.10249836,0.16136841,-0.71768826,-0.59470195,-1.3534187,0.085312225,-0.30758926,-0.06792454,0.015375336,-0.4325309,0.30154678,-0.6606391,0.46585163,-2.1208441,-0.43163037,0.47624913,0.64533544,0.5483553,-1.1209251,0.037190635,-0.4456292,-0.88561076,0.9147796,0.29566872,0.75601095,0.9390879,-0.30960515,-0.38552657,1.0924635,-0.37066007,0.1447388,0.016741702,-0.6475784,-0.103862725,-0.22208713,-4.216794,-0.59949404,0.7731252,-0.28452167,0.42173636,-3.8588665,0.129822,0.1819322,-0.3437643,0.6383036,0.10537007,0.30278948,0.46790218,0.00542899,1.4231528,0.2872732,0.10602967,1.5526518,1.8335875,-0.03180526,-3.3896048,0.01902926,-0.014714378,0.42160395,0.855562,0.9071438,2.236871,-0.5687962,0.16689728,-2.4596355,0.93395376,3.1321971,1.4246907,-0.20187175,1.2110991,-0.036949646,1.1666149,2.2369502,0.20279808,-0.7780462,-0.09593585,0.7246055,-0.16328694,-0.2288739,1.033617,0.5348862,1.3981977,-0.29747513,-0.23527884,0.30833042,3.5207164,-0.73778135,-0.510503,-0.024460264,1.242026,-0.8176668,0.1155347,0.8726925,0.7182377,-0.11688196,1.1610745,0.86352164,-0.030459821,0.0913285,2.8084714,-0.077749886,-0.22937398,0.040943544,1.277576,-3.378746
Cells_Correlation_K_AGP_ER,-0.50432223,-0.34443006,-0.13422441,-0.16436033,0.91553575,-0.6495297,-0.80305797,-0.8182673,-0.1709104,1.6580881,-0.059565563,0.8691209,1.2826179,-0.6810644,0.5377221,-0.25137764,0.872572,1.6046816,2.1763358,-0.11214954,0.26381695,-0.19468307,0.2808467,1.7637062,-0.7983224,-0.6042219,-0.15593506,1.532762,0.97554594,-0.052119028,0.35765216,-0.19248898,1.7432402,-0.3403469,-0.39884543,3.8849003,-0.5050968,-0.29574928,1.3045754,-0.13586105,0.24430585,-0.026865998,-0.84763724,-0.37748992,0.54226804,1.0252038,0.035460662,-0.03837025,-0.029766282,-0.4422413,-0.16485117,-2.54445,0.39316162,0.24069004,0.019365987,1.0409023,-1.6996416,-0.43133232,1.294484,-0.45860684,-0.06180956,-0.6558702,0.21807642,-0.4916644,-0.5615098,1.1798425,0.15796462,0.6874843,-0.5995745,0.048712928,0.8498139,-0.41393754,-0.033948187,-0.15332477,-0.44353905,1.9632639,0.19369952,-0.17489433,0.09117337,0.6819296,7.4447646,1.6929097,-0.14488786,-0.3638979,0.12921071,-0.0879758,0.7783854,-0.30070353,-0.53957343,1.0019231,0.42132118,-0.33215973,-0.57665306,3.1778355,-0.20930706,-0.07832763,0.2079434,0.38304648,-0.032081585,1.9397644,0.43527445,-0.79722047,-0.24457212,-0.37819457,0.48626003,0.028489143,1.0368009,-0.5459771,-0.30474684,0.8231396,-0.8052397,-0.39270604,-0.58476156,5.058893,0.1165691,0.14959364,0.5545876,0.04567315,3.248152
Cells_Correlation_K_DNA_ER,0.14314997,1.7476555,0.2860024,0.41113794,1.2406946,0.75117064,0.32180926,-0.13434392,0.3486781,0.52051365,-0.1778497,3.4457977,0.27112436,-0.16978244,-0.45530364,0.14601131,-0.22320949,1.7484356,0.13456406,-0.3093049,0.1029633,0.56699187,-0.32297292,-0.093631424,-0.6652308,0.02660147,0.2514069,3.1080859,1.3353008,0.09222268,5.211986,0.84129256,0.46501136,-0.24807769,0.47178873,-0.45516494,0.6356339,0.5148621,-0.016074935,2.1016266,0.02125583,-0.02603233,3.1410887,0.7826746,0.12910168,-0.1779059,0.7225658,-0.0029766858,-0.074944645,-0.41249275,3.5591965,-0.5384619,0.89703304,3.0187016,-0.99543214,-0.73896486,0.95636344,-0.13011439,-0.100886516,0.77019113,-0.4752626,0.69016606,0.94538766,-0.04526888,1.9193115,0.08921856,-1.1116172,0.26638,0.41820893,0.47166738,-0.13233551,0.19015573,-0.31110385,0.41939303,1.7250996,-0.10553316,0.9392197,-0.24223113,1.6988283,0.6335789,-0.47172484,0.39765498,0.08622068,-1.3115761,2.618405,0.2631186,0.04272254,0.018969417,-0.61769587,2.4633846,0.31585994,0.20236917,0.7762892,1.5379313,1.7470012,0.83482486,-0.43272218,0.03248173,0.102810025,-3.0741968,0.3989847,0.11699311,-0.5680409,0.0067240396,0.6604591,-0.029542575,0.069763504,2.5560179,-0.09695929,0.3184324,0.56815416,0.13119645,0.31060097,0.32201675,-0.4091327,-0.3324445,2.2434216,0.8988436,44.202408
Cells_Correlation_K_DNA_Mito,-0.5685015,0.6961634,0.68743724,0.5702048,0.4082575,0.33418956,0.6188671,-0.15921938,0.28811267,0.46783268,-0.2315415,3.6290474,0.42206883,0.34615865,-0.19067913,-0.32546937,-0.4606959,-0.17836195,4.0996156,-0.089422144,-0.0051230937,0.16103406,-0.082266666,0.33455124,-0.18128772,-0.38625157,-0.33419847,1.7172045,-0.9566383,0.5067952,2.1958992,0.25042942,0.14054258,0.03968804,-0.3884531,-1.5054293,0.5530081,0.31912085,-0.7049019,4.7125945,-0.15204817,-0.19541939,1.8512617,-0.37396583,-0.14533034,0.26717493,-0.15994157,0.025484256,-0.5252864,-0.507752,1.3252186,0.57696146,0.107066296,1.2831978,5.328304,0.33004418,0.1931967,-0.262756,-0.11806742,0.26892868,-0.77343655,-0.1705394,-0.66046757,-0.19547792,0.78031045,-0.01304096,-1.1798607,0.07388596,0.018294254,1.0277015,-0.24340832,-0.107854865,-0.42804638,0.41302884,-0.68110776,-1.2097386,1.0042769,-0.040892553,0.22500364,2.4993248,0.24679065,0.42405304,0.25234863,0.8968536,1.4537193,-0.25648955,-0.84272224,0.24150436,-0.3597633,1.9234203,-0.25704637,-0.085002966,0.51919013,-0.91190165,-0.2916232,-0.037607476,-0.37928343,0.26187882,0.34627083,-0.8775857,0.38198814,-0.56103796,-0.76399374,-0.6328542,0.13412079,-0.698534,-0.31443664,2.079,-0.3341856,-0.21988106,-0.18345952,-0.30884847,-0.32587275,0.6063083,-0.39759633,-0.050703898,2.0176513,-0.2211002,23.737709
Cells_Correlation_Manders_AGP_ER,0.0034990113,-2.988883,-1.4558314,-0.2884685,-4.3952293,0.38482174,0.27658018,0.396826,-0.054659396,-1.2139271,0.36775836,-3.387415,-1.0152556,-0.16951145,-0.33741805,-0.20958503,-0.033783227,-0.24964587,-13.311763,-0.2949237,0.17440458,-1.122732,0.44652057,1.2989584,-0.90208024,0.28640127,-0.55160123,-3.1702325,-0.44846678,0.98004407,-4.1169953,-0.72046787,1.0227801,-0.031161427,0.22008282,-9.016608,1.2894931,-0.30650488,0.24102794,0.5679399,-0.15061933,0.086083926,-3.466624,-0.7252436,1.7114396,0.264537,-0.2444516,-0.2658442,0.20039566,-2.8878505,-0.5073039,1.4362875,0.3192186,-5.5442142,-9.393263,0.5992899,0.23539698,0.18816094,0.085856326,-0.4030014,0.0069503784,-2.707614,-0.10426787,-1.1965693,-1.4229813,-0.91290206,-4.3243003,-1.8146133,0.016665345,-0.9803786,-0.34061614,-0.24850516,0.44480872,-0.48203644,-1.0284473,-6.2444634,-0.12565039,0.23213649,-2.4043772,0.24366571,-1.0274968,-0.27621785,-0.05355384,0.98167425,-1.5528212,-2.2052085,-0.43262562,0.9871216,0.5187765,-0.84866333,0.80036044,-0.060281157,-0.83322316,-4.3369365,-0.5046497,0.09843367,0.21239473,0.665505,0.29358006,-3.0576136,0.7045806,0.18301183,-0.19003503,-3.0122566,1.0666592,0.28352895,0.03492269,-3.154959,0.2694158,-0.45773408,-2.5015504,0.17486589,-0.015157645,-2.730468,0.3292756,-0.8272608,-1.24957,-0.26440087,-2.2937374
Cells_Correlation_Overlap_AGP_DNA,-0.010329683,0.7800476,0.07480013,3.6512516,0.14396773,-1.4563828,-0.69608074,0.20052604,-0.17308761,0.0023047824,-0.34339356,-0.28182337,-0.576415,-0.12193706,-0.35728988,0.014030297,1.3846208,0.8311922,5.508365,0.10022167,-0.008233984,0.87435323,-0.2722071,1.9326473,-0.82984805,0.016628107,0.19861357,0.73707986,0.34358025,0.041313488,-1.3341175,-0.20473142,2.5613368,0.2101507,0.26956585,11.770608,-0.1581096,0.22964112,1.5739408,-3.6421735,-0.67260665,0.30831048,-2.434316,0.40886006,0.44874176,-0.41889358,-0.32791469,-0.3031931,0.35464856,7.8364854,-0.46315908,-1.364264,0.9116447,-2.4767773,3.6548302,0.5526182,-1.1046175,-0.032366045,0.41795424,-0.13768134,0.29118326,0.37966147,0.75759345,-0.5087214,-2.531306,1.7602018,0.75056154,-1.4663268,-0.43110076,2.5844653,-0.08780611,-0.08910496,-0.17266531,-0.30007085,-0.60017556,0.8673301,-1.3298292,0.30594674,0.9874994,-1.5839071,3.1403322,-0.33095768,-0.41558978,-1.8582782,-1.03439,0.82136184,3.2949696,-0.84675,1.3378097,-1.2002901,0.27488288,0.35451007,-1.0419116,3.561231,-0.059715677,-0.33602706,-0.28274563,0.28105187,0.05929981,1.7369434,0.5904985,0.23823865,0.38478807,-0.42863297,1.4954662,0.25019142,0.16675358,-0.82200265,0.32913318,-0.07953721,-0.79975826,-0.2067097,-0.06877316,2.5678995,0.33309373,-0.12155298,-1.2436408,1.356876,-0.93582743
Cells_Correlation_Overlap_AGP_ER,0.07719193,-2.479768,-1.6737165,-3.7884243,-0.021677455,-0.5292308,0.05163592,0.39936826,0.6172044,-0.8508213,0.3755772,2.7050998,-0.35797834,0.20728286,-1.1514794,0.17653537,0.46987662,-2.7872665,-5.900334,0.12349534,-0.0045988113,-0.2937137,-0.06942084,1.082419,-0.3149058,0.34794614,0.049003843,-2.373737,-1.6893358,0.49254623,-1.3669208,0.68673164,-1.9195366,0.09363072,0.09664885,-11.942399,1.1556605,-0.3261645,-0.93475837,2.878006,-0.058180835,0.24027085,-0.5230054,-0.59399307,0.51709765,0.24348943,-0.38707152,0.7626485,0.15086772,-0.56521857,-1.1598043,0.4875331,0.3170648,-2.4881055,-3.471461,0.40130344,-2.2483644,0.3900205,0.28974184,-0.12646942,0.18883125,-1.7280521,-0.4566218,0.21229506,-1.5124635,-0.30816725,-0.7510047,-2.252963,0.30500656,-2.9245212,-0.4605058,0.07986238,-0.7750403,0.4341477,-1.5355712,-1.2967416,-0.7027464,0.51010257,-0.52142847,1.3124704,0.3189002,1.0814295,0.1441952,0.73583466,-0.8192819,-0.18476836,-1.5470909,1.097164,0.2555645,-1.4437908,0.51959413,-0.022264505,-0.5488809,0.2516776,-0.6168463,-0.47997364,0.37959003,-2.6543324,0.57613355,-0.9833141,0.20373262,0.2877099,-0.1298133,1.5369333,-1.7017487,-0.28812835,0.5645861,-0.20545842,0.3589505,1.2499907,-0.40459946,-0.14196911,0.26605904,1.7358856,0.050907224,-0.7788406,-1.7947264,0.100528635,0.3599361
Cells_Correlation_Overlap_AGP_Mito,-0.072762765,-2.811351,-2.8723993,-4.6556716,-1.2656893,-0.9649585,-0.18578227,-0.09745603,0.39941347,-0.7035962,0.31108886,-2.638025,0.5667951,0.3338829,-0.3143523,0.044872154,-0.050029207,-2.2073247,-17.589733,0.10458308,0.16683693,-0.68357825,0.24427097,-0.4640553,-0.37281394,0.29515865,0.34612092,-4.833804,-1.7371016,0.2627072,-2.9093268,0.7349067,-1.4887652,-0.21727638,0.15041919,-23.294622,0.57698524,-0.4721698,-2.7023144,-0.37406364,0.20252134,0.012183468,-0.8866108,-1.5588113,0.64842725,0.4911159,-0.33043477,0.5853003,0.2539177,-6.5744057,-0.83952373,0.33122516,-1.1860443,-3.569896,-15.472661,0.6188529,-2.945778,0.2941669,0.8640206,-0.6518091,0.41293588,-0.24034508,-0.72011256,0.22233965,-2.1713133,0.31288892,-0.50449365,-0.6547746,-0.04178962,-4.019446,0.21070327,-0.0036358833,0.4553807,0.5907585,-0.9953926,-0.08937049,-0.4248093,0.20399164,-3.5956624,0.09149408,-1.2389343,0.85286945,-0.15006112,0.52354544,-0.942918,0.2860519,-0.68928736,0.5389684,0.16795647,-1.5367776,0.7527857,-0.00996985,-0.91880876,-3.4544766,-0.66084737,-0.19014478,0.34601983,-0.9413712,0.5078984,-0.7253277,-0.12349507,-0.19381012,-0.38688862,0.13671978,-1.1220409,0.30082622,0.9397337,0.051718716,0.255996,0.613002,-0.36679658,0.37973318,0.06846877,-0.9262533,0.33924437,-0.37784758,-1.2238183,0.13302797,-6.5548515
Cells_Correlation_Overlap_DNA_ER,0.30578077,-0.6681846,-0.19698906,0.8430085,-0.38978577,0.34322646,0.15012807,0.58545417,0.40513763,-0.33213994,0.040331963,0.16156375,-0.9458944,0.31452027,-1.3713527,0.27281,-0.31886932,-1.4439713,0.81967974,-0.04016916,-0.024808953,0.6050402,0.008155514,1.223844,-0.727861,0.28402013,0.1350231,-2.0048144,-1.1720456,0.19034374,-3.2388127,0.8592391,0.7698414,0.58651215,0.02796875,2.2678938,0.6194413,0.052738864,0.55246127,-0.7215977,-1.0957671,0.43742642,-0.6591542,-0.40896335,-0.6044561,-0.36977354,-0.3420731,0.2752006,-0.07533451,6.991883,-1.7146555,1.5194081,0.32268056,-3.519488,1.5482391,-0.002331131,-1.1478003,0.12816887,-0.8936732,0.076535076,-0.051675677,-1.857336,-0.37292942,0.3307214,-0.059314083,-0.43650338,0.9825166,-1.3893849,0.37858692,-0.54472166,-1.1923131,0.4170899,-0.7276466,-0.39386094,-0.5765981,0.8279071,-1.288031,0.3098859,0.9643468,-0.20355542,2.7387335,-0.26617628,0.10778359,-0.25963148,-1.8902987,0.15376587,3.5333245,-0.13762753,0.52444327,-3.1207755,-0.036036033,0.32008108,-0.8391804,0.4231943,-0.66104186,0.5614392,0.08915337,-0.989984,0.28855845,1.8412561,-0.0009632905,0.3137356,-0.4010513,-0.002037247,0.13436468,-0.076170705,-0.22568238,-0.104446806,0.6672776,-0.104198635,-1.2675432,0.040941205,0.25330058,1.6617184,0.43145248,-1.0732342,-2.023286,1.1124582,2.792302
Cells_Correlation_Overlap_DNA_Mito,-0.015349597,-0.21030061,-0.87520176,-0.23028259,-1.269869,-0.22198068,-0.32740262,-0.2114877,0.0799247,-0.031841755,-0.0390985,-5.6180625,0.59675616,0.5749442,0.0034916748,0.04827668,0.10851711,-0.40482762,-7.8281236,0.4775486,0.09885866,0.77262,0.39873552,-0.3720686,-0.660788,0.21155278,0.5392111,-2.9514027,-0.555643,0.4259096,-1.8361902,1.166194,0.4686984,-0.21551752,-0.070159234,-5.0221004,0.2668163,-0.06966914,-0.17401962,-9.530429,-0.13990253,0.15638684,0.16946758,-0.8727986,-0.4892055,0.5387991,-0.46320525,0.39030027,0.34058702,1.3643471,-1.639233,-0.48003745,-0.6508871,-2.0833242,-12.632027,0.3088996,-1.8596773,0.09601131,0.4113437,-0.31301305,0.22066613,0.57176274,-0.14302175,0.72936106,-0.0023786575,0.41393304,1.1011796,-1.6274271,-0.030590838,-2.0974722,0.008597672,0.20501404,0.22245367,0.25018767,0.1549059,1.16715,-0.6644603,0.12714814,-1.0890343,-3.5712388,-0.5748269,0.22020002,-0.2279485,-1.0695744,-1.3520275,1.1164926,4.6453233,-0.5677348,0.7166434,-2.945039,0.18513532,0.1840316,-0.8731907,-0.8034711,-0.018895706,0.51339173,0.18865311,-0.6107461,-0.026122412,2.2507105,-0.24312341,-0.31391814,-0.30218875,-0.8544299,0.118718565,0.52517194,1.2653967,0.43519378,0.55794126,0.32525137,-1.0042228,0.44196272,0.13527155,-1.2044578,0.480956,-0.18449141,-1.0383257,1.3869991,2.2147002
Cells_Correlation_RWC_AGP_DNA,0.14672612,-0.9774937,-0.856406,1.9381565,-0.1177902,1.9890522,0.16443013,0.44733545,-0.01516965,0.015910557,-0.010057245,1.1969011,-0.41712847,0.27670783,-0.8496363,0.05001847,0.1388783,1.0667487,-0.41510975,-0.43582866,-0.12888195,-0.81944174,-0.21022318,2.6442852,-1.1818082,0.27818128,-0.65231574,-2.1807206,-0.52007943,0.059311222,-1.7247366,-0.34300295,2.4004545,0.08716235,0.22190046,5.87501,0.030407986,-0.46687698,-0.09413806,1.1102343,-0.5313886,-0.028564954,-0.6236957,-0.88199264,0.7288227,-0.089607395,0.21119744,-0.412508,0.064618975,5.1848483,0.57510835,-0.9223512,1.1269753,-1.509169,-1.6466571,0.48153505,-0.8280247,0.09844452,0.2701631,-1.261387,-0.16546498,-3.7522345,0.14795433,-1.4002181,-1.554699,0.8078559,0.61249274,0.20236361,0.24666584,1.5763148,-0.260251,-0.16065685,-0.12585886,0.21890752,-0.09408188,-0.47008744,0.071625076,0.40936914,-0.28522834,-0.7081563,3.807708,-0.13185816,0.230729,1.2899846,-0.89197063,-1.2987511,0.5064212,-0.0853766,0.8920131,-0.4991233,0.795487,-0.0049515963,-0.6555428,1.7507535,-0.2912312,-0.0035241097,0.061105784,1.936624,0.47728083,-0.81131786,1.6453639,0.47158185,-0.0074605322,-2.0405643,2.5354044,0.7487044,-0.47212875,-0.6901369,0.11566492,-0.78441405,-3.6368568,0.2637125,-0.043319214,5.0217357,0.020892402,-1.6159226,-1.2118369,0.369774,14.790362
Cells_Correlation_RWC_AGP_ER,-0.2427824,-1.4734793,-1.9994503,-2.0972736,0.31972635,-0.16582301,0.53591,0.051595252,-0.18493654,-0.69268084,0.37174714,4.0962777,0.4095929,-0.20100415,-0.59466475,0.036453564,0.31773862,0.45398676,2.229815,-0.11590632,-0.49172425,0.16028094,0.06580166,2.1367428,-0.36738288,-0.15035953,0.49669853,-0.796858,0.63834375,1.0130839,-1.2632358,-0.19044884,-0.6310461,-0.13764311,-0.38000593,-3.5106888,0.7834688,0.08553743,2.7987587,2.777892,-0.088312514,0.012469868,0.77812964,0.85879105,0.8258843,0.5702371,-0.2865094,0.2740048,-0.14473478,-0.60630786,-0.19566815,2.5738742,1.8292814,-1.2621301,1.2281128,0.25652838,-0.91192484,-0.34086597,0.04355857,0.33552185,-0.1411105,-0.09149951,0.58869594,-0.20680958,-0.93802994,0.05286326,0.5879962,1.1192591,-0.011314948,-1.9665308,-0.3265403,-0.5943946,-0.25214162,-0.33500573,-0.29073516,-0.28350863,-0.58358365,0.20911813,-0.89421225,2.3147764,6.905909,0.53738457,0.1407004,0.8583167,-0.33146852,0.63549715,0.39096597,0.84900093,-0.22358207,-0.78340584,0.5915614,-0.30377743,-0.73547405,1.5279936,0.597689,-0.4823881,0.13653223,0.053374726,0.65309775,3.5030577,-0.044837434,0.09746332,-0.47371867,1.7962118,0.2964776,-0.10261065,0.56459683,-0.9710529,0.091495335,1.5989195,0.54131895,-0.1479944,0.24231128,3.9511702,-0.2658493,-0.8550248,-0.9230601,0.101296015,2.2790892
Cells_Correlation_RWC_AGP_Mito,-0.17394666,-1.1628556,-2.5645263,-4.1667542,0.37611768,-1.3243872,0.16187623,-0.05559939,0.012869433,-0.25363716,0.1552819,-5.298221,1.5301517,0.8033331,-0.40421474,0.19972014,0.28688312,0.24369925,-20.943283,-0.015803358,-0.33942685,0.9689069,0.23193002,1.6360604,-0.19487119,0.06055333,1.457667,-2.6634223,-0.47583,0.71243125,-1.0666273,0.5827531,-0.7072997,-0.3667688,-0.2543991,-9.675164,0.25272748,0.26270607,0.52057236,1.1499368,-0.20017666,-0.00076311827,0.6294806,-0.53274643,0.4144993,0.25847578,-0.32615098,0.570237,0.18790759,-3.9982612,-0.3991814,1.9479524,1.2260635,-1.7981945,-28.428946,0.39384314,-3.3675134,-0.16621749,0.8368499,0.4511255,0.35830402,1.0208994,-0.4305903,0.5226999,-0.90580636,1.1878335,1.5568031,0.50366086,-0.04571742,-3.7209265,-0.1572668,-0.13292651,0.2798251,-0.078906365,-0.33297563,1.8601637,-0.47726563,0.13381042,-2.4138,1.8208399,4.242682,1.0925332,-0.11786371,0.51853806,-0.2125745,1.354229,0.6357742,0.2402517,-0.31734458,-0.65402037,0.9399765,0.17442311,-0.5674,-0.5830806,-0.18786816,-0.46928373,0.07094625,0.30521023,0.5889411,4.852002,-0.36918172,-0.23063393,-0.5759653,1.4779674,0.23148368,0.20973653,1.4582974,0.7064596,0.15517105,1.7811347,0.65981704,0.122195326,0.2856246,1.965541,-0.01696453,-0.37993237,-0.07148862,0.63015676,1.355659
Cells_Correlation_RWC_DNA_AGP,-0.080771,1.4370025,-0.24850225,1.0829636,1.2761031,-1.6059822,-0.17305851,0.023507854,-0.2018495,-0.46685576,-0.5767283,2.840246,0.3734195,0.0062196455,-0.21652043,0.27097356,1.0261054,0.3914238,3.5095932,-0.24937837,-0.60250765,1.224814,-0.24440162,2.4560516,-0.47883263,0.18452533,1.0259274,-0.34640852,0.70411664,-0.025054485,1.0173393,-0.028500894,1.8265495,-0.14446856,-0.0837864,5.959984,0.0902709,0.65598947,3.0731843,-1.9681969,-0.96128035,0.011346121,-0.30596566,0.62891114,-0.021438023,-0.47631943,-0.13230696,0.03294912,0.10323898,4.7841434,0.037982453,-1.2871612,1.6986696,-0.5224862,4.659834,0.3440617,-1.871458,-0.15087466,0.26333866,0.73956746,0.15103242,1.9328145,0.5076206,0.06938937,-1.4418968,1.584725,2.6447039,-0.9931256,-0.033793267,0.4508315,-0.62581354,-0.069084235,-0.36130562,-0.4027926,0.5374566,3.1634572,-0.97436476,0.009278566,0.69703025,-1.1456808,5.5744424,0.12263719,-0.43619528,-1.4957919,0.028247362,1.8664536,2.5969768,-1.0076238,0.6523191,-0.13020255,0.26778397,0.2991701,-0.35072052,3.1447175,0.3380793,-0.23713374,-0.30822244,0.24746244,-0.12292098,1.3831364,0.398525,0.04584363,0.092658244,1.4809538,1.1125083,0.11676323,0.4336152,-0.36420682,0.04857041,0.9636264,0.27835777,-0.31826112,0.001603812,4.456695,-0.2695085,-0.07329551,-0.0008747379,1.7361253,1.0511221
Cells_Correlation_RWC_DNA_ER,0.011958607,1.421248,-0.58859843,-0.88431174,1.3685144,-1.1979978,0.52917486,0.2777929,0.070019014,-0.93466496,0.10262665,2.9470377,0.71314794,0.77432466,-0.69541484,0.5090006,0.029693762,-0.2462712,2.7968018,-0.18699743,-0.27062607,1.5422622,-0.21370661,1.7942134,-0.42744938,0.034760885,1.5379397,-0.6486755,1.2231278,0.24371886,0.072592564,0.7466467,-0.7083761,0.27764603,-0.46291533,3.608133,0.36834082,0.48481405,2.1378505,-0.56161934,-0.71422774,0.11713908,0.080742516,0.8385331,-0.87528723,-0.1702172,-0.11673484,0.4099796,-0.2676033,4.886641,-0.17404987,0.68030995,1.4807,-1.2126689,3.1917956,-0.04801813,-1.8600327,-0.10337797,-0.71691686,0.9086089,0.09646293,1.5215002,0.5277644,0.8260062,0.07335583,0.6246255,3.0534458,-1.5641719,0.36922386,-2.2502246,-0.95552605,0.092696436,-0.64517134,-0.44461444,0.88246536,3.4819667,-0.76045704,-0.0102293445,0.97222775,-0.7772503,4.496286,0.19820969,0.004016921,-1.1974288,-0.22789228,0.051470358,2.3693829,-0.34281075,-0.065616906,-1.4991423,0.09688958,0.45221463,-0.5188157,1.5547553,0.6941164,0.3577013,-0.3424108,-0.74151564,0.38262573,3.3641083,-0.3375856,0.18485288,-0.2798749,2.1782155,-0.37279606,0.22383438,-0.30161655,0.23283286,0.18813278,1.3648716,0.17392683,-0.011665742,0.2512059,4.4298882,-0.10647424,-0.85938376,-0.42146277,1.7493137,0.410786
Cells_Correlation_RWC_DNA_Mito,-0.14723268,1.9074789,-0.20442049,-0.9297177,1.7525578,-1.0090882,0.18941437,0.025503032,-0.042819005,-0.23309423,-0.057119865,-5.3052125,1.4192762,0.5844315,0.16413666,0.3201994,0.7799223,0.21021795,-9.259023,0.2903531,-0.2980754,1.7366343,0.019883206,1.2412869,-0.23473935,-0.13806452,1.3636308,1.9128323,1.0673112,0.35643625,2.3510711,0.9762783,-0.22254145,-0.020236494,-0.5098831,-1.7508656,0.01906532,1.2685394,0.276817,-3.6501696,-0.52074575,0.04867519,2.1167545,0.18839176,-1.1524078,0.2938709,-0.335876,0.49445215,0.017795356,2.2676613,0.107795894,-0.2544771,0.9735109,1.0648134,-16.279034,0.07105139,-1.9767922,-0.16343606,0.28553852,1.2273331,0.28032795,3.0517213,0.31249636,1.118631,0.61151505,1.0118097,3.3619406,-1.4077773,0.22769868,-1.622908,-0.5967336,0.1506583,-0.69760257,-0.38317958,0.60683554,4.4758368,-0.3187017,0.12513131,0.3641145,-2.1097114,2.5484905,-0.07677076,0.03922138,-1.6544399,0.806454,2.4855225,3.0573406,-0.74214095,0.04279564,-0.5269206,-0.3374927,0.11841861,-0.21546382,1.4145643,0.35037026,-0.0074512064,0.026175678,-0.47198263,0.14328447,4.013016,-0.7856798,-0.1236235,-0.48436642,1.4825901,-0.12378625,0.060376704,1.3104744,1.3402019,0.23411147,1.0403689,0.29787746,-0.4473722,0.13050665,1.3279058,-0.21842611,-0.14041047,0.5668313,2.1671686,0.8799018
Cells_Correlation_RWC_ER_AGP,-0.29776722,-0.103013895,-0.83027506,-2.2971632,2.6620195,-0.81940824,0.30111852,-0.19268577,0.0055653453,-0.1930353,0.17617369,4.693302,1.1562209,-0.40287778,-0.50389326,0.19796073,0.40100905,-0.6074771,7.7437954,0.054901153,-0.48799276,0.87937826,-0.18310224,1.389767,0.08598743,-0.3633022,0.8547933,0.72609496,0.8039586,0.2384104,1.0547718,0.3657693,-1.4319082,-0.12646173,-0.5153861,0.018992504,0.0013021926,0.5086739,0.8863416,2.004161,-0.09924755,-0.031918187,2.1977398,1.0884591,-0.42263255,0.27217317,-0.05053566,0.6284097,-0.24123506,0.9875575,-0.03732713,0.7013555,1.3844625,1.642162,6.4320793,-0.10680596,-1.4467134,-0.28099856,0.06763958,0.703115,-0.213641,1.7327169,0.53173107,0.6317279,0.03134774,0.58325344,3.053585,0.8623325,0.10959246,-1.9207462,-0.2535192,-0.21539235,-0.79498357,-0.25256371,0.109864436,3.4589312,-0.77854747,0.12364614,0.4318471,1.3794718,3.8300025,0.4418812,-0.03724025,-0.09553385,0.53937495,1.6797667,-0.39766255,0.049537618,-0.4939175,-0.21143602,0.040742952,-0.19915847,-0.3687482,3.2405481,0.72903746,-0.56685317,0.01044781,-1.0100253,0.40393662,2.782817,-0.3366939,-0.12341013,-0.25976896,3.3784282,-1.0618769,-0.31617877,0.73664904,0.9857462,-0.12483428,1.9159676,1.7359587,-0.3173373,0.24366407,4.573982,-0.36588165,-0.36254552,-0.26737213,0.37193978,3.0149775
Cells_Correlation_RWC_ER_DNA,0.209095,-0.78792316,-0.45602098,0.7216787,1.0444738,2.3611052,0.7205593,0.44585514,0.31414577,0.07286975,0.14564136,0.85957986,-0.056023676,0.6684864,-0.967599,0.33972463,-0.6489188,-0.2826652,-0.44121906,-0.2993992,-0.036177665,-0.86342615,-0.21883677,1.599328,-0.8354885,0.11376498,-0.7393773,-3.0308807,-1.375823,0.065599486,-1.9256366,0.27561152,0.20000798,0.26129425,-0.26436815,2.9760768,-0.21640539,-0.58491224,-2.0605679,1.0275372,-0.36955824,-0.0439397,0.11829365,-1.3477961,-0.26008618,0.035241034,0.24548264,-0.12896894,-0.2632699,5.797377,0.47563395,-0.649123,0.35547093,-0.6782771,-0.6217409,0.15433232,-0.61408806,0.11604639,-0.18369454,-1.2899013,-0.3919811,-4.4608464,-0.4857422,-0.4323798,-0.44989562,-0.15656316,2.1267486,-0.050355155,0.61462426,0.4379176,-0.44959757,0.28066388,-0.36109582,0.35453153,0.17027934,0.86949754,0.114477925,0.47721624,0.4903817,-0.7571845,1.1911826,-0.41760412,0.5775462,1.4265445,-0.85041124,-1.5537277,0.4448782,-0.074423075,0.3942279,-1.3054229,0.3993683,-0.038860634,-0.6896692,1.4887525,-0.4461093,0.3651506,0.078496076,0.601844,0.6509175,0.4381293,0.8171025,0.56620365,-0.1673824,-1.2472035,0.8922083,0.5583107,-0.7720062,0.09906181,0.19997273,-0.7632131,-3.8163726,0.2051421,-0.0021504413,4.7207527,0.21274976,-2.0115108,-1.6772919,0.24591649,22.165068
Cells_Correlation_RWC_ER_Mito,0.19944178,0.7117555,-2.318424,-2.2277744,1.3495885,-0.059559006,0.4247856,-0.38710988,-0.16989617,-0.40057656,-0.066897005,-2.8780577,1.0492545,1.1304779,0.20266229,0.34858236,-0.03093026,-0.23979883,-15.776404,0.18551242,-0.53077453,0.65835196,-0.14511026,0.5184546,-0.12839557,-0.47132143,0.9107558,-1.1650434,0.3013123,0.46731472,0.9907131,0.2497717,-0.47575107,-0.15030003,-0.36872682,0.088465475,0.2578793,0.6038603,0.64430386,-0.8698616,-0.27771732,-0.28332183,1.2958442,0.058111627,-0.18102586,-0.22805792,-0.26887143,0.11681735,-0.20681761,-2.0816014,0.0404191,0.15856762,0.4860963,1.263278,-26.332357,0.0018434525,-0.24952216,-0.17540891,0.439638,0.39938685,0.18618107,0.2519218,0.22510274,1.0042845,0.8007493,0.5806748,1.8809093,1.1164328,-0.030053904,-2.6548917,0.0117512,-0.27068457,0.008497,0.31338742,0.97942525,2.5445852,-0.3125769,0.18656129,-1.0034344,-0.3205575,0.9128237,0.4982582,-0.12668777,0.9706308,0.64265037,1.5254779,2.1240656,-0.11376151,-0.4470388,0.24615037,0.6974209,-0.054582894,-0.15908317,1.2871342,1.0356246,0.708783,-0.24775712,-0.066467814,-0.011994988,5.881584,-0.6416745,-0.22518575,0.03845643,1.7116829,-0.44199657,0.15133451,1.0462683,0.97093487,-0.19330196,1.2457098,0.56453973,-0.1454655,0.21474993,1.7346854,-0.20256253,-0.11718785,0.34363925,1.2075182,1.4237857
Cells_Correlation_RWC_Mito_AGP,-0.33479214,-0.4633287,-1.0901052,-2.9991066,1.6223589,-1.1170233,0.20009752,-0.056245863,0.13981508,-0.1149764,0.3066081,4.873109,1.3578981,0.0869951,-0.4800812,0.08042342,0.17254011,-1.8362375,9.248382,-0.014187455,-0.2677577,0.8168271,-0.03870905,1.2104077,0.31161988,-0.13484965,1.1702548,0.9770119,-0.0879204,0.22066279,0.9232707,0.5061734,-1.9283813,-0.24698947,-0.59294933,-4.143976,0.22345518,0.20781465,-1.2544441,4.334887,-0.2140304,-0.057862878,1.9177777,-0.042684894,0.009275992,0.36639276,-0.5091099,0.4701515,-0.036493268,-1.5882195,-0.36016083,1.8340255,0.77360463,0.8275337,6.5636296,0.16431214,-2.7305105,-0.2208,0.5262763,0.44472003,0.42558947,2.053106,-0.5321296,0.8649154,-1.2031045,0.8134751,1.5268582,0.76174873,0.123772025,-1.9571203,-0.24181034,-0.061875645,-0.18651684,-0.13232364,-0.45295906,3.1216736,-0.757427,-0.018716812,-1.5689377,3.0946493,1.7610468,0.9118584,0.010637075,0.3511641,0.25642678,1.7461151,-1.6593738,0.31003273,-0.4232942,-0.4954802,0.48421666,-0.04397768,-0.5360645,1.136329,-0.0903872,-0.4648123,0.16352834,-0.8676715,0.57493496,0.42414665,-0.7466774,-0.4317701,-0.74216634,2.6240475,-1.8098155,-0.3368113,1.1167908,1.1866623,-0.038959716,1.7254874,2.317113,-0.26844952,0.14056101,3.6628368,-0.16087681,-0.3290029,-0.0063135624,0.4205722,6.729941
Cells_Correlation_RWC_Mito_DNA,0.0011896988,-0.839421,-0.33160123,1.4262768,0.8228156,2.7334824,0.48487926,0.3768958,0.28942773,0.44664916,0.16463837,0.36207318,0.13306911,0.6121946,-0.7230532,0.15973379,-0.41051292,-0.038859207,3.1880047,-0.30982962,0.03450009,-0.6287939,0.08181786,1.5408374,-0.90030193,0.029117053,-1.0101422,-1.4771696,-1.2219294,0.35621095,-0.251978,0.13259059,0.40684196,0.064669155,-0.25346926,1.6484162,-0.005070567,-0.643902,-2.8399432,0.8089259,-0.16495244,-0.13639618,0.8641377,-1.3267369,-0.0073234937,0.44835475,-0.06186242,-0.32935974,-0.063594915,3.8012817,0.73014134,-0.44940707,0.26836863,0.46698847,-0.21313262,0.32740164,-0.21378966,0.14571306,0.20807801,-1.2957121,-0.2264064,-3.3017628,-0.37195536,-0.40236935,-0.37842655,0.031003198,1.2824033,-0.20245557,0.56157404,1.4689838,-0.23064585,0.10854685,-0.4141985,0.3194,0.116220355,1.0418948,0.53160757,0.4535767,-0.14674948,-0.9155328,0.25421366,-0.29049093,0.57538843,1.6585432,-0.7427311,-1.1446398,0.050818164,0.039480466,0.1574869,-0.7899936,0.29003456,-0.3857034,-0.5727348,0.9728231,-0.50040156,0.14155047,0.23863687,1.0221579,0.5182093,0.4815625,0.6035174,0.23366882,-0.37390175,-1.8430519,0.96801,0.39360964,-0.1964771,0.32729653,0.2558501,-0.8422416,-3.4169667,0.11044244,-0.039585594,2.9410303,0.12356433,-1.7838014,-0.9295364,-0.07571804,17.960863
Cells_Correlation_RWC_Mito_ER,0.001164799,0.10707468,-1.061323,-0.3205981,0.5006549,0.7305293,0.72286254,-0.0848347,-0.09906968,-0.6613003,0.16747005,5.1188707,-0.38907322,0.6662886,-0.16099565,0.049616043,-0.06151977,-1.0525734,8.703696,-0.33136585,-0.4885992,-0.35461354,-0.40505672,1.444275,-0.0486206,-0.43890008,-0.032032046,1.9446226,0.69182897,0.87472516,0.41550052,-0.6508004,-0.49833694,-0.0037635118,-0.5468113,3.6198895,1.2989143,0.075911306,0.7302788,3.6500113,-0.5242141,-0.15141782,1.232172,0.28065374,0.86955947,0.12577647,-0.53826714,-0.49832883,-0.19707458,-0.079294465,-0.10799831,2.5821507,0.9586808,0.31920403,8.2958975,-0.046400886,1.2474269,-0.2537124,0.022639113,-0.06912335,0.09461808,-0.24105775,0.23574412,0.00858819,-0.38833523,-0.35201553,-1.6746416,1.5935141,0.011918972,-0.24910367,-0.41367888,-0.29092705,-0.32728004,-0.045057792,0.011266555,-1.292931,-0.52729064,0.061439898,-0.71254104,2.2975466,0.19189692,0.60886836,0.17448783,1.6973081,-0.025706887,0.5276007,-0.13724427,0.85365176,-0.13772199,-0.11618451,0.5688899,-0.28496727,-0.5286631,1.4444699,0.5901343,0.729328,-0.167911,-0.25298238,0.22565114,1.1050206,-0.60602146,-0.24859847,-0.18305588,1.0966403,-0.60013217,-0.36943856,0.0537318,-0.9894092,-0.072970115,0.35234693,1.2122622,-0.40873423,-0.06519568,2.0047028,-0.29239514,-0.94836146,-0.35012284,0.32501748,2.284856
Cells_Granularity_12_AGP,-0.1194719,0.5496147,-0.22923629,0.6714442,1.2529064,0.26954153,-0.20196511,-0.37934324,-0.52316284,-0.10507542,-0.33586094,0.86120605,0.37535486,0.71396464,-0.40172353,0.21080786,-0.5239549,0.112114705,4.1150475,-0.5226124,-0.39845547,-0.33132127,-0.59625417,-0.10101438,-0.20171045,-0.23880719,-0.59672534,0.21739991,0.2929406,0.1600871,-0.00063135225,-0.38853288,0.34804916,-0.22985238,-0.115869306,2.4376802,-0.37675032,0.05736796,4.7888293,0.7661012,-0.3927833,0.08687619,0.1770503,0.58271927,0.12680043,-0.2905058,-0.03815727,-0.031562787,-0.35910913,2.1103327,0.13349889,-0.61200553,0.38228998,0.5083044,5.459909,-0.50659513,0.52683085,-0.037995163,0.044981707,-0.33998212,-0.19662338,0.73295546,0.78371614,-0.40181386,0.5611689,-0.0092210965,1.7058758,1.4106745,-0.023577899,1.1061994,0.12078967,-0.11245823,-0.214993,1.0184778,0.046713233,2.1794798,0.04611889,-0.5924072,0.59121054,1.0964122,-0.17852926,0.35951427,-0.60040975,1.0654268,-0.11223344,-0.30192205,0.5355037,-0.44401264,-0.3846953,-0.20598455,-0.0775776,-0.06665065,0.14473651,0.9311423,0.18325828,0.21947409,-0.2128037,0.3983549,-0.033480402,-1.6894888,-0.074035205,-0.3159233,0.2248983,2.1932833,0.16018714,-0.073020376,-0.4626249,0.48110652,-0.16600253,-0.112357765,0.49033046,-0.3547431,0.048740614,-0.12459912,0.2998228,0.29176238,0.002026558,0.056811962,26.734354
Cells_Granularity_1_DNA,-0.25669843,1.9599141,0.6447328,-0.69721127,1.5396843,-0.37674507,0.017097274,0.09257531,-0.13728052,-0.8181369,-0.18287992,2.2081974,0.80227214,-0.62804323,0.57081044,-0.21196426,0.5885877,0.38894126,2.198123,0.18227936,0.093228586,1.5667413,0.31969616,-0.99830747,0.3691837,0.2390145,1.0441439,5.966821,0.5081506,0.5380712,5.9514976,1.0398108,-0.2649893,-0.39065894,-0.049161494,-2.0951786,1.3210946,1.6343845,1.146029,1.1094648,0.2751843,-0.1827088,3.892934,0.4294169,-0.25136757,0.14923775,-0.0068621985,0.63469285,-0.28431568,-2.0864782,4.1835246,-0.043886144,0.8077886,1.3123618,1.8847924,-0.35566035,0.7432596,0.01321806,0.011552851,1.4246105,0.024915755,4.148004,0.5652331,1.2227365,1.7363262,0.020575663,-1.1662568,0.47873935,-0.16422617,-1.5914103,-0.17343487,0.09374914,-0.060498994,-0.1902694,1.0616055,0.96755594,1.3771721,-0.19091208,1.3044496,-2.0062814,1.0339111,-1.0396,-0.18499601,-1.6609915,2.6817353,1.4266287,-0.62407947,-0.15931092,-0.1755874,3.3995705,-0.19227976,0.12005069,0.98554915,-0.91212773,0.74419,-0.5711345,-0.2840589,-0.8756936,-0.6174641,0.277396,-0.8328781,-0.038730558,-0.4827548,2.3004026,-0.8149279,-0.19635028,1.3129328,2.2339962,-0.24194591,0.9690264,1.630547,-0.26644564,-0.031664833,-3.8000786,-0.17228961,1.1364363,4.252485,1.2212778,11.347774
Cells_Granularity_2_AGP,-0.09839799,1.4005146,1.5286217,1.4031123,0.15518443,2.8376415,0.13796692,-0.50835365,-0.27632952,0.58643377,-0.33094817,0.31933472,0.15062237,0.51402926,-0.108064525,0.03738727,-0.8336597,0.6863737,5.091088,-0.15276001,-0.19044055,-0.8628356,0.21795654,-1.1000662,0.6539444,-0.0073804655,-0.21371163,0.42399564,1.2112677,0.29474714,-0.4122186,0.3117852,-1.0830017,-0.32868326,-0.59600216,1.7785302,-0.2849576,0.4862772,7.664934,2.2729065,-0.20439266,-0.4494771,0.16731898,0.8651883,0.032591145,0.28971085,0.1400571,-0.594765,-0.46391368,0.56459147,0.012598872,3.354726,0.4707649,0.6073833,2.0341744,-0.23406427,1.0256811,-0.17105861,-0.12602358,0.32394263,-0.21694511,0.076134525,0.40132007,0.2966407,2.5711968,-0.77233076,-0.6208739,7.394815,-0.0054368973,1.6284593,0.15008728,-0.23603864,0.21932323,1.2996048,0.77562934,-1.8716669,0.050207943,-0.3584421,1.1083837,3.6795886,16.142424,1.5238684,-0.20625947,2.5785687,0.09805494,-1.6412014,1.6465381,-0.12479869,-0.91938764,0.6235047,0.29638526,-0.5086997,-0.21864085,-0.1576968,0.12870185,0.5529297,-0.5843313,0.07786596,-0.6452236,12.943862,-0.34795,-0.6054712,0.15599976,2.1133623,0.12497607,-0.06151237,-0.0390477,-0.3276687,-0.36327103,0.7608075,0.19164045,0.69879484,-0.27083775,4.690393,-0.28272417,-0.65838253,0.3354713,0.46555868,13.001315
Cells_Granularity_2_ER,-0.31288943,1.5924867,-0.60771936,0.42483488,1.6857901,1.4181765,-0.307693,-0.3835484,-0.37604335,1.6765347,-0.072063945,-1.3322936,0.8893183,-0.6324373,0.20514548,0.27568245,-0.86682147,0.5467122,5.393103,-0.21785055,-0.25905132,-1.0451177,-0.5657911,0.34437475,0.9329236,-0.08784684,-0.8065033,-1.5733021,-0.56951267,-1.6889691,-1.7109874,-1.6463209,-0.49310365,-0.09916386,-0.33223978,7.378097,-1.9877071,-0.46701494,12.40672,0.49179313,0.07473806,0.048716675,1.0593209,-0.2593244,-0.0039256117,0.275475,-0.29169512,-0.45413804,-0.20387079,-0.6966302,-0.62382036,1.4707059,1.0734044,2.3211362,1.018016,-0.035627108,-0.21013832,-0.32387117,0.20135583,-0.5757361,0.28018367,1.372374,-0.69119424,-1.0907139,-0.95168424,0.95893043,1.7974731,9.056579,-0.28445926,3.8154545,0.45999286,-0.051387623,1.5262202,1.3289119,-0.7612235,1.074972,-0.062824816,0.010334834,-1.4841642,3.2929652,21.092447,-0.59748757,-0.015400966,2.5006933,-0.4374489,-0.2710348,-1.0622982,-0.25106004,-0.028412202,-0.2173909,0.3883172,-0.22612269,-0.8621235,2.368139,-0.6643741,-0.56582135,0.032205686,1.137287,0.028662508,12.523244,0.5626766,-0.4623203,0.46092975,3.4968722,0.59010965,0.08375595,-0.6192059,-0.8341109,-0.2705759,-0.6055986,4.3598332,0.050503254,-0.1590032,11.780052,-0.118497156,-0.6084144,-1.0192164,-1.3150145,0.64938927
Cells_Granularity_4_AGP,-0.48118082,1.5383495,0.7545169,2.5562632,1.0972704,1.6763968,0.36132243,-0.4691957,-0.5008889,1.1342582,-0.2825472,8.559914,0.4360516,0.9781681,-0.11587266,-0.14674167,-0.9440424,0.25850758,14.2272415,-0.27235875,-0.5120578,-0.5383897,-0.07198336,-0.43849507,0.64392203,-0.5635306,-0.31861466,0.9306595,1.1416326,-0.5704174,1.197053,-0.08433338,-0.23984098,-0.45308495,-0.70326215,10.34838,-0.3437049,0.13602938,6.225202,2.1305866,0.09747388,-0.5173164,0.7651914,0.24723952,0.05566285,-0.17820294,-0.35848495,-0.28769055,-0.63451034,2.919472,-0.15444936,3.7381299,0.6384115,2.5804837,6.014195,-0.15469109,1.1606058,-0.6204126,-0.5133486,0.00923409,-0.35911718,0.8663004,0.6601781,-0.28445652,1.3657478,-0.53995687,2.038808,4.389808,-0.07234261,2.5481083,0.12253972,-0.32684395,0.12427324,1.6629137,0.60739845,2.3812523,-0.123249136,-0.59340954,0.6394873,4.4616675,14.288598,1.8444209,-0.11651077,1.7500944,0.12825532,0.030374447,2.0961466,-0.11169022,-0.90259105,0.11419805,-0.11767736,-0.34450197,0.19468541,3.08726,-0.3652269,1.1315255,-0.38985753,0.24523668,-0.18779755,13.366698,-0.693686,-0.5757299,-0.019216279,1.7913119,-0.26072857,-0.9476337,-0.43800774,1.129032,-0.3314991,1.2749672,1.9532518,0.08279968,-0.19387656,13.291638,-0.6250623,-0.073013194,0.14524338,-0.5604842,14.5243
Cells_Granularity_6_DNA,-0.036792,1.4779838,0.029278124,-1.7628173,-0.3102481,-0.7391643,-0.18719877,-0.27977943,-0.24849856,-0.32251918,-0.14013518,3.3851311,-0.3095627,-0.72482777,-0.10738144,-0.17101796,0.65011746,0.16871418,2.8663094,0.3182593,0.13896096,-0.51893514,0.029866615,-0.40380082,0.01852663,-0.09240981,1.0032617,0.55472124,1.0844285,0.20567732,0.9513011,0.41774878,-0.61727136,0.048800588,0.17261446,1.4711056,0.09620675,0.7758417,-0.6836222,-0.67763233,-0.03401989,0.09222829,-0.028505802,1.4018575,-0.24058525,-0.046043884,0.48838606,-0.086811565,0.3345823,-0.20984244,-0.16691266,-1.05578,-0.062372763,2.407111,3.380483,-0.24733298,0.09864982,-0.25192448,-0.23001866,1.3808023,0.10018003,1.6790406,0.685792,0.43554816,-0.2963357,-0.0064096055,-0.6139258,-1.9195334,-0.0025164883,-0.94233865,0.34226835,0.0055083632,-0.4863719,-0.34565902,0.6551317,-1.2289096,0.16034178,0.008510689,-0.10618194,-0.3889974,-1.0535886,0.062959395,0.16819496,-1.0484866,1.4794661,0.53189594,-0.28399977,-0.21624817,-0.15523279,1.1626986,-0.43094906,0.25063595,0.34413043,-0.34697208,0.45094487,0.0855392,-0.19556494,-0.61925334,0.03801338,-0.9351792,-0.1081793,-0.060627114,0.04003195,-0.14255492,-0.9370837,-0.1832733,0.55000836,0.15974988,-0.057779443,0.07692174,1.6397673,-0.33820125,-0.15767695,1.4935179,0.047517616,0.4063665,-0.29805025,0.2899709,-6.566068
Cells_Granularity_7_DNA,0.3158216,0.7705903,0.6468372,2.7110832,-0.8545418,-0.07201698,0.31336662,0.30120018,0.22560732,0.0075488687,0.4503413,1.6640111,-0.4344659,-0.4119297,1.0796441,0.11978642,0.5932867,0.48839417,-0.567117,0.47028247,0.40838286,-0.08032764,-0.3080149,-0.24820395,-0.11269342,-0.23278718,0.30407575,1.6182231,0.47965193,-0.056648035,2.61923,0.28025356,0.39832258,0.25708246,-0.07230724,2.616814,0.36481008,0.018656949,-1.9891297,-1.6864334,-0.18744679,-0.090266645,1.4696785,0.84104985,-0.5332276,-0.06990016,0.59108394,-0.20659995,0.16470735,2.8420923,-0.65364087,-0.30393943,-0.29727697,2.9942672,1.1979855,-0.30254957,1.2298052,-0.056606617,-0.8504786,-0.0014475187,0.29677814,2.6545455,0.15811084,0.6071017,1.2819384,-0.26340994,1.0979319,-1.6985642,0.10990712,1.1620193,0.0204856,0.10254351,-0.7319395,-0.44682574,0.32819304,0.4314219,0.2156974,0.2959785,0.529219,-1.7262441,-2.0972297,-0.2556412,0.30855387,-1.1263922,2.1047695,-0.17072141,1.3318166,-0.081572406,0.40644696,-0.036874413,-0.4877226,0.2938012,1.4767786,-0.84176445,0.16549289,0.009620428,-0.19413187,-0.32167327,0.24604158,-3.6390724,-0.13988703,0.27828154,0.12718026,-1.8831886,-0.6957457,0.08456391,-0.124138,1.8637267,-0.0069333315,-0.29537293,1.8577528,0.026879063,0.20988934,-1.886827,0.06153931,1.971254,-0.3792027,0.15015836,0.61263484
Cells_Granularity_8_DNA,-0.3225045,0.041584153,0.6857956,3.8433397,-1.246769,0.7585364,0.16663924,0.09979892,0.2452476,-0.06103168,0.54894376,0.41163692,-0.37676445,-0.24204528,1.0102211,-0.012987996,0.2917567,0.7641735,-1.8608681,0.2533684,0.3059859,-0.010870854,0.0031050246,0.15991418,-0.036127042,0.13413417,-0.23252113,0.75909144,-0.14005175,-0.42430845,1.8262876,0.40917528,0.6768262,0.43479642,0.015427753,1.7519134,0.029470107,-0.9579409,-2.4279282,-1.971373,-0.28080165,0.21503925,1.2797862,0.011721949,-0.87745476,0.27782294,0.119161725,-0.0904164,-0.06612956,3.8609579,-0.5380769,0.07663876,-0.24395134,2.2412071,-0.72625095,-0.28946638,1.8027366,-0.231584,-0.8840763,-1.0786799,0.46350256,1.1454321,-0.026296774,0.33002567,1.7507495,-0.5154783,1.197472,-1.3964602,-0.20144705,1.9268613,-0.27797288,0.3579804,-0.5265525,0.19024609,-0.12507479,1.2587892,0.7197471,-0.048820227,0.4247729,-1.9133772,-2.904128,-0.86267334,0.27759883,-0.19506045,1.6527294,-1.0509468,1.8325278,-0.17385072,0.43996593,-0.9901096,0.059156347,0.28304848,1.0433022,-1.1789113,0.32575265,0.4649434,0.08905811,0.29755223,0.73863727,-3.7551534,0.48629346,0.48467138,0.1080882,-2.1848626,0.13623112,0.27481768,-0.84661275,1.9261813,-0.23174997,-1.3055499,0.6402631,0.13209999,-0.06836342,-3.5803936,0.040930435,1.3785343,-0.61287063,-0.2716117,0.29741836
Cells_Granularity_9_DNA,-0.08570882,-0.47425166,0.79029125,3.5070763,-0.6748438,1.2054168,-0.34141648,0.21302998,0.23294754,0.1738414,0.12505625,-0.96479076,-0.74719715,-0.033598024,0.9236687,0.4055144,-0.22885692,0.5133276,-2.2760048,0.26592645,0.19002713,0.07069323,-0.22296934,0.6857679,-0.31186107,0.05719967,-0.74782467,-0.122610606,-0.30589795,-0.6144217,0.56567,0.1271426,1.1754106,-0.11056661,0.14679201,1.0659963,-0.016908383,-0.78154564,-2.1709754,-1.3574082,0.33099258,0.12708712,0.6120709,-0.3806461,-0.30444488,0.2483532,0.6549116,-0.4355487,-0.10071119,2.865836,-0.5230587,-0.012088756,-0.29351938,0.9119439,-1.5449451,0.25445545,1.3849672,0.038171094,-0.14678864,-1.3106989,-0.34407744,-0.3529775,-0.19506185,0.073210716,1.0790497,-0.2015626,1.247289,-0.45658696,0.48080418,2.0417945,0.24427623,-0.2794283,-0.4283079,-0.21398224,-0.27587178,0.8922584,0.5883293,-0.2902751,0.20490868,-1.625693,-3.2971213,-1.0207101,0.34449324,0.40364718,0.8527631,-1.0514331,1.8323284,0.37701944,-0.027908811,-0.88582534,0.11435592,-0.16314057,0.87444025,-0.94775486,0.2879161,0.34667158,0.052151848,0.5891804,0.48847547,-3.4825382,0.2855593,0.47926006,-0.28188768,-1.8678274,0.43163264,0.035782862,-0.7182154,1.1520687,-0.180785,-1.2877301,-0.5728474,0.22358327,0.10424733,-3.0328267,0.26147702,0.7979261,-0.45964408,-0.58525354,2.684269
Cells_Intensity_IntegratedIntensityEdge_DNA,-0.06894759,-1.9634675,0.2729267,1.376495,-2.364156,0.4355751,-0.26796898,0.5345662,0.4040761,-0.48199022,0.5969226,-5.1913733,-1.4861622,-0.5681744,1.3328677,0.26397738,0.067126475,-0.3468809,-5.0537543,0.4997637,0.51987237,0.78911704,-0.18868442,-0.052510034,-0.1890956,0.4294127,-0.8664164,-1.2258844,-0.9297305,-0.14982146,-1.9931382,-0.32178736,0.9235527,0.56328857,0.08252996,-0.48307577,-0.11122591,-0.7457662,-2.9824631,-3.2669494,-0.022757733,0.15718906,-1.1407981,-0.94069535,0.0019609134,-0.0940245,0.07050087,-0.20431085,0.40640464,-0.9115707,-2.2455263,-2.0486047,-0.79895705,-1.7639889,-3.4955285,0.35407862,-0.5211161,0.47447395,-0.10680049,-1.3892771,0.04214969,-2.3571403,-0.51451266,-0.26295134,-0.5718775,-0.028618643,0.32308277,-2.4026685,0.01580588,0.48209485,-0.066280425,0.3029659,-0.23721977,-0.73278356,-1.1873177,0.89628714,0.46128377,0.10163828,-1.21766,-3.3323338,-7.6483893,-2.0227034,0.33718896,-0.6854506,-0.61321133,-0.6241226,-0.08607202,0.38722715,1.3720778,-1.3375033,-0.20321159,0.0867334,0.7154761,-2.766546,-0.7794969,-0.96442294,0.61561966,0.31792614,0.51507795,-7.1135116,0.4627689,0.5315483,0.17326397,-2.7859008,0.587027,0.29410496,-0.5698533,-0.44289818,0.40846828,-1.8583533,-2.368214,-0.32223645,0.16626953,-6.380705,0.36727095,1.3001807,-1.2637037,-0.8897176,-7.431528
Cells_Intensity_IntegratedIntensityEdge_Mito,-0.28804353,-0.5444893,0.95580333,0.18389426,-1.1749325,-0.9870525,0.29765284,0.12959857,0.5263698,0.24347143,0.14638321,-2.69117,-0.24513668,0.23111875,0.43535066,-0.07993936,-0.2787514,-0.4419159,-3.141983,0.19477217,0.3318388,0.5655331,0.042914953,0.37992254,-0.08682082,-0.16056132,-0.45814684,-0.00977089,-0.95511293,0.50059503,-0.35383502,-0.1189374,0.32249948,0.40810108,-0.12141327,-2.8085372,0.43205443,0.07894478,-1.6483032,1.924191,-0.12107128,0.1026637,-0.14493339,-0.2629306,-0.044140536,0.1312439,0.25678208,0.11291536,-0.06262762,-1.7433757,-0.38513216,-0.5417328,-0.31757078,-0.6996913,-2.0335903,0.7706345,-0.57369715,0.03297944,-0.15856108,-0.048605174,-0.63489115,-1.1337987,-0.70259136,-0.22974189,0.2608626,-0.010829051,-1.5179483,-1.1252892,0.09940353,0.382194,-0.10274538,0.1094595,-0.25130942,0.039719675,-1.2551348,-1.6604215,0.8923803,0.20326547,-0.16498382,0.73761463,-4.5619106,-0.44998693,0.5306645,0.2679972,0.6724724,-0.3771139,-1.2913685,0.5427187,0.29402336,0.55912024,-0.23175812,0.22390418,0.9188607,-2.2106771,-0.52472776,-0.70349884,-0.09632278,0.17790003,0.6170351,-3.6418352,0.7389578,-0.24287383,-0.39125618,-1.5407766,0.24177943,-0.27560404,-0.47102514,0.85272646,-0.0022896628,-0.78226763,-0.83352274,-0.3380514,-0.04225552,-3.6093295,-0.063239515,1.2449327,1.0155213,-0.9577206,-0.97016925
Cells_Intensity_IntegratedIntensity_DNA,-0.048805933,-1.7715892,1.018133,4.9615436,-3.2679417,0.41045836,-0.036061585,0.17530642,0.23813975,-0.67977875,0.38970175,-1.3709613,-1.2152057,-0.15312855,2.8053637,0.33026764,-0.097863674,-1.1604573,-1.1025399,0.31815138,0.25474808,2.2599533,-0.24648146,-1.4218569,0.5477231,0.034580216,-0.72412467,-0.46727252,-0.374669,-0.78477216,-0.43655935,-0.39343524,0.6118315,0.29002675,-0.18020461,3.8867366,-0.3828629,-1.1028676,-2.2368755,-4.4586124,-0.40884128,-0.105092786,0.46477512,-0.026686857,-0.71958834,-0.2342261,-0.16163807,-0.25310817,0.01437055,1.8756555,-3.379364,-0.017202316,-1.8111006,0.94006425,1.3999819,-0.031075636,1.5213486,0.16910969,-0.6361273,-1.5267553,0.09960672,3.3111498,-0.13106342,0.26214075,0.09639164,-1.0321646,6.5095754,-1.0830075,-0.14355421,3.2404048,-0.37587383,0.48170543,-0.33979154,-0.55480963,-0.9150217,5.9082627,0.33215633,-0.16712345,-1.5580412,-1.9598179,-3.4797142,-1.5376433,0.14428459,-0.45830527,-0.514092,-0.42856875,2.881171,0.114029616,1.1976558,-2.7286377,-0.27467862,-0.21325694,2.342914,-3.6587484,-0.4403545,-0.47046924,0.2683218,-0.71712893,0.31978932,-0.49455723,0.10756572,0.389281,0.33560205,-3.4765387,-0.9634521,-0.010604155,-0.7894211,0.51798314,0.39370856,-1.9041785,2.072345,-0.12266014,0.12943207,-1.8568872,0.12968618,3.4117727,-1.5927129,-1.3384639,-11.669289
Cells_Intensity_IntegratedIntensity_Mito,-0.47680378,0.31971586,1.0267777,2.4505494,-1.0545746,-0.42320144,0.48868743,-0.06474623,0.32685554,0.13852575,-0.1812893,1.6960783,-0.04846944,0.17760237,0.99945694,-0.18859015,-0.403754,-0.36436987,1.5351523,0.11691306,0.002473836,1.2117182,-0.18687002,-0.3792107,0.27205792,-0.4506196,-0.455626,1.7286977,-0.94701195,0.050404668,2.0618846,-0.005870039,0.30065092,0.22962928,-0.51741815,-1.0877457,0.3304889,0.055408392,-0.525077,1.6779032,-0.246769,-0.10494151,1.8356543,-0.011649529,-0.29681966,0.035755634,-0.19394302,-0.08054104,-0.41199195,-0.57127464,-0.6604098,0.81522626,-0.3008149,1.4992555,2.7119458,0.25711605,0.608548,-0.2445334,-0.38882923,0.0045707226,-0.4968935,1.7121038,-0.6161167,-0.10069734,0.78280926,-0.32205126,0.9907112,0.05602926,-0.018712291,1.8063151,-0.3675234,0.031425256,-0.57608503,0.06082481,-1.008684,1.1945047,0.9431549,-0.21831179,-0.27225137,2.0150707,-1.4178568,-0.11866349,0.29611203,0.16191785,1.3270277,-0.023160338,0.07957783,0.2784379,0.10415751,0.95401365,-0.42215446,-0.05861491,1.5049022,-1.986886,-0.41163036,-0.32431403,-0.34653473,-0.34329808,0.3326166,-1.0079781,0.25338778,-0.39654207,-0.44737068,-1.3242047,-0.30728716,-0.78612804,-0.5702374,2.0016534,-0.20506912,-0.6111429,1.3932317,-0.43081668,-0.18131697,-0.85691243,-0.32099155,1.8421808,1.525917,-0.7002407,-1.9321607
Cells_Intensity_LowerQuartileIntensity_ER,0.3675026,-1.6184039,0.10498754,-0.43551698,-2.2052727,0.0077045313,0.08012371,0.17111993,0.52078027,0.8834867,-0.13073102,-3.8939428,-1.0915786,0.67821974,-0.67935497,0.24043097,-0.76631737,0.28052327,-8.294711,-0.2235172,0.23557371,-0.46843997,-0.31417027,0.9596111,-0.91320497,0.16459711,-0.2510241,-1.4468317,-0.14126773,-0.07110566,-1.1143229,-0.18478863,0.8779232,0.21324818,0.7647908,-3.4737232,0.076823235,-0.47049096,-0.82415646,-0.1337934,-0.132801,0.108934484,-1.539805,-0.19344534,1.055334,-0.479602,0.25313967,-0.44973445,0.5338506,-3.296006,-0.013277094,-0.5749716,-0.087623864,-1.4561781,-7.323071,-0.15430893,-0.21732791,0.13956034,-0.19295007,0.18302882,-0.39382324,-2.135511,0.014554501,-1.3621491,-0.37004098,-0.35155562,-2.7948906,-0.85402995,0.5395232,0.53149927,-0.0028077092,0.38617864,-0.0628678,0.30969873,-0.24638242,-2.6835983,-0.26960218,-0.09554589,-0.35385108,1.5316564,-6.0210595,0.70554274,0.30658236,-0.072160654,-0.3505242,-1.3005534,0.14072736,0.5822899,0.14488573,0.009187485,0.7051106,0.13647604,0.33135116,-0.9771194,0.589067,0.87769,-0.096188985,0.4761496,0.3098657,-5.277372,1.0684793,0.4236896,-0.02464384,-2.675497,1.206788,0.24352455,-0.70393544,-0.8133869,0.63564223,-0.92836803,-1.3737241,0.37813464,0.49821362,-2.4365451,0.118941635,-0.2942997,-0.16905372,-0.46017396,-0.35527596
Cells_Intensity_MassDisplacement_AGP,0.035077237,0.60260427,-1.2458581,0.60955423,0.6653622,-1.1429121,0.38653162,0.14840578,-0.2442158,-0.082596004,-0.2991118,0.6160838,0.03400877,0.41113997,0.4663593,0.33482257,-0.124044396,2.1955462,4.1031623,-0.16079612,-0.37427738,2.18346,-0.18335462,1.791068,-0.4097999,-0.24839942,0.9969444,2.3989387,0.5454506,-0.12997298,1.8550943,0.43461725,2.3139703,-0.119904906,0.04157315,0.75061876,-0.17224987,0.86657256,0.19236971,0.16310088,-0.8016316,-0.06185921,1.7413559,0.64832455,-0.34609136,-0.48752496,0.0579545,0.312295,0.15446983,1.496366,-0.6976916,0.5800467,1.8713166,1.001831,4.5756636,-0.18211997,0.081284374,-0.44503987,-0.16375335,0.7920374,-0.020626137,1.6527413,0.5883942,0.29094818,0.56986624,0.94963956,2.0075474,-0.71421033,0.2872999,-0.493817,-0.42109767,-0.014062385,-0.12549199,-1.1879356,0.7755262,1.7449843,-0.28984436,0.13458937,0.27489397,-0.546257,-0.22702043,0.021400055,-0.33735058,-0.9436005,1.1245363,1.0261211,1.8812968,-0.28100827,-0.3131357,0.3753476,0.55079734,0.41424045,0.8811446,1.8238128,0.3777971,0.48140892,-0.15452713,1.2802116,0.07458808,0.5731249,0.39775786,0.044353694,-0.06429925,0.056498468,1.770384,0.3613883,0.1780271,0.9051995,0.112955384,0.32533264,0.9352986,-0.034056794,0.30557546,-1.4948606,-0.21542811,0.64918154,1.3656441,0.46852037,-0.2109294
Cells_Intensity_MassDisplacement_DNA,-0.0035524766,1.1686454,0.527374,0.65356195,-0.35567364,-2.296277,-0.423556,0.0019115607,-0.15171614,-0.5398992,-0.19697183,-0.23827966,-0.18455195,-1.0077497,1.5758947,0.0025459093,0.5377131,1.1223006,-0.9478044,0.44252148,0.2921084,1.8926682,-0.12643315,-0.11769217,0.22467665,-0.013811032,0.91155475,3.416956,0.5710835,-0.4770424,3.4537342,0.57622147,0.41818047,-0.030372938,0.2916278,-1.5064106,0.4556383,0.39917564,-0.7110943,-1.6922255,0.019532284,-0.02686128,0.3936429,0.9881179,-0.51593804,0.39928898,0.27174473,0.35941264,0.16266674,-1.5983111,-0.56448364,-0.6951306,-0.10744718,1.6272691,2.0008757,-0.15849636,0.5595298,-0.13657859,-0.27014732,0.35416198,0.17706852,0.8343363,0.45681658,1.2405411,1.540783,0.71125776,-1.3452095,-0.3456913,-0.18414836,-1.051818,0.15456934,0.017027974,-0.6047827,-1.4523445,0.6202281,1.0686364,0.5543119,-0.2000457,0.11202339,-2.335465,-2.0620198,-1.7908922,-0.09819833,-3.268346,2.0449798,1.670339,0.2938036,-0.3090932,0.19705975,0.8670532,-0.37053564,0.098459594,1.1995835,-1.8255354,0.8590005,-0.49659124,0.13665512,-0.26540253,-0.26907608,-1.9240704,-0.4107871,0.20736837,0.25362536,-0.11156753,0.34370336,0.31280366,0.24785338,1.1967685,-0.016284108,-0.20142286,0.6705913,-0.38015762,0.49469545,-4.8199916,-0.08680252,2.14274,1.2440661,0.24167311,-11.05025
Cells_Intensity_MassDisplacement_ER,0.03129467,0.89834815,-0.024526378,-0.59371716,2.5009716,-1.2141402,0.3784325,-0.10917463,0.049382884,-0.47119078,0.25140795,0.28060326,0.69565445,-0.3567865,0.36975804,0.30991465,0.39820278,1.4448391,3.6317997,0.023746649,-0.13056122,2.2804086,-0.12268701,0.1622596,0.11298206,-0.2373051,1.4189415,3.2024853,0.50806195,0.49620178,2.5477226,1.0716094,-0.15136884,0.06658622,-0.011692911,1.3324318,0.08516592,0.8857359,-2.1025565,0.074350595,-0.10738903,0.24678765,1.6518131,1.1270324,-0.74951714,0.022044316,0.43808815,0.66732526,-0.055852205,1.5497752,0.13614915,-0.9575317,0.7766874,1.5796819,4.9819684,-0.21783924,-0.5450654,-0.29126444,-0.15807445,0.7844937,-0.13319498,1.6965023,0.7012346,1.4924461,1.0629555,0.90196306,1.9573317,-0.5822485,0.1788258,-1.1533129,-0.1194114,0.21180153,-0.4281937,-1.7897692,1.2806381,2.5894234,-0.2816855,0.03467748,1.3369201,-1.7484331,-0.26051775,-0.748657,0.100974746,-1.9867672,1.451862,1.9690957,0.3236072,-0.37361717,-0.39084244,0.49443126,0.022104472,0.27288806,0.6131411,2.160622,0.9288724,-0.11384175,-0.2409363,-0.42946887,0.26939538,-1.8545318,-0.14859046,0.0062185624,-0.13277447,2.0366557,-0.012320459,0.21169484,0.750555,1.7492728,-0.0077506057,0.986454,0.91798735,-0.2785875,0.28580853,-2.1438806,-0.11626807,0.2935269,1.4512655,1.0849771,0.89592487
Cells_Intensity_MaxIntensityEdge_DNA,0.085913725,-2.6147687,-0.32130277,-0.5958889,-2.1803,-0.9245489,-0.42644808,0.4044709,0.19061427,0.5793655,0.30587634,-6.692045,-1.3373638,0.83859587,-0.47613928,0.259726,-0.2869092,0.3881334,-7.856281,0.0601995,0.12801565,-0.30750763,-0.24081062,1.865121,-0.6269717,0.34402025,-0.77054375,-4.311833,-0.93060464,-0.29971126,-4.8776336,-0.82753205,1.278682,0.7747213,-0.030487007,-0.12866838,-0.59447116,-1.0403377,-1.5240215,-2.4414515,-0.06246051,0.18137704,-4.3866496,-0.87854433,0.48730293,0.005847022,-0.16643395,-0.44378117,0.5213683,-0.67311126,-2.5140731,-0.8294992,-0.14065582,-3.7518494,-5.484387,0.8963968,-2.1482456,0.16334102,0.08742869,-1.2338605,0.21240671,-4.485526,-0.53084826,-1.175639,-1.615996,0.70747966,-0.9531147,-0.98887205,0.083813004,0.0031018257,0.2544946,0.14637144,0.20508544,-0.0041316748,-1.48694,-0.7943041,-0.9739315,0.22535361,-0.96208423,-1.1592075,-5.683908,-0.41446912,0.26358294,1.0109037,-2.3753142,-1.1711701,0.3928806,0.24739195,0.79918766,-2.2044919,0.0375974,0.15367156,-0.9721071,-0.29516652,-1.1878506,-0.34076783,0.66081846,1.414505,0.49727142,-2.774264,1.135728,0.43602765,0.5630232,-1.9076875,1.9360847,0.39836156,-0.57287294,-2.206252,0.451363,-1.3703403,-3.791461,-0.083553486,0.17022042,-3.81799,0.40170023,-0.5663425,-2.6086457,-1.1160896,-8.225811
Cells_Intensity_MaxIntensityEdge_Mito,-0.45359078,-0.29888615,1.2446214,0.6369793,-0.071023844,-0.56065136,0.3840584,0.066584535,0.32593784,0.85600513,-0.09621482,-0.9325351,-0.1957149,0.5256352,-0.2966713,-0.20636694,-0.42357925,-0.22661631,1.3073643,-0.14467074,-0.1810766,0.052343708,-0.25739336,1.3522142,-0.106315546,-0.35041603,-0.6124658,0.2538518,-1.1887566,0.20958626,-0.4892868,-0.5018089,0.3906996,0.4286509,-0.4254597,-0.89777774,-0.08639151,-0.10970351,0.040749878,5.21352,-0.30178657,0.02606458,-0.6956947,-0.3573517,0.08145746,0.06456455,-0.07991966,-0.18871391,-0.31075552,-0.29717517,-0.43175244,1.4074999,0.3217019,-0.20888497,3.78685,0.52647275,-0.72611666,-0.2173537,-0.31775212,-0.10525649,-0.58908397,-1.365538,-0.9637146,-0.627725,-0.425642,0.16466112,-0.8754017,0.824987,0.11819457,1.9371988,-0.103901066,-0.0011914223,-0.41573453,0.22044866,-1.3992547,-1.170376,0.26570144,0.06722911,0.38730252,4.095303,-1.7797351,0.25157648,0.4517058,1.3557247,-0.021831254,-0.7220405,-1.207812,0.35838762,-0.10594145,0.48108426,-0.27700147,-0.04542765,0.25449064,-0.20507587,-0.8389849,-0.5609276,-0.17203479,0.7179642,0.395618,-2.7280436,0.85301256,-0.40006372,-0.2950044,-0.05155309,0.7253856,-0.60235316,-0.74387664,0.4035139,-0.1321128,-0.37990353,-0.51930517,-0.37568235,-0.21631789,-1.1587592,-0.27568504,-0.019659057,0.41941747,-0.9832709,1.2378999
Cells_Intensity_MaxIntensity_ER,0.14867379,0.60794014,0.3175245,0.16883975,0.75202537,-1.1015245,-0.39586845,-0.22539973,0.2202634,1.6351843,-0.5271113,0.96985155,-0.26761267,0.24338324,-0.27560115,0.32639146,-0.41335297,2.5048947,2.4222605,-0.24869697,-0.26830587,0.52122474,-0.62823236,0.11338522,-0.40198365,-0.07408274,-0.008217772,0.9615577,1.019537,-0.8686604,1.7490674,-0.27797493,1.2497307,-0.061047543,0.32008684,2.5439494,-1.6607208,0.07692946,1.1910024,-0.6815904,-0.010306667,-0.10778671,0.5715395,0.6337977,-0.44796285,-0.77161217,0.67772835,-0.2582376,0.059509814,-0.92404085,0.30092993,-1.086086,0.20369534,2.9626408,0.79107094,-0.7188525,-0.8630546,-0.23067652,-0.16941369,0.10974232,-0.3637475,-0.44963193,0.5642502,-0.8809986,0.50971013,0.71991223,1.7873902,1.5272793,0.16234317,1.6112174,0.37332937,0.25031048,-0.1249476,0.007970045,0.37856993,2.316892,-0.13516697,-0.270792,0.85447186,1.2486058,-0.100822605,0.7176705,0.1536832,-1.1532359,1.0165514,-0.20559447,0.6738934,-0.7409255,-0.33374646,0.80360603,-0.027416011,0.14149718,0.92782164,2.9571693,0.6886995,-0.20321333,-0.3427883,1.2184484,-0.081014685,-0.7633988,0.51767766,0.14417522,0.47012922,-0.08188927,1.7308608,0.032220203,-0.6524906,1.8103433,-0.019809654,-0.39185467,0.28589717,0.150709,0.25626895,2.834802,-0.3028971,0.35983667,0.45260337,-0.34416625,1.4805552
Cells_Intensity_MedianIntensity_DNA,0.11296219,-2.3062994,-0.24172707,0.83124024,-1.6640486,2.7323525,0.13022536,0.44890413,0.4796997,0.6129649,0.6938471,-0.9948256,-0.8623199,0.4760991,-0.38616455,0.10996523,-0.7122829,-0.6695265,-3.6705005,-0.13588895,0.35657084,-1.084451,-0.048102785,1.9380035,-0.40383515,0.24046226,-0.774412,-3.0649395,-1.1782308,-0.03326382,-2.956723,-0.7042055,0.35633263,0.4438273,0.012355615,0.25674984,-0.44429085,-0.9795186,-1.7170172,-0.48485842,-0.05037132,0.29850438,-2.0713527,-1.3327907,0.26252878,-0.14753442,0.30662236,-0.44327965,0.15458702,0.76379514,-1.1335392,0.097415514,-0.47208628,-2.0619345,-3.717603,0.54938275,-0.5038898,0.39264664,-0.09822916,-1.4972585,0.029460052,-2.8100016,-0.6946419,-0.85420865,-1.2055547,-0.37422898,0.30749187,-0.54069465,0.1282918,1.3978506,-0.06487615,0.17520821,0.104662575,0.38059464,-1.2560235,-0.57317466,-0.2599844,0.45709956,-1.1130041,-0.05297057,-2.6157207,0.07963791,0.58498144,2.5063114,-1.7598766,-1.8219105,-0.5234514,0.56569314,0.57171035,-1.9575459,0.15540086,-0.04015715,-0.5672569,-1.027649,-0.9755895,-0.043629486,0.40164742,0.66305846,0.7602635,-2.0341027,1.159363,0.2630948,-0.11346761,-2.1442394,0.8826614,0.30647284,-0.8799482,-1.1538931,0.3171617,-1.1898853,-2.423958,0.15368932,-0.10407412,0.9674141,0.4280025,-1.0969077,-1.6216925,-1.1269931,-3.7022552
Cells_Intensity_MinIntensityEdge_AGP,0.79668736,0.45009923,0.14574732,-2.5072086,-0.377906,-1.1603924,0.15074152,0.86794573,0.48275432,-0.7139285,0.055840045,-3.0789032,-0.7841775,0.37890708,-0.90283805,0.23892808,0.056689262,-1.955115,-5.503095,0.41254988,0.42188033,0.08675059,0.114437066,-1.2467335,0.21463974,0.865509,0.6828885,-1.1394705,-0.48059067,0.4706246,0.5175743,0.3936517,-2.0135362,0.5161797,1.1645716,-4.4808397,0.3389343,1.2192706,-2.9869988,-1.2688683,-0.020806968,0.52147764,-0.21092348,0.05874759,-0.54664826,-0.33092114,0.6011159,0.23266868,0.35544583,-2.8558624,0.8810386,-1.4764761,-0.56468016,-0.7729659,-3.855278,-0.6489747,-0.613913,0.7216373,-0.5858702,1.1129018,0.3576111,-0.5298912,0.055759657,0.43961343,0.6961932,-0.43993402,-2.5384905,-1.5209155,0.74500304,-2.73738,-0.37831482,0.5088491,-0.08379296,-0.24142075,0.8210098,-2.7835748,0.2474625,0.5326038,-0.42715046,-2.6307411,-5.1766763,-1.4257398,0.3577048,-1.5072829,0.07423344,-0.13803749,-2.9054377,0.0721473,0.25512815,0.07073236,-0.7074115,0.53207153,0.25677243,-2.3701012,0.5203817,-0.167328,0.18198878,-1.038177,-0.27982345,-4.1864195,-0.122474395,0.8751488,0.32865345,-0.023798665,-1.2128743,0.20537311,-0.15291198,0.29542288,0.48328897,0.8593362,-1.3357038,0.2270175,0.88082004,-3.8024895,0.04410846,0.110462405,-0.6734285,0.4512225,-4.8082147
Cells_Intensity_StdIntensityEdge_ER,0.13672687,-0.93105274,-0.24446349,-0.016437352,-0.58629596,-0.25403258,0.07928144,-0.20236474,0.22635694,0.86822176,-0.2426061,-5.2014394,-0.29732594,0.94867355,-0.5038614,0.29356006,-0.70570594,1.8572518,-5.245436,-0.5784046,-0.28677586,-0.033237,-0.5701108,1.2146064,-0.8084774,-0.31551874,-0.23201716,-0.7585102,0.5530432,-0.25245067,-0.02377764,-0.046860114,1.0461339,0.07400623,0.30932906,-1.1374933,-0.09854571,-0.47060648,-0.6052361,0.84851235,-0.14345692,-0.065334626,-0.96848613,0.2984822,0.73169947,-0.41184178,0.48780975,-0.4708608,0.053382248,-2.2135327,-0.10887811,-0.4153298,0.60617954,0.40570354,-4.24971,-0.2476583,-0.30656472,-0.34379533,-0.03890911,-0.18277204,-0.6437323,-1.5881592,0.72664684,-0.9232065,0.3815339,0.6154235,-0.23603018,0.4075363,0.24287857,1.0389909,0.06571287,0.18572445,-0.23901437,0.77204674,0.3551948,0.4228185,-0.45707607,-0.30681348,0.54308563,1.3279535,-5.1192236,0.91101223,0.04635081,-0.352743,0.22133744,-0.48174605,0.24462421,0.26108766,-0.45555353,0.3101773,0.81056386,0.051045258,0.0027287106,2.1625717,0.6395159,0.7756365,-0.26440796,1.0718032,0.32943523,-6.2290673,1.2503666,0.070906274,0.29174647,-0.55358285,1.6791496,0.26566118,-0.5680408,0.2121888,0.07276448,-0.32566863,-0.7480728,0.29707974,0.13390486,-2.4103155,-0.22409952,-0.5537996,-0.24634366,-0.15227187,5.0980783
Cells_Intensity_UpperQuartileIntensity_DNA,0.21161191,-2.8551788,-0.49463892,-0.57517827,-2.4969604,-0.41192332,-0.08964968,0.32097742,0.24111004,0.5888632,0.252439,-4.0615296,-1.1574533,1.246976,-0.67823505,0.24765296,-0.6816519,-1.1457027,-5.596617,-0.08160865,-0.03650829,-1.4978818,-0.06323497,1.6957144,-0.4089496,0.13134785,-0.70163375,-5.114268,-1.1156154,-0.4305673,-5.6753216,-0.9800686,0.12149378,0.5498648,0.020018086,-0.13434957,-0.9806108,-1.0906402,-2.8978364,-2.0266027,-0.24691933,0.18373859,-4.1978893,-1.1657454,0.44884476,-0.19139226,-0.15519191,-0.69036525,0.48318812,-1.2434288,-3.2515917,-0.24570055,-0.80027103,-2.771005,-4.951977,0.71520776,-1.2794672,0.16463079,-0.0066960305,-1.1587175,0.23704062,-4.5437636,-0.669467,-1.1473323,-2.0821502,0.115400515,-0.4895877,-1.5478674,-0.0031699936,0.41122887,0.0074750683,0.22881408,0.15485676,0.09692979,-1.5892931,-1.9743118,-1.2257248,0.31380695,-1.628297,0.9808243,-3.198653,0.43170628,0.19718857,2.3921807,-2.7965164,-1.6430902,-0.23130052,0.31095138,0.48951176,-3.034991,0.14831501,0.035777837,-0.8514118,-1.1129345,-1.4194709,0.058181643,0.56442225,0.6167968,0.4116496,-1.2172647,1.1640599,0.1289629,0.64576906,-2.9491985,0.77254987,0.25986314,-0.6944404,-2.621809,0.6763173,-1.064268,-2.6946619,0.18326193,0.039894592,1.7127824,0.507102,-0.660253,-3.2282715,-1.3803025,-9.553288
Cells_Neighbors_AngleBetweenNeighbors_5,-0.03567772,0.3475949,-0.4487898,-2.1440947,0.18918695,-0.71519107,0.041034114,0.7796796,0.26763344,-0.5579405,0.37489864,-4.3171926,0.14200634,-0.90377456,-0.37371635,-0.09703165,0.57449454,-1.0584265,-1.70364,0.40389192,0.30776104,-0.03147328,0.42885506,0.13661553,0.117872976,0.22585036,0.83919287,-0.21044545,-0.3166785,0.96251297,-1.3367563,-0.004895342,-1.094166,0.5942223,0.51908004,-3.4460182,0.28658226,0.87855464,-0.93118995,-0.5382703,-0.23534632,0.29039925,-1.1306609,-0.33615592,-0.33525816,0.4845128,0.037614506,0.47843876,0.33042338,-2.8359365,-0.06446926,-0.8105986,0.50094473,-0.9785733,-0.8185312,0.56328094,-1.2921394,0.10780352,0.5724892,1.1337715,0.29818553,-1.2168652,-0.007866532,0.113342404,-0.5983593,0.083082534,-3.334055,-1.1290383,0.58438057,-1.8281918,0.047203153,0.085653044,0.12953697,-0.7780423,0.065953225,-3.393711,0.41692814,0.6735986,-0.30874747,-1.3649783,-3.817487,-0.96438485,0.2590392,-0.46453956,0.46451283,0.76169825,-2.0359333,0.1604252,0.40857944,0.08158481,-0.19634135,0.2053038,-0.059887916,-1.3524466,0.07095798,-1.1566464,0.3515631,-0.5255825,-0.10456839,-3.9504974,0.552126,0.24390411,-0.027311906,0.6531046,-0.7249741,0.13825206,0.63370824,-0.72162324,0.30666474,0.9278192,-1.0342897,-0.14078143,-0.020688912,-1.3118645,0.59853226,0.3737887,-0.11609491,0.5048219,-1.0713595
Cells_Neighbors_PercentTouching_5,0.21296543,-0.6000342,-0.73492736,-4.0118966,-0.45444754,-1.2777953,-0.34992978,0.65316445,0.22841084,-0.61642855,0.465413,-12.725896,-0.48533228,-1.1147716,-0.41932356,-0.06898276,0.7864602,-1.1425248,-9.04263,0.19592756,0.4689757,0.094386995,0.42518458,0.3303969,-0.18864943,0.47031662,0.6631716,-1.1101695,-1.0399001,0.99858576,-2.5614536,-0.19723439,-0.71804446,0.22023545,0.5755282,-5.1973248,0.39527965,0.76733017,-1.4895357,-0.9502128,0.15852287,0.5352649,-2.1801465,-0.7752886,0.006534487,0.388164,0.17106731,0.38990626,0.55646616,-4.1668034,0.23502024,-2.6333976,-0.10744375,-2.3947487,-3.7783165,0.448294,-1.7803373,0.6080821,0.37051046,0.6142457,0.4457846,-3.8797665,-0.47726312,-0.16434556,-0.8612426,0.18845989,-5.161692,-2.249601,0.20371677,-3.582861,0.24939914,0.28172913,0.26337937,-0.9358961,-0.37934026,-5.791062,0.2445337,0.69571716,-1.243943,-2.9885836,-11.3423195,-1.9825996,0.3700709,-0.70026255,-0.39617005,0.24417722,-3.112775,0.20718873,0.567294,-0.07067531,-0.29206863,0.31114748,-0.40154508,-2.3631437,-0.08074967,-0.8728586,0.46096686,-0.4402897,0.13901436,-13.004567,0.25055778,0.38469282,0.019005805,-0.2852391,-0.2620597,0.33920434,0.48607358,-1.5446148,0.47877756,0.5583339,-3.4974873,-0.2910548,0.19221991,-10.333592,0.40946603,-0.1165446,-0.41479695,0.36688074,-0.6539087
Cells_Neighbors_SecondClosestObjectNumber_Adjacent,0.22380753,-0.10508274,-1.0590578,-2.6014109,-0.33513537,-0.72896475,0.065761626,0.87617964,0.37303308,-0.29005772,0.5844427,-4.001536,-0.6434574,-0.53332263,-0.7222733,0.2285105,0.6609565,-1.4709889,-5.3244553,0.63889116,0.5286767,0.0261662,0.5615389,0.32739237,0.049926918,0.5968295,0.8037012,-0.96305245,-0.8130975,0.796583,-1.8984288,-0.04717881,-0.5642392,0.46267185,0.4969819,-4.074645,0.2108382,0.7390581,-1.4508198,-0.6151244,0.053411487,0.66790557,-1.4974216,-0.6669983,-0.13442051,0.18200815,-0.13928485,0.45316616,0.6869835,-2.7061927,0.003028306,-1.0441386,-0.026931435,-1.5675026,-2.7155259,0.055233855,-1.1199033,0.5067286,0.33092645,0.78997,0.74026155,-2.457084,-0.6173642,-0.11558267,-1.0039665,0.4272852,-3.045725,-1.7737633,0.04061398,-2.4432895,-0.05360685,0.65244913,0.5294194,-0.7836998,-0.50429493,-3.5942612,0.13197969,1.0399483,-1.1571416,-0.9335954,-4.410835,-0.5690328,0.4884356,-0.0018258989,-0.21416557,0.41518533,-2.0093281,0.4951574,0.28032878,-0.26439396,-0.53536636,0.68656945,-0.582341,-1.5534111,-0.34200823,-0.41965237,0.7048947,-0.30403832,0.14915524,-4.0757937,-0.18769908,0.5522101,-0.24049254,-0.24048807,-0.33411503,0.083577156,0.68419427,-1.3424144,0.81932825,0.68410987,-1.9666386,-0.07255197,0.02389782,-3.9951992,0.37468717,-0.3718394,-0.5104247,0.46233103,-3.6315253
Cells_RadialDistribution_FracAtD_DNA_1of4,-0.04442032,1.3738528,0.3650583,-1.6857872,0.8377435,-0.5318066,0.6588914,-0.38921532,-0.13404188,-0.18125628,-0.4557636,7.552463,1.341176,1.9025637,-0.22726631,0.2446859,-0.29017612,-1.1678733,13.221217,-0.25131795,-0.45035148,-1.5996122,0.039556764,-0.1356433,0.5581673,-0.3185589,0.22184937,-0.6052305,1.9639281,-0.48263916,0.9492457,0.05478685,-0.70992154,-0.22170615,-0.33658293,1.746099,-0.5976775,0.73754185,2.8064873,2.4803445,-0.35261855,-0.13571154,-0.4366788,1.3727031,-0.28222075,-0.4100522,-0.19595419,-0.15216048,-0.13035034,0.73910254,-1.17255,0.9692812,-0.29827797,2.776478,9.493546,-0.15176542,0.1678036,-0.2703769,-0.2371,1.3062983,0.30923998,6.544783,0.78772885,-0.018273791,-0.6567977,-0.25130197,3.299558,-0.17899138,-0.07123377,-0.37147847,-0.02043355,-0.04406974,-0.25262588,1.183261,0.67035633,0.090461574,-0.781578,-0.23115893,0.35932672,4.31392,18.55422,2.6911542,-0.06484147,2.193932,-0.30382776,0.23155908,1.4884204,-0.23998745,-0.7962225,-0.559493,-0.24722113,-0.43689787,-0.0950527,1.7229296,-0.2072302,1.3187116,-0.40386978,-0.6304156,-0.29886463,12.701989,0.24518506,-0.56095976,0.28348225,1.4345965,-1.1065445,-0.3520768,0.08627897,-0.62068135,0.118583776,1.5501968,4.461884,0.20641012,-0.42690682,17.967697,-0.27796328,-0.2306878,-0.94904417,-0.082030155,5.651261
Cells_RadialDistribution_FracAtD_DNA_3of4,0.22886014,-1.0151527,-0.7448204,-1.1792291,-0.6472338,-0.46748438,-0.21768112,0.061501127,0.122230165,0.9192764,0.15061261,-0.34135437,-0.31558385,0.5172489,-0.43482605,0.2601732,-0.39732644,-0.73125505,-2.887315,-0.1235498,-0.07609458,-1.2286773,0.18023492,1.3367759,-0.3480138,-0.044511463,0.1688413,-3.3858497,-1.569496,0.5830052,-4.100018,-0.51868147,-1.3919684,0.18904579,0.24885933,1.4707006,-0.51953226,-0.603409,0.47920278,-0.34302452,-0.26267743,0.4105251,-2.1572106,-0.6518435,0.012490377,-0.16022699,0.20149215,-0.114017546,0.4264756,1.2078665,-1.6230822,1.5474529,-0.18970948,-0.43299982,-1.2298726,0.24842346,-0.39225844,-0.38629845,-0.34259728,-0.2422353,0.06987188,-6.741777,-0.51976347,-0.489434,-0.652044,0.1312168,-2.3378768,1.0707997,0.3218034,0.050861012,0.0029840767,0.06625371,0.5180522,-0.012327592,-0.6424896,-3.3254433,-1.1533026,0.3424491,-0.86324316,1.5598723,4.5482473,1.197944,0.22967058,1.0206865,-1.3746909,-0.88882804,-1.739563,-0.117667474,-0.02920576,-1.7360598,0.05873591,0.3091091,-0.7262606,-0.14422642,0.038042594,-0.31717166,0.17389973,-0.7886338,0.26856723,-4.3057895,0.19636415,-0.049442753,0.3137454,-0.24777742,-0.7387087,0.01463145,-0.29532954,-1.8966614,0.08745418,0.25426722,-0.9773081,0.24672472,0.373533,0.46860996,0.3027547,-0.44424745,-2.0487518,-0.7108303,-26.893137
Cells_RadialDistribution_FracAtD_mito_tubeness_15of20,-0.09334647,1.8062491,-0.860461,-1.8077017,0.6671486,0.79284906,0.4064294,0.09855776,-0.0149715245,0.77711755,-0.51717395,5.7511253,1.353745,2.6358929,-0.5606126,-0.1377527,-0.3448863,-1.5645585,-2.7832632,0.09250616,-0.44842973,-1.269226,0.1524805,1.0355937,0.7484974,-0.07330662,0.55089325,0.20516503,-0.71797794,-0.37540242,2.5355954,0.28740036,-1.3107253,0.11076132,-0.3583181,-0.6366129,-0.29848358,0.078148894,1.5045501,3.6850746,-0.10332074,-0.2425135,0.08145567,0.29716545,-0.3894738,-0.4564627,-0.3832015,-0.43313098,-0.32829943,-1.3864645,0.48874176,2.1077979,0.5438073,3.97251,0.15665174,-0.502743,1.3522998,-0.07494078,0.29204795,0.99859005,0.6328272,-1.3633658,-0.11614706,-0.67619604,-0.15859435,-0.1352159,-1.6939844,1.0886717,-0.1693929,0.5877661,-0.43225387,-0.18524742,0.011697896,0.99003744,0.85694057,-2.459819,-0.52414453,-0.24445309,0.0040425262,5.526436,0.18277884,2.9119244,-0.13673858,2.909279,0.03273342,0.07065264,-1.3880218,-0.15678535,-0.82522964,0.9903709,-0.44214857,-0.16469353,-0.11510709,0.84919214,0.074114926,1.7154828,-0.25568646,-0.69487,-0.013938382,0.026245305,0.04112931,-0.41831264,0.40980783,0.9537557,-1.3306781,-0.26138473,0.34907863,-0.020000258,0.020484189,1.8817266,1.7347583,0.3177109,-0.4209362,1.7265445,-0.123158835,-0.30947694,-0.23504205,-0.26944834,3.434573
Cells_RadialDistribution_FracAtD_mito_tubeness_20of20,0.1491884,-0.11789831,1.0155762,2.952987,-1.1916267,-1.0172048,-0.5324409,-0.26840243,0.2724009,-1.4897728,0.1719588,-4.0447745,-1.0752722,-1.9227644,2.0674856,0.12416199,1.0857646,0.8575545,-4.316007,0.60124964,0.5940179,2.1080596,-0.012228792,-2.0963461,0.04030986,0.42885303,-0.20867907,1.4440578,0.28796765,-0.035193425,1.6283484,0.77237207,0.5437403,-0.12476954,0.45119715,-2.206153,0.77172875,0.105035104,-1.701866,-4.387581,0.33784294,0.14273049,2.3467333,0.7028615,-0.6171605,0.19549008,0.7288787,0.59134513,0.098794065,-0.101837516,-0.1408208,-2.1782951,-0.81716186,0.07667768,-2.5366762,-0.14997639,1.5004963,0.32943687,-0.4400252,-0.48128507,0.13071083,0.56596607,0.32872856,1.1491638,2.4912388,-0.23513,-0.99207896,-1.7104545,-0.055372138,-0.3407425,0.356222,0.20790793,-0.21107762,-0.35327005,0.5017775,-0.8750698,1.2364422,-0.21634968,0.09865882,-4.9713774,-2.658676,-2.7108107,-0.07392794,-3.3472855,2.6639726,0.9684699,0.62977093,-0.10617509,1.0613652,0.29873195,-0.29787803,0.35467485,1.6580278,-3.5364609,1.1141399,-1.0351491,-0.058452085,-1.0995611,0.09822426,-3.7782497,0.057667654,0.5203126,-0.1763164,-0.90624434,-0.73166686,0.11756196,-0.19358659,2.1051931,-0.23120803,-1.387715,0.859968,-0.40342417,0.28174487,-6.436189,0.041574776,2.9747896,1.0925251,0.44752333,-4.835319
Cells_RadialDistribution_MeanFrac_AGP_1of4,-0.16073029,1.88197,-0.7639696,2.7010965,1.8327223,0.103535615,-0.15297626,-0.13711135,-0.24491139,0.19133537,-0.5630758,9.421592,0.3628192,-0.0324755,-0.18400006,0.11672708,0.69942003,1.5505466,20.197495,-0.3038884,-0.635412,0.61481744,-0.55877084,1.0900351,-0.38910756,-0.36818346,0.24747084,2.908467,1.1104509,-0.62735975,1.4952273,-0.24520928,2.3024487,-0.09967298,-0.16943939,13.51073,-0.42793524,0.24746226,6.6775956,0.92957544,-0.609468,0.014358513,0.7524949,0.98480016,0.41787362,-0.5136189,-0.48857537,-0.122285366,-0.03264646,7.894949,-0.27272332,2.1558197,1.7676815,0.21695901,13.617938,-0.03528139,-0.6441371,-0.29091185,0.4790884,0.20184624,0.21218574,2.417299,0.99740577,-0.33945218,-1.9230536,1.2030543,5.7279983,2.6219833,-0.12614168,2.4174135,-0.26819912,-0.118803054,-0.14971636,-0.25584516,0.11469855,5.036553,-1.1572386,0.03560263,0.7007517,2.906356,25.321062,1.1591879,-0.37831607,-0.22309433,-0.11767904,1.6653992,2.8834286,-0.5771759,0.58796066,-0.04721713,0.4517796,0.21286024,-0.32247937,5.450025,0.20870052,0.19897234,-0.3224521,0.48767403,0.14816415,4.6375623,0.34207293,-0.109602034,0.40126848,1.7342516,1.301103,0.012297322,-0.051982623,-0.17434204,-0.13757831,1.6188391,0.06394839,-0.07369078,-0.049867783,12.344448,-0.5006594,-0.31336477,0.4061718,1.5509969,-0.64866453
Cells_RadialDistribution_MeanFrac_AGP_3of4,-0.1183316,1.6598735,-1.130045,2.5802958,1.7044811,0.96011144,0.049347658,-0.28638086,-0.10962368,0.29501113,-0.58860177,11.005893,0.35487783,0.7956483,-0.18635984,0.18963318,0.36882102,0.74322945,17.485708,-0.40239468,-0.6259806,-0.23902987,-0.91887426,0.31381965,0.32353988,-0.5209546,-0.47539738,2.007685,0.47446504,-0.8050936,1.6397839,-0.2357871,1.3801737,-0.16220479,-0.38810644,10.822494,-0.47293767,-0.4147643,7.553206,3.7975883,-0.5303547,-0.2451132,1.5112778,0.8396886,0.4886377,-0.43524945,-0.57308394,-0.26164296,-0.16769935,5.3339257,-0.72378904,4.4514985,0.8704527,2.9131565,10.717544,-0.29047313,0.70201176,-0.58174247,0.20479178,-0.5137258,0.11194539,2.2869005,0.5539997,-0.5262203,-1.4713961,0.4782056,4.904098,4.7671103,-0.2221245,3.5804176,-0.25470427,-0.3024415,0.1342724,1.2430718,-0.3663067,5.5020485,-0.95019096,-0.22697304,-0.011110544,5.1457295,13.917565,2.237225,-0.46765873,1.5713396,-0.024829745,1.081161,2.5261703,-0.11222903,0.10490435,-0.103105195,0.64571977,-0.16626786,-0.18543334,4.2926507,-0.09192022,0.34741297,-0.49141857,0.18197137,0.35721946,15.242349,0.30386367,-0.3563985,0.3709085,2.564395,0.45172283,-0.1217433,-0.034933906,0.25496516,-0.16726685,1.2584238,3.2619326,0.2332077,-0.19164616,12.309334,-0.49245715,-0.18370545,-0.22060595,0.3876902,7.586147
Cells_RadialDistribution_MeanFrac_AGP_4of4,0.17449076,-2.033292,0.92914796,-2.720047,-1.9458323,-0.37227845,-0.0149360495,0.30269423,0.17174093,-0.22922356,0.71187514,-13.733871,-0.45109606,-0.4730591,0.17431849,-0.106658936,-0.4979913,-1.1505646,-19.976171,0.37743863,0.6952203,0.07119248,0.7485462,-0.7167185,-0.124999516,0.48931575,0.10771511,-2.3999472,-0.97965294,0.76798916,-1.7517856,0.3139672,-1.9214855,0.2534986,0.2760742,-13.068082,0.44524074,0.039046276,-7.2415643,-3.141256,0.5889885,0.26655138,-1.0637102,-0.93664956,-0.55257875,0.5052417,0.5682859,0.19921958,0.21371989,-6.694117,0.49205962,-4.165564,-1.4174448,-1.7915214,-12.588368,0.20935844,0.08246716,0.60467577,-0.2991694,0.20755255,-0.074319564,-2.8156712,-0.8501456,0.42347097,1.7701082,-0.86791867,-6.061144,-4.5758443,0.123707004,-3.2255108,0.3444489,0.29081255,-0.07499015,-0.6680309,0.15972821,-5.56251,1.055134,0.1428719,-0.376371,-5.300798,-23.386679,-1.9573778,0.44163802,-1.1027417,0.084436625,-1.2519141,-2.8391335,0.30083296,-0.3077083,0.1382584,-0.57920885,0.16272171,0.3130665,-5.224054,-0.00045998892,-0.39285448,0.51180077,-0.5134367,-0.2341888,-16.543102,-0.38403407,0.29342452,-0.45115685,-2.408402,-0.97082543,0.059858274,0.061374206,0.030566812,0.12187305,-1.5000343,-1.5680666,-0.109048545,0.20315023,-18.031036,0.52178013,0.4058334,0.070595145,-0.88042873,-4.324676
Cells_RadialDistribution_MeanFrac_DNA_2of4,-0.023503184,1.6277517,-0.18605943,-1.5111061,0.8410861,-0.6650254,0.5049668,-0.29591623,-0.02706267,0.104416214,-0.2166646,3.5714855,0.7094126,0.7693383,-0.036905687,0.25988817,0.10651656,-0.7686227,9.267334,0.06066987,-0.41799343,-0.6437228,0.29232898,-1.3373194,0.8452355,-0.51382804,-0.19840498,1.057318,0.9431155,-0.40376857,0.74927396,-0.0006522934,-0.7739234,-0.09249622,-0.31456634,0.49559107,-0.53748876,0.25849915,3.492565,0.17816377,-0.6378846,0.04274488,1.0778972,1.15026,-0.6900506,-0.29477406,-0.07257447,0.35380295,0.06268382,1.6108676,-1.7625327,0.39840066,-0.6410001,2.209002,8.948189,-0.4195443,0.79738873,-0.41293955,-0.3468809,0.6485192,0.3607718,4.0541716,0.41373587,0.15880916,-0.020807901,-0.4494163,2.3954632,0.0739426,-0.08595472,-0.4028881,-0.106611945,-0.051091913,0.08363486,0.89207095,0.31809202,0.41306642,-0.54680926,-0.14120959,-0.009602606,1.9407657,0.77719134,1.4201788,-0.1928436,0.829916,0.2632312,0.9924288,1.0906612,-0.18881315,-0.40316966,-0.83452606,-0.30377203,-0.02345475,0.5228664,0.89105827,0.117194094,0.70079297,-0.09640507,-1.2745558,0.1094881,9.85258,-0.32081023,-0.39874694,0.41293433,1.851314,-1.487456,-0.4894643,0.19994044,0.06782138,0.1381279,1.2537656,5.34065,-0.036206614,-0.12641941,5.7398696,-0.15668868,1.1041555,-0.5712466,0.23588337,-5.409806
Cells_RadialDistribution_MeanFrac_DNA_3of4,0.44234052,0.2559178,-0.7363947,-0.5169973,-0.27685502,0.08166895,-0.25674325,0.35787633,0.19664562,0.320622,0.39697,-2.4934766,-0.6978264,-1.0152302,0.42717627,0.30758765,0.4894646,-0.6550637,1.7267141,0.271737,0.30065784,0.6007643,-0.06420105,-0.7006386,0.14977844,0.009524077,0.06314861,0.5732189,-1.6687354,0.61572045,-1.2688843,-0.18851006,-1.3140377,0.228878,0.39337078,-0.13743074,0.119720936,-0.41067562,1.2498155,-2.0607216,-0.074316405,0.4635392,0.409014,-0.08541876,-0.34989384,0.02673398,0.32546717,0.5792944,0.50256443,1.1608797,-1.4082618,0.53537583,-0.6802185,0.95864755,3.6679904,-0.088333964,1.0987209,-0.092474826,-0.3862783,-0.4397221,0.53453046,-5.7560883,-0.5194487,0.3378475,0.8572925,-0.24562697,-2.4842222,0.27451086,0.2595229,0.06409335,-0.1263348,0.17830606,0.34859648,-0.5315663,-0.48915717,-2.306718,-0.40306166,0.24780203,-1.0944678,-1.0958759,-0.28886476,-0.36286077,0.12441048,-1.0714265,0.37580407,0.33977512,-1.9807559,-0.24696083,0.25883973,-0.80967385,-0.36114657,0.48058045,0.47649026,-1.5710875,0.66189796,-1.1021861,0.26659706,-1.5366989,0.49540803,-9.836582,0.26202115,0.1476448,0.088643156,0.06129388,-1.357617,0.14032368,0.0821527,-0.18319924,0.13497718,-0.24918179,0.9945863,-0.3648032,0.61248225,-6.2942047,0.48576346,1.632048,-0.5533348,0.04708753,-19.584122
Cells_RadialDistribution_MeanFrac_DNA_4of4,0.09145572,-1.0320464,0.35944095,1.6935307,-0.44047678,0.77940816,-0.46505812,0.26587355,0.015160605,-0.35303566,0.32051274,-7.2293735,-0.71995944,-1.241896,0.40510535,-0.25931606,0.23394446,1.1242326,-9.952046,0.15924628,0.53284717,1.2872533,-0.18368192,0.39076433,-0.59102315,0.44674656,0.06432486,0.6395141,-1.2013273,0.38542446,0.4409074,0.2575903,1.2393335,-0.014575918,0.31220677,-1.444179,0.8664734,-0.20974974,-3.0027401,-0.44393948,0.604254,-0.085168384,0.062909484,-1.2646071,0.60891455,0.4171141,0.12330118,-0.10680368,-0.09114065,-1.3962274,2.0816677,-1.47827,0.5566246,-2.1339626,-8.024997,0.23475797,-0.7072034,0.40052828,0.40472284,-0.77224445,-0.2698834,-3.4672916,-0.6285865,-0.04786275,0.5170814,0.47350875,-3.2515862,-0.680959,-0.0874753,0.020370612,0.21437033,0.012636284,-0.14761014,-0.6909003,-0.11623216,-0.2870701,1.1159391,0.045818824,0.2257464,-3.622207,-9.624612,-2.355793,0.15585317,-1.6041499,0.45689118,-0.26363912,-0.81784916,0.24064212,0.6949835,1.3374857,0.27134302,-0.06979114,0.06600984,-0.7880288,0.008313914,-0.83432776,0.21433777,1.2275265,0.03521656,-12.097703,-0.12434701,0.6368559,-0.38092712,-1.2850827,1.4098743,0.44383773,-0.03207327,0.72909707,-0.13092232,-1.1693673,-4.497063,-0.21974397,0.025729397,-10.964253,0.1259627,-0.32266548,1.3717084,0.06924811,7.9080024
Cells_RadialDistribution_MeanFrac_ER_1of4,-0.12935817,1.9528522,-0.16181959,0.46204376,2.3655407,1.1435567,0.55827135,0.07376584,0.048165422,-0.07098958,-0.2175114,8.770392,0.7197277,0.19404669,-0.5861445,0.34631684,-0.7150755,-0.48791376,12.896375,-0.27557248,-0.255132,1.4224815,-0.37436104,-0.3273275,0.0028441548,-0.14426847,0.5359899,1.9050056,0.48164383,-0.5191689,1.661717,0.8622392,-0.006627003,0.18610822,-0.41548976,5.1850142,0.11972004,0.59195405,2.4929798,2.2127094,-0.7361427,-0.03048721,2.9419,0.6784263,-0.71815366,-0.5226421,-0.4864744,0.22454341,-0.3791995,6.6533074,-0.80034256,2.6206517,0.6774542,0.51267946,10.081599,-0.623867,-0.41880336,-0.21730281,-0.6069508,0.60321575,-0.16351302,2.1433852,0.16809751,0.7192088,0.12768608,-0.27514878,8.171153,2.1740835,0.36276093,-0.36085543,-0.80911183,0.14763968,-0.64191234,-0.57837254,0.7617235,8.04852,-0.8449529,-0.116096914,1.2710192,2.0879211,13.147969,1.153418,-0.085083105,-0.101234354,-0.15512168,1.4702853,2.913907,-0.39202332,-0.39487156,-0.6335656,-0.12703119,0.14146371,0.33758116,2.5054193,0.29883754,0.85881907,-0.21380834,-0.77326864,0.24699266,5.351499,-0.6090533,-0.16438486,-0.25879374,2.0812786,-0.97295564,-0.3016944,-0.11538621,0.92253333,0.027389178,1.6778876,0.105605125,0.0674532,0.1677121,10.481288,-0.28118488,-0.7133651,0.8879454,1.3386388,-0.015491803
Cells_RadialDistribution_MeanFrac_ER_3of4,-0.12140733,2.8183272,-0.25873753,0.38379517,1.8401675,1.6745291,0.5137685,-0.42027172,-0.13013993,0.5719331,-0.4834299,11.934682,1.2689103,1.5528383,0.27659944,0.2327851,-0.6544397,-0.86393136,15.329652,-0.27352774,-0.5696451,-0.5693604,-0.2659678,-1.0196377,0.6993224,-0.34721205,0.025648296,2.259444,1.0373772,-1.1426548,3.3343418,0.30544075,-0.92834705,-0.30128893,-0.6325322,7.005371,-0.3944346,-0.043099035,3.76492,2.586943,-0.18052483,-0.4198717,3.5923016,1.1504724,-0.40303716,-0.31024066,-0.306499,-0.18003292,-0.42321512,2.44528,-0.540783,3.1483214,0.18058185,4.520533,9.522122,-0.6922156,1.8285829,-0.45418677,-0.23988102,0.32169357,-0.011490375,3.7342727,0.55136573,0.27306452,0.5201059,-0.77565193,4.343426,3.5168161,-0.17322224,1.4092242,-0.37702772,-0.12774353,0.0070597925,1.1913329,0.97999716,4.578305,-0.13421842,-0.42881957,0.4470873,4.426287,11.758288,2.6246223,-0.29891396,1.8555833,0.5505478,0.87251335,1.7215649,-0.2883496,-0.7681652,0.39695096,-0.026727771,-0.38631392,0.6544965,2.0195265,0.22482967,1.2904866,-0.46660623,-1.1557485,0.0643296,14.731591,-0.5876469,-0.36478528,0.14946096,2.009371,-1.5473146,-0.52107906,-0.005145669,1.1657612,-0.07969469,1.6919432,3.7492313,0.31813177,-0.092805855,10.301863,-0.4794782,0.32612005,0.27319863,0.19580418,2.481691
Cells_RadialDistribution_MeanFrac_ER_4of4,0.16428442,-2.8121226,0.19586416,-0.1569437,-2.347328,-1.1702929,-0.6599938,0.3845625,0.11276702,-0.4575249,0.48648977,-13.726247,-1.4679905,-1.1683284,0.17647482,-0.18403304,0.85407585,0.8045292,-15.722547,0.3504735,0.46925125,0.16861151,0.36958614,0.84837294,-0.422421,0.39606676,-0.30251196,-2.034469,-1.3916574,1.1293267,-3.0250328,-0.5995055,0.6667451,0.19631647,0.58249176,-6.9399815,0.25914097,-0.3450904,-2.776191,-2.928693,0.459023,0.31414673,-3.45088,-1.1810054,0.46859613,0.35471234,0.4251066,0.045384627,0.46651706,-3.8039062,0.57482976,-3.133868,-0.49758816,-3.4538155,-10.245185,0.6819177,-0.8852451,0.43882537,0.41058612,-0.706981,0.060648352,-3.5657108,-0.51966256,-0.541058,-0.5606386,0.5488569,-6.845637,-3.2540977,-0.107085735,-0.4490838,0.4505303,-0.0123282,0.29787782,-0.2845583,-1.2062072,-6.219724,0.41863987,0.3613428,-1.0422758,-3.9233596,-14.8884325,-2.4622276,0.16682129,-1.2485788,-0.3702779,-1.1414243,-2.2109957,0.33423582,0.8813955,-0.13886188,0.18023944,0.31613126,-0.53711575,-2.4883187,-0.4424336,-1.4363209,0.46011052,1.0206584,0.06499236,-16.596846,0.6726374,0.26223692,-0.09008793,-2.2369502,1.4282293,0.34037447,-0.020338496,-1.1366765,0.12390023,-2.0734863,-1.8630127,-0.25528184,0.023694456,-15.779147,0.4278349,0.11456255,-0.500616,-0.5141232,-0.32070076
Cells_RadialDistribution_MeanFrac_Mito_1of4,-0.3113175,2.4548419,-0.2965505,1.1554576,2.6030807,1.922804,0.19661146,-0.24752136,-0.15265612,0.4827914,-0.11022272,8.791863,1.567554,0.2841819,0.54588526,0.102780305,-0.39574727,-0.29576433,22.414145,-0.13796061,-0.14829879,1.3607827,-0.039306868,-1.603161,0.094509535,-0.41571745,0.52315557,2.8513973,0.54380816,-0.20401333,3.7640612,0.99015826,0.004145682,-0.25756395,-0.6125293,3.2299223,-0.09860143,0.13689476,2.3009584,-0.79626304,-0.2766429,-0.20528656,4.463057,0.33989,-0.6840644,0.033513647,-0.6226176,0.36103824,-0.18239444,4.3806043,-0.67135316,3.2503173,0.048902344,3.038021,10.549676,-0.5261113,-0.05532102,-0.2554871,0.20860524,-0.10742437,0.22015409,3.7991836,0.19813967,1.0704461,0.45663086,-0.06933377,8.63045,2.5469296,0.12499391,0.6140745,-0.27767947,0.033800356,-0.135167,-0.20061927,0.8947647,9.782393,-0.5739081,-0.2420655,-0.061437834,1.9458556,13.99718,1.8277959,-0.20210989,0.09642754,0.18667044,1.8726648,3.8274603,-0.49518302,-0.5122258,-0.3889067,-0.17753606,-0.12357861,0.21018325,2.0054576,0.3437532,0.87209195,-0.061948348,-0.49733946,0.16289504,12.259647,-0.9534013,-0.6409853,-0.60029227,2.0868294,-0.93808645,-0.3017712,0.5837757,1.9311441,0.0032166988,1.938522,1.3057877,0.062541515,0.12486083,9.548951,-0.23787689,-0.27690533,1.3579088,1.6597158,7.073815
Cells_RadialDistribution_MeanFrac_mito_tubeness_13of16,0.39630902,0.1777925,-1.210924,-0.7769923,-1.5510076,0.6148232,0.16221009,0.31362942,0.47848418,0.5546221,-0.2268854,-3.0375025,-0.27079633,0.29286173,-0.21442771,-0.07718221,0.1422482,-1.9710618,-11.508981,0.41414908,0.30523953,-2.0578277,0.26939166,1.3939661,-0.021546463,0.1304105,0.18026918,-2.9117348,-1.9000229,-0.15314819,-0.80940056,-0.1238272,-1.4482461,0.26455203,0.33826378,-4.264687,0.15328696,-0.12772729,1.523406,1.1303424,0.37932253,0.14498176,-2.7846076,-0.73550844,-0.14212005,-0.2477014,0.05772837,-0.392,0.23547249,-2.6080468,0.37642455,1.1689743,1.1509868,0.6521035,-9.147869,-0.23711967,1.674028,-0.05545914,-0.09730503,0.45075193,0.16391441,-5.476107,-0.9052787,-1.1331129,-0.30966333,-0.09821875,-6.331127,0.1460857,0.17318696,0.9345978,-0.03688253,0.1315329,0.25259545,0.92674845,0.027230948,-8.880727,-0.043906856,0.2562652,-0.87417,2.954107,-5.267398,0.81567174,-0.15159965,1.2641934,0.58871806,-0.56557727,-3.3173714,0.51255906,0.17691235,0.28832668,-0.32889906,0.29695985,0.040357064,-1.6466675,0.14905757,0.19475198,-0.004039675,-1.0132599,0.120779835,-3.3787956,1.0051152,0.1830647,0.10289029,-0.9899127,-1.756256,-0.2527611,0.17059863,-0.6593377,0.34497985,0.75940037,0.30689046,0.22905672,-0.05884893,-5.112056,-0.024821093,0.25610995,-1.233519,-0.841585,0.124287926
Cells_RadialDistribution_MeanFrac_mito_tubeness_17of20,0.4057865,-1.8878132,-0.84872776,0.19284289,-2.6730416,-0.6719323,-0.3825265,0.15248938,0.45706582,0.18914334,0.12685113,-10.512601,-1.7223111,-1.5173112,0.043471258,-0.06678608,0.5766543,-0.41282713,-17.406124,0.4025661,0.65560144,-1.2314739,0.20535995,0.4355142,-0.5974569,0.48395434,-0.29590505,-3.730674,-1.8337795,-0.029723117,-3.4338188,-0.46022937,-0.38817382,0.23773883,0.7333233,-6.4276223,0.3237529,0.019078702,0.24139504,-1.7750448,0.3830165,0.29705718,-4.0435424,-1.1076839,0.5709384,0.06941005,0.298527,0.086952336,0.24715735,-3.3180065,0.23479784,-0.9393292,0.42018604,-3.2146251,-13.074249,0.021470586,0.35550055,0.25816348,0.013129075,-0.2803315,-0.09278485,-5.5749536,-0.9847005,-0.9163473,-0.2502734,-0.001486967,-6.6655374,-1.3456974,0.11005375,-0.22595483,0.317138,0.113012314,0.08678683,0.02738597,-0.801579,-8.43237,0.44087443,0.33801892,-1.1891674,-1.6931801,-9.804086,-1.4082276,0.038071733,-1.2885529,0.5565538,-1.072925,-2.0398986,0.55672735,0.9125343,-0.16652082,-0.22061433,0.22291933,-0.18391973,-3.1289463,-0.10506139,-1.1346303,0.22444695,-0.4040258,0.13096353,-7.1346283,0.97987056,0.5371997,0.001603355,-1.9232246,-0.2894421,0.049585894,-0.17405812,-0.95427376,0.02213646,-0.9773474,-1.0214133,-0.04535829,0.16676895,-11.155356,-0.090836205,0.67847806,-1.2371452,-0.75492907,-8.946158
Cells_RadialDistribution_MeanFrac_mito_tubeness_2of16,-0.1592015,1.0400449,-0.4458693,3.600744,1.8442217,0.1258828,-0.038016886,0.025712037,0.0012826249,0.37446937,0.40991226,1.2853013,0.829397,-1.577248,0.66954,0.25399634,0.39431897,0.82220674,6.2993026,0.00053858757,0.38993987,2.1863015,-0.025495304,0.35163507,-0.5892859,0.050486106,0.7147072,1.507124,-0.14489345,0.5734413,0.83203405,0.9122059,1.0097028,-0.2960658,0.2840965,6.0996633,0.12147379,0.26572615,0.032303426,-3.372104,-0.17074423,0.21570452,4.3865457,0.053444076,-1.2383798,0.22196387,0.13100202,0.63796467,0.026042992,10.0607395,-0.14150465,-0.5153721,0.4179679,-0.2564464,-2.1344583,-0.4761757,-0.8139524,-0.25757805,-0.15985794,-0.31369993,0.34844843,4.1624327,0.46519342,0.22854686,0.8600262,0.45647657,7.9942718,0.20906122,0.087482505,1.2909075,-0.4206686,0.1678363,-0.623342,-1.0408417,0.8563984,7.2941375,-0.0251055,-0.03727764,0.50813633,-1.4706503,14.342945,-0.3351624,0.03962106,-2.386304,0.6650678,1.6393248,3.8709946,-0.61292225,0.19479771,-0.7691522,-0.287309,0.40352094,-0.025145153,3.206316,0.64508516,-0.3694369,0.0977873,0.13862877,0.20999049,15.286304,-0.30799797,0.2703577,-0.7561014,0.6508558,0.27478603,0.18303047,0.28362742,2.0645926,0.026943604,0.86407727,2.703008,-0.10029299,0.03939752,3.7980144,0.091858946,0.14643665,0.20433192,2.231378,2.1117713
Cells_RadialDistribution_RadialCV_AGP_1of4,0.024517616,1.3885336,0.6398744,0.37119135,1.2718984,1.9948988,0.38553652,-0.53651446,-0.018680373,0.25535288,-0.20563996,3.2618723,0.36812386,0.3664515,0.40843734,0.17292787,-0.7855986,-1.0681361,3.4955304,-0.013969332,-0.2686417,0.50809354,-0.17528953,-1.0373483,1.210506,-0.18695699,0.1078501,1.7944351,1.662099,-0.75259924,2.482261,0.31386003,-1.1378568,-0.30056646,-0.57090074,-1.4882851,-0.106454246,0.45884216,7.7357364,2.1184428,-0.04737711,-0.3115877,3.0242643,0.94671303,-0.6097556,0.13189144,-0.63799137,0.061609406,-0.55918825,-1.0721883,-0.5969827,3.9420798,1.1376252,1.9031506,2.9493067,-0.7381354,1.7324442,-0.23010838,-0.5282753,0.541971,-0.29621577,2.3789675,0.23673938,0.5898413,1.7464501,-0.89142674,0.51536554,4.3965163,0.21505569,-0.08465072,-0.09460277,-0.020252943,-0.031963944,0.18534905,-0.061929245,-0.21042506,0.29690614,-0.39195013,0.19029808,2.9815814,10.400169,1.1080952,-0.030443354,1.4157041,1.4048185,0.27472886,0.068431854,0.059675112,-0.4613413,1.0715932,0.2902666,-0.19177507,0.74836665,-0.15434177,0.14965713,0.50746936,-0.20975874,-0.6071027,-0.57955897,7.9680347,-1.1695665,-0.33444118,-0.19780183,3.178251,-1.638671,-0.15278292,-0.3856679,0.71421313,-0.3293302,1.633099,1.3246595,0.012975653,0.12646832,2.7242773,-0.35235658,0.5398722,0.7352095,-0.29593256,-0.9235168
Cells_RadialDistribution_RadialCV_AGP_2of4,0.07471049,1.5389919,-0.0946339,0.5832322,1.5532612,1.8074135,0.4166005,-0.32848653,-0.35163343,0.15804859,-0.35879207,4.4314656,0.41689837,0.65084046,0.32980683,0.28156978,-0.7961686,-1.2623836,7.6262336,-0.29524645,-0.30165717,0.2792894,-0.055800032,-0.9040117,1.1011406,-0.17310874,0.23246448,2.4016733,1.8940774,-0.35248318,2.7224476,0.057166893,-0.30667192,-0.12105864,-0.5323453,3.67195,-0.38865605,0.81665325,9.98907,2.8875406,-0.40367493,-0.45692563,3.1446087,1.555257,-0.2652229,0.038769465,-0.57951486,-0.2980451,-0.7247031,0.7107865,-0.6063228,4.354382,1.4276541,2.4546707,5.6313286,-0.83772963,1.4255099,-0.24505506,-0.7725765,0.57179004,-0.22842176,1.8878489,0.82668144,0.41863167,2.9439363,-0.80132604,1.0731182,5.2776456,0.41390374,0.088715546,0.016703377,-0.20759274,0.14175506,0.37571242,0.15662153,0.8678208,0.105859004,-0.2682462,0.23408411,3.0812893,9.122885,1.2599772,0.081540614,1.6286324,0.9740651,0.4226328,0.04530551,-0.04195566,-0.47705063,0.7796628,0.5945682,0.056107488,0.6706535,1.154361,0.21120979,0.39113972,-0.37447152,-0.58523494,-0.4080045,11.596703,-0.6435218,-0.4456981,0.10630519,3.5887382,-1.4845234,0.123177804,-0.34974965,0.9786199,-0.24219567,2.135216,1.8255974,0.37282905,0.31922218,3.959032,-0.39781246,0.4161352,0.6628607,0.08128703,3.84225
Cells_RadialDistribution_RadialCV_AGP_3of4,-0.009860854,1.7992767,-0.77465695,1.007874,1.9182922,0.50019664,0.5343992,-0.133623,-0.36959562,0.29705212,-0.5274678,3.3599236,0.5579789,0.59321743,0.027462194,0.16431497,-0.7582512,0.8009815,15.244243,-0.3816259,-0.6282732,0.96543837,-0.37312213,0.50746423,0.33972898,-0.20770478,0.55773115,2.136905,1.1205655,-0.07208083,2.1902885,-0.26997545,1.6785488,-0.2940033,-0.35186186,7.6537004,-0.6690316,0.8436218,7.7143464,2.307203,-0.5613478,-0.12662,1.6870618,0.8270356,-0.17427313,-0.39159346,-0.20078076,-0.15085454,-0.32441178,3.1069424,-0.44059435,2.810216,2.5596113,1.4189177,10.503152,-0.7849574,0.18970633,-0.6065697,-0.46311966,0.63801545,-0.3076252,1.1216612,0.8452494,-0.07400699,1.1376351,0.37372923,3.329656,3.699071,0.30751377,0.3962294,-0.24049515,-0.23427296,0.3473293,0.12154636,0.68997806,2.555711,-0.19149214,-0.07701581,0.4061822,2.2882984,7.7366204,1.4733787,-0.13547496,1.1494694,0.4044205,0.95685965,2.0971549,-0.27022874,-0.45175266,0.41850773,0.5886329,-0.094157845,0.35296258,3.9166431,0.038081933,0.22014369,-0.2773332,0.77530557,-0.24118872,5.680819,0.07549254,-0.279139,0.2229609,3.238774,0.61784196,0.056888193,-0.22297542,0.887527,-0.21366513,1.83544,0.7300992,0.17871337,0.12987496,4.182453,-0.28618494,-0.094527245,0.69013137,0.44700536,1.8692998
Cells_RadialDistribution_RadialCV_AGP_4of4,-0.11004478,0.16780357,-1.4052547,-0.10001876,0.72278315,-0.072688974,0.35853076,-0.1255924,-0.2573948,0.3355968,-0.5524364,3.0016034,0.29909813,1.1635534,-0.4574294,0.324512,-0.6995187,2.0950406,4.442823,-0.6107307,-0.7452224,0.45190203,-0.33790943,1.9985695,-0.32412764,-0.3375288,0.36777472,0.52774477,0.32949063,-0.2885676,0.0892424,0.077467,2.4834893,-0.18495838,-0.22872527,1.7201854,-0.3949834,0.21753728,2.8197482,2.1805353,-0.7962697,-0.12534937,0.11952109,0.36855924,0.1388697,-0.461197,-0.28190634,-0.20585655,-0.1671354,1.5671911,-0.76812905,1.8400124,1.9216646,0.6367126,4.3394666,-0.31936327,-0.12167889,-0.63338673,0.059860844,0.35438833,-0.24283342,0.34838438,0.3206742,-0.60345453,-0.19562201,0.89666295,2.810004,1.2549666,0.22664839,0.24837774,-0.26280823,-0.13907932,0.057026017,-0.056408465,0.36761078,2.1210978,-0.7303486,-0.10363061,0.12218103,2.3748834,4.1345925,1.1788963,-0.19307809,1.128384,0.0131844925,0.25848138,1.9475595,-0.19493997,-0.48486158,-0.120754935,0.9750879,0.12092557,-0.058896977,3.2152817,0.009203215,0.99024254,-0.35711196,2.066528,0.21844184,2.2105846,0.5059759,-0.2991105,0.24639267,1.4408058,2.2161543,0.21019919,-0.12840109,0.2888009,0.11803162,0.43892965,0.28142324,0.28255567,0.09480784,4.3681273,-0.36527,-0.5676146,0.25333855,0.050303835,4.9265456
Cells_RadialDistribution_RadialCV_DNA_1of4,-0.24971779,0.35323334,0.21440627,1.8986796,1.3337716,0.4216009,-0.17866881,-0.023940256,-0.16079906,0.07801098,-0.2751926,4.390418,0.2731456,-0.18365574,-0.08094562,0.1742212,-0.059867084,0.93816787,8.329521,-0.37395766,-0.2964774,2.2208831,-0.41775802,0.38878736,0.56597465,-0.40435705,-0.13422494,0.22602163,1.1352016,-0.6223202,1.3873005,0.07373921,2.0565434,-0.23101135,-0.6197783,5.181622,-0.38660035,-0.067749165,5.1233864,2.0763962,-0.38912892,-0.23430972,0.6062766,0.8336387,-0.15148014,-0.5532026,-0.23463447,0.12563002,-0.33162695,2.5151362,-0.8409049,3.4146404,1.2338009,-0.08966013,4.6704364,-0.32225978,-1.1551481,-0.41081643,-0.25398827,0.44476438,-0.3635776,2.695964,-0.24098165,-0.0467636,0.3718597,0.59619397,12.066742,3.984125,0.2602674,2.2636964,-0.036839407,-0.13697797,-0.21701859,-0.32577935,-0.1727507,12.649544,-0.7100537,-0.16331448,0.7706022,1.942543,13.171036,0.8222582,-0.11025254,-0.65477175,-0.04128401,0.5093014,5.092624,-0.3757411,-0.07172271,-0.6752367,-0.18472171,-0.1410293,-0.34262964,3.6955497,-0.085118376,-0.10476377,-0.21736355,1.0386933,-0.28606883,12.21077,-0.37448058,-0.318121,0.11488982,2.6528847,0.73040015,0.096524976,-0.6452821,0.6858539,-0.28898662,1.0837345,0.23905496,0.018712128,0.11219442,4.4298224,-0.24226464,-0.5171405,1.2030259,0.3769835,-2.5280144
Cells_RadialDistribution_RadialCV_DNA_2of4,-0.25076815,1.4192966,0.34221378,-0.7608454,1.3686738,-0.19206136,-0.07077969,-0.31183633,-0.2416758,-0.27441576,-0.38374093,4.864121,0.82486564,-0.2163996,0.43267152,0.19891448,-0.1918556,0.99145395,6.9620686,-0.24490292,-0.15752588,1.4587283,-0.4826653,-1.0361508,0.6291428,-0.4602802,0.7197568,2.2921753,1.5399615,-0.6739387,2.8861408,0.28541335,0.56576735,-0.34603116,-0.44700217,0.11344472,-0.10280994,0.4942576,5.3961253,2.0815961,-0.22250114,-0.3242747,1.480721,1.5096084,-0.12398084,-0.24092901,-0.31167126,0.113774754,-0.4211968,-0.36152864,-0.41510954,1.7898175,0.6021332,0.78748673,4.77603,-0.17823951,-0.6287643,-0.4320141,0.06466844,1.2661139,-0.32771143,4.720472,0.40041342,0.7180922,0.14458507,0.6759403,5.264158,3.184923,0.028357154,-0.4550102,0.17480631,-0.1767745,-0.23911218,-0.2849656,0.6355415,6.5115256,-0.33940956,-0.50354606,0.79966146,1.909563,7.066732,0.488588,-0.47780547,-0.6161962,0.3747134,1.82455,1.8108584,-0.46372828,-0.44434628,0.9321797,-0.073568225,-0.37285247,0.57312393,1.3608338,0.4182384,0.2857947,-0.39264128,0.54336005,-0.35855353,2.5599911,-0.66967684,-0.34879503,0.19174467,3.258601,0.29766083,-0.23798394,-0.1202119,0.22658895,-0.32621613,1.3124994,0.24103129,-0.044332266,0.07491403,3.6306534,-0.34256992,-0.07188973,1.5992757,0.5014522,-4.4202523
Cells_RadialDistribution_RadialCV_DNA_3of4,-0.114239,1.4513062,0.17472683,-1.6939611,0.78434724,-2.5756924,-0.16316158,-0.44036642,-0.20862561,-0.47915563,-0.6136318,1.9735311,0.7992398,0.36555257,0.45103276,0.097515315,-0.050696526,0.5067666,4.044098,-0.075585045,-0.4046143,0.9277334,-0.35748705,-0.7022069,0.5458252,-0.40441918,0.907311,1.9381386,1.6504631,-0.47709116,1.8975925,0.42021838,0.08764071,-0.1759593,-0.32274386,-0.8422068,-0.09798596,0.71691155,2.9739592,0.33745155,-0.21458054,-0.26141384,-0.28647026,1.6018559,-0.16989028,-0.15791704,-0.12871465,0.10193152,-0.19116919,-1.434117,-0.6201511,0.47905633,0.19984841,0.7694204,3.594494,-0.0683134,-0.8506186,-0.48163632,0.15170525,1.4130507,-0.023254117,3.3018932,0.5278552,0.9087231,0.24877982,0.86935306,1.505314,0.9654843,-0.062916845,-1.3719069,0.14651942,-0.1671251,-0.16277589,-0.44538304,0.71586543,2.3741,-0.46306166,-0.56439865,0.8882533,1.0947844,5.348704,0.4401013,-0.6071446,-1.2800558,0.5794454,1.8861405,0.9619489,-0.43895856,-0.6873022,0.65972984,-0.13858695,-0.16303201,0.6207855,0.7877303,0.37620234,0.49384114,-0.36678553,0.18423016,-0.63758755,5.5202084,-0.4775777,-0.36389145,0.46483442,2.2850578,0.23575044,-0.28152522,0.17670275,0.016299203,-0.13329391,0.8420963,0.9132739,-0.07977814,0.14707296,1.1968503,-0.30838162,0.5450501,0.79093844,0.6426786,-6.8576317
Cells_RadialDistribution_RadialCV_DNA_4of4,0.021601029,-0.1207335,0.0700359,0.18451016,-0.54437464,-3.0308821,-0.3143728,-0.113727205,-0.06200226,0.387439,-0.3565854,-3.3592122,-0.124261,0.7281348,-0.20966119,0.007985433,-0.2674124,1.2514049,-3.113106,-0.12665124,-0.3302693,0.58911437,-0.24186175,1.3505987,0.2565206,-0.24355562,0.7325909,-1.4108062,0.47828427,-0.57905275,-1.1952127,0.22065885,0.66897684,0.29465255,-0.040632803,0.9949896,-0.3931097,-0.20921154,-0.26114705,-1.6986192,-0.1669827,-0.048310023,-3.1178608,0.49350366,0.08859756,-0.1259862,0.11064917,-0.1107446,-0.010071096,0.48152122,-2.436475,-0.26419234,0.05004235,-0.40260687,-0.61966604,0.21096762,-1.0734274,-0.3682363,0.101421446,0.43130913,0.021845112,-1.9451526,0.22652803,-0.29797527,0.021440715,0.9194065,-0.62362045,-0.022625724,0.06538215,0.021495322,0.21080811,-0.07660095,-0.39943424,-0.2512244,0.20118873,-0.22703493,-1.2033291,-0.3137429,0.59038013,0.060676247,-3.261886,0.15645216,-0.44034597,-1.2334136,-0.399619,0.57561904,1.9054116,-0.47707415,-0.27667198,-0.8612514,-0.06989199,0.35653797,-0.38122487,1.4994335,0.18860602,0.45512596,-0.21102302,1.2142934,-0.0028714538,-4.7856317,0.18647587,0.063808285,0.57187986,0.19511683,1.3319592,-0.09190464,-0.1640812,-0.5226111,0.09286787,0.004131665,-1.4332958,-0.050693613,0.25172573,-2.2078424,0.15790837,0.239094,-1.3441738,-0.012488504,-12.198209
Cells_RadialDistribution_RadialCV_ER_1of4,-0.38352954,2.652428,0.08452082,1.58579,2.0119278,1.1449391,-0.25064227,-0.38012215,-0.45727348,0.49242726,-0.47887263,2.5743046,0.776968,0.09361317,0.38960817,0.13460824,0.15801038,1.1183116,8.573174,-0.043085586,-0.5421253,0.98227066,-0.57084465,-1.4006613,0.817681,-0.32329807,-0.1526827,1.9995809,0.8301347,-1.004639,4.286034,-0.6469886,0.48425007,-0.2585637,-0.38418028,5.490896,-0.9765783,0.18939926,5.8899283,-1.2107404,0.067278765,-0.1856039,3.0066185,0.6942852,0.12183553,-0.32994637,0.034840804,-0.39220273,-0.115234196,-0.88701814,-0.038491804,0.06814595,0.80026865,3.8261478,5.578179,-0.476486,1.5888329,-0.55413145,0.4593228,0.29867634,-0.043207604,3.7338095,0.291033,0.06464181,0.68055564,0.28979495,3.5071344,5.388218,-0.12657784,3.093755,0.6711445,-0.2242982,0.47613442,0.35303387,0.4641894,3.0456607,0.18726176,-0.13561724,-0.30953643,1.0725143,3.6552427,0.19740383,-0.3078731,-0.37685585,1.2843014,0.5935157,-0.5529847,-0.9191594,-0.47844723,1.93371,0.20773953,-0.048206072,0.7281681,1.6433522,0.21484499,-0.58882415,-0.17154495,1.4058136,-0.18698375,10.878747,-0.38709006,-0.63234377,0.1464368,3.1376197,-0.2871266,0.13391036,0.4197167,0.6449973,-0.42938426,0.7350872,1.79542,-0.3347616,0.17762537,3.6851158,-0.61863536,0.76653475,1.707592,-0.42085508,4.9466586
Cells_RadialDistribution_RadialCV_ER_2of4,-0.21182561,1.3902766,-0.08534966,0.7203727,1.6807117,-0.03470264,-0.15024716,-0.5480669,-0.42838416,0.7217767,-0.3434446,1.4615707,1.0954224,-0.08096737,0.48770642,-0.08763465,0.06387594,0.9308683,7.414664,-0.083229445,-0.36425924,-0.14948566,-0.2873925,-1.1308771,0.70886165,-0.40831074,-0.021909932,1.7866855,0.8263576,-0.85356015,3.2725906,-0.85859984,-0.11836668,-0.35567078,-0.49554276,4.17441,-1.1519483,0.10838711,2.7567015,-0.663042,0.29476547,-0.47822782,2.5540564,0.19878817,0.31245568,-0.07123377,-0.14958246,-0.38544694,-0.30122912,-3.2091339,0.43995523,-0.2103755,0.7580406,3.9671066,4.614966,-0.26939932,1.1656553,-0.6556955,0.46346974,0.091643475,-0.13078336,2.254112,0.09917786,-0.07146317,0.5363799,0.5620776,0.7963774,4.73075,-0.2539856,1.8705226,0.8105343,-0.4218636,0.44695377,0.42413476,0.7668536,1.5029639,0.27519068,-0.20467699,-0.40927947,1.3793479,1.3050289,0.57332903,-0.38806203,0.046662837,0.90335876,0.6564649,-1.0862523,-0.65468144,-0.52479243,2.0592816,0.38885477,-0.40668026,0.051850587,2.0530283,0.382018,-0.3213641,-0.16985951,1.1617692,-0.15813474,3.5902681,-0.37698057,-0.49546847,0.10928788,3.0245726,-0.03452583,-0.0066047707,0.37561658,0.54268575,-0.56320685,1.1468469,1.2578331,-0.36078086,-0.078423984,1.3541538,-0.5070594,0.57126004,1.257597,-0.5754811,4.8967547
Cells_RadialDistribution_RadialCV_ER_3of4,-0.2247157,1.0599537,-0.2477868,-0.9717367,2.2918034,-0.96468705,-0.11652834,-0.41368493,-0.17161442,0.59242344,0.03634127,-0.06360054,1.3972191,-0.39369622,0.59912986,0.090049304,0.10333226,1.0211157,7.2137237,-0.276237,-0.27259952,0.5159976,-0.26142696,-0.6363897,0.2373125,-0.34131828,0.965286,1.9272441,0.30854866,-0.32749596,2.6417644,-0.43337813,-0.57900995,-0.28521535,-0.28439692,2.0468438,-1.1177562,0.4671271,0.73863477,0.2699193,0.41391683,-0.25684717,1.1349555,0.17591375,0.1298786,0.12871343,0.100049354,-0.017436301,-0.2404859,-3.223346,0.7383471,-0.70349103,1.2973228,2.4006157,5.8612714,-0.23242664,-0.23506768,-0.49530974,0.5384159,0.3919197,-0.052142423,0.5056886,0.28421855,0.25916442,0.5609606,0.956256,1.1266729,2.1197882,-0.13838184,0.15941422,0.63228244,-0.4291196,0.42532277,-0.31045115,1.0427164,2.1908956,-0.042634238,-0.04013111,0.11501662,-0.07942734,0.7519257,0.33230034,-0.19291663,-0.4756037,0.89877576,1.0517682,-1.9032397,-0.35809836,-0.54732347,1.7217706,0.34106922,-0.22540785,0.039396197,2.5902755,0.64936376,-0.72942066,-0.08519068,0.59175307,-0.052642763,1.2130836,0.02456212,-0.36465025,0.2738955,3.3350766,-0.2697331,0.40740097,0.49563777,1.2744837,-0.5096937,2.1743886,0.7405615,-0.07522893,0.023417443,-0.24945347,-0.53144675,0.3671544,1.0144657,-0.18434596,5.546184
Cells_RadialDistribution_RadialCV_ER_4of4,-0.22974117,0.48616245,-0.41742924,-1.4727896,2.17846,-0.3327576,0.52387244,-0.26853788,-0.12645088,-0.05878937,-0.21075875,0.996363,1.0536451,1.1027492,-0.4513279,0.45262823,-0.49048415,1.0589074,2.9570618,-0.35181752,-0.5133516,0.53199714,-0.39199767,0.7298779,0.011138757,-0.43212888,0.6390597,0.9908317,0.64669555,-0.21162772,1.0008374,0.7633166,-0.0219148,-0.0162514,-0.33051625,1.735603,-0.07459662,0.24786727,-0.54241395,2.2243273,-0.19120347,-0.12896265,0.15022178,0.87376124,-0.3173104,-0.14135936,0.09921952,0.09987227,-0.2862076,1.0568231,-0.14583008,0.06431625,0.8670189,1.1593436,2.7524993,-0.23946927,-0.48601165,-0.5907902,0.057269383,0.6024886,-0.36195946,0.9207241,0.74481076,0.5469206,0.5447451,0.79919344,2.6585436,1.0508264,0.148787,-0.9432998,-0.039117575,0.16709442,-0.29919145,0.012527014,1.0890796,3.1199143,-0.81422156,-0.18502934,1.2999805,0.23723929,0.53905725,0.57252204,-0.12952138,0.04057916,0.29443204,0.85308546,0.55603915,-0.23073773,-1.0040096,0.37837386,0.37227774,0.023038507,-0.08234274,3.4410546,0.3343,0.73584336,-0.32821336,0.4194527,0.104039215,-0.74084014,0.1171389,-0.24182646,0.34071484,2.6042907,0.21541882,0.10180277,0.1749521,0.94155616,-0.14600603,0.60898477,-0.3871436,-0.09541287,0.003359313,0.65019757,-0.27967012,-0.8193062,0.48514175,0.6554672,4.148724
Cells_RadialDistribution_RadialCV_Mito_3of4,-0.14461534,1.4112768,0.28370067,0.5571826,2.834386,-0.23640184,0.18060356,-0.13251843,-0.29702374,0.9013524,-0.20018363,8.209392,0.24155073,-0.3810091,-0.22452502,0.080923274,-0.056635827,0.9185899,22.926783,-0.46688914,-0.58205605,0.5504623,-0.7742979,0.87577313,0.44710007,-0.53773564,0.3088487,5.0133433,0.46927866,-0.19835305,3.0260782,-0.7355272,0.22680174,0.19507267,-0.4676884,10.31285,-0.5600772,0.4957004,2.2447183,6.497153,-0.34774217,-0.08314421,1.5527781,0.70278376,-0.17623945,-0.19273989,-0.3068811,-0.48258725,-0.3044825,1.3315943,0.36643827,1.884418,1.7641231,2.5756226,21.617956,-0.51165193,0.34034085,-0.7257145,-0.26754835,0.41207016,-0.23250924,0.36717415,-0.0970906,-0.010387957,-0.2521607,0.5876968,0.92741495,3.8195543,0.07566757,1.945962,-0.08959911,-0.13887472,-0.29763123,-0.60820633,-0.010027428,2.4471028,-0.47165084,-0.2205878,1.4011213,4.0285296,3.2604282,0.52228284,0.08338431,0.45509443,0.6077063,0.6683697,-1.5503567,-0.06775602,-0.612159,1.2945656,0.22808887,-0.14378688,0.24557717,4.5457616,-0.13930742,-0.40324092,-0.16118054,0.5869387,-0.055169683,1.3097297,-0.41693172,-0.35394335,0.31600913,3.5864315,0.21640003,-0.43452153,-0.7318487,0.68445706,-0.36288282,1.2880555,1.7930201,-0.5507876,-0.11377133,3.0061436,-0.4991761,-0.29564035,0.9639592,-0.36975023,4.9327583
Cells_RadialDistribution_RadialCV_Mito_4of4,-0.31904218,0.694354,0.13153054,-0.33018526,1.205366,0.05778411,0.30149466,-0.2847863,-0.10866668,0.47167647,-0.260268,2.1708229,0.25843555,0.85904044,-0.34696707,0.07055231,-0.4701343,0.42622435,8.812976,-0.54534215,-0.5261863,0.321555,-0.54588884,1.060615,0.03882273,-0.6300351,0.05161069,2.0590067,-0.21728672,-0.39236662,1.9488536,0.1328655,0.29267457,-0.083658,-0.5806065,2.3711038,-0.037403036,-0.11148522,-0.15252294,4.615648,-0.43205634,-0.12487947,0.34521484,0.19820464,-0.1036294,-0.13851665,-0.20511205,-0.3637475,-0.19679035,1.5582434,-0.37917364,1.4267224,0.7105554,1.8374954,8.3467455,-0.3268432,-0.065779716,-0.7209079,-0.11254261,0.20640914,-0.20893683,0.5574966,-0.3209333,0.13466974,0.25869584,0.420172,1.4526423,1.0589687,0.20332344,0.97536343,-0.14913113,0.007447054,-0.65102935,-0.029380962,0.13057385,2.4525757,-0.6925597,-0.17026323,0.7867501,2.2538536,0.9614303,1.2109567,-0.04331686,0.63319045,0.10827521,0.0931603,-0.110811114,-0.077019714,-1.067655,0.43057218,0.25699088,-0.23202074,0.19572501,3.143628,-0.31040624,0.56243205,-0.2326955,0.9796092,0.09950317,-1.0835141,-0.1997538,-0.4296002,-0.08062107,1.5382042,0.28507778,-0.5571481,-0.2458741,1.1218997,-0.0791069,0.48368797,0.48628116,-0.18134438,-0.0856367,0.87281734,-0.33351874,-0.7837332,0.5921405,0.013413414,5.237367
Cells_RadialDistribution_RadialCV_mito_tubeness_14of20,0.14755435,-1.0949544,1.4592043,-1.0359188,0.054417312,-1.7874838,-0.22633737,0.48571086,0.051555157,0.099763356,0.31452048,-3.2586892,-1.0754105,-1.35067,-0.4243977,-0.21260794,0.7231319,1.038871,3.530863,0.41770968,0.4374617,-0.39022288,0.2834656,0.89516276,-0.48889843,0.4591287,0.16038667,1.1058934,0.25698328,0.621257,-1.8194727,-0.6367258,-0.08640108,0.57394093,0.027120143,0.4342723,-0.014732644,0.41864982,-4.298717,-1.3878263,0.00820947,0.529988,-2.8147383,-0.1611137,-0.2842472,0.38826683,0.38050747,-0.20652072,0.44904315,-2.50674,0.6288628,-1.3480316,0.35696492,-1.8029989,4.978367,0.7693775,-0.5487174,0.28029695,-0.21043532,0.100544386,0.018686915,-3.7979925,-0.52400196,-0.11766717,-1.348373,0.7822764,-5.066605,-1.5266281,0.16497362,-0.20475037,0.34296164,0.16689444,-0.023006827,-1.5350833,-0.65158504,-5.0425053,-0.025919659,0.5374786,0.9339302,-3.243189,-6.955539,-2.3124447,0.32533672,-1.5079511,-0.08245877,-0.8810175,-2.9374177,0.012304525,0.6816778,-0.40904775,-0.324749,0.3524433,-0.75207907,0.65796775,-0.15653719,-1.1876526,0.3054011,1.1734501,0.083240315,-6.053648,0.50896245,0.655319,0.20450006,-1.5230991,1.520544,0.33408943,-0.16516079,-1.6862397,0.10193982,-0.9082636,-4.395723,-0.37528065,0.016428357,-5.8672657,0.1273588,-0.29268917,-0.92335624,-0.8413184,10.1893015
Cells_RadialDistribution_RadialCV_mito_tubeness_15of20,0.19190925,-0.3006955,1.8650843,-0.82196474,1.2644583,-1.5391077,-0.06979692,0.6389895,-0.0752239,0.11319274,0.29866618,0.3616422,-0.5657535,-0.75568175,0.13033581,-0.07738616,0.4457996,1.1662866,12.0900345,0.27601305,-0.06578276,-0.31737623,-0.02644769,0.7767453,-0.49682117,0.40032157,0.015948633,3.1015303,0.97913486,0.53400487,-0.4661273,-0.66180074,0.39354447,0.4008765,0.124480784,2.0687525,-0.48022208,0.6549768,-4.9844832,-0.9800709,-0.11939233,0.43142334,-1.7395654,0.34111074,-0.4693081,0.39859697,0.2798355,0.16459824,0.3309591,-1.5754474,0.19121663,-1.0402337,0.3024012,-0.5322382,11.884911,0.7375672,-0.013007711,0.18514776,-0.4329016,0.098790884,0.056485433,-2.5469234,-0.09282104,0.20082276,-1.2264637,0.367245,-3.578027,-1.0412989,0.28404644,0.089117326,-0.057651147,0.11026993,-0.053243358,-1.6222678,-0.36706123,-3.1868649,-0.17555822,0.668962,1.7085406,-3.1879234,-1.0387143,-1.7012072,0.3996587,-1.667549,0.023514936,-0.84122485,-2.3859446,-0.20093042,0.506543,-0.00086728734,-0.39314684,0.34037587,-0.46639457,1.9924213,-0.15068644,-1.2232008,0.47066382,1.2315663,-0.087813936,1.3067894,-0.026933253,0.51917607,0.155968,-0.92707014,1.5908066,0.16184027,-0.32824174,-1.7138208,0.027532414,-0.63762087,-4.615992,-0.3769935,0.10535779,-1.2492765,0.10465904,-0.41861704,-0.7009528,-0.5324074,7.3388534
Cells_RadialDistribution_RadialCV_mito_tubeness_16of16,-0.29178408,2.3234243,0.65818816,0.17938785,1.7895122,1.489036,0.4145234,-0.4000514,-0.35459447,1.0865463,-0.32121053,8.842385,0.91547346,1.1529093,-0.625413,-0.15563229,-0.65105563,-0.45356616,12.3773575,-0.44079027,-0.7325074,-0.9808309,-0.32424328,0.60956424,0.10351137,-0.5152246,0.03054663,2.5946262,0.105940975,-0.46940967,2.0019953,-0.35851267,-0.65002865,-0.118163265,-0.63979214,7.6524506,-0.6191848,-0.032665316,2.6299458,6.0187488,-0.6526136,-0.06045654,1.325528,0.34989932,-0.28440163,0.024917206,-0.6001279,-0.64868397,-0.19618052,3.436222,-0.05601952,3.3789895,0.73283714,3.5301135,7.531052,-0.35448924,0.4081343,-0.35082582,0.14977181,0.8859565,-0.012556632,1.3798752,-0.0974782,-0.81204176,-1.0364488,-0.06703172,3.3035603,3.6260233,-0.115311235,2.2043316,-0.36093295,-0.17040563,-0.29206535,0.6726432,0.44194698,2.539929,-0.9260521,-0.16733302,1.5905899,6.796718,6.4192843,2.2986927,-0.28903696,2.000473,-0.6229005,-0.177243,0.3225449,-0.17519222,-1.1101655,0.18704061,-0.21540771,-0.45985445,-0.7837364,5.2964535,-0.27074972,1.0246781,-0.21542709,0.12949254,-0.13509716,-1.1628265,-0.17570378,-0.66141206,0.09444801,2.2202291,-0.3676454,-0.55214494,-0.014441411,-0.12955953,0.0067739985,2.0613506,0.78709346,0.43000293,-0.42528462,6.7313457,-0.4097731,-1.3161281,0.031618446,-0.20941572,-0.78750515
Cells_RadialDistribution_RadialCV_mito_tubeness_16of20,0.07987985,1.1905184,2.4680734,-0.63706535,2.9107988,-1.2140497,0.1986519,0.53807837,-0.08564461,0.8059616,0.12184443,7.3234444,0.20256878,-0.003526489,-0.33091936,-0.07569616,0.23812301,1.1384882,21.679129,-0.05047639,-0.13713624,-0.19518732,-0.2473473,0.44891706,-0.28949565,-0.22214317,-0.112535276,5.433356,1.7868985,0.09959573,1.534042,-0.6819763,0.64027596,0.23114073,-0.46157193,5.3812604,-0.9719655,0.60275143,-4.001818,1.0109571,-0.4328178,0.4517567,1.0006919,0.89427406,-0.70427847,0.1820312,-0.11812707,0.05127713,0.019493908,0.45834684,-0.043612044,0.33948755,0.3434887,1.9875469,18.892029,0.19214444,0.376827,-0.016355773,-0.4101739,0.09706619,-0.001991595,-0.32190767,0.45742607,-0.0017723838,-1.1477518,0.5395363,-0.13755362,0.5080853,0.32012784,1.1689186,-0.5125512,-0.08738124,-0.022527106,-1.3539273,-0.17592162,0.42742494,-0.61608946,0.22296697,2.637128,-1.3018268,8.807263,-0.5705906,0.17750382,-0.3397803,-0.2184831,-0.50266767,-1.3252126,-0.6668763,0.42654514,0.03070271,-0.23165967,-0.04496694,-0.3027033,4.540531,-0.34627888,-0.4305394,0.446206,1.1309711,-0.2710877,7.853085,-0.116772145,0.22895241,0.22155459,0.5624731,1.6515497,0.18692434,-0.32738712,-1.0304259,-0.108557574,0.30735895,-3.897444,-0.3153225,0.15191309,7.0270686,0.080964975,-1.0683597,-0.5139457,-0.6818935,12.115265
Cells_RadialDistribution_RadialCV_mito_tubeness_17of20,-0.11100509,2.2917228,2.104024,0.37466207,3.1857767,0.5070167,0.22227085,0.12912147,-0.36132804,0.7168512,-0.11873364,12.623497,1.245232,0.88110685,-0.31299117,0.10730817,-0.43769947,0.45139265,24.59671,0.0041829995,-0.6672856,-0.37116656,-0.17722489,0.48078963,0.20131777,-0.0891184,0.065970674,5.339901,1.1503322,-0.3026559,3.015569,-0.35320568,0.052119255,0.1296377,-0.7392053,7.3007617,-1.2564846,0.29817784,-0.7945161,3.121435,-0.5103922,0.019020954,2.0264857,1.0153652,-0.88392967,-0.0053596296,-0.52942264,-0.33917168,-0.24229942,2.5918806,-0.07911047,1.7906876,0.64111143,3.6785944,18.286192,-0.18479611,0.78065944,-0.22613277,-0.35941684,0.57111484,-0.09034727,1.2121776,0.36901402,0.19156985,-0.6319607,0.14844027,3.3351586,1.9619609,0.24291475,1.7331616,-0.4601625,-0.16448022,-0.20793211,-0.5239122,0.2745226,3.6501482,-0.8966616,0.119707406,2.3831413,2.5598948,11.43362,0.74574566,0.22202782,1.1818628,-0.21729864,-0.16312505,-0.4811319,-0.686436,-0.23028012,-0.09793631,-0.10728651,-0.18517107,-0.36134645,5.444834,-0.12861018,0.7769508,0.11078618,0.6129748,-0.21189703,13.016506,-0.37452483,-0.29608366,0.14346224,2.235216,0.568294,-0.18301626,-0.26990074,-0.21126449,-0.41211167,1.3613586,-2.019425,-0.21072973,-0.045641914,14.298415,-0.4614408,-0.92892766,-0.09806517,-0.24263012,5.122285
Cells_RadialDistribution_RadialCV_mito_tubeness_2of16,-0.10466895,0.95679504,1.0024195,2.5956593,0.13831064,-0.7346129,-0.29585636,-0.41045162,0.029981345,-0.6888891,-0.08785512,2.729646,0.2575736,-1.5326191,1.3899871,0.1996057,0.6504113,-0.79323167,1.248154,0.33028778,0.5502822,0.5081783,-0.021012569,-1.4618562,0.5374355,0.19372357,0.12806892,2.1427808,0.94507533,-0.053690434,3.1738274,0.7626052,0.109049,-0.33654818,0.080802016,2.4098792,0.19024612,0.3329833,-1.9104837,-4.708372,0.008307333,-0.2751408,2.3834507,1.0056638,-1.2698216,-0.03604396,0.23929493,0.3273783,0.06278681,2.0200608,-0.11063385,-0.91821927,-0.13124529,2.9184105,2.503294,-0.40987268,1.035362,0.30728468,-0.5713883,0.36281648,0.100078166,2.6586292,0.78578234,0.512472,1.5882589,-0.16109365,1.0233704,-1.9845644,-0.00046046078,1.0875337,-0.63293576,0.20559788,-0.40956935,-0.42847613,0.7982111,0.33316734,0.25460252,0.01848613,1.1036869,-2.3356738,-3.1253223,-1.5030864,-0.3833493,-2.7415168,1.9591621,1.0346457,1.1306436,-0.5045816,0.09168025,0.204723,-0.6483744,0.17149027,0.98078513,-1.3784876,0.71334547,-0.29818907,-0.21019006,-1.6569573,-0.034860402,-1.5865498,-0.83372706,-0.030788263,-0.44832447,-0.49850485,-1.1586634,0.045308754,0.360701,1.1938883,-0.37133142,-0.16905461,3.0097187,-0.42886984,0.12075481,-2.330847,-0.2588935,1.696922,0.43912148,0.3440845,-9.306022
Cells_RadialDistribution_RadialCV_mito_tubeness_3of16,0.22378592,0.26185283,0.945041,0.6661429,-0.42640945,0.25478032,-0.03811745,-0.2778621,0.23419444,-0.77599686,-0.2025718,2.4440234,-0.25032836,-0.08650877,0.75441414,0.16613531,0.22595303,-1.1398689,1.938275,0.5610512,-0.057753842,-0.5406859,0.22509718,-1.3516401,0.6773443,0.1082376,-0.547618,1.3506666,1.0335447,0.017512804,1.5526994,-0.13741857,0.1287862,-0.3176107,-0.06135602,1.1927966,0.4292306,0.048936535,-1.717082,-0.044974606,0.19527774,-0.12826617,-0.057516318,0.5758018,-0.10410384,-0.042730916,-0.040291607,-0.2151296,-0.08435092,0.3857766,0.14546853,0.45372054,-0.7680566,1.4705418,4.663851,-0.27136588,1.7701596,-0.054819066,-0.22678052,-0.14807652,-0.023391226,-0.5981729,0.49447748,0.29374692,0.43100217,-0.44839045,-1.2055552,-0.4367523,0.048695803,0.9811904,-0.08123372,0.2760261,0.0071374676,0.4669876,0.36588824,-2.0050056,0.55201083,-0.2049622,0.7383906,0.18580575,-2.9324462,-0.63635296,-0.0010925928,-0.09400108,1.069012,-0.24901533,-0.5460176,0.15810342,-0.14599405,0.44319162,-0.17094468,0.092901565,0.4636276,-1.4084764,0.7332828,-0.10023906,-0.03383251,-0.9936814,-0.19012128,3.3452423,-0.666857,-0.36733532,0.31483266,-0.63425606,-1.2427355,-0.60605496,0.07666007,0.6519132,-0.51338243,-0.6336956,0.34797215,0.33032778,-0.08738363,1.1687889,-0.18954061,0.62896824,0.090735205,-0.17684388,-6.160089
Cells_RadialDistribution_RadialCV_mito_tubeness_3of20,-0.358094,1.2453719,1.4745432,3.7344487,0.26559722,-0.66304284,-0.42186418,-0.25658864,-0.117851354,-0.88688916,-0.424595,3.6199224,-0.013417144,-2.0850875,3.184734,0.19661711,0.22437878,-2.8166132,3.0240047,0.7110257,0.3588325,0.3718431,0.06846901,-4.294721,1.0511414,-0.15355839,-0.6486823,4.112333,1.201244,-0.032789756,6.296676,0.4644796,0.08996475,-0.661807,-0.2918514,4.5546484,0.13167024,0.17708226,-6.35041,-8.764082,0.018394956,0.4026321,2.3220208,2.0575418,-2.3022773,-0.2624199,-0.12275658,0.33937737,0.014293015,3.1461966,-0.21899056,-2.906541,-1.2568945,4.5399356,7.2605405,-0.2159061,3.1796207,-0.0038028955,-0.3895495,0.50233763,0.027095059,3.8555195,1.212893,0.67350173,1.4915885,-1.0626956,0.77009887,-6.4104314,-0.038009584,1.4064989,-2.505343,0.40315863,-0.007049913,-0.9159854,0.41940507,-1.2421823,0.67978877,-0.6369759,1.063624,-2.5598288,-43.027493,-2.3198392,-0.06276022,-4.4511943,2.1628597,1.4892082,1.011395,-0.31086951,0.38651252,0.2692945,-1.6215944,0.20100911,1.5293657,-3.4142225,0.8701644,-0.16779836,-1.2975847,-2.1746266,0.2831771,-13.9725,-4.537997,-0.09535905,-1.3539001,-0.46423754,-2.1672738,-0.14717501,0.21285701,1.7611074,-0.8395451,-1.9079295,4.3458085,-0.6194901,-0.025701046,-8.67232,-0.30019182,2.7124693,0.08775454,-0.15130334,-26.203278
Cells_RadialDistribution_RadialCV_mito_tubeness_4of20,-0.07804342,0.0037249725,1.0405837,0.6883249,-0.70224696,0.5692968,0.22213127,-0.23635726,0.19956714,-0.5544005,-0.35650107,2.097637,-0.37125206,-0.37046218,0.73039395,0.15319885,-0.109255135,-1.078762,1.7682825,0.2678096,-0.0721713,-0.61456305,0.24110512,-1.5740846,1.0362713,-0.17860223,-0.62345505,0.92001134,0.8332818,0.0029174883,1.3270783,-0.2135995,-0.041803133,-0.090571284,-0.04329584,1.0057521,0.24013925,0.22612214,-1.8380847,0.43994722,-0.13677926,-0.13851209,-0.2969487,0.72841406,-0.3061293,-0.40036651,-0.07972596,-0.122320056,-0.027016943,0.06435899,0.22528814,0.5199379,-0.5556943,1.8064743,4.7563567,-0.15497187,1.9497458,0.17386974,-0.10704776,-0.034953814,0.08582733,-0.9971191,0.24847008,0.0040797344,0.23162194,-0.57013583,-1.6328255,-0.19237308,-0.51334864,1.2995771,0.15030272,0.15122922,0.12198019,0.234039,0.23627593,-2.0706108,0.3156418,-0.4918469,0.5763447,0.2708243,-2.6048853,-0.7540353,0.088409424,0.017399997,0.72161216,0.022344654,-0.57694364,0.29616228,0.14311653,0.6418774,-0.38585338,0.014455904,0.43162966,-1.4257622,0.6172039,-0.24487264,-0.053039532,-1.3833433,-0.41576195,-0.55053645,-0.9479192,-0.39103076,0.2825856,-0.8267186,-1.3117455,-0.5496493,0.1100354,0.23896785,-0.2616721,-0.80928355,0.14140685,0.067547224,-0.15763508,0.20149994,-0.115003854,0.632774,0.20593937,-0.39918235,-3.9623916
Cells_RadialDistribution_RadialCV_mito_tubeness_5of20,0.013557945,-0.78843087,0.5627673,-1.4924229,-0.64459616,-0.18086888,-0.1359291,0.16449656,-0.0042661726,-0.75163275,-0.40480676,0.9891072,-0.3417782,0.43460384,-0.59447384,0.1583523,-0.28732023,-1.3009543,-0.3065787,-0.06280053,-0.08967499,-1.1679813,-0.21171992,-0.7046357,0.8371443,-0.22660433,-0.9312175,-0.7321255,-0.010638754,-0.124308385,-1.0487461,-0.8586685,-0.40545502,0.043961424,-0.0370995,-0.32713306,0.08582898,0.044076055,-1.4320723,4.0131493,0.34808287,-0.28998408,-3.174386,0.26439235,0.62825805,-0.10886123,0.13743539,-0.5786729,0.07431344,-2.5473757,0.5010187,0.6993559,-0.5221456,0.75110865,5.03048,0.58412313,1.3357916,0.16619031,0.062430665,0.26578352,-0.62575275,-3.8107984,0.4533352,-0.43658447,-0.6276546,-0.23775369,-4.146757,0.61140656,-0.22067209,-0.22524907,0.3323965,0.050996274,0.46530747,0.45731583,-0.17650764,-5.3847275,0.20865114,-0.078892075,0.2682066,1.9756598,-4.583511,-0.008469065,0.3414928,2.0049317,-0.6905508,-0.9361892,-1.9374046,0.8597157,0.048122358,1.0793047,0.01542082,-0.025654847,0.093389355,-1.3028371,0.006801347,0.024928192,0.00902247,-0.68640804,-0.15653487,-0.3964465,-0.6228315,-0.17506693,0.7061737,-0.6535235,-0.48490837,-0.10500016,-0.13025856,-1.3085166,-0.11659381,-0.810292,-2.367625,0.15538096,0.022970358,-2.3118508,-0.15924376,-0.3083593,-0.43369845,-1.421651,-2.327645
Cells_RadialDistribution_RadialCV_mito_tubeness_6of20,-0.23348773,-0.9050092,0.65918875,-2.2633264,-0.7355055,-0.082341574,0.07147539,0.0376413,0.115131855,-0.39454365,-0.37059712,2.100632,-0.44162682,1.2497655,-1.0606805,0.19377095,-0.4877831,-0.8327531,-0.6657372,-0.19354518,-0.13561769,-1.2640215,-0.15166198,0.2911899,0.657339,-0.19485445,-0.667536,-1.1252422,0.0560848,-0.044530544,-1.54155,-1.1126058,-0.43713412,-0.07002645,-0.05680714,-0.76932734,-0.1816545,-0.35197273,-0.772113,3.9787579,0.21399494,-0.21077578,-4.2663355,0.11683956,0.9832969,-0.058699563,0.055347484,-0.5352209,0.3106945,-3.279382,0.50878817,0.8908298,-0.21305148,0.110822044,3.4337711,0.63359684,0.44022608,0.16603991,0.20753749,0.3641019,-0.26705244,-3.8193176,-0.18512253,-0.5210449,-0.99865,-0.15954049,-4.731361,0.10227448,0.049863875,-0.43137276,0.5886988,-0.4462649,0.41986766,0.38403428,-0.68870157,-5.3248553,0.07649011,-0.00033727536,-0.12774958,2.1650336,-0.36296442,0.31389442,0.06851747,1.9366413,-0.9687647,-1.4076042,-2.6955154,0.75209355,-0.2894156,1.167991,0.24326766,-0.05168574,-0.6024558,-1.1052673,-0.47820273,0.15311407,0.20510192,-0.26121363,-0.6550886,-2.6208577,0.42117533,-0.2748687,0.9362774,-0.10998156,-0.07452471,-0.24195778,-0.1953572,-1.7991966,-0.04833776,-0.3544713,-2.8390398,0.058006834,-0.24589507,0.9089112,0.055755902,-0.7815938,-0.12447595,-1.5075426,-7.2247047
Cells_RadialDistribution_RadialCV_mito_tubeness_7of20,-0.020103931,-1.1959995,0.798748,-2.907732,-0.8189122,-0.4267076,0.048772592,-0.12348536,-0.0184428,-0.16714661,-0.25135404,1.137537,-0.31784734,1.0805463,-1.5958372,-0.046890646,-0.6957691,-0.7279718,-3.9451313,-0.19116163,-0.07156218,-1.3357857,0.11125789,0.78707504,0.5872429,0.12589279,-0.39054,-1.6041771,0.24428707,-0.26366797,-1.9434737,-0.9332945,-0.6542714,-0.08758724,-0.002699713,-1.5586017,-0.30135402,0.05855718,-0.739515,4.1843033,0.3553132,-0.2600665,-4.7667737,0.20591283,0.9282255,-0.19789387,-0.034036238,-0.46091115,0.13116841,-4.155709,0.5087245,0.23504587,-0.2981725,0.020309567,3.7446473,0.8070233,0.068495,-0.015407135,0.10333606,0.79059505,-0.041169826,-3.6191444,0.05741437,-0.6163015,-1.3171343,0.15755838,-5.943432,-0.26525408,-0.0688662,-0.8673484,0.56897044,-0.15970309,0.5645231,0.7835272,-0.6656572,-5.887401,-0.14398395,0.07683385,0.1727097,2.18524,1.6793518,0.36318037,0.16865122,1.7354445,-0.9618898,-1.2873679,-2.6866329,0.6304187,-0.627994,1.4784361,0.44713712,-0.013718476,-0.495069,-1.0144098,-0.3284385,0.14235187,0.21043022,0.15348339,-0.37074265,-2.0548632,0.27818835,-0.14384083,0.9358627,0.19957232,0.0445711,-0.18798703,-0.2684399,-2.1025193,0.14493416,-0.42716643,-3.058009,0.1391245,-0.0019953449,-0.67179555,0.033609454,-0.8621132,-0.28978044,-1.4852756,-4.9608674
Cells_RadialDistribution_RadialCV_mito_tubeness_8of20,-0.06379952,-1.1776737,0.71644086,-3.2061222,-1.0633792,-0.79253465,0.063789204,0.044163067,-0.11485162,-0.20133792,-0.110153586,-0.15322982,-0.19990079,1.7246681,-1.212989,-0.1822135,-0.39785782,-0.52974004,-5.5622573,-0.1700391,-0.15995182,-1.7282829,0.09891242,1.3360859,0.55870914,-0.111740135,-0.23174405,-1.5680523,0.5704521,0.09302851,-1.7138543,-0.7826729,-0.72926116,0.22616811,0.0701764,-2.551753,-0.014284515,0.18787491,-1.2498946,3.5260613,0.3495218,-0.20609848,-4.473644,0.0011853775,0.8042989,-0.053664833,0.040670216,-0.56628984,0.03231413,-5.155443,0.70616704,-0.16722369,0.08300985,-0.13869064,2.7105925,0.63312083,-0.069758214,0.13442554,0.27153265,0.9219153,0.16945942,-3.0459518,-0.123831354,-0.5669555,-1.2538246,0.25514114,-5.9580746,-0.9009277,-0.18334214,-1.1503556,0.6127098,-0.1764092,0.95265216,0.77830315,-0.68466663,-6.186399,-0.1161457,-0.0047004423,-0.09000721,1.7658792,-2.0444705,-0.045562863,0.02216413,1.8110884,-0.84068125,-1.388529,-3.0590284,0.44411507,-0.5102336,1.3397785,0.24537294,0.068550676,-0.4228625,-0.7008315,-0.43990865,0.303686,0.03404185,0.038195193,-0.33198032,-5.6180596,0.33251667,-0.15609415,0.8069048,0.07951927,0.44873452,-0.17604841,0.19523285,-2.2041607,0.045501787,-0.29456207,-2.7082345,0.040130775,-0.0073316344,-3.2473266,0.3379477,-0.7539851,-0.2945613,-1.6331686,8.449925
Cells_RadialDistribution_RadialCV_mito_tubeness_9of20,-0.011433999,-1.1533839,0.81341916,-3.3510878,-1.0575908,-1.2799047,-0.043920025,0.10088924,0.007522235,-0.2135878,-0.31051067,-0.37685302,-0.5523741,1.2747954,-1.2384259,-0.13639344,-0.1734501,-0.2047865,-6.0107417,-0.1342803,-0.22675605,-1.6285843,0.08273431,1.7832388,0.27927014,-0.094906725,-0.042346716,-1.4687952,0.6381963,0.28856808,-2.0099576,-0.77317435,-1.1582662,0.033296723,0.09462461,-2.631999,0.093682736,0.52723736,-1.8677869,2.6024044,0.43254706,0.12523623,-4.567188,0.04984954,0.8949416,0.0717706,0.33405516,-0.5743581,0.22768886,-5.7655373,0.58029014,-0.948976,0.21650846,-0.28999817,1.242791,0.89581513,-0.50088406,0.15668349,0.16256131,1.0848185,-0.030010747,-3.1245086,0.10494558,-0.44047713,-1.3244785,0.4409457,-7.0416846,-1.2578157,-0.21393514,-1.2912179,0.37302032,0.04562998,0.60858077,0.5533866,-0.35214972,-6.7968593,-0.26693726,0.04003958,0.122636706,1.0242671,-4.3826675,-0.13029732,0.003277858,1.1317124,-0.43747044,-1.469042,-3.429025,0.18753886,-0.45274654,1.333055,-0.08809475,0.09149318,-0.5626295,-0.4496669,-0.1941187,-0.066786915,-0.113491885,0.24297075,-0.3504125,-6.932874,0.6499784,-0.23804013,0.8463308,-0.42453566,0.50660545,-0.12735558,0.371843,-2.6613104,-0.13035738,-0.62216616,-2.9634454,-0.16229244,-0.02626721,-4.224564,0.18540835,-0.81285,-0.44861367,-1.4419174,-2.5886223
Cells_Texture_AngularSecondMoment_DNA_10_01_256,-0.19892323,3.9643219,0.92538923,-0.5122977,2.2255895,-1.1362392,-0.13692138,-0.36721405,-0.11712098,-0.6689162,-0.43804494,3.6499245,1.3431512,-0.79350615,0.94581383,-0.3877573,0.5845637,1.3325751,5.064615,0.24702342,-0.04059784,0.34738573,0.18491775,-1.263565,0.13842386,-0.21647191,0.9039967,6.8890367,2.2730706,0.49393702,7.87266,1.1565574,-0.7168456,-0.44274306,0.086767405,-1.6974039,0.9348194,1.1775023,1.9540471,1.4978892,0.30597374,-0.05032428,5.088632,2.1829796,-0.063958086,0.19851607,0.34577468,0.4730467,-0.08148616,-1.134405,4.5278907,-0.17039293,0.50334096,3.5619228,5.1361585,-0.42335162,1.1813992,0.057031434,0.3277184,1.7387279,-0.0019742649,6.5250535,1.5160637,1.3260992,2.3559809,0.3910711,-2.054791,0.94432545,-0.2275701,-1.7046285,0.29894853,-0.22477989,-0.06293902,0.20669062,1.4958216,-0.32014474,1.3323796,-0.37127462,1.8099699,-0.4894851,2.9095182,-0.13005641,-0.36874983,-1.7174454,4.1032023,2.1561518,-0.5643655,-0.22792669,-0.37751898,4.3246856,-0.13817024,0.08125258,0.6553007,-0.15145023,2.0417993,0.0998371,-0.4633638,-0.6110847,-0.54821885,0.6311786,-0.77282715,-0.041593857,-0.23457438,3.0982294,-0.5229971,-0.3465283,0.8669493,2.049866,-0.38267994,0.85682416,4.9569087,-0.1725452,-0.1940022,-1.4197544,-0.2664568,1.1215795,3.6564877,1.4404898,37.11108
Cells_Texture_AngularSecondMoment_DNA_3_00_256,-0.17149933,3.461567,1.1104232,-0.069114305,1.4159168,-1.7316667,-0.21628122,-0.2775298,-0.20400627,-0.91418463,-0.53168887,2.4574761,1.1310557,-0.5012904,1.3012611,-0.26650223,0.63730216,1.0591713,4.491278,0.2387433,0.0020059843,0.47148028,0.032424826,-1.7668109,0.26313135,-0.3112538,0.62060016,5.092221,1.9852705,0.20754756,6.589195,1.0678264,-0.45755076,-0.37000492,0.09999982,-1.6341819,0.9228227,0.89127356,1.1674138,0.7904193,0.19494218,-0.011623641,4.3137097,1.8770765,-0.103008926,0.15671363,0.17867862,0.33107534,-0.0519634,-1.1576964,3.1876469,-0.41359666,0.18531899,3.169309,4.437106,-0.4771286,1.5316976,0.0049672923,0.042132538,1.423737,0.090091765,5.8601913,1.2097462,1.10054,2.1349733,0.11470375,-0.81628275,0.57622916,-0.2781975,-1.3294703,0.17963605,-0.11530309,-0.010205318,0.03477208,1.2773138,0.40114912,1.2612907,-0.45216417,1.5954766,-0.6872336,1.2386544,-0.31329542,-0.3749661,-1.9953295,3.276068,1.6936101,-0.18168199,-0.17132187,-0.15801121,3.592663,-0.085379995,-0.05902802,1.0337352,-1.3076724,1.5854069,0.04516526,-0.4665271,-0.6054502,-0.6963269,0.8496747,-0.8595672,0.08617633,-0.16453122,1.9142905,-0.67245847,-0.4084883,0.41694915,1.8910173,-0.36125347,0.92062074,4.2428102,-0.20121314,-0.2052552,-1.758513,-0.22886156,1.3854604,3.1215534,1.1240832,9.2130995
Cells_Texture_AngularSecondMoment_ER_10_01_256,0.04969701,-0.80444163,-0.3426173,-1.4701484,0.32383135,-0.03694326,-0.18445225,0.3739595,-0.0073277554,-0.3158764,0.3871719,-2.1120844,-0.120110445,-0.26375297,-0.24671204,-0.1479897,0.6620528,-0.7733286,-0.67729497,0.33622345,0.23515399,-0.38582814,0.7648336,1.1346601,0.059213918,0.5214853,0.04088321,-1.5391418,-0.7812914,0.78987455,-2.859248,-0.09555767,-0.26184613,0.24147375,0.13673587,-0.7146013,0.3648037,0.21144803,-1.4932057,0.86909026,0.16193092,0.30213293,-1.2790983,-0.6181726,-0.19682789,0.5293601,-0.104272835,0.3881006,0.27275243,3.1790235,0.41067234,-0.3009655,-0.33558068,-2.821516,-0.011387547,0.8466172,-0.8277545,0.5549569,0.37125337,0.03244932,0.69568056,-1.8569056,-0.63615793,0.50259477,-0.9384925,0.16420953,-2.0395956,-1.565199,0.017469356,-1.8056623,0.15173988,-0.10335877,0.14078395,-0.47741175,-0.67561316,-2.8257086,-0.18848167,0.62564445,-0.16358216,-0.8790167,2.0982401,-0.5716527,0.15871258,1.3932801,-1.2337153,0.0870344,-0.4907259,0.051668692,0.58363837,-1.198833,-0.27746922,0.21949713,-1.0464875,-0.9059696,-0.5045071,-0.5048737,0.49071538,0.44995698,-0.11693137,0.21283452,0.02595223,0.20373313,-0.049890686,0.1681766,0.08347092,0.26869807,0.52763075,-1.3581043,0.16739255,0.3615233,-1.6581607,-0.00480175,6.755193e-06,-0.77782446,0.49521878,-0.96007127,-0.5794135,0.10597616,-1.721743
Cells_Texture_Correlation_AGP_10_00_256,-0.025945859,1.4831085,-0.6864421,0.78085357,1.0547887,-1.5226351,0.003583302,0.32172334,-0.01793457,0.025436075,-0.4827756,2.476618,0.6201222,-0.15929098,0.43665123,0.36518094,0.7382938,1.3067545,4.537241,0.10524567,-0.015046875,2.005715,-0.11340586,1.4047979,-0.413658,-0.14550285,1.2802737,3.5759437,0.7343367,-0.100652404,3.3718674,0.3822675,2.0501733,-0.01820462,0.23043348,2.2933283,0.012498061,0.7049153,-2.7436247,-1.0881547,-0.6693573,0.07463669,2.8713458,1.1532973,-0.31376886,-0.5144741,0.11553923,0.8201596,0.32828987,3.681373,-0.08689491,-0.056384504,1.6246866,1.2564402,4.5898337,-0.2186944,-0.676922,-0.42151773,-0.08001185,1.1377912,0.21283536,2.8538132,0.9127998,0.3997278,0.09556439,0.9159835,3.5977297,-2.6355255,0.36898318,-0.62652177,-0.48464072,0.16706717,-0.3678715,-2.0104914,0.8185327,3.2180908,-0.22185053,0.15797482,0.73205,-1.2610602,-3.0423024,0.18027194,-0.40484142,-1.91642,1.1513293,1.6285772,1.8332921,-0.47795963,0.036167722,0.5814301,0.03770058,0.27069315,1.0230708,2.061302,0.85861105,0.13551323,-0.09050796,0.067398965,-0.119445585,-2.6050866,0.12940387,0.3122753,0.11151915,-1.615847,0.9413565,0.36419713,0.502532,1.231731,0.034135927,1.2365224,1.8025732,-0.082266204,0.41307387,-1.7518555,-0.15356372,0.8142388,1.1837543,1.2692195,-3.476596
Cells_Texture_Correlation_AGP_10_01_256,0.15900652,1.0038823,0.0448457,0.48889515,-0.23712997,-1.0691856,-0.07317225,0.052435666,-0.07204505,-0.20135184,-0.18095766,-0.08768189,-0.12910289,-0.3889071,0.65896297,0.09935271,0.7500703,1.6224422,0.9238283,0.2610118,0.075766124,2.1593783,0.00507508,1.5362462,-0.2592268,0.052904863,0.9262388,3.999025,0.28537557,-0.16974895,2.9458685,0.56057006,1.13463,-0.07373919,0.40816298,-0.81775665,0.3830631,0.921418,-3.0218399,-2.2279818,-0.33049878,0.20730393,2.5185778,0.8105681,-0.38989007,-0.3825151,0.17920907,0.4610374,0.23222661,1.3661528,-0.20248322,-1.3886371,0.8741488,1.1268381,2.9662235,0.058433454,0.022728404,-0.033994213,-0.07726353,0.777457,0.20735003,3.4966447,0.37310147,0.6683245,0.029188314,0.91849214,2.2507832,-2.3349996,0.42111206,-1.0383484,-0.4992822,-0.20158674,-0.84952086,-1.6241428,0.8726995,2.0209532,-0.054785486,0.19664805,0.63947564,-2.1115122,-5.898136,-1.1427975,-0.36427975,-1.6667252,1.3573394,1.3289546,1.5568643,-0.52092105,0.28273633,0.2856122,-0.27336696,0.75589806,1.2152714,-0.41365847,0.93957156,0.11131612,0.035317916,-0.40121543,-0.11467997,-1.7151426,0.018153748,0.27641374,-0.29254168,-2.1517923,0.7873397,-0.007136017,0.60441107,0.8905627,-0.09747487,0.25628445,1.8194574,0.03819789,0.35610232,-8.000634,-0.27252537,1.3227712,1.4838057,0.899517,-7.953087
Cells_Texture_Correlation_AGP_10_02_256,0.21085407,1.3649555,-0.8540022,0.73702127,0.6068342,-1.4312611,0.12203761,0.14754045,0.008650999,-0.26122758,-0.074295565,1.0434014,0.44017658,-0.6993818,0.6593977,0.26338807,0.66486233,0.64067537,3.6459224,0.17815547,0.026806587,2.0211952,0.033943545,0.6299694,-0.047037225,0.13621895,1.212444,3.5621402,0.72000355,0.059224304,3.22038,0.43890986,1.9727587,-0.049733024,0.502249,1.8199439,-0.2708793,1.1958051,-2.8817422,-1.2772287,-0.69412345,0.122600876,3.1568801,0.7546955,-0.36559877,-0.3182067,0.030478695,0.47995314,0.26611948,2.8942747,-0.21578042,-1.1219987,1.306105,1.4487524,4.9634643,-0.3474097,0.2611704,-0.45623603,-0.28060734,0.8823459,0.14125222,2.9405143,0.69480246,0.49526262,0.197226,0.57208365,2.8918211,-2.4135435,0.042900335,-0.9415822,-0.51985735,0.11576525,-0.4449663,-1.7510033,0.7432728,3.1429532,-0.03286914,0.1436455,0.721188,-1.4581333,-0.66712016,-0.2492639,-0.26451638,-2.181855,1.3226415,2.051243,1.3181545,-0.5224331,0.5562254,0.46134266,-0.10759809,0.44392297,1.1155504,1.3248268,0.7992467,-0.01813241,-0.24721868,-0.087450735,-0.004312078,-1.4681858,-0.0779343,0.0985756,-0.014965733,-1.617097,0.26978472,0.1690055,0.14238437,1.2111889,0.10527261,0.3227776,1.728804,-0.16409157,0.25942644,-3.6763496,-0.04546949,0.9862313,1.1248251,0.98407626,-6.5975037
Cells_Texture_Correlation_AGP_10_03_256,0.024536783,0.9134285,-0.20473546,0.8028615,-0.4771475,-1.0033184,0.029286712,0.29083773,0.12899743,-0.37148902,-0.0007982254,-0.6252412,0.055907506,-0.649216,0.62767357,0.45567825,0.9759639,1.6246089,0.17034404,0.26928744,0.30143404,2.0147166,-0.062514804,1.4122452,-0.16469418,0.0040311464,0.8986695,3.5413916,0.23353012,-0.011777331,3.051975,0.8125172,1.0410606,-0.06765989,0.43452117,-0.6395351,0.2894024,0.8245256,-3.0325654,-1.799728,-0.372833,0.12271875,2.5116885,0.78407174,-0.38705936,-0.39404452,0.29176566,0.48891726,0.2236218,1.3085917,0.30999255,-1.2909003,0.9999547,1.090959,3.3938494,0.09055742,0.21420841,-0.08201503,-0.09222159,0.8924183,0.06785587,3.978915,0.45557046,0.64876425,0.116685726,0.72758204,2.2832437,-2.0197105,0.002328505,-1.235579,-0.63324827,0.13018773,-0.42679313,-1.6924615,0.8642605,2.5101619,0.09355358,-0.12007486,0.5452147,-2.8002675,-7.1151786,-1.0033708,-0.48030236,-1.5595528,1.4422239,1.7233156,1.5339216,-0.34419096,0.07866863,1.0054744,0.007393509,0.2333858,1.0639671,0.045921165,0.7087421,0.30225348,-0.12545353,-0.28756624,-0.06277136,2.1167948,-0.35916343,-0.027372072,-0.051529486,-1.8691605,0.2715142,0.15769744,0.9004392,1.0635508,-0.07745247,-0.007996897,1.520975,0.08877913,0.26223958,-8.146474,-0.23292781,1.454196,1.304104,0.9385721,-1.9328839
Cells_Texture_Correlation_AGP_3_00_256,-0.05156998,0.98970914,-1.3832947,0.3043945,0.6864125,-1.8577524,0.31267628,0.408125,-0.14481576,-0.46163118,-0.41865802,2.5243113,0.35431758,0.34002808,0.3286173,0.34076583,0.2787774,0.86471033,3.127885,-0.24404462,-0.4562516,1.5288777,-0.2584668,0.9078981,-0.4523827,-0.07083559,1.0729537,1.9476151,0.57695585,-0.23711969,2.369361,0.288977,2.0228274,0.06529673,0.05229791,2.110779,-0.097056665,0.63045436,-2.0408545,0.11418718,-0.77872795,0.115381725,1.5992485,0.7620134,-0.5018562,-0.5392548,-0.087370865,0.4269135,0.17712699,2.1355543,-0.520512,0.22802794,1.4193584,0.89062643,3.891512,-0.4202273,-0.5159257,-0.5059255,-0.08271121,0.85541344,0.19031532,1.7148833,0.6726702,0.19060893,0.18881817,0.8671787,2.8413792,-0.9487357,0.38622507,-0.38661626,-0.546622,0.20764343,-0.082096525,-1.2613857,0.5819229,2.9736197,-0.45496884,0.20541853,0.18263738,-1.0915469,-0.30420724,-0.06668643,-0.20570387,-1.6811024,0.8855174,1.1201694,0.9515812,-0.28866085,0.118017055,-0.023859411,0.36997214,0.3628823,0.6905317,1.7024456,0.47604728,0.31463304,-0.26985648,0.5030196,-0.024423411,-1.2630886,0.28038058,0.19209714,0.15766822,-0.28944853,1.1008998,0.40856382,0.09724089,0.8817022,0.32221708,0.9949792,1.2849368,-0.09964586,0.3334546,0.8307927,-0.11118049,0.7478772,0.6321777,0.65789324,-6.91861
Cells_Texture_Correlation_DNA_10_00_256,-0.099632524,1.3294405,1.2465163,4.156717,-1.6069814,-1.215436,-0.105747856,0.09592247,-0.009569079,-1.3850144,-0.04322669,0.008300702,-0.51795244,-1.3308351,2.9415972,0.10737222,0.54448944,0.01846687,-0.4775438,0.54779446,0.51282424,1.6469327,-0.096948065,-1.9250903,-0.039668903,0.02392894,-0.43229356,3.4370565,0.3724862,-0.36343455,4.30257,0.6858878,0.5368611,-0.08069847,0.11711284,1.0146967,0.47817215,0.02687101,-4.7354527,-3.182872,0.036224443,0.07705061,3.4557617,1.0656353,-0.8357258,-0.012090187,0.34342816,0.25580916,-0.010124941,0.8557596,-0.30447644,-1.8398517,-0.548931,2.9210594,1.1920959,-0.7555597,2.4792585,0.083571136,-0.21609412,-0.17056386,0.4853766,3.53556,0.6173597,0.8860483,2.592521,-0.44558346,1.5062677,-2.0088918,0.3377476,1.6835462,-0.27732667,0.5302184,-0.748185,-1.7143358,0.83586836,2.3777387,1.2644504,-0.36221313,0.25413904,-3.5834816,-4.4753523,-2.6119783,-0.25104585,-3.5576744,3.1463015,0.82274836,1.0133144,-0.2466032,0.947289,0.8527217,-0.48514342,0.105148695,2.4925425,-4.098774,1.1585574,-0.5118273,0.02191464,-0.9884226,-0.1748283,-3.2534235,-0.51287025,0.675241,-0.15239093,-3.0386522,-0.89293003,0.21597923,-0.05004248,2.7986414,-0.08580471,-0.6554675,2.70304,-0.13118325,0.4267563,-8.835602,-0.10148108,3.3931942,1.3545052,0.26241198,-11.080167
Cells_Texture_Correlation_DNA_10_01_256,-0.11312444,1.4173609,1.107677,5.080809,-1.3405343,-0.38793644,0.12215314,0.07695911,0.4003594,-1.2497501,0.04896443,1.896791,-0.14605284,-1.6042023,2.927698,0.05790512,0.63975215,0.11910125,-0.09009502,0.65549,0.46852612,1.9733752,-0.090702735,-2.014763,0.109423436,-0.14776264,0.08525612,4.2433686,0.41616738,-0.13060424,4.7931194,0.52934724,0.25064507,-0.3137626,0.06702282,2.606001,0.67267066,0.061414182,-2.6906605,-3.2334116,-0.036346834,-0.047996577,5.2399454,0.96681595,-0.9975729,0.1315697,0.34845218,0.14995615,-0.028291548,1.4173093,-0.29971966,-0.5339548,-0.57824165,3.1508245,2.0664136,-0.7536114,2.709213,0.23155941,-0.31435558,-0.27262267,0.29452267,4.0208917,0.79319066,1.2347826,2.7531068,-0.59490806,2.5578234,-0.88327163,0.03928073,1.9648099,-0.4056233,-0.058381308,-0.7865055,-1.2853178,0.7556737,4.667782,1.3779696,-0.24304216,0.43267763,-2.8870256,-1.7624639,-2.3361876,-0.024479618,-3.4607613,3.0787766,1.1449486,1.3663739,-0.119961016,0.75824994,0.65509605,-0.4817964,-0.07785752,2.2285588,-3.6628306,1.0232533,-0.69963104,-0.24693729,-1.0723158,-0.025767878,0.67375255,-1.0615339,0.462631,-0.34748068,-2.4414525,-1.0691744,0.12637685,-0.010465582,3.1196613,-0.49225703,-0.82452965,3.3378494,-0.11600468,0.17381437,-6.626761,-0.13458203,3.4977863,1.7439275,0.09019358,-6.2408986
Cells_Texture_Correlation_DNA_10_02_256,-0.07546156,1.0158902,1.1600914,4.230457,-1.7247406,-1.1647617,-0.022792473,-0.08492393,0.1584949,-1.1165352,-0.026095437,-1.0190802,-0.6586926,-1.8127648,2.901479,0.10738943,0.80783874,-0.035981376,-0.3700031,0.75644416,0.54159427,1.921957,-0.15311478,-2.1269765,0.20490523,-0.014617761,-0.24834631,3.66442,0.49783745,-0.14172779,4.4147754,0.81519604,0.4867333,-0.04288286,0.31291798,1.1508142,0.5951309,0.26540038,-4.701284,-3.3593833,0.008633529,-0.10590392,4.0865192,0.48035708,-0.5888229,0.3969411,0.27390575,0.27690923,0.025700301,0.6214785,-0.2705078,-1.408935,-0.738576,2.828346,0.8564136,-0.52400017,2.7893915,0.030351987,-0.4137671,-0.15583828,0.32106784,3.5468025,0.4466518,1.3393892,2.5855057,-0.5512106,1.2635792,-1.8613926,0.045618165,1.0647129,0.0922455,0.07748286,-0.56119984,-1.5861372,0.7994196,2.4267693,1.198791,-0.080019765,0.20615695,-3.8391438,-5.9843783,-2.289583,-0.16177823,-3.852864,2.976764,1.0609578,0.91105443,0.1467328,1.0601864,0.62235373,-0.45826587,0.17130129,2.3868895,-3.6444895,0.869747,-0.752476,-0.30796644,-1.0628518,-0.2521133,-3.2951138,-0.6801364,0.4658579,-0.12278396,-3.1651611,-0.7527986,0.049423546,-0.026766956,3.2116363,-0.017053694,-0.8358529,2.7551305,0.010395368,0.44339716,-8.673763,-0.12107859,3.31692,1.2824959,0.22988589,-19.62937
Cells_Texture_Correlation_DNA_10_03_256,0.014271811,1.4732071,1.1780182,5.4126925,-1.5675377,-0.5809013,-0.1699204,0.23644622,-0.09790173,-1.1753465,0.050355554,0.47693324,-0.3902203,-2.0934978,2.7346919,0.13995071,0.7608685,0.38741198,1.3194714,0.69325453,0.2487969,2.0452788,-0.27275977,-2.0022671,0.03580123,-0.017246991,-0.13350181,3.9846961,0.6684596,0.11718869,5.1511807,0.7115209,0.7784663,0.050344657,0.5344849,2.5520003,0.79320174,0.12618159,-2.9369767,-3.676112,0.02848824,-0.13166241,5.1216397,1.2252618,-0.8731238,0.25066674,0.38084498,0.28270388,-0.18182741,0.6764951,0.0122011155,-1.0989395,-0.60144836,3.043821,1.5842781,-0.62279254,2.6528227,-0.073047675,-0.39923808,-0.32802227,0.24083929,4.383325,0.5265406,0.9587095,2.490988,-0.29621372,3.3739634,-1.178901,0.08830889,2.2210455,-0.18341963,0.02818246,-0.76104957,-1.4959933,0.95949966,4.682902,1.2740711,-0.49176323,0.07921209,-3.4733899,-5.154619,-2.0654671,-0.14434807,-3.337087,3.2601452,1.3184296,1.3707021,-0.15533634,1.1376027,0.72957844,-0.5549788,0.26430222,2.6998322,-3.364294,1.1063734,-0.5518617,-0.31237003,-0.67193,-0.134095,-4.433117,-0.7440965,0.59929544,-0.39035174,-2.136037,-0.92434984,0.21012457,0.12016025,3.363144,-0.13446707,-1.0244578,3.2883663,-0.059573054,0.1793869,-5.594862,-0.1906312,3.349925,1.9781426,0.17165811,-11.106782
Cells_Texture_Correlation_DNA_3_00_256,-0.1626245,0.5016128,0.7009308,0.5643905,-1.4935913,-2.1846232,-0.11774535,0.36091876,0.22525652,-1.3986164,0.068732895,-2.425328,-1.0167161,-1.0591017,2.179352,0.3408604,0.50754803,-0.10931154,-6.108709,0.3680377,0.13012181,0.49433234,-0.25052977,-2.2486632,-0.23097962,-0.086393416,-1.16811,2.5618715,-0.48323688,-0.95169973,2.0230205,0.12333458,0.59532267,-0.035794903,0.23339348,-3.7818472,0.008121791,-0.034195065,-5.2070775,-1.9802994,0.092666686,-0.059747774,1.357112,0.35537985,-0.101308495,0.053247374,0.5025141,0.41154957,0.18848117,1.1308908,-1.6752354,-3.11116,-1.1741667,1.985551,-0.35902205,-0.11583531,1.2428607,0.24598958,-0.10338343,-0.46675277,0.5986021,2.8284366,0.1981104,0.5969915,1.5492144,-0.85032004,0.36999533,-3.3162289,0.2639757,-1.988904,0.040706422,0.20642148,-0.45708227,-1.3887607,0.61614984,-0.6000125,0.763056,-0.24768037,-0.34425446,-3.4642823,-15.36119,-2.5214224,-0.10565088,-2.1009793,2.2281778,0.61712176,-0.58437485,0.29392886,1.0883044,-0.20124407,-0.5735379,-0.37299696,2.2381172,-3.7574015,0.44175684,-0.73476857,0.093741685,-0.5828629,-0.005489538,-9.8124075,-0.23805045,0.650061,0.5233559,-3.5093372,-0.2875008,0.16179298,-0.5779225,1.7609102,0.04114929,-0.5468132,1.2437755,-0.059699904,0.27553403,-6.362362,-0.18501695,2.7577674,-0.24587238,-0.07990497,-34.68881
Cells_Texture_Correlation_ER_10_00_256,-0.029239982,1.0380601,0.51198965,-0.12560764,1.3234848,-1.5356407,0.6083836,0.1407304,0.054406863,-0.76261115,0.32234034,2.593085,0.5999112,-0.61389357,0.8137882,0.5796542,0.60365254,0.54686946,3.6842134,-0.08969855,0.054094296,2.597905,0.09879587,-0.27653542,-0.30754903,0.10945364,1.6262559,4.0838485,0.57395834,0.7151411,3.5019894,1.3700447,-0.030744692,0.050084695,0.08837389,0.5134358,0.47176477,1.0385174,-2.5518048,-0.46127263,-0.14965798,0.21993043,2.9654217,1.2262701,-0.8415547,-0.30146927,0.5222739,0.8669806,-0.09758023,2.7198086,0.0141400695,-0.6489822,0.39240888,1.3676299,4.9892483,-0.38347316,-0.07005581,-0.24714507,-0.5247657,1.1267984,0.213259,2.3211634,0.8833148,1.7486204,1.7275914,-0.07504547,2.810297,-2.1646788,0.13395928,-1.467542,-0.5193121,0.2562599,-0.6171007,-2.4938645,1.4083658,2.9882624,0.10080805,0.07727683,1.1265815,-1.3969388,-0.20362186,-0.7238001,-0.045728456,-2.7108676,1.8766923,2.1793983,1.0906819,-0.040377706,-0.118388735,0.6598311,-0.35435626,0.25434202,1.091931,0.20150995,1.1513066,-0.32273698,-0.21674009,-1.4119734,-0.014484529,-2.2572434,-0.39405343,0.2869285,-0.13420017,-0.1897883,-0.82596135,0.13485608,0.786936,1.8697141,0.16201545,1.6521959,1.2958008,-0.090366,0.46029744,-2.471792,-0.32778224,1.0567544,1.8497305,1.6116415,-2.8174257
Cells_Texture_Correlation_ER_10_01_256,-0.12248174,1.426815,0.3388653,0.8985794,0.9525748,-0.4737492,0.3935673,0.0531693,-0.028340569,-0.43275413,-0.19520195,1.5806595,0.26107332,-0.3011226,0.840723,0.44213066,0.50180626,0.46856236,2.8494234,0.31370923,-0.20025945,3.0909948,-0.19338745,0.4339583,0.0907064,-0.22382422,0.9688862,4.124824,0.6540494,0.4903456,2.6524532,1.1701921,0.1664324,-0.2820181,-0.36779127,1.4054753,-0.008581827,0.7665723,0.63520485,-1.7906371,-0.36921766,0.08693576,3.1620731,1.0499849,-1.2761272,-0.52466494,0.09824738,0.80508274,0.11486551,3.963953,-0.5910705,-0.456082,0.5121537,1.3411283,4.904164,-0.7377038,-0.39351916,-0.117847346,-0.4009467,0.8142622,-0.031741124,1.6696361,0.91432875,1.3230823,1.0798659,0.4385905,2.1685178,-0.86806726,0.17329003,-0.33650902,-0.72258806,0.099114895,-1.1344666,-0.9369243,0.47670484,2.5442877,-0.14509757,0.25740698,1.1984811,-0.51600957,-1.3821359,-0.7279208,-0.029541582,-1.5034667,1.3004013,1.8783064,2.181774,-0.5179471,0.07375295,0.21602714,0.14683823,0.44640484,0.6952868,0.37114143,0.5992651,-0.16765602,-0.4473041,-0.81187254,0.11695907,0.9262813,-0.2818557,0.05230088,-0.34201506,0.58149517,-0.35828534,-0.08286478,0.26188174,1.5875149,-0.14500298,0.38041344,2.0838544,-0.23512316,0.15490688,-3.9601448,-0.20187525,0.5764928,1.6704793,1.4679257,-6.8710237
Cells_Texture_Correlation_ER_10_02_256,0.18236375,1.0908443,0.21004146,0.18691464,1.2533067,-1.2460202,0.41331854,0.10245377,0.035078626,-0.7299991,0.36513758,1.3452367,0.55802506,-1.0671176,0.70203066,0.33989158,0.6891698,0.29686823,3.3322592,0.19259773,0.31171775,2.4550612,0.18179901,-0.6610151,-0.19122787,-0.028411517,1.4474758,4.3876076,0.56432414,1.0371293,3.3595183,1.153006,-0.02726064,0.061906587,0.2505803,0.73241377,0.3427153,1.1967148,-2.791032,-0.37286487,-0.34168085,0.15172212,3.2731593,0.9828046,-0.8925676,0.09314293,0.1523838,0.8284378,-0.14922318,2.414202,0.07285774,-0.3073064,0.7914637,1.2802724,4.9540067,-0.76321536,0.1667823,-0.25610656,-0.49524525,0.9474595,-0.17123671,2.5354304,0.9205718,1.6270404,1.4624796,-0.048671443,2.7633839,-2.2888386,0.26695976,-1.5237302,-0.60727435,0.109575726,-0.9020667,-2.494004,1.4084555,3.1169426,-0.06384187,0.05276062,1.054039,-1.6538872,0.5484328,-0.5079997,0.019781455,-2.6775916,1.7003012,2.1481986,1.0425752,-0.21567206,-0.007669887,0.5257935,-0.44228506,0.3682817,1.2253084,0.4838059,0.8563474,-0.3048364,-0.23123187,-1.3940563,0.2170126,-0.9001686,-0.6551673,0.08528438,-0.35758927,-0.07762733,-0.94965714,0.38488087,0.5810237,2.0059905,0.031028474,1.8683096,1.2476302,-0.25199154,0.540339,-2.1016903,-0.023195306,1.1026326,1.8845319,1.5920624,-2.6337824
Cells_Texture_Correlation_ER_10_03_256,0.38334525,1.5293669,0.2622329,1.2906976,1.3087498,-0.32499984,0.4736409,0.32786676,0.29853436,-0.4633349,0.043646455,0.97471935,0.40487468,-0.42248908,0.8368678,0.23156285,0.39070168,0.5443454,2.4549916,0.32679406,0.19343787,2.5201504,-0.17558844,0.1499805,-0.03688537,-0.10596764,0.7618908,3.3510847,0.19932942,0.58814937,2.6275532,1.1832718,0.43449292,0.09636196,-0.015369068,0.79464984,0.21176033,0.9677374,0.7335666,-1.2941595,-0.2994682,0.19297068,3.2982242,0.89296645,-0.9446781,0.033843294,0.36317614,0.44937575,-0.32960072,3.9310486,-0.060863536,-0.6699336,0.8592906,1.5111327,4.6141496,-0.47367004,-0.30514348,0.025434325,-0.5553768,0.8674574,-0.08779997,2.3762102,0.8188355,0.76758915,0.50011826,0.18363388,2.3349583,-1.1006682,0.15074709,-0.4805998,-1.0133557,0.22220273,-0.7436456,-0.8233343,0.6650459,2.0878828,-0.11133206,-0.044231076,0.8745648,-0.544468,-3.878769,-0.7640362,0.12729564,-1.2959291,1.3942915,2.3422444,2.26632,-0.41205445,-0.10036225,0.13897939,-0.41177726,0.25343496,0.73027444,0.34040952,0.2368142,-0.0295916,-0.06593453,-0.87265235,0.068164855,0.0099903345,-0.5413825,-0.07155204,-0.32900044,0.65530515,-0.41616377,0.102029346,0.42319918,1.8627952,0.23302592,-0.25975075,1.962181,-0.26281682,0.2671474,-2.005208,-0.0062428326,0.67512137,1.2986369,1.4768066,3.8489425
Cells_Texture_Correlation_ER_3_00_256,-0.10397801,0.26355127,0.11147734,-1.0617918,0.3530825,-1.3178204,0.52084684,0.062134217,-0.12367976,-1.2879125,0.30953613,2.4515998,1.0578378,-0.63001233,0.5956488,0.25296354,0.15463676,0.063536204,0.4148233,-0.19208568,0.10232534,1.0890726,0.19614021,-1.1126175,-0.25271508,-0.1846158,1.2739509,2.8077078,1.0376797,0.60213464,3.1456165,1.1234475,-1.0982479,-0.01615802,-0.125071,-0.85997087,1.3450246,0.5963051,-6.967917,0.33459675,0.001297926,-0.06622852,1.6562186,1.1818634,-0.16648053,0.2935389,0.29963857,0.46959472,-0.30314377,-1.7954427,0.29282382,-0.9192559,0.21162032,0.86617774,1.793743,-0.029301664,0.906035,-0.23140168,-0.43735233,0.9114201,-0.044378757,2.6497815,0.94504267,1.5472684,1.4936186,-0.5224803,2.2949402,-1.5105921,0.23074538,-2.4112737,-0.3778396,0.10451168,-0.65253675,-1.8370198,2.1531403,2.6228256,-0.044430945,-0.028083682,0.69876724,-2.7236912,-2.4160478,-0.31243542,-0.17478316,-2.2153394,1.3946095,1.1676097,-0.014695008,0.41409004,-0.41151205,0.7996121,0.032715607,-0.2166201,0.80430824,-0.33659783,1.357102,0.74595666,-0.11546373,-1.6809045,0.016485542,-0.40190348,-0.66446376,0.18323582,-0.242769,-0.4020389,-1.507897,0.38543725,0.8412466,0.95481634,-0.12108996,1.8820457,-0.9820624,-0.05935524,0.24242818,-3.7643702,-0.2806201,0.687391,1.1586286,0.8384456,-3.817612
Cells_Texture_Correlation_ER_5_01_256,-0.0875232,0.85343236,0.3443359,-0.5219028,1.1612219,-1.796935,0.38905156,0.0032880257,0.04267857,-0.9142944,0.38497588,1.9786587,0.9520693,-1.296754,0.9045188,0.34686816,0.4247725,0.32400343,2.5342977,0.19803716,0.3534629,2.1143777,0.236547,-0.96967584,-0.2420034,-0.14226384,1.5367383,3.8608768,0.6636202,0.8390481,3.679927,1.2422138,-0.4425836,-0.16976301,0.18884617,0.087420486,0.793228,0.917613,-5.5137496,-0.051603336,-0.17988336,0.040724836,2.6008575,1.0509785,-0.67016774,0.12494597,0.48755774,0.7061162,-0.053563144,1.0545189,0.13281478,-0.6946524,0.55725837,1.3355643,3.9495728,-0.44116583,0.26007238,-0.10573622,-0.71485597,1.1294941,-0.0017569264,2.33653,0.9524698,1.7801709,1.7788143,-0.2453639,2.518894,-2.779381,0.17666547,-1.9144049,-0.3786576,0.19208737,-0.74987894,-2.8706532,1.7044145,3.0278854,0.05230238,-0.031178942,1.0347177,-2.2361722,-1.416844,-0.5504548,0.10330012,-3.243267,1.7642479,1.7883191,0.36850128,-0.0019238839,-0.23193389,0.835879,-0.331541,0.1667527,1.2910715,0.37473878,1.2805648,-0.16581027,-0.23802824,-1.6096996,0.08779693,-0.08014008,-0.720131,0.16134496,-0.4684471,-0.6593744,-1.2543149,0.20324336,0.7434964,1.9182526,-0.12380765,2.1072404,0.42250824,-0.22308981,0.42231098,-3.5787303,-0.22038873,1.0542418,1.7408341,1.265878,0.9761991
Cells_Texture_Correlation_ER_5_03_256,0.22511183,0.9517463,0.30058274,-0.54564196,1.1319708,-1.7788066,0.54110795,0.13392755,-0.01444975,-0.9318726,0.2142853,1.8988876,0.8899042,-1.1680636,0.7329462,0.31966317,0.39364946,0.31247923,2.573862,0.042360295,0.28944394,2.0275528,0.16446485,-1.0009338,-0.2229077,-0.05421112,1.6002492,3.7015998,0.8500436,0.9070862,3.457796,1.395552,-0.56625146,0.12587696,0.17942657,0.008513252,0.88967663,0.92406327,-5.600376,0.0033091207,-0.110845506,0.09076091,2.6938038,1.2209016,-0.6932853,0.21917604,0.4882327,0.8365256,-0.1324045,0.9155891,0.42803815,-0.7298207,0.43673083,1.4001609,3.7731104,-0.29152736,0.28938684,-0.12091281,-0.7646219,1.0152597,0.103484064,2.7055824,0.78559995,1.741635,1.6058964,-0.2525706,2.5369647,-2.8078527,0.18971097,-2.012396,-0.5415231,0.07160746,-0.68178064,-2.8782253,1.7046243,2.96744,0.12516034,0.020295912,1.1157087,-2.4859374,-0.6876858,-0.53520584,0.055873122,-2.9793837,1.8034226,1.8655038,0.4667479,0.008844872,-0.21291007,0.9146841,-0.4753804,0.22842027,1.1054158,0.20753376,1.2201096,-0.0031608741,-0.14729567,-1.5538812,0.080532946,-3.726904,-0.53361696,0.24134505,-0.34487593,-0.38626015,-1.1672944,0.37790486,0.82886726,1.6494585,0.08754972,1.7845569,0.44318792,-0.23625387,0.40494242,-3.112237,-0.19635665,1.1242746,1.7294451,1.3205847,-7.2585607
Cells_Texture_Correlation_Mito_10_00_256,-0.08164954,1.2290174,-0.24746104,0.31872436,1.1450975,-0.8065288,0.21050473,-0.058325235,0.095890276,-0.4842738,0.08841938,2.3777063,1.0213625,-0.36916327,1.2995392,0.3010877,0.7065506,-0.061381776,3.547397,0.085230924,0.09128484,2.0501556,0.07460662,-0.8630457,-0.14805323,-0.08606404,1.3939123,3.1900775,-0.226478,0.7384763,4.3756814,1.2638425,-0.2480579,-0.19617681,0.052609567,0.78018814,0.34104255,0.9377399,-2.5453439,-0.22998913,-0.014231145,0.14104377,3.8893592,0.6238951,-0.60935384,-0.05670424,-0.1375765,0.7393462,0.13663329,0.6094484,-0.1742859,0.23963971,0.053588342,2.4378345,3.5352662,-0.41171014,-0.36293134,-0.4943607,-0.061786283,0.54152393,0.48672143,3.1753623,0.24542211,1.974939,1.4897135,0.120573975,2.807905,-1.034228,0.116961606,-1.0995995,-0.29654598,0.18065472,-0.38297963,-1.7461156,1.3567644,4.405373,0.2681602,0.016382476,-0.18080793,-0.8369324,-0.53368944,0.13921072,-0.23799717,-1.7728695,1.8373715,2.0187712,2.2207303,-0.1835102,-0.2445542,0.57092965,-0.23557965,0.00014674167,1.3465027,-0.45791593,0.7283973,-0.4568948,-0.22583222,-0.8473206,-0.08351643,-0.726461,-0.7011849,-0.033340275,-0.45978212,-0.11902829,-0.979824,-0.12424346,1.1073965,2.5796516,0.11190092,1.8858248,2.8006477,-0.11611706,0.22687621,-3.0141876,-0.38860252,1.2486793,1.907197,1.850618,-3.538326
Cells_Texture_Correlation_Mito_10_01_256,-0.11263344,1.465271,-0.09857535,1.3471055,1.1681198,0.39590788,0.09371734,-0.05668187,-0.03421834,-0.30369356,0.05531122,0.8506458,0.42952895,-0.27325794,0.5237222,0.2430309,0.23258881,0.31451207,2.9877398,0.1547625,-0.03155583,2.5825832,-0.19608848,0.13744731,-0.04681495,-0.32266963,0.962204,3.3335402,-0.1660959,0.43877068,3.2879412,0.7925143,0.0730865,-0.45005596,-0.34787977,-0.6461354,-0.0068267435,0.3873036,0.37632826,-1.5499507,-0.20311071,-0.08815054,3.5083923,0.24553557,-0.96018094,-0.010847171,-0.12038052,0.5433085,0.15884885,2.8253314,-0.35500816,-0.33537483,0.4898192,2.1437333,2.1939113,-0.42945245,-0.6065788,-0.33608186,-0.23903958,0.08449649,0.27232724,2.4536264,0.29752642,1.412747,1.08349,0.46339336,2.6921241,-0.9157559,0.13911068,-0.06029801,-0.4287901,0.15581624,-0.8326483,-0.7235014,0.58832175,2.9036715,-0.01969254,0.4758099,0.11007307,-1.131135,-6.663355,-0.34023407,0.07640476,-1.3869292,1.2160714,1.9175433,2.4399567,-0.6801589,-0.29709888,0.05178085,0.008415618,-0.029144445,0.82097095,0.43671322,0.50137264,-0.07077249,-0.28229094,-0.6713223,0.2617054,1.1153523,-0.33840108,-0.12810965,-0.5350671,0.58573276,-0.17922612,-0.1419307,0.6177808,1.7513653,-0.30986607,0.7261164,2.446959,-0.28368977,0.22049975,-2.6979678,-0.3049212,0.65528655,1.612288,1.3413461,-5.813811
Cells_Texture_Correlation_Mito_10_02_256,-0.15758453,1.3578434,-0.32382104,0.04767294,1.1280192,-0.7969446,0.049683977,-0.1684113,0.10864484,-0.40655196,0.31703275,1.8345041,0.90177757,-0.7752088,1.1275169,0.17238988,0.4244063,0.078575574,3.661165,0.3759571,0.2811905,2.365219,0.06906405,-1.1344681,0.29646504,-0.16073543,1.5876642,3.5106275,-0.25784266,1.0450743,4.4384637,1.3996874,-0.2936214,-0.32732448,-0.22602199,1.0803105,0.21459411,0.86833066,-2.4778862,-0.28856492,-0.15545721,-0.17652035,4.014058,0.4248142,-0.6235932,0.29414248,-0.16616179,0.8331751,0.16746585,0.4681934,-0.19984663,0.39173588,0.17742757,2.307943,3.7704284,-0.38035855,-0.10418266,-0.39244786,0.075870715,0.4971513,0.01798292,3.1179516,0.18134074,1.7893206,1.4415208,-0.038962413,2.5604568,-1.416704,0.10021766,-1.2717158,-0.30665043,-0.14979312,-0.5799832,-1.7186512,1.0892065,4.4347363,0.20368584,-0.06622476,-0.020738482,-1.1198566,-1.0984799,0.2541609,-0.13621552,-2.0858018,1.7228972,2.0498264,1.9719783,-0.30878395,-0.21711375,0.40895116,-0.13854654,0.0834932,1.4023854,-0.26654235,0.75420564,-0.44287845,-0.06981622,-0.8979321,0.034864638,-0.4085892,-0.9276082,-0.23378313,-0.565553,-0.07017592,-1.0613675,0.22919463,1.0788317,2.6591103,0.2997723,2.0748022,2.470271,-0.041569788,0.4618101,-2.2950716,-0.07993754,1.4216112,1.7905487,1.7946205,-9.383291
Cells_Texture_Correlation_Mito_10_03_256,0.106449276,1.364016,-0.19400446,1.5028142,1.2867806,0.3733888,-0.032682896,-0.18026535,0.3380829,0.031705987,-0.116158076,0.8904857,0.58791107,-0.39545155,0.39579204,0.33344412,0.22281222,0.7955865,1.3790706,0.061010104,0.029027143,2.4060965,-0.3589274,-0.062352035,-0.09986081,-0.16797459,0.8927614,2.98926,-0.21057121,0.57168156,3.5007105,1.1134033,0.23968829,-0.11458809,0.0041201063,-0.52560455,0.45125175,0.68065125,0.59241104,-1.5886631,-0.21861745,-0.16821188,3.1586545,0.6411938,-0.57839173,-0.13939433,0.17869039,0.52003634,0.08930987,2.9853985,-0.1611268,-0.5330122,0.58918536,1.9112816,2.178054,-0.32679412,-0.3655696,-0.20643842,-0.21934442,0.060455587,0.28956753,3.0640097,0.55521816,1.0972799,0.31915665,0.17654729,2.8055375,-0.6434701,0.22728086,-0.3771738,-0.4140075,-0.27733436,-0.65601474,-0.7204542,0.76607037,2.9688957,-0.18203855,0.027182013,0.15928085,-1.3746147,-5.3841186,-0.21502124,-0.18344109,-1.1237231,1.4081808,1.978406,2.40806,-0.44303513,-0.23171388,0.20616086,-0.04568961,-0.19619946,0.7786463,0.72961825,0.29626945,0.14079376,-0.005698102,-0.25953925,0.008987878,-6.3741126,-0.53137165,-0.44021392,-0.6482331,0.63305306,-0.09574478,0.11764967,0.5734106,1.9105439,0.08894879,0.6621073,2.2188716,0.015695632,0.1425073,-2.7485683,-0.18905687,0.73006827,1.3944203,1.0737929,-2.7219448
Cells_Texture_Correlation_Mito_3_00_256,-0.40173516,0.93015736,-1.072044,-1.928711,-0.76269436,-1.3647242,0.39966893,-0.20852308,0.13945998,-0.41241136,0.031953055,1.4757714,1.4899374,0.9829292,0.8906605,-0.17169152,0.33681247,-0.34787536,1.7627198,0.14308171,-0.15220512,0.97234374,0.46671215,-1.3485812,-0.09552244,-0.46022615,1.1779927,1.1877517,-0.14657687,0.6185511,3.7219276,1.7498153,-0.5839732,-0.14956163,-0.40759802,0.46234146,0.7389169,0.61222297,-5.838806,0.92648095,0.047075886,-0.049374253,2.882864,-0.09508761,-0.4676725,0.3409386,-0.15976155,0.31890294,0.10759439,-3.650777,-0.26722845,-0.18336935,-0.82736725,2.0222046,1.2271395,0.20110059,-0.5240915,-0.3026069,0.11130964,0.9310803,0.5038739,2.8430758,-0.059342343,1.9383564,1.246852,-0.07515055,1.6085771,-1.6603336,0.2748781,-2.3251865,-0.049507957,0.30019137,-0.23425584,-0.71370333,1.0762984,3.7250996,0.21241333,0.016015267,-0.9739451,-1.742854,-0.89863807,1.4769449,-0.11556989,-1.1287345,1.3791008,0.9413063,2.4374616,-0.10202383,-0.55968577,0.8223791,0.08460007,-0.20693143,1.5190645,-1.7461606,0.43923697,0.81292194,-0.30625188,-0.6391359,-0.087183975,1.6570803,-0.5807957,-0.17778395,-0.48824874,-1.1470286,-0.9561117,-0.13132198,1.5062737,2.5361273,0.12792772,1.6377525,0.7542892,0.021640142,0.20592654,-2.5024126,-0.00029281774,1.1691233,1.8913845,1.7008888,-4.862215
Cells_Texture_InfoMeas1_AGP_10_02_256,-0.38416314,0.2313539,1.1872143,0.89989996,0.34114113,-0.32897207,-0.7672808,-0.58220345,-0.04304776,-0.33897054,0.36416006,-0.576227,0.7332528,-1.3483008,1.2160376,-0.4368225,1.0545884,-0.70248383,1.3346368,0.56229156,0.58497095,-0.2199481,0.50214684,-1.5442756,0.35194895,-0.29518008,-0.6198172,0.97759515,-0.15527101,0.059510916,1.0149727,0.33114302,-0.80026215,-0.35081342,-0.43289474,1.3801026,0.25357953,-0.26577932,-1.1470146,-2.2677958,0.78952456,0.055980008,0.8138149,-0.4949048,-0.30763856,1.0077723,-0.08764822,0.4004453,-0.18358581,0.42489257,0.37646618,-2.7517035,-1.2151834,0.052549522,0.03180973,0.69206697,0.07092154,0.30472842,0.68151754,-0.60260814,0.18659763,1.3207016,-0.41993365,0.82165384,0.5903079,-0.21342646,-0.39016363,-1.2234529,-0.54248303,-0.29142094,0.76318616,-0.26759085,-0.31001744,-0.1390612,-0.5881856,0.5268769,1.0779165,-0.14369152,0.16108634,-2.5362942,1.8258322,-0.67944,-0.016586334,-1.202453,0.7725969,0.3199885,0.12188363,-0.36558232,0.19201438,0.6877637,-0.37346184,-0.44708762,0.19655891,-0.7059686,-0.40978542,-1.0664288,0.32335508,-1.039594,-0.21665908,0.76354605,-0.8367514,-0.35577932,-0.29727814,-0.32082736,-1.68757,-0.48174453,0.97087187,0.44357646,-0.48596868,-0.28354362,1.1333977,-0.45359173,-0.46245608,0.15709358,0.1859649,1.3811787,0.53623366,-0.097972356,-3.4125385
Cells_Texture_InfoMeas1_AGP_10_03_256,-0.4397037,0.6033018,1.1515366,1.5665373,0.41146898,-0.31723967,-0.7198629,-0.6664102,-0.27394927,-0.35226667,0.34927055,0.32154384,0.8554464,-1.4738377,1.5186296,-0.42350388,1.4186196,-0.41628662,2.584917,0.5253747,0.50979716,0.37203708,0.4052746,-1.4649973,0.45800343,-0.27638635,-0.29259214,2.2219493,-0.027451834,-0.048116457,1.9369574,0.3701434,-0.095009826,-0.36961213,-0.51111096,2.212055,0.40702012,-0.12122301,-1.8687519,-2.643468,0.7213779,0.016825864,1.5879269,-0.1751247,-0.5753363,0.9648471,0.049120206,0.47657475,-0.16021095,0.9910872,0.21920331,-2.597537,-1.0303015,1.0067978,1.4414144,0.5785129,0.4203844,0.28615382,0.62057906,-0.44096026,0.2733488,2.544556,-0.24895827,0.86971116,0.7512292,-0.23803593,0.52877647,-1.2990826,-0.84244776,-0.20303904,0.60128945,-0.1894303,-0.45096824,-0.47742704,-0.2434857,1.3596267,1.0908475,-0.2486543,0.27003324,-2.8852186,1.173228,-0.7010541,-0.07681251,-1.811134,1.1826389,0.6240117,0.65499395,-0.5054382,0.15937525,0.7230548,-0.6080741,-0.3118781,0.4901797,-0.82311124,-0.19879447,-0.98535925,0.29148448,-0.93049306,-0.17775328,0.62430257,-0.8924555,-0.3441765,-0.43559957,-0.7765557,-1.7283974,-0.37515894,1.0390434,0.7356281,-0.56984323,-0.43561473,1.6649965,-0.4356217,-0.46211818,-1.3087803,0.08353376,1.823114,0.99262357,-0.07312107,-7.2727695
Cells_Texture_InfoMeas1_AGP_3_00_256,0.12254286,-0.6392217,0.9413085,-0.31426996,-0.7931569,0.9741845,-0.35873702,-0.033445064,0.107739694,-0.22853954,0.39595088,-2.5301325,-0.54565966,-0.65252835,0.23795629,-0.09676369,-0.028538167,-2.5816236,-4.0246434,0.39292946,0.44013152,-1.622675,0.21512203,-1.5691853,0.15080327,0.094281815,-1.269425,-1.5068184,-0.947424,-0.20545541,-0.93347436,0.1035743,-2.8152745,-0.15279232,0.04121585,-2.4910433,0.30248323,-0.25245914,0.22649968,-1.0217624,0.48104182,-0.020292154,-0.6919362,-1.2156076,0.2769918,0.5960379,-0.07967239,-0.123095006,-0.065629,-2.2026126,0.32449728,-2.0539634,-1.4200641,-1.3294932,-3.7752602,0.31570175,0.59435076,0.5925627,0.41451517,-0.43646845,0.036973763,-1.178912,-0.8296191,0.19119114,-0.059919477,-1.3828961,-2.6220121,-0.5198445,-0.110199265,-0.19753717,0.65114534,-0.08356143,-0.12825842,0.72596645,-0.7398624,-2.302802,0.48127007,-0.06586599,-0.29738185,-0.922359,-0.82399505,-0.3249175,0.15760876,0.56525636,-0.09138888,-0.57847553,-1.3829488,0.11487934,0.11346445,0.49263218,-0.26354155,-0.18812698,-0.25246677,-2.031536,-0.59705114,-0.4477202,0.32205442,-1.3770417,-0.15596591,-0.33743504,-0.627711,-0.013231486,0.22296172,-0.10083162,-1.9857887,-0.22946946,0.1791998,-0.14476652,-0.20454693,-0.21356654,-0.07243264,-0.10817354,0.011212657,-0.86260104,0.18757534,0.41733918,-0.6460158,-0.40090862,2.6748402
Cells_Texture_InfoMeas1_DNA_10_00_256,-0.16214564,2.3686569,0.714788,2.1632872,1.9833168,0.31056848,-0.0684286,-0.3454186,-0.057786286,-0.59696215,-0.344417,3.8487556,1.0222849,-0.73168963,0.4802792,-0.46765515,0.70122725,1.3665752,4.882977,0.22652803,0.16203131,0.98845166,0.16159238,-2.0485857,0.15810125,-0.13660002,0.9088673,3.1629333,1.2768078,0.4861556,3.6689053,1.0274175,0.16879587,-0.5497344,0.21709096,4.1343603,0.96183515,0.5312098,-0.8089576,0.78261805,0.5113562,-0.2943566,3.212062,0.7340584,-0.5779676,0.47968993,0.39398995,0.18691456,-0.4823737,2.2868404,3.006382,-0.5025067,0.62398297,2.9092982,2.5242386,-0.59842205,1.7349821,-0.2312492,0.2718574,0.9310077,-0.2790736,2.826252,0.88276213,0.6226778,1.8196708,-0.18663126,-0.9835159,-0.48552382,-0.27919054,0.6660281,0.21031432,-0.19454245,-0.11202916,0.21067649,1.7420727,-0.88236284,1.1654993,-0.35090053,1.6002096,-0.91420346,-0.8124864,0.15507543,-0.12974094,-2.1047304,2.2456133,1.231554,0.9880307,-0.1448715,-0.31438884,2.1314256,-0.12572773,-0.09564344,0.6369305,1.1134399,1.1413972,0.31232366,-0.5118272,-0.34456125,-0.5029161,-1.4665712,-0.8622981,-0.15776746,-0.62584245,0.8242957,-0.49396005,-0.5213048,0.5313595,2.2246244,-0.4329928,0.25242862,2.6614187,-0.032795627,-0.2788895,-2.674353,-0.43294254,0.76366276,2.491626,0.8271851,13.346539
Cells_Texture_InfoMeas1_DNA_10_02_256,0.13013841,2.8734453,0.9544663,1.906216,1.72199,0.22808136,0.17229313,-0.31700316,-0.3603598,-0.5694606,-0.3900502,4.614534,1.0995151,-0.71585745,0.32453522,-0.330864,0.49565458,1.2378553,4.9884286,0.016112441,0.079136595,0.7965315,0.19008887,-2.1074831,0.08037076,0.018342787,0.79337937,2.9643104,1.2709295,0.5033526,3.9700024,0.6851091,0.23659812,-0.5382188,0.12547176,4.021481,0.9373949,0.42776597,-0.7812383,0.73099464,0.3660455,-0.1596177,3.3550842,1.0919211,-0.6857763,0.18355459,0.50743896,0.3381913,-0.33500895,2.1841476,3.1231873,-0.41114435,0.5412824,3.4889114,3.0499027,-0.4706922,2.1307797,-0.07329414,0.11708656,1.0203539,-0.3005769,2.765543,1.1899782,0.7383092,1.9175113,-0.019536784,-1.1763477,-0.78405255,-0.35060015,0.664949,0.23572187,-0.1879315,-0.27241424,0.27166396,1.8128504,-1.2568488,1.2639917,-0.44724378,1.8052554,-0.9301917,-1.7820693,0.021686604,-0.4140896,-2.2954292,2.4469593,1.3653979,0.7767661,-0.41906795,-0.11793637,2.3755834,0.011254703,-0.068573296,0.93675715,0.8564475,1.4961432,0.36804977,-0.49045634,-0.24081136,-0.452484,-2.6306078,-0.7139539,-0.07200568,-0.68668634,0.7313757,-0.5807696,-0.56663054,0.76652,2.0349324,-0.5852499,0.1471597,2.4634242,-0.052754242,-0.20719318,-2.0878935,-0.33773926,0.69836885,2.2600377,0.9823176,14.581941
Cells_Texture_InfoMeas1_DNA_10_03_256,0.1380546,2.4303577,1.0929619,3.4611835,0.65290576,-0.33751747,0.031574603,-0.22218215,-0.13570154,-1.0300246,-0.28765455,3.002434,0.55432683,-1.3756348,1.7402285,-0.18334104,0.7102666,0.62426895,4.852538,0.6333259,0.08879161,1.7607814,0.09675107,-2.3629627,0.22735168,-0.054076295,0.38911176,4.347328,1.1307622,0.20306484,5.1685405,0.9314254,0.40574548,-0.36675993,0.17771816,3.944706,0.9490817,0.62090856,-1.078992,-1.4466454,0.23300618,-0.104641765,4.8809466,1.4603313,-0.9069831,0.19325753,0.49200487,0.45278636,-0.37741306,2.1986248,1.9272321,-0.73928636,0.06310701,3.7409313,3.5518684,-0.5726116,2.473889,-0.10488521,-0.16690235,0.60062855,-0.07510978,4.690914,1.0510066,1.1050845,2.558458,-0.29441738,1.0255657,-0.5915584,-0.1964346,1.3937764,-0.15082842,-0.16473182,-0.38942686,-0.41908896,1.5919925,1.6156259,1.3841457,-0.46433207,1.3759565,-1.8091613,-3.6484082,-1.1034216,-0.30589613,-3.2046854,3.1735303,1.5905355,1.5337158,-0.36946395,0.11170795,1.8807155,-0.202259,-0.09955448,1.7503872,-0.9467397,1.252131,0.08380028,-0.3436898,-0.70091516,-0.4665995,-2.426654,-0.9564244,0.21054894,-0.58181363,-0.064621545,-0.98824286,-0.14475672,0.3348727,2.8906515,-0.42415103,-0.08032671,3.635279,-0.053074762,-0.04377377,-4.582419,-0.3610222,2.1877396,2.7163544,0.9889478,-1.8272439
Cells_Texture_InfoMeas1_DNA_5_00_256,0.03831889,-0.638159,-0.44718686,0.29016575,1.4555191,1.9445201,0.26367748,-0.25199124,-0.02958799,1.2458781,0.036274005,1.3220149,0.486758,0.45991436,-2.1431353,-0.4835169,-0.20325063,0.31668967,2.2900417,-0.20781863,0.049306992,-0.5047117,0.26680946,1.0437013,0.22062953,0.18441935,1.0697634,-2.4419324,-0.3067118,0.96178776,-3.1850731,-0.18543111,-0.17339168,0.03135103,-0.13425757,4.217303,0.16586143,-0.24041136,2.2875483,1.6045165,0.31743324,-0.0015539328,-2.2275648,-1.0724853,0.397751,0.079988636,-0.24318124,-0.1947918,-0.42481336,0.8141222,1.5323868,1.589681,0.82735395,-1.7978693,-1.0540973,0.21360753,-0.666723,-0.12638295,0.047556434,-0.11253383,-0.6254439,-3.8471622,-0.2121581,-0.7365763,-1.4856743,0.4654231,-1.3664016,1.7473907,-0.43333164,1.482484,-0.015185718,-0.3083936,0.4230918,1.3087908,-0.31286463,-1.8272771,-0.7950656,0.2635288,0.18824534,2.441696,2.963375,1.844153,0.22124358,1.632259,-2.306269,-0.6299565,-0.27290368,-0.018847255,-0.80150205,0.0056353607,0.49698797,0.35000953,-1.9484018,3.4906893,-0.57635975,0.5896464,0.06273196,0.6697784,0.20230342,0.74245095,-0.087708354,-0.47164395,-0.6125283,1.9483982,0.6116524,-0.2906507,0.22560795,-1.3908154,-0.13844705,-0.03891174,-1.9719534,0.105840586,-0.56509775,3.458233,0.22784688,-2.342747,0.07311914,-0.06893647,9.397839
Cells_Texture_InfoMeas1_DNA_5_01_256,-0.12288039,1.2219237,0.021711906,0.71090645,2.0870008,1.3116602,0.25898215,-0.3956071,-0.5659599,0.6071752,-0.14737444,2.9999917,0.99504685,0.009631525,-1.3307239,-0.5468181,0.45049682,1.16934,4.241694,-0.22085361,0.063315965,-0.10928595,0.32120395,-0.33066308,0.053101838,0.08613912,0.80161375,-0.20202677,0.7102573,0.91721517,-0.38991022,0.29931393,0.05504654,-0.13851416,0.07975405,4.1668434,0.6360996,0.102799684,1.2089529,2.053713,0.4318918,0.002787282,-0.14065349,0.35065043,0.060635608,0.41738892,0.07297584,0.025008315,-0.60939056,1.344789,3.3076172,0.2607417,0.7770106,0.8089405,0.761569,-0.11133754,0.6892155,-0.35578093,0.2980645,0.54638165,-0.11923406,-0.98859483,0.453264,-0.2667163,0.03728654,0.4065546,-2.4385738,0.7676172,-0.40757084,0.88638073,0.2863243,-0.36095405,0.06635237,1.0835584,0.9821504,-3.225557,-0.052490372,-0.12128385,1.1591845,1.3451163,1.7255578,1.3066744,0.14935978,0.0013890266,-0.109440275,0.18068749,-0.34986106,-0.12707199,-0.7678539,1.3685951,0.43876886,0.33260286,-0.86096716,3.2341566,0.40867007,0.6364703,-0.3223309,0.15617687,-0.20033538,-0.77971005,-0.16406858,-0.3689611,-0.72574645,1.8898559,0.16114171,-0.35239148,0.60259885,-0.044945538,-0.2683638,0.4652524,-0.09537991,0.2634001,-0.36120796,1.2906023,-0.1663385,-1.4590999,1.3324066,0.5498211,17.285034
Cells_Texture_InfoMeas1_DNA_5_02_256,0.016922256,-0.31562153,-0.30466214,-0.16215765,1.046269,2.1523821,0.05774038,-0.27674952,-0.3173922,1.0002413,0.0738975,2.1358786,0.44828627,0.96693355,-2.2542002,-0.15447679,-0.3656316,0.4953246,3.7686968,-0.37944278,-0.13811277,-0.73655653,0.33082595,1.1541358,-0.12564482,0.224653,0.9914481,-2.7719543,-0.16891964,0.59066945,-3.028883,-0.049748104,-0.24110179,-0.06347353,-0.18311496,3.3824914,0.17710836,-0.44208458,2.408953,1.4868045,0.28014097,0.19988547,-2.1695802,-0.46403217,0.19729848,-0.29989997,-0.062449772,-0.37925255,-0.470806,0.88680124,1.6846784,1.4628052,0.65556455,-1.06473,-0.37851223,-0.16917884,-0.34754452,-0.015086372,0.27171883,-0.27039477,-0.32340476,-3.522211,0.057145793,-1.0366427,-1.4852462,0.32121316,-1.7757443,1.6649321,-0.23842114,1.5272713,-0.08423587,0.008632918,0.278203,1.5620893,-0.3239505,-2.1851237,-0.7882239,0.078452505,0.10219329,2.3956397,3.747042,1.6215768,0.06727729,2.0279965,-2.2419713,-0.85203314,-0.62254363,-0.13504657,-0.7725987,-0.08412286,0.46977314,0.12718958,-1.7401916,2.857816,-0.22234227,0.759525,0.023957165,0.3596376,0.06613312,1.4368349,0.112773396,-0.64072585,-0.3191637,1.6916032,0.51082337,-0.20706262,0.35478893,-1.5421066,-0.08365337,0.18817885,-2.1008694,0.17831157,-0.33360574,3.9235868,0.07552276,-2.313776,-0.056693394,-0.31510505,18.425568
Cells_Texture_InfoMeas1_DNA_5_03_256,-0.08338889,1.3527408,0.123313405,0.46612993,2.343769,1.4175309,0.13560776,-0.5229927,-0.27095714,0.42192212,-0.009551346,3.2274122,0.96197873,0.28087118,-0.931081,-0.4227154,-0.0345398,0.94137365,4.865744,-0.0853971,0.013344134,-0.16392584,0.2963503,-0.3470945,0.040216614,0.12702729,1.1123875,0.14544274,0.29623312,0.66289335,-0.16407128,0.39324757,-0.2634446,-0.45488635,-0.27238724,4.1500077,0.6244579,0.068300806,1.2743982,2.2478676,0.33787665,-0.12881537,0.059969287,-0.121391766,-0.019457906,0.09244222,0.2458181,0.033343017,-0.5861834,1.5334249,3.2333448,0.6349771,0.7656407,0.8181147,1.1634022,-0.27269176,0.71321326,-0.15587586,0.13982797,0.4724691,-0.20625286,-1.0621654,0.72902536,-0.029864183,0.57895404,0.118320085,-2.6072528,1.0272405,-0.15374583,0.6562457,0.13921864,-0.25470784,0.09298858,1.1529763,0.8205374,-2.5902429,0.12751697,-0.1712957,0.9962966,1.7509159,1.6898953,1.3070859,-0.11973798,-0.030921897,-0.10177404,0.14000374,-0.43147123,-0.15512492,-1.1802253,1.2812667,0.3476217,-0.08436701,-1.1205062,3.0141993,0.5677573,0.7205548,-0.24115784,-0.2152281,-0.10039064,1.8641344,-0.5150437,-0.35037315,-0.87597054,1.9424316,0.09025779,-0.42809224,0.44911078,0.08332329,-0.45599994,0.64251184,0.059924524,0.0027669072,-0.40927982,1.1175472,-0.17861034,-1.3207417,1.5140117,0.5506181,28.966112
Cells_Texture_InfoMeas1_ER_3_00_256,0.055610448,0.11448852,0.5010583,2.385415,-0.8383066,1.4323937,-0.34440926,0.14857017,-0.11056814,-0.7870567,0.06542561,-1.4498676,-0.87956685,-0.08044509,0.31079426,-0.4685839,0.4274149,-0.9580638,-0.43795285,0.38311473,0.14901635,0.07270522,0.22071852,-0.57264423,0.9762213,0.24690856,-0.9851079,-1.4584669,-0.91236687,-0.08765373,-1.3423882,-0.30694348,0.3329692,-0.02680687,-0.24480093,1.0266342,0.19278814,-0.5935124,3.2118797,-1.5016319,0.15643966,0.14256622,-0.5832501,-1.2383698,-0.27471295,0.024918118,-0.4696815,-0.047293823,-0.10768598,2.220685,-0.36841586,0.65376836,-0.67239565,-1.0731443,-0.2700192,0.1766572,0.41079614,0.36231995,-0.02686161,-0.7135852,0.07999992,0.22012503,-0.8278757,-0.56583667,-0.94143254,-0.5393207,-1.4327855,-0.55307674,-0.4227048,1.1510881,0.087561525,-0.13124347,0.038064796,0.9844589,-1.5749168,-1.7211758,0.44366074,-0.04110707,-0.82044464,-1.5924464,0.53541374,-1.2164499,0.18716569,0.3454338,-0.7791967,-0.8703591,1.0000257,0.09869053,0.84335214,-0.843416,-0.41097274,0.0359097,-0.15280278,-1.8985437,-1.0315213,-0.9203784,0.080369905,0.060764816,0.08562273,-1.0310245,-0.13509512,0.15068346,-0.39808357,0.17413902,-0.49909607,-0.3729167,-0.39694285,-0.7642104,0.04566734,-2.3090515,2.1321125,-0.12429297,-0.4648312,-2.0125854,0.1929145,0.4613936,-0.47519028,-0.022475183,-0.4300766
Cells_Texture_InfoMeas1_Mito_3_00_256,0.4935757,-1.2182888,-0.73522884,1.4035159,-0.5892332,0.7099138,-0.15120949,0.31387892,0.1953814,0.07250172,-0.007599806,-3.3762643,-1.2901572,-0.9789075,-0.7254791,0.07502149,-0.45404553,-0.114890836,-7.4329185,0.3728951,0.04564643,-0.47709116,0.043557346,0.01678121,0.00914302,0.48391476,-0.8247192,-2.8950617,-0.7791903,-0.43124035,-3.5371563,-0.8899835,0.38003382,0.10120475,0.046683658,-1.8490926,-0.4103066,-0.19942875,3.0082467,-4.3210893,0.11354085,0.18216878,-2.6679966,-0.8943531,0.3976573,0.12102517,-0.4671836,0.00026939312,0.02937285,2.1448998,-0.59807324,-1.0850393,0.05837812,-2.186126,-7.6638184,0.19267154,0.047381837,0.4290055,0.23660402,-0.61607647,0.01270469,-2.56057,-0.14516056,-0.9551317,-0.88156486,0.11025993,-0.8891592,-0.41436002,-0.039609928,0.014939904,0.17483956,-0.0673993,0.25140914,0.7958668,-1.806901,-3.0892048,0.09942657,0.25548512,-1.016143,-2.335156,1.3444176,-1.2624925,0.033112526,0.12561007,-1.0541807,-0.72246623,-0.8392248,0.11756275,0.5478523,-0.41690782,0.044421833,0.39404514,-0.8491764,-0.15924089,-0.7502834,-0.43353775,0.21397097,0.04791074,0.26472732,0.074715875,0.45395696,0.2022047,0.088047214,0.00010699034,0.21057208,-0.37537253,-1.0031921,-1.4485351,-0.2473843,-1.7809516,-0.24944383,0.053117633,-0.03866975,0.2626896,0.15424265,0.0024405916,-0.96856266,-0.58838135,1.4751009
Cells_Texture_InfoMeas1_Mito_3_03_256,0.3874849,-0.9846277,-0.7385693,1.0457314,-0.6011936,0.59635997,-0.30338675,0.2970414,0.057540257,-0.1651871,0.12604775,-4.0531726,-1.260033,-0.795661,-0.51937056,0.118665576,-0.2965754,-0.013737996,-7.868997,0.35892168,0.0048486986,-0.49120167,0.19598246,-0.53006953,-0.050115544,0.6230528,-0.72552603,-2.8574276,-0.4068172,-0.5388325,-3.3673737,-0.63314176,0.16531548,-0.08019941,0.20100862,-1.6003517,-0.32816687,-0.26802164,2.694233,-5.2888827,0.31170473,0.16789387,-2.3393896,-0.6137343,0.4571139,0.04760756,-0.18535239,0.060302723,0.09182175,1.8692297,-0.29146054,-1.4953283,-0.08579632,-1.8463284,-8.385181,0.021727731,0.096318685,0.5472767,0.44206414,-0.60214305,0.17861307,-2.385915,0.17274176,-0.7852612,-0.62607116,0.08270077,-0.808307,-0.24578147,-0.19962297,-0.47404516,0.31424478,-0.06644187,0.48013413,0.9331067,-1.1551927,-2.8798873,0.17530783,0.19089544,-0.74510723,-3.4748,0.8059824,-1.3438038,-0.015426874,-0.26020482,-0.8591623,-0.50848514,-0.10441574,-0.08731691,0.6248742,-0.48781738,0.11623552,0.3268318,-0.77307034,-0.25357485,-0.3415978,-0.34680727,0.25660297,-0.12042243,0.10250708,0.69314605,0.19693525,0.4461935,0.2504086,-0.050430298,0.064001195,-0.09431893,-0.6042196,-1.3208288,-0.1925086,-1.7777243,-0.13759011,0.33865044,0.069097996,-0.9604657,0.2262185,0.059595566,-1.2607154,-0.47264874,2.6124985
Cells_Texture_InfoMeas1_Mito_5_01_256,0.5351828,-0.26621833,-0.64043623,0.7689125,-0.50368834,0.4367771,-0.54278904,0.11691281,-0.06484803,-0.98790574,0.2160765,-3.0322285,-0.7102229,-0.9499758,0.3305458,0.104923405,0.31376186,0.17336883,-7.5199013,0.18056369,0.1792355,-0.066891305,0.15671395,-1.387628,0.0074574747,0.57893187,-0.28909954,-1.6449127,1.0480946,-0.45642343,-1.4908863,0.03765601,-0.12758382,-0.27221835,0.54307824,-0.58766323,0.0793857,-0.067352556,0.6671007,-6.1387863,0.43725002,0.04520805,-0.5872557,0.13834812,0.20644355,-0.043780208,0.26796743,0.33982947,0.16395524,1.3831483,0.35241213,-1.9799933,-0.39981472,-0.6417403,-7.705057,-0.21800531,0.6206793,0.40008178,0.37717572,-0.3910497,0.28158703,0.03695484,0.8391693,-0.08207395,0.45323125,-0.13101399,0.13954365,-0.8005967,-0.17324601,-1.1733211,0.26921684,-0.10847169,0.5172138,0.45329082,0.32702932,-0.9040859,0.22097774,-0.026849756,-0.065508805,-5.1351194,-0.46364355,-1.260456,-0.35376403,-1.4933982,-0.018624702,0.073034026,0.7233002,-0.2470544,0.6094623,-0.35824892,0.30653426,0.20482586,-0.24348168,-0.6468323,0.42692804,0.04919501,0.102125816,-0.5878632,-0.1351716,-0.2778546,-0.6395679,0.54957163,0.24823344,-0.14664142,-0.29134443,0.55331165,0.16788149,-0.85721546,0.009173076,-1.222271,0.41004762,0.41772696,0.19646722,-2.9744208,0.30009815,0.58066297,-0.70997787,-0.13759227,-1.9075328
Cells_Texture_InfoMeas2_AGP_3_00_256,0.1737416,0.6575478,-1.1461228,0.2755841,-0.07267354,-0.3879367,0.6322842,0.30192378,0.03824477,-0.084692575,-0.50542045,1.9935664,-0.50560176,0.84162664,-0.8058221,0.32277426,-0.963146,0.95257133,1.775231,-0.46898746,-0.6253774,0.91276866,-0.7025439,0.51169646,-0.27466565,-0.007566015,0.76700276,0.4483781,0.6197882,-0.29872409,0.8908103,-0.13677043,1.1466087,0.15134929,0.18395133,-0.34176025,-0.32462275,0.25230822,0.3610855,1.2104815,-0.8547833,-0.10913113,0.87469584,0.81920034,-0.2474188,-1.2451576,-0.068223156,-0.30793166,-0.039046437,0.16056196,-0.5232725,1.552265,1.066348,1.274382,2.337544,-1.1231986,0.3855779,-0.4739535,-1.018877,0.45396408,-0.2011251,0.6847081,0.59571785,-0.2928564,0.2584565,0.088004984,1.8215189,0.87375075,0.54787916,0.49365517,-1.0954188,0.22780108,0.024470309,-0.25798497,0.68818045,0.909386,-0.85547096,-0.046630453,0.060685337,1.2728275,-2.6998127,0.30351397,-0.20249641,-0.26966608,0.2930429,0.09250931,0.49007425,0.056660134,-0.18965437,-0.54683256,0.2935335,0.30671754,0.52336895,0.5142397,0.6220538,0.7692128,-0.463922,0.60680157,0.03738249,-1.5293769,0.44834653,0.25546438,-0.0037606258,0.28478986,1.259734,0.20622905,-0.8790272,0.49021128,0.29556045,0.33557877,0.53472173,0.2513931,0.42128098,0.654346,-0.33930552,-0.3850825,0.1466495,0.1842916,-3.517812
Cells_Texture_InfoMeas2_DNA_10_02_256,-0.0216144,-3.3044093,-0.9152525,-1.3076638,-2.0176988,0.27023563,-0.09115544,0.3228705,0.33592856,0.684921,0.39849153,-4.584331,-1.2808057,0.9614849,-0.5915114,0.45164728,-0.65461856,-1.2462609,-4.745321,-0.3133725,-0.08146549,-0.7963669,-0.26781592,1.8068031,-0.09139045,0.045682624,-1.0104294,-4.368214,-1.4321555,-0.5832934,-5.506542,-1.0255097,0.14563434,0.4804341,-0.12699752,-2.4534857,-1.1664342,-0.87074333,0.43120036,-0.9958827,-0.44749415,0.16596328,-4.200089,-1.5431067,0.50267756,-0.3222249,-0.5518691,-0.4373695,0.3331207,-1.1513214,-3.8705227,0.6539965,-0.5753557,-3.6769514,-3.3476264,0.4600569,-1.9744047,0.09933939,-0.16651501,-1.320278,0.19891901,-3.7729874,-1.2816012,-1.0969123,-2.1903687,-0.13760231,1.5655165,0.66322523,0.21642418,0.12349888,-0.30658168,0.15074839,0.20991415,-0.077015996,-1.8521782,1.0003996,-1.5284804,0.43282637,-1.8771753,1.1281654,0.98324615,0.19683506,0.3447365,2.505693,-3.272041,-1.688353,-0.2581838,0.36843953,0.2035523,-3.2809303,0.07380199,-0.012361248,-0.98177344,-0.40993786,-1.7613472,-0.25018117,0.51305246,0.4462702,0.5233279,2.3618386,0.91760284,0.00474383,0.672698,-1.2630825,0.74726725,0.49811435,-0.9814523,-2.384278,0.5541229,-0.40963876,-3.1594114,0.13324259,0.20113005,2.5977619,0.37746933,-0.9967322,-2.978246,-1.1697272,-22.530878
Cells_Texture_InfoMeas2_DNA_10_03_256,-0.09087213,-3.096843,-1.2116008,-2.8828743,-1.2731713,0.5059111,0.015898341,0.18520941,0.25305572,0.8170975,0.29788795,-3.419585,-0.9413516,1.2474424,-1.5092336,0.32858273,-0.76755625,-0.95409435,-4.7975626,-0.48095465,-0.06959728,-1.7853948,-0.20627832,2.0279477,-0.24666555,0.02261748,-0.71166116,-5.454805,-1.4172878,-0.40315497,-6.627605,-1.029002,-0.076260604,0.39105335,-0.20275505,-2.8340435,-1.0705597,-0.8557237,0.5426013,0.45749164,-0.33064207,0.09946788,-5.452231,-1.7149364,0.7481503,-0.28893897,-0.49411693,-0.43330637,0.29890183,-1.697896,-2.909526,0.70795894,-0.18682294,-4.1350064,-3.7686558,0.55983406,-2.466634,0.049529314,-0.015186489,-0.94669074,0.13949223,-5.3703103,-1.2099667,-1.17814,-2.7995093,0.09482869,-0.18145466,0.2529439,0.14762509,-0.71976465,-0.011055832,0.17850356,0.26906276,0.19780159,-1.8209186,-1.1862612,-1.646305,0.42779616,-1.6461221,1.4998196,2.0521955,0.8186228,0.23747659,2.7645924,-3.7558193,-1.7024307,-0.77657145,0.3349041,0.06082514,-2.7248523,0.08860978,0.051837217,-1.5550655,0.4866829,-1.6480697,0.008617173,0.45982662,0.66705626,0.5084706,1.8821176,0.8975752,-0.21293046,0.5745603,-0.89253837,0.8392711,0.20846057,-0.5681655,-3.0169451,0.4513514,-0.25059342,-4.155111,0.039142396,0.089938484,3.557204,0.26641676,-1.9443625,-3.30363,-1.113536,-7.176699
Cells_Texture_InfoMeas2_DNA_3_03_256,0.1513902,-2.5108852,-0.232439,0.27641526,-2.5848832,-0.14307594,0.005828167,0.5729828,0.24583356,-0.32665455,0.2919695,-3.8156147,-1.2843094,0.3273121,0.72085017,0.4314977,-0.2991922,-0.9168965,-5.202879,-0.078938045,-0.1220882,-0.012562871,-0.48727223,-0.04856944,0.022252003,-0.024929186,-1.4053434,-2.4728506,-1.1838694,-0.9079763,-3.1127918,-0.92010856,0.5390062,0.5400433,-0.07696086,-1.552659,-0.73847646,-0.89088076,-2.0357294,-1.9783887,-0.17167942,0.262199,-2.0624912,-0.79654884,0.17803232,-0.15186168,-0.04761712,-0.096828274,0.43861786,0.28217897,-3.9281569,-0.5073069,-1.0604583,-1.5615381,-2.19251,0.29444268,-0.15625787,0.15559836,-0.31834877,-1.262447,0.23575628,-1.5166594,-1.0240016,-0.4128704,-0.7745161,-0.6305755,2.8566198,-1.0772423,0.16236688,0.17720486,-0.14951845,0.2838095,-0.14887889,-0.8099379,-0.98350257,1.7012347,-0.5182084,0.32481933,-1.5142503,-0.9074212,-5.700337,-0.7384909,0.13394415,1.001196,-1.6881704,-1.392779,0.67987937,0.2794621,1.0245126,-3.2725194,-0.22199742,-0.082304634,0.9585724,-2.046021,-0.9487688,-0.47112402,0.3924156,0.26963252,0.33181584,-2.1323152,0.697895,0.48157442,0.6102919,-3.089805,0.30516315,0.3782976,-0.9983744,-0.82661176,0.53888136,-0.5401548,-2.281754,-0.120206796,0.29400933,-0.49483332,0.24052636,0.786647,-2.7628791,-1.1719345,-44.42206
Cells_Texture_InfoMeas2_ER_5_02_256,0.14840752,-0.22209632,-0.6859532,-2.537162,0.53303033,-0.75390476,0.17744656,-0.30796078,0.12065464,0.9454544,-0.31207666,0.9938169,0.44673395,0.52048224,-0.6889383,0.32705402,-1.0957353,0.8944985,-0.21917981,-0.54723483,-0.32499647,-0.384874,-0.53231364,0.7065206,-0.9080933,-0.37109295,0.37417245,0.43979168,0.75735027,-0.38920543,0.71995544,-0.26155427,-0.14194994,-0.045801938,0.06364236,-0.7628247,-0.67191476,0.12858373,-0.3686887,1.1569703,-0.24142651,-0.30492237,0.13797568,0.5789427,0.6026452,-0.4149607,0.19659543,-0.4725062,-0.102475494,-4.219152,0.07614893,-0.050324783,0.8162803,1.1259418,-0.90314054,-0.5199552,-0.4641551,-0.5369429,-0.088241816,0.2720559,-0.4500011,-1.0539173,0.64952576,-0.3466867,0.41519833,0.38796556,0.48342144,1.406583,0.32819468,-0.09119373,-0.10687447,-0.0054475963,0.1192302,-0.31699005,0.83943003,1.0181925,-0.78457433,-0.16235663,0.40503398,2.139067,-0.29064384,1.3681682,-0.08463782,0.11907116,0.16834195,0.2688059,-1.3422885,-0.03354888,-1.0291387,0.5902217,0.6625373,-0.09052361,-0.019236922,2.1637263,0.71977466,0.72245437,-0.21589692,0.23175262,0.067846626,-0.4434065,0.45083377,-0.23356695,0.25738984,-0.022931715,0.7318733,0.22630258,-0.29203004,0.39520696,0.051810544,1.211787,-1.2044586,0.11225072,0.29829732,2.6365063,-0.3054304,-0.89409304,-0.23604365,-0.26746884,0.7483111
Cells_Texture_SumAverage_DNA_10_01_256,0.18149231,-2.8208332,-0.3930697,0.12446181,-2.4533165,-0.10480531,0.08504581,0.31258217,0.25065088,0.55813396,0.44392347,-2.9392364,-1.2591883,0.9477241,-0.13209718,0.4089369,-0.46512088,-0.847053,-3.6174247,0.018893054,0.040742803,-0.580497,0.047296304,1.2860966,0.017633358,0.27516535,-0.5230526,-4.637574,-0.98789597,-0.39778647,-5.169531,-1.0291129,0.36092067,0.5740326,-0.07180103,0.21983826,-0.9672442,-0.91401464,-1.5372669,-2.7453659,-0.39406398,0.24076253,-3.8505766,-0.9810807,0.07472427,-0.25875995,-0.25118932,-0.5215883,0.4221612,-0.33254948,-4.08179,0.011484772,-0.8593469,-2.379051,-2.5343983,0.615434,-1.186265,0.052988093,-0.20315577,-1.1143602,0.30998978,-2.984224,-0.6822398,-0.83407044,-1.9885678,-0.0043522716,1.264816,-1.2261277,0.14180112,1.0388657,-0.19426143,0.3443803,0.14889626,-0.21087174,-1.5370258,-0.19390082,-1.3690467,0.41232577,-1.773661,0.14553,-1.3011416,0.06619971,0.3377804,1.6683301,-2.6114264,-1.3488325,0.6898327,0.25806838,0.6409661,-3.1726043,-0.013742663,0.16632472,-0.39633253,-1.1848972,-1.3528193,-0.09618645,0.44718507,0.46688047,0.57901025,1.373181,1.1018187,0.056966424,0.6384085,-2.6561778,0.7011381,0.23630458,-0.71434546,-2.158965,0.7192004,-1.2919981,-2.1762655,0.09970658,0.14033674,1.0299834,0.41563675,-0.011288929,-3.0715294,-1.2693033,-9.124478
Cells_Texture_SumVariance_DNA_10_03_256,0.1504842,-1.9331598,-0.2548901,0.40076926,-2.5378559,-0.36011994,-0.05361237,0.110320866,0.20114075,0.061714143,0.1922879,-2.2385871,-1.014876,1.1031533,0.60781676,0.44602203,-0.69654703,-1.4728055,0.16271238,0.0040073893,-0.21467102,-0.18421732,-0.25750455,0.008056879,0.32680848,-0.06867898,-0.8695085,-3.2055902,-0.5209362,-0.74625653,-3.6218312,-1.0597192,0.045125633,0.41421533,-0.14353979,0.7113523,-1.0447665,-0.84729236,0.47228575,-2.4569333,-0.6144363,0.021310935,-2.8651726,-0.36091134,-0.07440358,-0.5189615,-0.4396907,-0.4299415,0.28483096,-0.63641846,-4.0802093,0.98938006,-1.3196887,-1.1636562,1.3196205,0.23184961,-0.030604124,0.010960162,-0.32511243,-1.0546293,0.36527205,-0.5528998,-0.5289927,-0.5666356,-1.5973091,-0.3329451,6.734814,0.42370376,-0.05890761,1.2600744,-0.24998142,0.23940997,-0.03170972,0.08901969,-1.2826701,5.2625623,-1.1871952,0.042659957,-1.9039775,1.0824565,1.3042687,0.45614943,0.138649,1.5523424,-2.2178462,-0.86305904,1.6277364,0.13039958,0.5671894,-2.9928865,-0.3911089,0.014365028,0.63187236,-1.7123848,-1.2084203,-0.12705739,0.2780418,-0.2825985,0.17484976,5.6839375,0.53969353,0.09648504,0.85796046,-1.8532944,-0.3653686,0.27523604,-0.9249398,-1.8019172,0.63207525,-0.78940624,-0.29159486,0.074537665,0.22092362,4.271077,0.22625463,1.4063355,-2.6493223,-1.1708804,-8.654458
Cyto_AreaShape_BoundingBoxMinimum_X,0.17757408,0.24975555,-0.3832079,0.36654636,-0.3023561,0.16214333,-0.08381977,-0.10219727,-0.25274363,0.59167796,0.1595739,-1.833107,0.15586592,-0.45565847,-0.12528102,0.02997441,0.67995906,0.13642892,0.00285693,0.5531865,0.36884657,-0.3459048,0.38834438,-0.28052887,0.44670036,0.36278474,0.08502916,0.1113284,0.1414583,0.15961057,0.29464626,-0.14271156,0.7011742,-0.14788282,0.22207282,-0.9076353,-0.4283092,-0.19287074,-0.29174522,0.526498,0.11102993,0.21194082,-0.49942198,0.25504366,-0.38723874,0.55020136,0.2148577,0.18541898,-0.16089885,-0.52853245,0.12067648,-0.9237706,-0.80397445,-0.2453658,-0.1010576,0.13897265,-0.11932031,-0.53006834,0.90386564,-0.2340293,0.23849298,-0.3474796,-0.017892862,0.28695986,0.26404843,-0.031844333,-0.18631749,-1.2761482,-0.11322055,0.5058698,-0.42245674,-0.17503726,0.18264133,0.044029385,0.003204167,-0.083116,-0.14304928,0.24792264,0.049485654,-0.52260226,-2.1695855,0.32308555,0.13129638,0.42349604,-0.41509238,-0.41554353,0.18914735,-0.37682915,-0.5795613,-0.12153462,0.110736154,0.116606385,-0.2448672,-0.44385076,-0.1960118,0.28271583,0.3380959,-0.02440779,-0.1995279,-0.1688383,-0.9685199,-0.16831343,0.067545794,-0.017175505,0.030673182,-0.20764631,-0.09712068,-0.08046948,0.14143328,0.20983988,-0.16370595,-0.33897725,-0.3538313,-2.2440636,-0.030098066,0.016919902,-0.025334328,-0.3290816,1.1544408
Cyto_AreaShape_Compactness,0.38132396,-1.9107914,-0.08603615,3.872565,-1.2559149,2.241892,-0.34024295,0.40533915,0.2505263,0.13158204,0.45404515,-3.375189,-1.4894265,-1.4002596,0.019734522,0.08932867,0.2810463,-0.05812661,-3.1935985,0.12657706,0.32978994,0.35729787,-0.00013399124,-0.14473572,-0.5715125,0.36304322,-1.0302178,-2.2621248,-1.739666,0.28897884,-2.9921844,-0.5135629,0.45485392,0.4196701,0.12268257,3.7412646,-0.002552092,-1.0366224,-2.7652133,-2.9737139,0.045583647,0.3875331,0.30253878,-1.6222858,-0.3015791,0.20435731,0.30916342,-0.034432247,0.21045367,3.7827451,-0.7143529,-1.6320481,-0.54320383,-1.4374466,-2.073668,0.49244753,0.98357505,0.40446702,-0.3991687,-2.1989343,-0.20435445,-5.460448,-0.6496946,-0.5589945,0.26426518,-0.8090723,0.7126972,-1.4485259,0.056405425,2.8959274,-0.0036131144,0.2557542,-0.16275808,-0.6223658,-0.82917666,-0.5445204,0.11732364,0.45261285,-1.117516,-2.74899,-4.584292,-1.540793,0.50540096,0.09450141,-0.77875966,-1.5572954,-0.5330814,0.20692958,1.3446993,-1.8856164,0.09578783,0.13169263,-0.35544476,-1.2978445,-0.34205127,-1.3999724,0.44581762,-0.17163014,0.6313424,-6.4806576,0.28099945,0.44527224,-0.2971778,-2.4761918,0.32285205,0.2627906,-0.6068013,0.10114785,0.10589302,-1.8560301,-1.9687313,-0.05874817,0.19050835,-5.0017533,0.40971383,-0.05235596,-1.3614749,-0.8071027,3.324309
Cyto_AreaShape_FormFactor,-0.37358555,2.0326118,0.10087376,-3.4810123,1.3216976,-2.068371,0.35283613,-0.39762962,-0.24165313,-0.121803544,-0.43966866,4.125915,1.55572,1.4708656,-0.011066367,-0.083704896,-0.27295235,0.109991275,3.5419142,-0.12254533,-0.32260725,-0.34903166,0.004651586,0.15510623,0.6171038,-0.3538697,1.1106802,2.4387393,2.0150816,-0.2854288,3.2405384,0.5372204,-0.43622681,-0.4061161,-0.12091717,-3.433738,0.018462637,1.0857723,3.09813,3.2478406,-0.03886077,-0.3763449,-0.2821515,1.7667147,0.30621383,-0.19525178,-0.28988472,0.036560774,-0.20817137,-3.4497912,0.7433885,1.77316,0.5592617,1.5297016,2.304156,-0.48026597,-0.9336462,-0.39109337,0.41774186,2.3550339,0.21482308,6.408008,0.7365999,0.5831056,-0.24566098,0.8366875,-0.6700878,1.5666547,-0.05124147,-2.6723201,0.013567641,-0.24895549,0.16834204,0.64022774,0.85306865,0.71270686,-0.1059287,-0.4478837,1.1638219,2.9960353,6.1562057,1.6292378,-0.4956901,-0.055668313,0.82865,1.6212057,0.55710405,-0.20073153,-1.3020979,2.001236,-0.080375515,-0.11527746,0.367378,1.3470625,0.38614592,1.4769497,-0.43822634,0.19060063,-0.59751016,8.556213,-0.27248028,-0.43689153,0.31464612,2.715071,-0.31464767,-0.25233528,0.6311476,-0.0844776,-0.10137329,1.9563774,2.0947094,0.069785036,-0.18646441,6.1959157,-0.4027147,0.06303368,1.4294472,0.8394027,-2.671323
Cyto_AreaShape_MaximumRadius,0.14997135,5.7461777,1.5015932,1.8671447,1.4056715,-1.1700207,0.13234678,-0.2353787,-0.1942792,-0.65235883,-0.16573149,4.9125924,0.63727504,-0.29759654,3.6803925,0.19054358,0.92885774,1.3551526,6.8921814,1.1263176,0.16998678,4.574323,0.0834003,-4.0115604,0.9238015,0.21799295,1.0992048,8.441906,2.0010917,-0.63026744,13.64951,1.4388889,0.43771133,-0.23090501,0.24648659,-0.110426344,0.7990439,1.524963,2.303562,-0.23716664,0.29019457,-0.086758636,7.0870414,2.5012257,-0.8544491,-0.15185972,0.28481987,0.8515652,0.19215465,-1.1802943,0.43151614,0.37921605,0.42085585,5.018147,6.3126426,-0.7891976,2.2466967,-0.57205886,-0.026991397,2.257511,0.4594758,9.14639,1.0751872,2.2625,2.7916615,-0.32939067,2.8540046,1.3085088,0.018497447,-0.58846635,0.22286443,-0.21074212,-0.42922595,-0.018867433,2.5692139,8.9923315,2.3252847,-0.43924272,1.4729897,-0.8262918,0.14252377,-1.0467929,-0.26807937,-3.042409,4.0964723,2.874808,1.2103976,-0.23123737,-0.068156086,2.6797523,-0.9975472,0.15405338,5.013801,-1.831655,2.6727617,-0.055831324,-0.49169722,-0.96864325,-0.24975036,-0.80775136,-1.0602067,0.0415477,0.23602426,2.322402,-0.66163296,-0.049072746,1.065334,5.32096,-0.6982996,1.442823,4.6921253,0.17633949,0.634826,-4.4068265,-0.38484827,3.8828666,4.2643003,1.116748,-9.692765
Cyto_AreaShape_MeanRadius,0.01967129,2.8426864,1.2373745,1.0477139,0.8454127,-1.4326105,0.19050594,-0.19318177,-0.17283453,-0.6795953,-0.27016494,3.6281605,0.54019594,-0.5961214,2.7749135,0.0020973284,0.47105107,0.8060679,5.225212,0.55949736,0.08446442,2.6364233,0.046310097,-2.2327948,0.79170996,-0.18433388,0.98182374,6.9043336,1.8673195,-0.26507354,7.287562,1.0500519,0.1783048,-0.16622154,-0.053903162,-0.27410758,0.76731545,1.1360006,1.8496494,-0.38413993,0.08656912,-0.20165281,4.82278,2.1516168,-0.65591455,0.030609706,0.09283662,0.4556695,-0.328056,-0.850143,0.42394504,0.40586534,0.058468323,4.2037015,5.3116145,-0.6327633,1.5788145,-0.10811887,-0.100018024,1.413743,0.16160297,8.320334,1.0909356,1.7820708,2.165373,0.11784569,1.7169594,0.6907584,-0.019252589,-0.62110305,-0.15308909,0.12153218,-0.2805477,-0.46665493,1.4135329,4.5241857,1.1682771,-0.5696566,1.1115516,-0.96228665,-0.21684599,-0.8206642,-0.30044687,-2.7818224,3.4501057,2.7429402,1.442316,-0.2520837,-0.18520713,2.260776,-0.42933193,0.0819745,2.5255756,-1.1401013,1.1950461,0.18063927,-0.49545082,-0.95417285,-0.24999149,0.14365841,-1.0804639,0.027150169,0.08564099,1.4799563,-0.82562184,-0.2560123,0.6386488,2.7526684,-0.28698212,0.5158281,4.025773,-0.11873298,0.2159251,-2.6568625,-0.33339572,3.1351573,3.0635722,0.8627872,-6.613402
Cyto_AreaShape_MinorAxisLength,0.1361476,2.2045004,1.6229075,7.3557687,-0.32062957,0.6818757,0.16335975,-0.21312083,0.07470957,-1.1584564,-0.13579641,4.9920325,0.20016243,-1.3480312,3.1251318,0.21306036,0.81643367,0.39041555,8.298403,0.7474204,0.20793809,3.409629,-0.29219544,-2.1658885,0.7104037,-0.13371705,0.30867282,6.072363,1.593399,-0.14833482,6.820099,0.907512,0.53405803,-0.29865596,-0.15981056,6.3008294,0.6594799,0.5387804,0.08108684,-2.4938276,0.05004305,-0.07798764,6.8282413,1.784341,-1.1028824,-0.11091536,0.4268222,0.33088678,-0.20197314,3.5831654,-0.21049732,-0.2934722,-0.06399536,4.995882,7.604364,-0.69179654,3.3358653,0.0085742595,-0.6154668,0.15745421,0.057263613,10.579776,1.327748,1.6152868,2.9889615,-0.6589804,6.5263863,0.20131336,0.1306133,3.7319736,-0.43989262,0.038572013,-0.71287894,-0.3879172,1.1830999,7.3329196,1.44126,-0.45475104,1.315328,-2.1638312,0.24967234,-1.6954306,-0.056744944,-2.5446646,3.5702465,2.1328208,3.021804,-0.30556375,0.60499674,0.66995263,-0.31871876,0.046901792,2.750366,-1.7517534,1.2176843,-0.40285394,-0.4987248,-1.4443868,-0.18876916,0.13727683,-1.0174804,0.26154152,-0.2974559,-0.32978797,-1.1559412,-0.11953753,0.24845664,3.812069,-0.31010732,-0.5253292,6.917196,-0.11632066,0.3216973,-2.2168143,-0.35976228,3.5359643,2.7484276,0.44942927,-2.7535477
Cyto_AreaShape_Orientation,-0.028107086,0.01838544,0.25322405,0.123586915,-0.277027,0.15845929,-0.52207464,0.2624073,0.18916573,0.13856348,-0.15900393,0.11019292,0.029585518,0.026200214,-0.32266495,-0.22094686,0.46168694,0.1305194,-2.5235226,0.03605701,-0.14629637,0.29512832,0.05750518,0.3121244,-0.18209396,0.2252732,-0.25901857,-0.16911604,-0.30917856,0.12044426,-0.6953001,0.1470613,-0.2180386,-0.25908604,0.12555625,-0.08992002,-0.19495957,0.3108475,0.032868784,-0.5917073,-0.12117068,-0.22131531,0.19129573,0.16611795,0.11142043,0.44567248,-0.3338176,-0.0074440935,-0.36874554,-0.06400994,-0.014756471,-0.8349907,0.41681275,-0.42332163,-1.1339151,-0.1907538,-0.048641056,-0.2738588,0.032908123,0.10604843,-0.005573839,0.02881682,0.32152948,0.22744238,0.15328653,0.19572313,-0.049647212,0.40071678,0.29444227,-0.016737262,0.1588096,0.3331809,-0.19289915,0.08920171,-0.37359855,-0.122176886,-0.29392114,-0.0377935,0.529584,-0.21528105,3.0569026,-0.16216867,-0.35928503,-0.33097228,0.10003203,0.14033408,-0.06833609,0.04140772,0.17151137,0.4845415,-0.064505436,0.28527704,0.09539796,0.21352418,-0.17333631,-0.25047147,-0.1135126,-0.23785526,-0.34951922,7.779981,0.17960317,0.029629057,0.38977686,-0.21723413,0.4085873,-0.6595985,0.03655954,0.116630636,-0.031580165,-0.05558179,-0.109799415,-0.06508867,-0.16982184,-2.0066745,-0.32928646,-0.1643686,0.38588843,-0.50886816,-0.97579813
Cyto_AreaShape_Solidity,-0.18258078,2.590967,0.2755014,-1.6192894,1.5715822,-0.9530695,0.36912903,-0.44563723,-0.2891393,-0.30012712,-0.54476076,5.398809,1.204254,0.68881005,0.6154122,-0.0066393414,0.09167653,0.09301802,6.0392456,0.05689768,-0.336,0.5625091,-0.11275592,-0.9608433,0.7328436,-0.3998681,0.86261433,3.4264698,1.7149266,-0.27133802,3.9367964,0.6916376,-0.49726072,-0.3964455,-0.16507952,-0.7693827,0.15027635,0.9101629,3.8230286,2.0193288,-0.14053565,-0.301909,2.1858213,1.632223,-0.17919637,-0.33179995,-0.325463,0.17973995,-0.32118466,-1.4336306,0.29245952,1.8251234,0.52872586,2.4267342,4.1683064,-0.7358107,0.06184584,-0.37107757,0.11384436,1.7842826,0.21839565,5.5535603,0.8230384,0.77539897,0.5674483,0.46433195,1.4692439,2.2115185,-0.0003447185,-1.4925665,-0.12969124,-0.17864619,-0.035282508,0.73981756,1.136408,2.404519,0.12511879,-0.46175504,1.0711935,2.4719355,5.722174,1.1740023,-0.4363823,-0.53442115,1.3637776,1.8800696,1.1607693,-0.37420297,-1.0276401,1.8206686,-0.21143031,-0.11019874,0.9598532,0.957462,0.58061635,1.1155981,-0.5696923,-0.44526353,-0.55045253,6.1375923,-0.75107414,-0.37292767,0.19966938,2.7885513,-0.91146797,-0.5027334,0.57779276,1.0058705,-0.09326597,1.6487032,2.8774207,-0.031540025,-0.00015132625,4.5303426,-0.53787464,0.7741353,1.6791577,0.8092522,-3.9239504
Cyto_AreaShape_Zernike_1_1,-0.054549146,0.41696873,0.7263742,0.7937107,0.40429008,-0.03913856,0.019768119,-0.5703649,-0.37110648,-0.44351926,-0.7051552,1.5620232,1.0796827,0.7835081,0.11154754,0.102252804,-0.633636,0.41126597,3.2136908,-0.37743306,-0.57705265,0.4689958,-0.40517703,0.27591005,0.07812962,-0.23844254,0.1817586,0.4329896,0.69579595,-0.42528376,1.5584966,-0.2167915,0.21674109,-0.008475621,-0.06049025,1.9658176,-0.19734532,0.17218585,1.5856911,2.3341353,-0.15319444,-0.58720434,0.7028796,0.6940431,-0.21651404,-0.12105274,-0.08146697,-0.39268693,-0.49002072,-0.3618178,0.68680173,0.84701973,0.25044522,1.2239196,0.6816799,-0.1650633,0.6886945,-0.7311597,0.3561795,0.53932744,-0.21812285,3.9493678,0.24913384,0.22749464,0.43253812,0.47360492,3.1272612,1.3337694,-0.22465815,0.72054553,-0.09720396,0.09156355,-0.22127108,0.025242507,0.5441393,3.8716452,-0.061041985,-0.55475,0.7876366,2.0662434,3.6859596,0.7758154,-0.49442777,0.1337539,-0.13809888,0.26038662,1.2896422,-0.2536539,-0.65078706,0.39586028,0.12686093,-0.61467427,0.19902451,1.162612,0.4696547,0.35494623,-0.40735826,0.6622363,-0.57217664,3.6490383,-0.4530852,-0.2399923,-0.048971146,0.8743451,0.30660787,0.06913525,-0.4373461,0.121447064,-0.27101874,0.52123016,1.425973,0.110699356,-0.34009674,3.2834637,-0.5958026,-0.4636627,0.7405524,-0.044951096,17.219267
Cyto_AreaShape_Zernike_2_0,-0.22318597,2.6094139,-0.0047312877,-2.8754406,1.7285281,-1.6161526,-0.06402538,-0.18543057,-0.116374284,-0.37263668,-0.3972868,3.9374063,0.59824926,-0.05315091,0.826971,-0.04308034,0.4616171,0.47095275,7.8573384,0.25693712,0.051375777,1.2620517,-0.023567518,-0.894072,0.64259726,-0.22217906,1.1751803,4.125097,1.60523,-0.25219852,4.42201,0.63812464,-0.719534,-0.54722136,0.082934864,-3.627342,0.4196978,1.5765343,3.6677659,1.2552928,-0.1286652,-0.28252158,1.891758,1.8387693,-0.45415616,-0.10243141,-0.16564733,0.5351077,0.022327473,-3.3032799,0.39919114,1.0260663,0.48579836,1.9085706,6.9910507,-0.49678323,-0.43082833,0.06164688,0.09534788,2.1683493,0.3522779,2.793213,0.8588497,1.2031337,0.6543879,0.5974284,-0.8383028,1.37606,-0.3073708,-3.350933,-0.13909937,-0.088201225,-0.05559953,0.13754667,0.95966357,0.6629694,0.39475703,-0.35900712,1.0216817,-0.15986072,-1.3416973,-0.43275204,-0.3557898,-2.2086458,2.2508352,2.669692,-0.15208392,-0.31751236,-0.5873593,2.5985882,-0.695847,0.07619962,1.0495473,-0.32428595,0.8242056,0.21000731,-0.48627922,-0.8218372,-0.45170608,1.9719719,-0.8903236,-0.14912081,0.4344372,3.9501917,-1.0455785,0.022173673,1.1966565,0.6894186,-0.31167698,1.5431875,1.6835686,-0.24007134,0.18476462,-0.4143481,-0.44058144,1.2405418,2.405709,0.8851755,-5.733108
Cyto_AreaShape_Zernike_2_2,0.12189597,1.8108152,-0.10136998,-2.2389152,1.0810963,-0.99283624,0.5750128,-0.14755188,-0.21974568,-0.24993289,-0.27105513,2.7164688,0.97281235,0.23520522,0.028639615,-0.07664776,-0.07924696,-0.06313596,-2.5498998,-0.037313204,-0.32825428,0.003009389,-0.08500954,-1.1208922,0.43652856,-0.4059979,0.5348917,1.6498041,0.2589248,-0.23567022,2.4058826,0.47682247,-0.58836126,-0.14761882,-0.035295982,-0.07497946,0.13726959,0.30406213,1.966582,1.3252448,-0.36000338,-0.35722342,1.3248701,0.96969,-0.06845677,0.0032149155,-0.2803355,-0.15517493,-0.29735026,-0.4707425,0.20129071,1.383787,-0.07274052,2.328561,-0.6171604,-0.55707943,0.64453846,-0.42712793,-0.11165438,1.1898379,0.14608265,3.250415,0.11488971,0.59375477,0.1093299,-0.03326146,0.87761664,1.5577092,-0.33780572,-1.2717537,-0.035838466,-0.07922574,-0.08087937,-0.074976444,0.8711064,2.0862947,-0.10151585,-0.30936694,0.36300185,2.5957963,-12.169429,1.6546549,-0.3229678,-0.23332016,0.6716786,0.9084317,0.5118026,-0.15662482,-0.79037714,0.9424007,-0.17125447,0.03206872,0.49368814,0.75564975,0.42040423,0.60229427,-0.5083609,-0.61096305,-0.17146017,5.6092916,-0.7771781,-0.36203137,0.13251217,1.3137461,-0.76530105,-0.70078564,-0.06690305,0.28679144,-0.1802237,1.2922684,3.19963,0.048482668,0.08408045,0.70267963,-0.45981112,0.6802273,0.6378798,0.6698783,-15.949399
Cyto_AreaShape_Zernike_3_1,-0.20070314,0.20096852,0.76758605,-0.26713112,0.27553824,-0.85075426,-0.118816994,-0.4833053,-0.45391297,-0.35050002,-0.33718324,2.6985724,0.44178858,0.48002592,0.17899477,-0.2403351,-0.35851493,0.027582368,-0.57692987,-0.29334477,-0.08805358,-0.41226912,-0.44544026,1.152428,-0.12712026,-0.3035679,0.570379,0.27899888,0.74842054,-0.38938102,1.590602,-0.07861344,0.055820346,-0.26714063,-0.12100356,-0.21085875,0.4304079,0.019580806,0.23935616,2.293163,0.21647103,-0.35504642,-0.72497845,0.6835473,0.03830217,0.23587167,0.025537744,-0.70849687,-0.36417702,-2.2677505,0.6070249,0.86390877,0.27773893,0.7851493,-1.1912003,-0.110663645,-0.061056376,-0.40804294,0.12156072,0.6937081,-0.018340984,2.0200768,0.28619087,0.5054309,0.56515664,0.65557945,0.4738345,1.2220701,-0.35825476,0.031833444,0.40648398,-0.13309796,-0.44176158,-0.7193478,0.4455811,0.7575769,0.38683128,-0.59319395,0.7530527,0.6446877,14.350059,0.26136974,-0.18523566,-0.7517832,0.7948331,0.3685217,0.058535695,-0.18147373,-0.8545661,0.8542295,-0.1948023,-0.29030916,0.22582293,-0.41552284,0.4167576,0.402886,-0.42687634,0.6262694,-0.3805066,2.3883576,-0.12030601,-0.29954636,-0.05394282,0.32371357,0.47737035,0.48123142,-0.118768476,-0.10537959,-0.42128363,0.7155366,1.1712784,0.07374892,-0.41533506,7.6375604,-0.4701128,-0.52712923,0.4088533,0.24653399,-10.1317625
Cyto_AreaShape_Zernike_3_3,0.13963039,-0.48776755,-0.56101626,-0.16261905,0.72646624,-0.24283294,-0.21633585,0.012423624,0.033926588,-0.2763562,-0.22747128,-2.0720189,-0.003082012,0.2377942,-0.3233408,-0.17954104,-0.07294693,-0.7766436,1.6734601,0.13878845,0.2211687,0.36342463,-0.44996253,1.6386824,-0.69623166,0.34946358,0.108812876,-1.1615182,0.058422294,0.02242244,-0.7660956,0.12347549,-0.5306348,0.15013461,-0.028774286,0.9525239,-0.33333477,-0.09025108,1.9462174,1.8185664,0.17193294,-0.063593246,-1.6962601,0.18026192,-0.18561216,0.0656117,0.05272766,-0.27123833,-0.558101,-0.47304186,0.43490362,0.01458026,0.97130233,-0.36554018,0.4763868,-0.08985243,-1.0461067,-0.6026432,0.5851189,0.43640056,-0.2634504,2.1605847,-0.027049089,0.1252813,-0.587451,0.27173907,0.5362749,1.6351318,0.050674062,0.15171802,0.2657872,0.2883986,0.2116266,1.0932862,0.44573215,0.23658736,-0.048937786,-0.44042143,0.8416775,0.24581951,0.45787272,0.39450946,-0.12048348,0.5467434,-0.6803172,0.41599607,-0.3702033,0.10845999,-0.8728969,-0.26136735,0.32222873,0.0716347,-0.2653859,1.144761,-0.12911938,0.553827,0.13812171,0.5930972,0.082741104,-8.485576,-0.44907212,-0.34720907,0.32228532,2.1606233,0.42036048,-0.060149193,0.29451594,-0.7562015,-0.016798338,0.5857679,0.55228853,0.10016969,-0.5680931,-1.9329357,0.024392614,-0.5781954,0.10407855,0.54162663,23.572084
Cyto_AreaShape_Zernike_4_0,-0.1713298,0.4380846,0.6772845,3.9238548,0.5100648,0.968291,0.37205026,-0.36387268,0.18337584,-0.23508584,-0.19219506,7.8095593,1.0161461,1.2546089,-0.0375125,-0.036940526,-0.31430134,-0.34006688,4.8899407,-0.3195403,-0.4390873,-0.7040164,-0.40843496,0.27229097,-0.12109414,-0.50160706,-0.50635725,-1.5448695,0.8765497,0.26941028,-0.22034387,-0.2566093,0.24367231,-0.35224044,-0.3496474,8.86871,-0.55161375,-0.32727385,0.8336596,1.6313337,-0.20402883,-0.4224504,0.3115281,0.5273767,-0.17957419,-0.3717809,-0.2155361,-0.5124708,-0.49961925,3.9141483,-0.13428275,0.9022973,0.37051606,1.8562464,0.85132533,-0.2836881,1.0101985,-0.42768893,0.33443597,-0.12424608,-0.089062184,7.8880734,0.17520624,-0.483361,-0.30823496,-0.016899684,6.1057854,0.734683,-0.06380118,4.1470337,0.0068047196,-0.071371235,0.07294615,1.0950127,0.4833823,3.0818512,-0.585237,-0.043028336,1.0901519,3.8125575,9.256833,2.359811,0.13215779,1.8351701,-0.32129353,-0.7058687,2.6447597,-0.25811154,-0.40526,-0.80125874,0.5300956,-0.20843722,-0.40699396,3.0940316,-0.13741894,1.0342137,-0.53419954,0.6322235,0.015599251,13.27679,-0.2345997,-0.34076515,-0.12546764,0.71348304,0.018303195,-0.18126793,-0.7488945,0.09916838,-0.2541101,0.44890785,4.8584485,0.5660047,-0.44701585,15.4716,-0.30780372,-0.85071605,-0.81252164,-0.04270059,26.008347
Cyto_AreaShape_Zernike_4_2,-0.07263783,2.365865,0.15439256,-3.1628654,1.1686602,-1.3781842,0.19195966,-0.11887908,-0.20563994,-0.16926229,0.1858306,-0.48953772,0.57894397,-0.40540484,0.56074566,0.28684422,0.26250288,-0.13280785,0.6715636,0.2805201,0.108386934,1.0641669,0.15794505,-1.8616171,0.98790455,-0.047406774,0.8802534,3.5008938,0.81816787,-0.06914539,3.111578,1.0152291,-0.7007263,0.0062097907,0.21641655,-2.7577546,0.16199519,1.1833271,0.5908496,0.5202471,0.10439077,0.07835672,1.9923602,1.0774595,-0.3776661,0.008839001,0.1413032,0.3846456,0.17331094,-2.296428,0.41411433,0.57486755,-0.09920991,2.1376474,2.148411,-0.75615287,0.90932804,0.032725554,0.06349038,1.6610767,0.58318466,-0.14560728,0.2581864,0.7968948,0.7896511,-0.042259693,-1.8202982,0.04098198,0.118022986,-2.9037743,0.13463439,-0.041737158,0.27208364,-0.3512117,0.98294353,-0.95605135,0.3604579,-0.3360062,0.66653675,0.026605189,1.9069085,-0.4364978,-0.1150204,-1.2802469,1.740338,1.7528023,-0.8408087,-0.27499974,-0.5930144,1.5296769,-0.36886033,0.4369196,0.77488995,-0.81222326,0.70180136,-0.28675404,-0.3838497,-1.2093123,-0.3766947,-8.226239,-0.75558966,0.016542455,0.07235896,1.372662,-1.7575998,-0.11376526,0.46010232,1.2062584,0.008807868,1.0680208,0.56520396,-0.013952826,-0.23937456,-1.1054403,0.012596935,1.7758063,1.828702,0.916888,-2.210961
Cyto_AreaShape_Zernike_4_4,-0.06911511,1.2194576,-0.2193212,-2.8219912,0.7243397,-0.5206631,0.35304728,-0.31088424,-0.10221838,0.09868345,-0.08111653,-2.4305499,0.15613295,-0.116177715,-0.19520922,-0.26321998,0.14658087,-0.32191375,-2.2585046,0.22299355,-0.075487316,-0.9628207,-0.03758702,-1.1497025,0.26075926,-0.3267793,-0.10551149,1.2061149,0.22545202,0.09642481,0.931911,0.53828686,-0.24736552,0.099261105,0.043462217,-1.7999291,0.08416089,0.2833527,1.1287872,2.0814426,-0.2373054,-0.027795339,-0.08571863,0.63645047,-0.19498773,0.011354397,-0.15865996,0.16545404,0.089355804,-0.19869725,0.2226389,1.1751891,0.038975462,0.9468548,-0.8754759,-0.38322815,-0.36981502,-0.20847571,0.26132655,0.50650764,-0.05845797,-0.32769635,-0.05600183,0.07775425,-0.016619742,-0.41104916,-2.2136962,-0.16648185,-0.14328654,-1.576059,0.24830818,0.23478957,0.098677546,-0.03313589,0.29730523,-0.6277383,-0.46607164,0.030858645,0.3123592,1.3082403,-3.6742468,1.3759319,0.111859,0.11787081,0.65641016,0.50493217,0.50260925,-0.38330197,-0.8296632,0.4424301,0.15281092,0.30482206,-0.0038848121,1.3053975,-0.40240088,0.58851177,0.07236872,-0.01185443,0.100737095,5.647488,0.40630078,-0.0546996,0.0152134,0.93361974,-1.1525106,-0.15069045,0.3959916,0.025416434,0.15007734,0.8740516,1.8040715,0.58488595,0.13631397,-4.157844,-0.43406522,0.060676318,0.011619538,0.40099296,-1.0562792
Cyto_AreaShape_Zernike_5_1,-0.088391304,1.4419042,0.2221772,-0.8802727,1.3831624,-0.5195797,0.36231828,-0.5203491,-0.39713302,-0.28764057,-0.6956325,4.4203134,1.0947771,0.97947615,0.14599909,-0.3046632,-0.08299837,-0.3675983,7.96997,-0.48345232,-0.4511597,-0.8817881,-0.17207246,-0.3718301,0.39300263,-0.4892701,0.5829192,0.69560593,1.3874712,-0.12827449,1.9034172,0.2872688,-0.58179575,-0.29878566,-0.07701496,1.6812176,-0.36329412,0.565779,1.7243744,2.403782,0.042283107,-0.38329902,0.6924886,1.4772471,-0.39588395,-0.21136826,-0.174308,-0.082790904,-0.46798563,-0.26547244,-0.12922068,0.38984716,0.31034517,1.8030897,4.0062585,-0.41503277,-0.16960824,-0.2727479,0.35555148,1.5242062,-0.029714564,4.2222323,0.6467458,0.034424137,-0.05923445,0.40664756,1.0857047,1.2945453,-0.22589445,-0.78769857,-0.12942086,-0.123230316,0.14748222,0.7361315,1.5432354,-0.30602118,-0.18674232,-0.41871917,1.0253838,2.478083,7.171463,1.4950522,-0.3172268,0.3641217,0.8207021,0.8215084,0.46462333,-0.23179452,-0.64414215,0.2797293,-0.13709144,-0.3604692,-0.11648015,1.5320654,0.27368477,0.78685594,-0.5710545,0.0768232,-0.34060788,13.864697,0.14465488,-0.5550311,0.18423688,1.8393224,-0.7250295,-0.29442996,0.4266645,-0.0790321,-0.2065386,1.5824633,3.4838812,0.3942802,-0.03179707,5.843764,-0.7045099,-0.16968684,0.17312342,0.571338,8.149228
Cyto_AreaShape_Zernike_5_3,-0.50461155,-0.27221945,-0.20789284,-1.375722,0.4699619,-0.11301253,-0.5520777,0.024735421,0.21538286,-0.23997788,-0.2084703,-3.9445546,-0.24542369,-0.9040492,-0.5781818,-0.15300389,0.10641114,0.06359451,-2.0151803,0.6132891,0.4481771,0.801074,-0.026270648,0.7145311,-0.19492419,0.4443581,0.09541424,-0.48759437,-0.71214026,0.56026274,-0.27019894,-0.15646541,-0.18950291,-0.2592325,0.46809176,-0.77695704,-0.15275998,0.2806687,1.1334542,0.5302393,0.4684173,-0.19992173,-1.1195607,-0.17918365,-0.05628858,0.12891488,0.31848013,-0.027120277,0.23773265,-0.78595084,0.3733201,0.11426619,0.8159191,-0.96527106,0.81799835,0.092838675,-0.89860654,-0.14098752,0.053123284,-0.16064152,0.13796486,-1.4761001,-0.32735488,0.058094185,-0.73404104,0.49947718,-0.9673273,1.0134703,-0.060226172,-1.2978691,0.5268592,0.019456426,0.11291039,0.5352698,0.16601272,-1.2719386,0.48098335,0.51874965,0.4033886,-0.83194774,-3.444484,-0.37687835,0.17055309,-0.6785627,0.057511408,0.6876195,-1.0043693,-0.072433524,-0.45231137,0.9763039,-0.0028976302,-0.027211854,-0.35519424,-0.29764625,0.25971803,-0.63439465,-0.07322643,0.31244633,0.24815948,-4.831848,0.22268856,-0.12221426,-0.07825605,1.4628445,0.23587166,0.15698968,0.21554756,-0.7490134,0.22058745,0.6128557,-0.85876846,-0.11051481,-0.15891536,-0.5859348,0.013191034,-0.047856282,-0.10661209,0.5590301,-16.97891
Cyto_AreaShape_Zernike_5_5,0.14251252,-1.0099093,-0.7789834,-0.6095148,0.41110015,-0.023988819,0.12393043,0.1907773,0.19190867,-0.314662,0.13176313,-4.348463,-0.52683353,0.22789021,-0.43514702,-0.086770065,-0.055407155,-0.32981923,-0.31160927,-0.23235887,-0.3621274,0.34735274,-0.46454617,1.2143091,-0.20664561,-0.16568281,0.15781942,-0.99129933,0.010133426,0.42564026,-1.6821269,0.19666041,-0.6747343,0.18340917,0.21569926,0.6100612,-0.027028868,0.31997547,2.048387,1.331263,-0.07258607,-0.08679805,-1.7620493,0.17006283,0.19654226,-0.06921136,-0.2805936,-0.58464974,-0.15095475,-0.76514435,0.13386685,-0.44980493,0.92972445,-0.7925628,0.22308958,-0.16045664,-0.94188863,-0.20154321,0.54174185,0.2906144,-0.37154213,0.8067258,-0.2451206,-0.09863647,-1.0600718,0.67058176,0.10754969,0.954381,0.10732815,0.430554,-0.3145128,-0.033123072,-0.33895436,0.6665642,0.33900383,-0.11036912,0.20480163,0.26348355,0.56005555,-0.045444623,-6.524733,0.022849312,0.12344406,0.37975895,-0.7689312,0.44768086,-1.3269812,0.07402905,-0.11746788,0.025875986,0.44002262,0.17468768,-0.628856,0.71723145,-0.3271602,0.41153288,-0.3937008,0.16453506,0.32799533,-7.4722724,0.1991717,0.0724368,0.18633334,2.4708636,-0.23216599,-0.016453842,-0.0339216,-0.84750396,0.2078054,0.38120738,1.8758181,0.022607371,-0.034359094,-0.077087365,0.124805816,-0.54119,0.25791264,0.37333736,21.070118
Cyto_AreaShape_Zernike_6_0,-0.65044856,1.7215838,0.5619783,-0.32681432,0.95934373,-0.6783443,-0.21489061,-0.5708699,-0.47909474,-0.073028035,-0.42377684,2.0660756,0.5336006,0.7666547,-0.058853883,-0.015345708,0.31226057,-0.112978995,6.226501,-0.2208816,0.037224602,-0.06968673,-0.26070833,-0.18150152,-0.057643156,-0.73384184,-0.23583026,0.8502014,1.1748633,0.000294139,1.435709,0.352715,-0.019712737,-0.78739834,-0.4024816,0.08496574,-0.19353123,0.23830117,1.4422935,1.4161605,-0.38441977,-0.37172246,1.0771877,0.7860028,-0.43468478,-0.1547573,0.05266357,-0.039102048,-0.60359365,1.140088,-0.090725236,0.29868457,0.20571244,1.5526496,3.6818485,-0.5261424,0.01824223,-0.23641832,-0.15834665,0.9694214,-0.052610815,4.561539,0.5479798,0.26365322,-0.039018422,0.20149936,1.6125746,0.6985894,-0.14816238,-0.43318352,-0.28298244,-0.41159472,-0.049910795,0.96608377,0.94181466,0.7113621,-0.4620596,0.076392956,1.743793,1.215345,2.3362703,1.6699061,-0.4498193,0.12291759,0.47850046,0.8717804,1.7975556,-0.3867316,-0.1605259,0.39219034,-0.19825858,-0.06926753,0.30766675,2.6607826,0.34742048,1.0455798,-0.31673682,0.1332343,-0.20015784,10.441685,-0.54425746,-0.34593597,0.11074639,1.7649158,-0.6029035,-0.13487649,0.051409286,0.70343256,-0.6298742,0.28379378,2.6355026,0.0763487,-0.3401301,3.4634714,-0.5147987,-0.0037962694,0.35359445,0.22297621,3.2822816
Cyto_AreaShape_Zernike_6_2,-0.1402423,1.1252806,-0.08879652,0.949672,1.6958185,0.3509773,-0.009638846,-0.6440918,0.02663888,-0.10206064,-0.25352252,6.5806084,1.2261417,0.07231205,-0.55085766,-0.05350703,-0.07243418,-0.070746,4.63952,0.021251261,-0.5040455,-0.0136655895,0.14775024,-0.21268916,0.76408625,-0.5897374,0.2717816,0.061792612,0.26916423,0.043966968,1.009323,0.048644226,-0.71562886,-0.4345182,-0.46414748,4.965726,-0.55852866,0.26322758,2.9533837,1.677693,0.10510806,-0.29543623,1.0389155,0.3862876,-0.22545736,-0.20994933,-0.21461855,0.14494835,-0.4306972,1.0449612,-0.2014295,1.0489408,0.13751954,1.0419323,4.156813,-0.53056353,0.22816111,-0.33407733,0.49344945,0.71313924,-0.10886594,1.9856296,-0.05894034,-0.32926968,-0.2664853,0.13372113,2.752034,2.318088,-0.41717532,1.3117498,-0.063227594,-0.18961246,0.11596515,0.35400534,0.32017663,0.8348484,-0.1026599,-0.3677899,0.020586232,2.61152,4.2583685,1.3286779,-0.040175885,0.68705684,-0.08004471,0.7154338,0.9055032,-0.52238685,-0.5973251,0.78383905,-0.23183107,-0.31939432,-0.37260798,2.2447062,-0.43160757,0.22467415,-0.43998477,0.14631234,-0.27542308,4.686742,-0.31098774,-0.4426225,0.08604332,2.2876227,0.057565194,-0.10109965,-0.04021605,-0.36659956,-0.10856385,1.01997,2.8781173,-0.32538295,-0.30529207,2.8642972,-0.1741128,-0.30473447,0.8699324,0.52634734,0.4077196
Cyto_AreaShape_Zernike_6_4,0.051795125,1.5683117,-0.098230876,-3.234559,0.69813627,-0.9573183,-0.20653744,-0.06832274,-0.2054621,0.21427841,0.5614135,-3.698085,-0.41321537,-0.82577753,0.6625274,0.51920813,0.8810737,0.054859508,-0.27910396,0.41450357,0.35618272,0.31985322,0.5763106,-1.6773773,0.48554623,0.08343371,0.24285305,2.293955,-0.41096672,0.4376845,1.0836734,0.49362648,-0.24565576,-0.075648196,0.16182764,-3.1573298,0.32761478,0.21827297,-0.16901426,0.113683246,-0.19260581,0.28519943,0.80912143,0.5458737,-0.27188483,-0.18289071,0.17119633,0.40623426,0.41901907,-1.2841889,-0.041974623,0.060506593,-0.15382366,0.48587003,1.2782173,-0.21205628,0.049290057,0.3781551,0.26093277,0.8002765,0.22351535,-2.266691,-0.1212869,0.37010375,0.37664184,-0.17616422,-2.7065628,-0.7076976,-0.15436848,-2.5314736,0.14976598,0.22354527,0.30414668,-0.22712623,0.45398572,-2.6520576,0.35276702,0.40873614,0.124849744,-1.3749686,-7.579796,-0.92968374,0.4405891,-1.175294,1.3748499,0.77783823,-1.2367541,-0.19369398,-0.36040857,0.6813862,-0.62432545,0.5437605,0.53527224,-0.026743868,0.32892874,0.087718345,0.1723541,-0.34846762,0.15805179,-13.216876,-0.13523538,0.12882866,0.10882626,1.2254678,-0.65667075,-0.16139564,0.42541268,0.4873427,0.45341253,0.60274225,-0.51659197,-0.14179353,0.2916169,-7.590772,0.26299146,1.250138,0.99880105,0.76220495,-8.034422
Cyto_AreaShape_Zernike_6_6,-0.4052991,1.0864669,-0.28562808,-2.7062166,0.93735904,-0.4199499,0.28480437,-0.17372727,0.10431397,0.33913693,0.43013343,-3.619784,0.059108067,-0.41778412,-0.02079458,0.20555003,0.46907875,-0.4138569,-2.2225583,0.28326532,0.053231258,-1.1785802,0.025498101,-0.32787558,0.66419,-0.18465285,0.12428618,0.20318814,-0.17407621,0.11506468,0.058824856,0.49245405,-0.4902654,-0.29309884,0.3903223,-2.9175558,0.14043744,0.16604096,0.86692363,1.340221,0.16098617,0.13255262,-0.3173913,-0.14436813,0.20710725,-0.3938987,0.06891533,0.005305777,0.37875104,-0.18146516,-0.13275577,-0.22676967,-0.30572274,0.1949948,-1.2384292,0.06682887,-0.29759046,-0.22361796,0.25833574,0.5727884,0.42353702,-1.2378305,-0.22846836,-0.22363658,-0.36022294,-0.3263852,-3.1031532,-0.3879634,-0.064103685,-1.1305848,0.3360072,-0.22756638,0.6028528,0.018663773,0.1447102,-3.180535,-0.02261589,-0.0025925387,0.40870652,0.9316893,-9.3243475,1.6451578,0.13380106,0.34715548,0.72910374,0.090274446,-0.025547832,-0.40398717,-0.92060107,0.32353726,-0.2687576,0.1947275,-0.17949118,1.2259884,0.2848066,-0.0280825,-0.022963142,-0.10995287,0.09690887,-4.904856,-0.20619138,-0.32530725,-0.37301254,0.79379815,-0.1257916,-0.4277029,0.75591797,-0.19200028,0.04711565,0.79413337,1.3617417,0.073215924,0.30882254,-6.7662983,-0.051972598,-0.028788393,-0.7949503,0.2249105,-11.882871
Cyto_AreaShape_Zernike_7_1,-0.20345218,1.4031185,-0.32114926,-0.19596057,0.91298085,-0.010212262,0.37831414,-0.21768148,0.011087358,0.1295658,-0.35528004,1.8217627,-0.22752161,0.9439702,0.12446543,0.21136253,-0.14999866,-0.17640962,5.8829436,-0.5060565,-0.33324182,-0.0035330455,-0.11837632,-0.7285693,0.20338601,-0.64343655,0.4720272,1.2842896,0.4398477,-0.15442632,1.254498,0.1493042,-0.14008139,-0.50817674,-0.24431245,0.8816063,-0.077706516,0.5114991,2.1810446,1.3095158,-0.4492148,-0.30951795,1.1421622,0.89835453,-0.34830236,-0.24799244,-0.1899264,-0.09324223,-0.2610458,1.0350738,-0.374827,0.5601921,0.35262537,1.632507,4.8422284,-0.30692592,0.024591336,-0.10772393,-0.5644237,0.85519713,-0.122983396,2.0591567,0.84743404,0.09861799,-0.0992694,0.26427355,0.6812702,1.0757467,-0.27443904,0.066129364,0.06597828,-0.51684725,0.43825924,1.2096621,0.72699785,0.28426754,-0.5053997,-0.13389854,0.33666316,1.6361995,-3.8910038,1.1075696,0.029957017,0.53260463,0.7026132,0.7982095,1.0595961,-0.36698535,-0.62700313,0.5474651,-0.045788586,-0.054916073,-0.07136043,1.4314722,0.33128187,0.8657524,-0.3848358,-0.009225945,-0.13270177,8.591344,-0.4757454,-0.5847515,-0.11217631,1.7646836,-0.75246745,-0.4049925,0.29544124,0.5143531,-0.56810683,0.50080425,2.0201538,0.14715435,-0.34525,-1.227085,0.0040162853,-0.20062898,0.09918628,0.26944533,2.454653
Cyto_AreaShape_Zernike_7_3,-0.21407743,0.8170832,-0.73369336,-0.13319036,1.2323527,0.61991554,-0.32278147,-0.20404439,-0.20737524,0.022430167,0.24303226,1.5820951,0.29843524,-0.25863484,-0.23871863,0.46751824,0.45169094,0.15732996,2.100593,-0.2772102,-0.072239295,-0.3116661,-0.14848244,0.27079263,0.090130486,-0.015892705,-0.017948112,-0.4825611,-0.29786995,0.28591132,-0.406121,-0.14280047,-0.20081727,-0.29875788,0.09046336,3.3065612,-0.19324951,-0.11751752,2.6824238,0.59179896,-0.13972224,-0.15566845,0.276235,-0.11405262,-0.14757074,0.086853065,0.20683825,0.26392254,-0.6747424,0.7796039,-0.124741174,0.9674511,0.23450851,0.55139023,2.411443,-0.28325287,-0.73163414,-0.06637848,-0.17776968,-0.23453002,-0.2136695,-0.5246014,-0.002809763,-0.2200516,-0.08889401,0.032581214,1.5348254,2.796696,-0.24446721,0.28717098,0.18891634,-0.06391082,-0.07160294,0.74817467,0.5048948,0.5977573,-0.37200645,0.022136783,-0.6754586,1.27504,-1.0669837,0.4850407,-0.09514734,0.39114556,0.08701996,0.74351215,0.1749245,-0.036461785,-0.5056943,0.25668806,0.2599872,-0.05792147,-0.48729935,1.8039929,-0.04694884,-0.13738298,-0.06282713,0.054559767,-0.22710343,-0.89788127,0.24456649,-0.13370244,-0.61897117,2.5640535,-0.3894619,-0.22064269,0.32405266,-0.61894315,-0.034769386,0.697807,1.0594934,-0.27188775,-0.16412674,0.62313163,-0.1111327,-0.5609036,-0.11293831,0.29387045,8.943234
Cyto_AreaShape_Zernike_7_5,0.1883307,-0.67257404,-0.31139335,-1.3896694,0.13983794,-0.004464204,-0.1765346,0.55092394,0.5659191,-0.47449055,0.25485182,-4.527523,-0.3074858,-1.0727752,-0.07287134,0.02853938,0.19236346,0.22629626,-0.11897024,0.14505649,0.47416362,0.83483624,-0.17650233,0.5804286,-0.15691708,0.17953368,-0.3094143,-0.26336917,-0.9411313,0.30896822,-0.7760052,0.17062753,-0.27216795,-0.07372842,0.32561326,-0.75726175,0.06153919,0.049579203,1.1630853,-0.63409036,0.43119526,0.2801659,-0.5709221,-0.13752283,0.32989258,0.028867817,0.13485,0.2800423,-0.19647253,-1.2192479,0.0316993,-0.76568127,0.32375586,-1.1038148,0.63770527,-0.219021,-0.5036151,-0.26008758,0.5813573,-0.22485606,0.103265546,-2.4899328,-0.01809764,0.10890641,-0.18552972,0.29428816,-1.0383476,1.0263625,0.33604977,-0.66039634,0.40808192,0.14101297,0.05309403,0.12339368,-0.6625287,-1.5589529,0.60661525,0.3028878,-0.17068829,-1.3100694,-1.588646,-0.97971106,0.4771624,-0.4634243,-0.48385736,0.16172066,-1.468438,0.27236798,0.017742604,0.33690098,0.034149688,0.43793297,-0.36871448,0.21634527,-0.25832292,-0.73543316,-0.066121764,-0.027138287,0.69622713,-6.6860776,0.06716045,0.12113753,0.18673956,2.2676172,-0.2976209,0.34438992,0.5260977,-0.73666644,0.05264397,0.25394148,0.6470132,-0.7641792,0.3034227,-2.8584454,-0.07612061,-0.13546924,0.5520606,0.3237048,-10.531011
Cyto_AreaShape_Zernike_7_7,0.18166615,-0.7947833,-0.4342196,-0.22794281,0.24301077,0.07175364,-0.2930436,0.13804255,-0.22318445,-0.39221796,0.004668484,-3.6217434,-0.37815908,-0.16328448,-0.7011637,-0.3209654,0.1939866,-0.28767437,0.4974166,-0.07159403,0.3714901,0.6688606,0.028364325,1.5059748,-0.11387811,0.41319084,-0.13393463,-1.3329495,0.19314511,0.26617017,-1.7632331,-0.30407903,-0.42272308,0.32695714,0.13679443,-0.6023709,0.062412977,0.20203356,2.1548073,0.6374217,-0.027368804,-0.09200344,-1.7423382,0.27739868,-0.35287225,-0.13883619,0.18472207,-0.04612267,-0.54290134,-0.5541001,0.060765576,-0.65880185,1.1107445,-0.58817214,0.56135637,0.07401029,-0.79428416,0.05107532,0.14582649,-0.016594926,-0.28844833,0.67357165,-0.25372493,-0.21435714,-0.9286763,0.34215832,-0.15418677,0.86491317,0.02067914,0.71423006,0.14763547,-0.17532456,0.008333117,0.6592226,0.22193836,-0.44797456,-0.13959129,0.119274706,0.44792604,-0.0718821,-5.997559,0.23746948,0.33783174,0.3865776,-1.1947842,-0.40617934,-1.403004,0.37853193,-0.37858084,-0.19226372,0.24748428,0.043044362,-0.31992576,1.0667037,-0.372265,0.11338686,0.22287731,0.5015435,0.29674432,-5.987909,0.23639889,0.025253713,0.62704486,1.938634,0.014979015,0.21731293,-0.03424712,-1.2996898,0.15575266,0.21960135,1.1952009,-0.17952102,0.003968974,-2.1329813,0.42934307,-0.7694671,-0.16307537,0.5021259,24.75084
Cyto_AreaShape_Zernike_8_0,-0.070684105,1.04837,-0.10958785,1.3137532,0.29536667,0.023248553,-0.30761838,-0.69811726,0.039631885,0.19395526,0.26442033,2.091231,0.48994866,0.1831423,0.16617821,-0.42347738,-0.21346861,-0.015441741,1.6615409,-0.03872348,-0.06049343,-0.34753725,-0.032041498,-0.5677659,0.25917014,-0.636422,0.051650345,0.7233471,-0.038810533,0.22536427,0.2622811,0.06712125,-0.20411049,0.30243793,-0.20493633,2.4450977,-0.3957444,-0.32233933,1.0595995,0.038032632,-0.14674968,-0.39946353,1.0340757,-0.48608926,0.14472957,-0.12526104,0.22978193,-0.37635064,-0.4181346,1.620935,-0.39781222,0.07836101,-0.31171384,0.7993825,1.2628859,-0.7273976,0.20260002,-0.48218548,-0.37710202,0.44926798,0.094908595,0.29436967,0.04189776,0.10801381,0.029388288,-0.0149864135,0.5102653,0.29392198,-0.26166245,0.7249593,0.40165925,-0.028166065,0.033027202,0.44759378,0.03900799,-0.3879892,-0.40301397,-0.00074545544,0.3690368,1.1031654,-3.2387688,0.9666981,-0.08982434,0.3842405,0.11507752,0.13981877,1.4938399,0.029100418,-0.022979,-0.26446488,0.06188943,-0.040365595,0.61098266,0.6185381,0.03795309,0.6295125,-0.61215156,0.097969405,0.06645584,2.2013931,-0.14059822,-0.20800816,-0.17934573,1.0540854,-0.41499105,-0.09243115,-0.43442193,0.40551797,-0.0027216773,0.44296393,0.8329404,-0.10168279,-0.18116815,3.4100826,-0.066518515,-0.060866814,-0.40415573,0.30310592,51.999043
Cyto_AreaShape_Zernike_8_2,-0.16561265,1.2160771,-0.5132598,-0.046631575,1.144517,0.36349487,-0.16968286,-0.4568418,-0.1722498,0.18644845,-0.3144399,1.8790575,0.38762835,0.6137211,-0.23041892,0.24682862,0.03684293,0.06726504,5.254841,-0.08900844,-0.386667,-0.3547388,-0.3036776,0.05804327,0.29766235,-0.07815347,0.20335533,0.4349129,0.16652386,0.404297,0.82793,-0.04400748,-0.9073076,-0.3685412,-0.5249671,2.162738,-0.29159167,0.07530757,2.3782318,0.14484484,-0.18068898,-0.5813677,0.75556725,0.40914068,-0.19942628,-0.090808235,-0.2794551,-0.14865051,-0.1961328,0.8035922,-0.2940775,1.3992246,0.22658025,0.8794524,3.2020512,-0.5636628,-0.11902424,-0.07171232,-0.1885599,0.4619751,-0.113464385,-0.4302911,0.049003977,0.009634624,-0.12527657,-0.061833683,0.50268656,1.0298852,-0.043139566,0.04551233,-0.29129192,-0.061800715,-0.08198918,1.4238367,-0.0014360646,-0.14113839,-0.34778515,-0.42917934,0.26119825,2.090336,-0.46953312,1.2919115,-0.3563485,0.4670249,-0.22878243,-0.19918144,0.8047002,-0.2824435,-0.26795495,0.18918051,-0.16915965,0.16590898,-0.12749316,1.5584717,0.22881562,-0.12262881,-0.36277738,-0.15390404,-0.40410984,-3.4708827,-0.38713574,-0.52714235,0.24587004,1.7573137,-0.50093025,-0.0411521,-0.13308966,0.14124273,-0.7309475,0.8752188,0.13890637,0.24482174,-0.25579157,4.609613,-0.28672656,0.1066613,0.16006006,0.31528836,-12.928552
Cyto_AreaShape_Zernike_8_4,0.0863322,-0.10859556,-0.78245807,0.37018642,1.1826649,0.8382499,-0.4359683,-0.19465321,0.056555796,0.2920333,-0.5003012,2.8399422,-0.30593914,-1.1392788,-0.41580543,0.3175296,-0.03621487,-0.31309962,2.5384924,-0.30380663,-0.13701038,0.11535307,-0.3800154,0.04804321,-0.0033176045,-0.34082428,-0.026805917,-1.0201284,-0.22017963,0.3781425,-0.2811515,-0.18110311,0.00040622553,-0.012514889,-0.111122586,3.6489458,0.16985898,-0.14480136,2.37523,0.5872937,-0.06504486,-0.2417825,0.5455275,-0.17633708,0.23215254,-0.1672064,0.04030906,0.43870154,-0.0072894297,1.1666948,-0.30513176,1.6056571,0.39814886,-0.6383333,0.87976617,-0.06067188,-0.91460377,0.21545638,-0.027255723,-0.33257508,-0.59293175,-1.6804367,-0.27503917,-0.32736325,-0.007486522,0.33667842,1.5557894,2.0451546,-0.08232518,0.37142894,0.05411138,0.02884247,0.086639166,0.7043795,-0.12633896,0.8542376,-0.5725947,-0.51094013,-0.13243222,1.8590199,-0.24649811,0.50045645,-0.24138647,0.39321455,-0.93722206,0.33349094,-0.3271376,-0.3300682,0.17379057,-0.045439016,0.32443133,-0.09723124,-0.68597347,0.79640085,-0.32880545,-0.4636933,-0.06497294,0.5434251,0.33467856,0.7233444,-0.44027743,0.15871894,-0.11251956,1.9411424,-0.08650416,-0.074214004,-0.35797274,-0.31953663,-0.1635061,0.6040981,0.74664587,-0.10569883,0.251663,0.09312463,-0.251284,-1.2868618,-0.10353913,0.09417132,-6.2758565
Cyto_AreaShape_Zernike_8_6,0.324576,0.95506257,-0.23932357,-1.9955577,0.2608399,-0.5293915,-0.009108464,-0.20756035,-0.13981104,-0.4403611,0.52549833,-2.8112762,-0.31567243,-1.1520543,0.6039805,0.0683839,0.9877577,-0.22896023,-0.58560365,0.39823568,0.30722407,0.29496434,0.1370758,-1.092291,0.5296239,0.27063546,0.18595324,1.2769679,-0.65377194,0.35188448,0.087508656,0.34480605,-0.122215174,-0.1844005,0.50716764,-2.7129223,0.3309393,0.30154076,0.068629034,-0.68317026,0.28648305,0.38491917,0.538724,0.021574244,0.053587597,-0.10360273,0.28306714,0.2980909,0.55184823,-1.3107091,0.22883086,-0.20502561,-0.12431588,-0.106537424,1.3801112,0.6605454,-0.05025501,0.05880454,0.12818235,0.5875818,0.2471139,-2.9254284,0.16365767,0.31585196,0.5237634,-0.19269995,-2.817625,-0.66209906,-0.15842058,-1.7619776,-0.1185489,-0.17205612,0.28174055,-0.32118514,0.047202926,-3.3179042,0.1112173,0.20275295,0.26411524,-1.5008453,-7.1351323,-0.3413757,0.34690598,-1.2247542,1.3697869,0.562239,-1.120504,0.113754384,0.028983355,0.19122048,-0.47920832,0.6837578,0.22629435,-0.7941079,0.65917355,-0.8602,0.16103451,-0.63735515,0.4223747,-8.576519,-0.02413349,0.31867588,-0.27479762,0.72136855,-0.34671423,0.05408128,0.9036863,-0.09631443,0.0052095354,0.3573438,0.012945573,-0.50985426,0.031735044,-5.0163035,0.22443007,1.2876319,0.5246137,0.4220017,1.8589498
Cyto_AreaShape_Zernike_8_8,-0.1813371,0.5077063,-1.0835072,-2.1260898,0.44944438,-0.43394354,0.3169085,0.22582906,0.08422691,0.33782163,0.4129113,-3.442797,0.20787461,0.072880864,-0.21969716,0.052700166,0.32959557,-0.2489677,-1.4343723,0.021819219,-0.17906177,-0.8071113,0.0664016,-0.18764912,0.54315114,-0.066533856,0.19511919,-0.40432,0.29780817,0.40797058,-0.7528124,-0.09528345,-0.28613248,-0.14778875,0.12320172,-3.7538002,-0.24947043,0.18730073,0.23037583,1.0825306,0.10680946,0.36573687,-0.86119956,-0.35296187,0.39369714,-0.18186145,-0.07910695,0.17357188,0.16726847,-0.46249112,-0.09603117,-0.53201056,-0.04333074,0.15381344,-1.1854274,0.23814891,-0.4968753,0.22670245,-0.018956264,0.7556333,0.26135024,-1.7891135,-0.67653435,0.112741925,-0.4647474,0.07328975,-3.477658,-1.036017,0.12133113,-1.5095725,0.040467307,-0.17892456,0.42819384,0.17418826,0.24257314,-4.448136,-0.034604896,0.17696965,-0.06480476,0.37400496,-4.425225,0.6212339,0.23125307,0.13782091,0.14980346,-0.21654265,-0.30396673,-0.18279971,-0.24009317,0.28142312,-0.012879789,0.14139816,-0.34497902,1.8700813,0.1846521,0.03433442,0.11660882,-0.53196734,-0.015710473,-9.32824,0.6236114,0.12410909,-0.19801615,0.60301083,-0.4624082,-0.0328377,0.43368497,-0.43393174,0.28991804,0.5969496,0.7782436,0.07389436,0.19213323,-10.721829,-0.17401914,-0.59518677,-0.5369208,0.09499619,5.897215
Cyto_AreaShape_Zernike_9_1,-0.01876983,0.60134715,-0.3117534,0.5021039,0.49217775,0.6661039,0.2011139,-0.3330507,-0.016001029,0.12263596,-0.5026564,2.2220857,0.1066558,0.4611967,-0.22387676,0.00808848,-0.063721985,0.23074996,4.123978,-0.067095175,-0.04936258,-0.43217418,0.4143087,-0.68749386,-0.31034198,0.1541828,-0.6147376,0.22855406,0.44440493,-0.028959492,-0.32983276,-0.39496967,-0.20874101,-0.32929522,-0.20438309,1.532897,-0.31735608,-0.21940811,1.0944134,0.057805896,-0.08166876,-0.4226,1.3114018,0.6089024,-0.23038296,-0.09619755,-0.6701955,-0.62762564,0.37324902,2.0864336,0.03467002,0.672544,0.012051269,1.385745,2.5122855,-0.17225118,0.646143,0.1305002,-0.33922777,-0.12270763,-0.30317876,-0.1017628,-0.07452086,-0.29836032,0.41396108,-0.40688857,1.2227348,0.7212455,-0.23420091,1.1897517,-0.09692059,-0.15705264,0.08952675,1.2683239,0.073492266,-0.6281919,-0.06396218,-0.29640922,0.5632184,1.9465142,-3.861519,1.517481,-0.24529372,0.71973675,-0.38133883,-0.11515238,0.83975655,-0.5121419,-0.36515927,-0.26282325,-0.0032803516,-0.26019862,-0.4995496,2.1012514,0.29507843,1.0130867,-0.16002108,-0.43486354,0.0033318598,7.4549947,-0.57282966,-0.2480008,-0.124432646,0.69199353,-0.2322879,-0.5511635,0.4652598,-0.08282069,0.015572528,0.35453352,1.3958758,0.29927427,-0.56450015,3.3379831,0.20916657,-0.54642063,-0.30817676,-0.30049676,12.450053
Cyto_AreaShape_Zernike_9_3,-0.03613762,0.7291953,-0.2915226,0.24114054,1.6770364,0.6818386,-0.752862,-0.013475736,0.11721668,0.2590699,-0.37245908,3.512808,0.5961798,0.19264524,-0.8178418,0.0056955814,-0.05216531,-0.39949608,-0.23986264,-0.16479933,-0.32351473,0.094040506,-0.25822946,0.103500925,0.10986045,0.13678195,0.11086563,-0.37634662,-0.7630709,-0.11033898,-0.48157898,-0.35784054,-0.5591583,-0.19747323,-0.12989424,1.378768,-0.20379233,-0.27263606,2.008939,0.632116,-0.12334449,-0.016764091,0.3973905,0.07481095,0.24606325,-0.21171315,-0.13892826,-0.2681991,0.21904306,1.12361,-0.113471396,0.67317826,-0.083861895,0.26806042,1.0734391,0.15203418,-0.38018116,0.050088245,-0.63084775,0.40787444,-0.13857475,-2.5374668,-0.004042243,-0.45740297,0.21972632,-0.4110694,0.43027052,1.1901609,-0.33950952,0.90561444,0.13868614,0.29291484,-0.47362658,0.9131523,0.49269426,0.1104335,-0.36774635,-0.19397183,-0.47925675,1.7419304,1.31505,0.6619311,-0.11901464,0.76696587,0.022802318,0.2700696,0.28726053,-0.28762314,-0.2423917,-0.14328973,0.3027573,0.04662767,-0.65495205,1.3880486,-0.35198495,-0.10435166,-0.082787864,0.4530017,-0.17721961,-3.9923906,-0.21524699,-0.23250282,-0.45571792,1.1924975,-0.07171598,0.1296175,0.07515582,-0.56421846,-0.08297607,0.224826,-0.36234412,0.15649001,-0.46719155,2.3461628,-0.38137707,-0.501068,-0.022273615,-0.1064445,-5.0282316
Cyto_AreaShape_Zernike_9_5,-0.45441702,-0.18996368,-0.5967756,0.120139144,1.1651744,1.489566,0.012335678,0.0132031245,-0.059720963,0.3133308,-0.041392904,-2.1700723,0.24297845,-1.1849424,-0.5944423,-0.27808467,0.4204638,-0.27702883,0.2641571,-0.32693544,0.33006394,0.11488881,-0.1584963,0.28348792,0.45354542,0.29084334,0.08270673,-0.38577953,-0.50149375,0.5334895,-0.7994921,-0.3683832,-0.0906162,-0.20362164,-0.22403921,1.0307902,-0.54834026,-0.33092114,2.3854373,0.75451446,-0.31340382,0.62428844,0.0022601485,-0.40098345,-0.12551115,0.2159192,-0.018558702,0.3202366,0.11906874,0.7740858,-0.33584812,1.398529,0.54893404,-0.8413957,1.1807607,0.0032274723,-1.0250548,0.16265838,0.27906755,-0.23063962,-0.5620289,-2.107315,-0.15696722,0.09062487,-0.51720124,0.017309228,1.4613203,1.3716168,-0.30085382,0.4501337,-0.06626289,0.08162149,0.56088823,0.39573112,-0.46380928,0.013220072,-0.52245975,0.09871969,-0.5646201,0.700027,2.850517,0.06711882,-0.1597991,-0.17099161,-0.84184885,0.13413747,-0.2821461,-0.21400924,-0.028327942,0.23269884,0.107812844,-0.08601293,-0.42687774,0.44918874,-0.09624315,-0.6305669,-0.16385095,0.1855762,-0.20303483,-2.909481,-0.2789761,-0.2324601,-0.63699955,1.7744204,0.022853592,0.32063538,0.11410368,-1.0410491,0.046164196,-0.049336333,0.2266906,0.15834658,0.086724855,-4.910505,0.013496648,-0.9139492,0.18214588,0.2501043,8.129228
Cyto_AreaShape_Zernike_9_7,-0.014878522,-0.2579328,-0.5908868,-1.3062898,0.25318134,-0.21894647,-0.45371434,0.239411,0.038752902,0.09619311,0.109265566,-2.76301,-0.4217306,-1.1785533,-0.4193562,0.25787985,0.3960112,-0.2099246,-0.13144179,0.4776813,0.45705757,1.115392,0.16387011,-0.075796284,-0.36803874,0.31783798,-0.074482955,-0.12326536,-0.3387228,0.47762525,-0.18981528,0.0065464824,-0.15079187,0.10387198,0.14085124,-2.032953,-0.06957919,0.49118844,1.259871,-0.5282538,0.088813685,0.55382365,-0.44738433,-0.35189354,-0.2441991,0.3468579,0.31775406,0.5153268,0.33014727,-1.246898,0.13733113,-0.58000606,0.34109163,-0.61236924,1.042818,0.05888493,-0.4852011,0.17943096,0.39863253,-0.18337603,-0.03973337,-1.5935901,-0.6313173,0.11565095,-0.1309414,0.32332656,-1.0445964,0.55427516,-0.11256152,-0.43630615,0.4469441,0.005764941,0.3466536,0.15193331,-0.51397616,-1.6939901,0.2607533,0.41025797,0.26610836,-1.2782159,-4.6667542,-0.6536344,0.10435904,-0.45485786,-0.13919528,0.06539505,-2.0768223,0.053530708,0.2165748,0.032641396,0.17135279,0.32911184,-0.4598665,-0.31669372,0.41333404,-0.74183536,-0.14656477,0.054273307,0.34302637,-5.110126,0.42407045,-0.11825349,0.45961103,1.1849602,-0.27897218,0.28910294,0.46403763,-0.5600173,0.1139563,0.036683153,0.70262736,-0.22784589,-0.07735281,-4.260301,0.13080998,-0.40776917,0.4198247,0.15744929,-2.5257595
Cyto_AreaShape_Zernike_9_9,0.19175716,-0.8295419,-0.33785608,0.19322717,0.42756358,-0.09400529,0.08903319,0.25551262,0.24992026,-0.09322394,0.2088043,-4.822289,-0.23936395,0.5097909,-0.51474595,-0.36066523,-0.4528567,-0.60429436,-0.12010018,0.18783118,0.055372994,-0.12837784,-0.12926547,0.96285915,-0.28822193,0.08435271,-0.40158486,-1.9426666,-0.59100705,0.074361555,-1.6932411,-0.5164816,-0.20273046,0.17290239,0.27410415,0.39788306,0.035541326,-0.06956913,1.5283298,1.0123316,-0.13041286,0.32733837,-1.6503205,-0.30532995,0.55139154,-0.35200176,0.0061323843,-0.12021283,-0.031659324,-0.3581641,0.14454673,-0.60736203,0.21970053,-0.99451536,0.019014737,0.6508736,-0.9817269,0.015344421,0.15319271,0.1878195,-0.3133615,0.29009357,-0.38155827,0.04969869,-0.9399164,0.32716545,-0.34078944,0.9849212,-0.2155925,1.033729,0.1537201,-0.09609298,-0.37599635,0.20338702,0.20506935,-1.5116531,-0.040170003,0.4541557,0.9702541,0.16723566,-6.6655326,0.02748903,0.06507393,0.78726906,-0.75675315,-0.2260495,-1.2183775,-0.008949419,-0.0023546417,-0.30545256,0.16635711,-0.32360074,-0.61073023,1.0428704,-0.36163303,0.03246908,0.028678378,0.8727835,-0.06310541,-8.319383,-0.30813912,-0.03452891,0.2650819,1.6808444,0.11895505,-0.19564211,-0.046909075,-1.1876539,0.45132375,0.19086708,0.96870726,-0.046219897,0.17166726,-2.7576616,0.29309464,-0.5891994,-0.35011363,-0.10823247,15.324428
Cyto_Correlation_Correlation_AGP_DNA,-0.11628466,0.44942322,-1.6089269,0.62469715,1.063762,-0.15405662,0.061223388,0.379243,0.12877536,-0.10588393,-0.19656794,3.3636181,-0.0826115,0.65018606,-0.4648352,0.0879809,0.6873383,1.2078741,4.165404,-0.23240487,-0.41380692,-0.4262948,-0.31576762,2.9951324,-0.56901497,-0.3905826,0.049723346,0.19317609,0.64878696,-0.9918136,-0.551783,0.11277614,2.6549025,-0.014577488,-0.090295546,5.587616,-0.19413728,-0.034691963,0.62160456,2.0337589,-0.8558097,0.06031506,-0.7764799,0.26104012,0.5380626,-0.46289122,0.07408234,0.03962813,0.2015092,4.4292164,-0.23211364,0.333836,1.1415522,-0.54664814,2.6793394,0.64535093,-2.0687044,-0.6321888,0.38467404,-0.04435065,0.6016213,0.65254706,0.2937405,-0.5709887,-2.1074393,1.658446,2.7162297,-0.84440154,0.123782255,0.5474246,-0.40087232,-0.1386695,-0.27622214,-0.49636868,-0.44084036,2.2585847,-1.0308479,0.35407364,0.016920328,-0.13787079,4.6301622,0.44421616,-0.42320272,0.0052503347,-0.27912673,0.3476623,1.6657991,-0.120682776,0.6286965,-1.1315677,0.6741512,0.29967466,-0.4175136,4.2948613,-0.31153125,0.6739071,-0.07135433,1.3848587,0.7943198,1.3010246,1.4474124,0.255668,0.18756573,0.109189145,2.2164862,0.3402897,-0.13985878,-0.57474625,0.13343251,0.09943506,-0.8323714,0.053316038,-0.06231753,3.6806424,-0.034251153,-0.2545751,-0.97496444,0.74612397,5.9430547
Cyto_Correlation_Correlation_AGP_ER,-0.31620458,-0.88799685,-2.201268,-2.6105406,1.1496924,0.008823146,0.32025918,0.018597722,0.007469078,-0.0351395,-0.1880141,3.8758821,0.22082342,0.7110762,-0.8798835,0.20692645,0.12853612,-0.2041475,4.532616,-0.340512,-0.68587786,0.23076439,-0.68955356,1.557918,-0.11867714,-0.2690287,0.10803753,0.15442026,0.073188186,-0.523928,0.35072437,0.017317167,0.416222,-0.048786458,-0.36964706,-1.471418,-0.16072036,-0.3806189,3.0423,3.795386,-0.5376983,-0.068032525,0.3666018,0.39092144,0.5336592,-0.21526809,-0.63479215,0.07402133,-0.030081967,0.7212046,-1.3785414,2.2335145,1.4942569,0.066209264,3.0283444,0.06305752,-0.70000464,-0.49334908,0.22851415,-0.084991135,-0.11953485,0.6390918,0.1408088,-0.28531995,-1.8978623,0.96636266,2.22494,1.7413459,0.10980713,-1.2041298,-0.2837936,-0.013746058,-0.308456,0.83073086,-1.0232114,2.0353706,-1.1390723,0.093701504,-0.6468053,2.5555975,4.5742326,1.3214262,-0.157849,0.9954099,-0.24929748,0.8536711,0.5366269,0.4501888,-0.09026966,-0.45913658,1.0296601,0.08182612,-0.6092933,3.280425,-0.19108327,0.121373676,-0.12783328,-0.072795995,0.62049776,3.5224674,0.6901012,-0.10600734,0.055715352,3.0283492,0.25504908,-0.08733208,0.2225212,0.08512235,0.2109886,1.3673391,0.7347171,-0.013268146,0.099779755,4.483601,-0.18220116,-0.63290334,-0.70524055,0.013076633,2.057024
Cyto_Correlation_Correlation_AGP_Mito,-0.3520861,-1.1074235,-2.3803742,-2.2088196,0.2131807,-0.2274086,0.18560429,-0.12372747,0.07437445,-0.17394678,-0.08199268,3.0422697,0.87768817,1.1549593,-0.6752601,0.027724007,-0.23215301,-0.5950338,1.3407165,-0.3335739,-0.39384636,-0.0717884,-0.39061013,1.3375031,-0.14838569,-0.49139586,0.25476703,-1.6036091,-1.04389,-0.51795554,-0.1537504,0.39141545,0.25822982,-0.14320447,-0.49121818,-4.947109,0.0015856028,-0.6282055,1.569806,4.0108557,-0.49213767,-0.11472563,0.43278468,-0.6634564,0.63577414,-0.07450056,-0.8537224,-0.022397747,-0.02577751,-1.2831516,-1.4488012,2.3689258,0.80333084,-1.0356457,-0.4688193,0.2251866,-1.4088634,-0.5276878,0.6638779,-0.27906606,0.15799128,0.5964237,-0.69009703,0.0592798,-2.235368,0.9843107,1.982427,1.6463026,0.03599747,-1.0520853,0.033879023,0.022046229,0.29796267,0.95363593,-1.190993,2.6213615,-0.9611761,0.05983278,-2.578223,3.0958054,3.9357674,1.8330487,-0.22722675,1.2813579,-0.5230302,0.6584865,0.5624067,0.44375262,-0.42988697,-0.74115247,1.1095692,0.026278289,-0.5666191,1.3715488,-0.693016,0.5196453,-0.15195546,0.51894325,0.6333453,3.889102,0.51112026,-0.26582992,-0.3427216,2.2793343,0.019015828,-0.12115321,0.54237336,0.57109284,0.24060194,1.2361151,1.1699878,0.112374365,-0.015490619,4.0394087,-0.04402685,-0.5193674,-0.59413314,0.21312611,-1.2816843
Cyto_Correlation_Correlation_DNA_ER,0.013737065,0.9554181,-0.29421097,0.43815923,1.407638,1.5830911,0.9143014,0.14599614,0.30581993,-0.59199876,0.1388082,2.9743087,0.13834095,0.89630204,-0.6507885,0.17875893,0.060758512,0.3965037,3.6937926,-0.048725944,-0.10841864,0.04157277,0.069824316,1.1217698,0.19578408,-0.43475834,0.10341961,-0.5223696,0.4568533,-0.42440638,0.32182744,1.0368905,-0.35499194,0.13063033,-0.394184,0.6704998,0.32720903,0.37833226,-1.724722,0.9667437,-0.68417835,0.21568035,1.1491412,0.5283933,-1.1238351,-0.08596802,0.5684003,0.29664984,-0.21155365,4.5235925,-0.25137785,-0.15226626,-0.2874215,1.3796154,3.1728802,0.030463034,-0.3506147,-0.40465865,-0.68029183,0.6410417,0.18474396,0.5314601,0.4668351,0.7831189,0.118468605,0.5354926,2.544635,-2.0040836,0.2804241,-0.6917079,-0.7082452,0.45838332,-0.9806717,0.014022131,0.75360125,0.854027,-0.31876048,0.12325182,1.8372225,-1.0197707,0.970011,0.032589953,0.24548382,-0.35909018,0.96275854,0.35417745,2.5580106,-0.33342385,-0.29385158,-1.3336269,-0.55582565,0.26078817,0.4826807,2.1458395,-0.058361452,1.4279922,-0.22235845,0.0014779965,0.5974455,0.41042843,0.6446217,0.092636414,-0.52862215,-0.05115698,-0.04083107,-0.2979969,-0.3054097,0.24833292,0.0063308817,-0.67923087,-1.0818573,-0.19504905,0.10952443,1.805264,9.0152025e-05,-0.5177526,-0.5203132,1.1785893,7.3426075
Cyto_Correlation_Correlation_DNA_Mito,-0.24848819,0.5594011,-1.28114,0.33045658,1.01784,1.7807337,0.52192074,-0.06589428,0.24298726,0.030979475,-0.012869358,1.0999888,0.92128474,1.3699504,0.114985086,0.003243948,-0.6084535,0.044306856,1.2772719,-0.17298765,-0.06572846,0.160008,0.038852073,0.5642732,0.14650829,-0.65383136,0.1696615,-1.2687582,0.23301494,-0.30694994,1.3129128,0.87311107,-0.14008622,-0.34019384,-0.26349592,-1.6643304,0.14177766,-0.109226674,-2.5212939,-0.3617259,-0.366244,0.055542517,1.6198725,-0.000619861,-0.5231448,0.2984322,0.083655335,0.1590213,-0.01763331,1.8828993,-0.3225112,-0.32965305,-0.8400488,1.906243,-0.46871772,0.3624539,-0.38431463,-0.40073064,-0.079439126,0.3407848,0.24019338,2.2949717,0.15678236,1.1339536,0.6676659,0.4204348,3.4369938,-1.8114856,0.26565093,0.08652248,-0.2974793,0.24612807,-0.5734298,0.13104492,0.78511614,3.6163416,-0.0331613,0.10592959,-0.26339886,-2.2246902,0.09528955,0.56748015,0.06762553,0.14576997,0.26849654,0.3573867,3.0722675,-0.23953678,-0.88216263,-0.99355155,-0.08607469,-0.26795638,0.5344165,1.624581,-0.058626,1.4106207,-0.18295561,0.7335794,0.37123618,0.5419333,0.02290062,-0.3928533,-0.46825185,-0.8207786,0.17705576,-0.06863564,0.0032863915,1.2482836,0.08242937,0.046017587,-0.9594121,0.091870844,-0.008862046,1.0279698,0.16008422,-0.45278487,-0.032080796,0.7384827,9.696066
Cyto_Correlation_Correlation_ER_Mito,-0.17004703,0.74650645,-4.457154,-2.6270945,-0.9306187,0.9699359,0.39576897,-0.35561457,-0.03643469,-0.47900376,0.078973375,1.3471829,1.2794371,1.5091394,-0.0423007,0.09514144,-0.54879534,-0.60175073,-1.911266,0.005288998,-0.26701298,0.20548768,0.00918289,-0.37572154,0.11495491,-0.7678966,0.31154218,-2.5146472,-0.54751724,0.569254,0.76414126,0.6635999,-0.8077431,0.0034371119,-0.55755347,-0.07910979,0.98531204,0.019469008,0.27978018,1.3310511,-0.18935265,-0.3223924,1.4788046,-0.6903264,0.1262722,0.14351118,-0.58071494,-0.14289476,-0.28743687,-1.7927047,-0.85529166,0.87568086,-0.40527725,0.5375636,-4.0903645,0.11278939,0.028161665,-0.39960483,0.8590698,0.07069569,0.23017474,0.70242614,-0.10382978,1.2443088,0.09255429,0.27719697,1.6374165,1.1141025,0.00209409,-3.2182052,-0.040567297,0.042948667,0.16494983,1.0447081,0.8269594,2.2297022,-0.6292042,0.17509323,-2.3833272,0.86884195,2.2070713,1.5568262,-0.26316142,1.2406933,-0.25776398,1.3756589,2.3297904,0.23747869,-0.74627113,-0.46076223,0.5373331,-0.27828336,-0.20037062,0.6299357,0.3790482,1.402113,-0.2705035,-0.13641514,0.48013934,3.2927315,-0.33401337,-0.59954506,-0.4059149,1.0442878,-0.70049185,0.03692184,0.8852865,0.6634969,0.07902369,1.0836838,1.009224,0.2451505,0.037803292,2.384059,-0.038166884,-0.478175,0.07356688,1.2822483,-2.7998555
Cyto_Correlation_K_AGP_DNA,-0.4683027,-1.3445808,-0.08457494,0.44630408,0.5481625,-0.069689214,-0.6814415,-0.34794012,-0.26218048,0.7842234,0.35383973,-1.5734311,0.796767,-0.50904167,0.58993804,-0.3021327,1.1235406,0.516786,2.2632027,0.2876061,0.26344827,-0.3243368,0.50236243,2.1596513,0.024774134,-0.3343625,-0.42541012,-1.1784414,-0.34159806,0.05707379,-2.9916112,-0.5229796,2.1370487,-0.0083916485,-0.66203356,7.7731223,-0.5469266,-0.5967786,1.3937992,-1.4094604,0.16964833,0.034809828,-2.623688,-0.8615355,0.1829357,1.0390335,-0.40882137,0.055727903,0.1949327,2.7042315,-1.9359325,-1.4358233,-0.05079903,-2.2664187,0.69669527,1.488993,-2.2976894,-0.08279898,1.0988356,-0.96383333,0.42223904,-1.7229398,-0.45928696,-0.39124236,-1.8893925,1.3189784,0.9466703,-0.1801585,-0.69078946,0.08913016,0.8492442,-0.33389103,0.13317323,-0.13097863,-1.4173865,1.8843747,-0.19512856,0.32033843,-0.51338625,-0.81381637,16.425219,0.4664172,-0.05135533,0.9189637,-1.8611631,-0.027435383,1.7241334,-0.45387897,0.31408206,-1.252716,0.025502482,-0.3298804,-1.170234,2.5454774,-1.2764268,-0.63439894,0.50257754,1.1036053,0.30761996,11.80483,0.3242347,-0.47816715,-0.07268516,-0.38401076,0.8022974,0.262759,0.6754603,-1.9183002,-0.1995943,-0.23654859,-1.947781,-0.37966165,-0.5801899,4.330384,0.43896183,-0.25189564,-1.2816917,-0.21219958,-4.458054
Cyto_Correlation_K_DNA_ER,0.12485272,1.6227497,0.2826658,0.23535533,0.5372174,-0.22514664,0.2674081,-0.31950167,0.21560264,0.3241857,-0.40349504,3.4132278,0.2738206,-0.104543895,0.18504573,0.07085518,-0.35275146,1.1451257,-0.244892,-0.30621436,-0.013538311,0.32575762,-0.19481234,-0.7399842,-0.47523668,-0.246145,0.26965246,3.968632,1.7325128,0.024610907,6.021981,0.43072912,-0.10788026,-0.40050426,0.4541397,-1.5180173,0.39019862,0.6905009,-0.015120815,1.4888626,0.15481165,-0.08678827,2.7406194,1.1757246,0.26668748,-0.17993581,0.5983378,-0.0778529,-0.1153608,-2.6793249,3.0461185,-0.8182818,0.38452888,4.0455565,-0.71076757,-0.7012965,1.7652783,-0.39080557,-0.0525209,0.959064,-0.5592354,2.4143214,1.2829788,-0.022853473,2.0189521,-0.17349438,-1.0756295,0.57645,0.26797184,0.53622866,-0.0073481,0.07157236,-0.18665095,0.18562949,1.6409858,-0.07548062,0.8156261,-0.46980032,1.0134101,1.2456598,-1.813269,0.7764805,-0.054930467,-1.3099912,2.976825,-0.0023120046,-0.9346549,0.15134293,-0.80080336,2.7506742,0.39412153,0.025720095,1.225946,0.3762416,1.6928316,0.8124034,-0.5241545,-0.43472278,-0.21398695,-3.6681461,0.49788657,-0.10030279,-0.18225396,-0.24063201,-0.16325475,-0.18598467,0.14019912,2.1761465,-0.15235193,0.6128897,2.1132555,0.07319742,0.24124403,-0.30174908,-0.40519407,0.50262904,2.5604942,0.38504437,17.666414
Cyto_Correlation_K_ER_DNA,-0.036635116,-1.2734374,-0.08371174,-0.022418613,-0.37097716,0.984668,-0.055726293,0.45749032,-0.11103243,-0.4727244,0.53791165,-2.2059972,-0.2791516,0.1931734,-0.1569687,-0.015350252,0.48235616,-0.99244803,-0.17406392,0.29642,0.16113667,-0.29242098,0.2881878,0.85356206,0.6562422,0.32468227,-0.2420563,-2.7551968,-1.1410054,0.09539125,-3.7458785,-0.14816575,-0.043343853,0.4219106,-0.32062104,0.9621804,-0.08929619,-0.42472544,-0.3075007,-0.8814225,-0.19281125,0.19028914,-1.8173462,-0.9295335,-0.3611481,0.19754416,-0.4488211,0.2311191,0.15261514,4.2374134,-2.1688054,0.76567537,-0.47159195,-2.9377537,0.3474486,0.8262758,-1.3046153,0.44391736,0.09863032,-0.77786046,0.6885605,-1.6211039,-0.9491642,0.114927016,-1.6554604,0.15605897,1.2449833,-1.200226,-0.18803094,-0.6313572,0.009534086,0.07940698,0.010525267,2.360344e-05,-1.3460964,0.3461226,-0.43054536,0.47618505,-0.5993293,-1.322371,4.394919,-0.6775439,0.20481099,1.6687769,-2.0171793,0.11413816,1.4439095,0.0020294588,0.8660559,-2.2564867,-0.43327236,0.11161604,-0.81387454,-0.29682955,-1.25479,-0.5838135,0.6085534,0.3053713,0.40563378,9.660662,-0.046899367,0.18018214,0.16720991,0.120707035,-0.0050334088,0.21462779,-0.076044284,-1.6621908,0.1638878,-0.8439763,-1.7182198,-0.0408809,-0.13560672,0.37603197,0.47150517,-0.43359694,-1.779168,-0.12590936,-5.0368752
Cyto_Correlation_Manders_Mito_ER,-0.18827373,-1.3906345,1.3468744,1.1148019,-3.1094024,0.37292543,0.2307635,0.4604288,0.054129194,-0.51377887,0.28125376,2.3319573,-1.7883054,-0.95586777,-0.45113817,-0.38984585,0.044216648,-1.514336,2.5128262,-0.23863034,0.0012800494,-1.211829,0.14896262,0.98553187,-0.22190519,-0.039589416,-0.8831871,2.0274775,-0.4878049,0.41615975,-0.3215162,-1.1448295,-0.14534754,0.2826015,-0.5614979,-2.742115,1.0191559,-0.23069222,-2.0393794,3.368889,-0.25732258,0.19072734,-0.98795,-0.41497985,1.0369107,0.43416333,-0.546209,-0.71903664,-0.013963507,-0.05014499,-0.2536011,2.0219862,-0.09763154,-1.6566333,4.031516,0.30661204,1.2434381,0.097438455,-0.57107824,-0.36193022,0.10984137,-1.9449201,-0.41407767,-0.9182889,-1.1298717,-1.3723569,-5.9527073,-1.0036706,0.17038304,1.4981847,-0.569526,-0.16813421,-0.70880944,-1.1260333,-1.5204945,-6.2628484,0.13592643,0.060495023,-0.59594804,1.5029998,-4.9604216,-0.66723156,0.28634074,0.6869178,-0.7858097,-1.7590765,-2.7406094,0.9784403,0.22169387,-0.03133477,-0.3506802,-0.28446034,-0.20315428,-2.5621464,-0.8384321,-0.2682213,0.49826273,-0.2777168,0.0790802,-5.0928607,0.25754043,0.14053108,-0.2991474,-2.617393,-0.33422303,-1.1013899,-0.70106953,-2.1681721,0.19115292,-0.54426575,-1.2446009,-0.54956675,-0.19388603,-5.9442825,0.045340355,-0.37802386,-0.83380705,-0.8769872,-3.0057957
Cyto_Correlation_Overlap_AGP_DNA,0.009416957,0.23813504,-0.57066303,0.6096287,0.3649352,1.1355695,0.12861492,0.68452483,0.32120866,-0.6375441,0.2208175,-1.6883713,-0.13172932,-0.17179127,0.41719794,0.28568587,1.0045502,-0.7981046,-2.3556607,-0.034145523,0.19790058,-0.33929166,-0.005912274,1.0235204,-0.17831038,0.15563144,-0.34130153,0.19739167,0.66121095,-0.56073403,-0.73704076,0.06755944,1.0963832,0.14705794,0.23528056,5.380199,0.38179436,0.12178256,-1.2848463,0.5979492,-0.15992452,0.14363162,-0.42112446,0.25648326,0.21877126,0.032427747,0.15948905,0.035197806,0.28870046,4.552468,0.45782682,-2.1825418,-0.31508717,-1.1246114,-2.133763,0.66200745,-0.85233444,0.10043169,0.42930308,-0.48808217,0.7131736,0.713877,0.68758744,-0.35892382,-2.333316,0.9978072,1.9149994,-2.9736593,-0.07403901,0.06675148,-0.2169982,0.059550334,-0.4589912,0.13338645,-0.25137916,2.2204237,0.35203937,0.3497542,0.51499945,-2.9001853,-0.73966414,-1.0537641,0.06602112,-0.6013055,-0.29810858,0.32354435,0.030637503,-0.088675715,1.0874518,-0.75863934,0.16703773,0.2092133,0.11198968,2.1974308,0.035921264,0.09578093,0.045402616,0.030267319,0.5607239,-2.4530077,0.97484446,0.35706997,0.4178075,-1.4314259,0.0004201134,0.36188874,-0.050261777,-0.38644838,0.071779124,-0.50099087,-1.1293917,-0.15812482,-0.036423415,-0.86055464,0.19619901,0.21930456,-0.67008454,0.7221791,18.894972
Cyto_Correlation_Overlap_AGP_ER,-0.06638578,-2.4141498,-2.1368268,-4.461283,-0.34545335,-0.82743305,-0.18387763,0.29334384,0.39920506,-0.74850756,0.39396048,3.5354183,-0.54316145,0.32721207,-1.4888042,-0.035085406,0.9543101,-1.9263009,-3.236531,-0.1277089,-0.030348683,-0.057837624,-0.1881259,1.8399448,-0.143991,0.25062525,0.11508242,-1.5457883,-0.24039958,0.33178493,-0.9826457,0.1953549,-0.6921792,0.12729459,0.3084772,-8.619873,0.8589471,-0.36939856,1.1095982,4.8683543,-0.15727772,0.16829008,-0.819989,0.17478459,1.2257413,-0.09340439,-0.5695963,0.43217668,0.45299545,-0.7911384,-1.0562576,1.4015265,0.97388774,-2.7152357,-2.5087683,0.624351,-2.0897353,0.1736765,0.6573776,-0.1600821,0.24110217,-0.019295255,0.1746825,-0.28032807,-2.4463053,0.8541364,-1.0062042,-1.8826656,0.01917362,-2.8804328,-0.24051893,0.026481211,-0.57056683,0.5186668,-2.3564205,-0.9594531,-1.0604526,0.32215407,-1.0928164,1.7837044,1.7747332,1.251275,0.009497042,0.5375029,-0.67272216,0.50746894,-1.9373502,1.3245076,0.59815615,-0.5722106,0.8618548,0.21784748,-0.70066553,1.5987201,-0.48450986,-0.6853275,0.28651252,-1.9931984,0.79868346,-0.1414523,0.77497214,0.241136,0.016784564,2.1850307,-0.7714718,-0.18577297,0.6742241,-0.8377072,0.52749383,1.3405385,0.31836566,-0.15730314,0.13550688,3.1860466,0.14781992,-0.4663572,-1.4177818,-0.082956515,-0.9853409
Cyto_Correlation_Overlap_AGP_Mito,-0.05105971,-2.7769878,-3.0612004,-4.94712,-1.5097412,-1.0504836,-0.2627043,0.023727277,0.37185493,-0.969636,0.2734793,-1.3893751,0.50621384,0.4333043,-0.28685138,-0.016217353,0.22312927,-2.0505166,-12.057285,-0.06296029,0.120863974,-0.75748396,0.20970066,-0.0802143,-0.2495368,0.2855218,0.47615087,-4.911186,-1.2194358,0.027380923,-2.922141,0.6533682,-1.1272459,-0.11105889,0.25327453,-13.992775,0.49359545,-0.26501364,-1.4196419,1.8746891,0.00044452152,-0.03506558,-0.91122484,-1.1090819,0.9999528,0.13836402,-0.3742551,0.47975278,0.27824298,-5.404413,-0.9023877,0.609757,-0.68646413,-4.2447577,-11.137425,0.6389232,-2.7188683,0.23487426,0.82950354,-0.41501006,0.44195315,0.17137523,-0.45876682,0.14979161,-2.3965619,0.6738474,-0.71071506,-0.4998332,-0.0875291,-4.0618114,0.210257,0.068041265,0.6323597,0.47680008,-1.3671888,-0.011300753,-0.55198365,0.25800905,-3.7954414,0.8130708,-0.101789236,0.8875756,-0.23412262,0.5365541,-0.81510586,0.37778687,-0.99488705,0.57601386,0.3302655,-1.1148267,0.93866974,0.26880392,-0.83257633,-2.4097712,-0.5589672,-0.033741314,0.12807386,-0.9739112,0.5378783,2.1212265,0.2082578,-0.14384665,-0.29175827,0.5558708,-0.89452267,0.37748393,1.0135099,-0.3337213,0.3214343,0.7958079,0.06403681,0.29305342,0.08924446,0.8717766,0.47227764,-0.2141072,-1.1628199,0.27387953,-7.9948616
Cyto_Correlation_Overlap_DNA_ER,0.23359545,-0.057422798,-0.079965495,0.42352685,-0.43527904,2.1653488,0.63099843,0.52291954,0.4415718,-0.98853797,0.32951817,-1.1810023,-0.411404,0.5844937,-0.7106497,0.12153951,0.3767006,-1.0950671,-4.491364,0.13389514,0.14513074,-0.6806562,0.58605236,0.4977645,0.20051749,-0.014593422,-0.38756523,-0.93664306,0.6154861,0.591979,-1.1742363,0.62600416,-0.059114534,0.25687537,0.00021241109,-4.468276,0.97103333,0.57195777,-1.8193655,-0.13491313,-0.39791718,0.33346844,0.25433695,0.5516733,-0.58466285,0.12718338,-0.034411985,0.30908158,0.065093614,3.5886405,-0.2500144,-0.72924954,-0.94866943,-0.40914539,-2.4297895,0.17587669,0.21376939,0.22511274,-0.48694205,0.35152447,0.39389387,0.6710906,0.635809,0.62618244,-0.6486148,-0.27904537,0.089839496,-3.1019402,0.3097045,-1.227744,-0.5679471,0.576724,-0.93529105,0.6307257,0.2696174,-0.10859875,0.595065,0.031042665,0.92400604,-1.532462,-2.279019,-1.1398293,0.41378227,-0.15574245,0.50739866,-0.39186516,1.4270797,-0.02258732,0.12376074,-0.9753494,-0.48145875,0.14177753,0.65657765,-1.1627663,0.013966997,0.9175988,0.014141321,-0.41050732,0.37907305,-2.841424,0.52655715,0.2693229,-0.13310483,-1.8759664,-0.75106215,-0.40034315,-0.1250752,-0.69931465,0.3145863,-1.2357694,-0.77335906,-0.19357337,0.003271838,-2.5793574,0.10210484,-0.19092618,-0.11552731,1.1261111,18.14536
Cyto_Correlation_Overlap_DNA_Mito,-0.022134384,-0.87093097,-1.5919352,-1.4478971,-0.919596,1.6248881,0.292824,0.13962887,0.4164785,-0.5945906,0.3997103,-6.5851912,0.5021003,0.46647692,0.49064255,0.14783615,-0.28701815,-0.9125409,-14.957393,0.19631208,0.38888535,-0.46856153,0.6643674,-0.55819964,-0.22962368,0.156211,-0.31441024,-3.919508,-0.532942,0.4957299,-1.5774206,0.5003795,-0.6258057,-0.30562708,0.24928482,-8.925766,0.45243463,0.012748361,-2.934903,-4.225885,0.22705276,0.0679917,-0.34620056,-0.696752,-0.10989726,0.5098724,-0.11468544,0.34944785,0.16248639,-1.7670002,0.16449918,-1.6356378,-1.3688837,-1.6266227,-13.036267,0.5616108,-0.9152875,0.2889804,0.24965274,-0.2389995,0.41529775,0.86907643,0.04046734,0.72876954,-0.1813616,-0.25813577,1.0162034,-2.976475,0.16180708,-2.2373636,0.038120855,0.21984817,0.112265885,0.91393185,0.5389234,1.107861,0.9886122,0.039663095,-1.5656766,-4.21351,-4.175962,-0.59880126,0.2183445,0.014408861,-0.30705693,-0.1607882,1.5736933,0.10621651,-0.0022543669,-0.96591616,-0.02459549,-0.23197158,0.24472189,-2.057875,0.09170834,0.55805224,0.20013432,-0.07599541,0.32667455,-3.3436472,0.08558234,-0.069378175,-0.16936915,-2.5542228,-0.4434434,0.24305926,0.5405479,0.21970375,0.29802787,-0.5350472,-1.971799,0.38369286,0.09071525,-4.1734023,0.47395086,0.07524178,0.27717698,0.4848465,15.489766
Cyto_Correlation_Overlap_ER_Mito,0.082018934,-0.6002867,-4.5246525,-4.3658605,-3.2574975,0.71212435,0.16553143,-0.0493596,0.13744828,-1.2090615,0.44518948,-4.1901674,0.48497105,0.92337674,0.10200235,-0.012717982,-0.1127511,-1.4648067,-20.515413,0.28661263,0.3344152,-0.19019103,0.6691832,-1.231045,0.08665845,0.010909011,0.09961373,-5.923673,-1.373119,1.4221965,-1.3577108,0.51295733,-1.2139746,0.0819549,0.1728689,-7.9058404,1.6617675,0.28964952,-2.0338914,-1.1716033,0.16499527,-0.06059895,-0.17618985,-1.3588609,0.6167596,0.31827602,-0.35994554,0.13005227,0.15255934,-6.0468616,-0.5151974,-0.24951077,-1.8111386,-2.663248,-21.916498,0.5342744,-0.13938378,0.23780346,0.9875348,0.016184887,0.44967353,-0.4903673,-0.2721289,1.241166,-0.60785943,-0.17232466,-1.6815342,-2.1214764,0.000260671,-6.011715,-0.09210821,0.18452297,0.31919846,0.6199323,0.22413917,-0.80602187,-0.08327269,0.3529106,-3.9040687,-1.584361,-2.9208438,0.50460696,-0.0110749705,0.6619267,-0.6030084,0.6930845,1.0760189,0.46447167,-0.15440299,-0.75116557,0.30583218,-0.039807666,-0.20426415,-3.9161024,0.29870883,0.7252233,0.009961136,-1.0360492,0.31472722,0.18782692,-0.32685363,-0.23107119,-0.34485647,-1.5141039,-1.0744263,0.3175728,1.2621385,-0.53013164,0.44509348,0.20468843,-0.08508583,0.28720018,0.02061542,-2.5499947,0.40873542,-0.19241445,-0.1428686,0.90565366,-11.280738
Cyto_Correlation_RWC_AGP_ER,-0.2554751,-1.3768383,-2.1405518,-1.4156094,-0.6564556,-0.26283228,0.45193616,0.11303655,-0.032382093,-0.8020532,0.33138493,3.5803964,-0.09322383,-0.0426987,-0.51129764,0.06795752,0.57919055,1.4314141,-0.078283824,-0.27075687,-0.3794942,0.24230184,-0.03449883,2.8543367,-0.50615764,-0.094398856,0.55647796,-0.7671097,0.96490747,0.9426656,-1.830246,-0.50438315,1.3369584,0.037346948,-0.01610907,-3.5367882,0.6549902,0.025760584,3.8305807,3.000408,-0.30402675,0.133617,0.052758653,0.8069634,1.3337303,0.17020673,-0.20807666,0.15690543,0.17488639,0.42495584,-0.284287,2.7874825,2.122399,-2.0289981,-0.3734797,0.52315944,-1.1445831,-0.38556218,0.31033692,0.06879655,-0.14622267,-0.16847116,0.7796306,-0.62757885,-1.5266595,0.70495653,0.00047997633,0.8941078,0.057622403,-1.1639913,-0.286432,-0.39869842,-0.02731196,-0.13903081,-0.6754543,-1.0596141,-0.7037959,0.22817022,-1.2058711,1.9677691,5.924623,0.46256903,0.091036946,0.6779284,-0.45594335,0.60735893,1.1750119,0.87067825,0.2051178,-0.6028416,0.8870387,-0.0113454955,-0.95270365,1.2875056,0.43837965,-0.2414962,0.12891461,0.9342256,0.7912113,2.8577878,0.5468115,0.07205683,-0.32491073,1.251038,1.6298866,0.19472921,0.5659104,-1.5045446,0.2226903,1.0258667,-0.061432242,-0.036229406,0.16986193,3.6215591,-0.13274671,-0.91762614,-0.75192565,0.31253776,0.7332666
Cyto_Correlation_RWC_DNA_AGP,0.16511059,-0.55911785,-0.40845498,0.21804881,-0.41052425,-1.3008083,0.09076198,0.09164909,0.05752636,0.34749433,-0.07278106,0.25543508,-0.30899736,0.26547012,-0.84047985,0.22852166,0.11787502,-0.9325735,-5.4005756,-0.044520613,0.1340925,-0.6079292,0.088820584,1.6160561,0.0068328776,0.15258472,-0.57915586,-3.2978413,0.6731076,-0.49219322,-1.9538494,-0.49283352,0.7843953,0.11887354,0.21039057,0.7130371,-0.19687152,-0.51002616,-2.808073,-0.7534917,-0.7720092,0.09001116,-1.5693241,0.34255016,0.42609334,-0.254119,0.15419048,-0.40056244,0.6048024,1.4721078,-0.9236061,-1.8220657,-0.09601059,-0.93943596,-5.9950614,0.38967714,-1.8884364,0.026587814,-0.08719831,-0.12000678,0.48711118,-0.20945235,-0.035327714,-0.13352863,-1.3099178,1.2209564,-0.13791811,-1.3083948,0.10226944,-0.08267001,-0.48473716,0.20405741,-0.16551848,-0.7440241,-0.7232337,0.1496269,-1.1492615,-0.11430939,-0.11891812,-1.4267315,-2.1446455,-0.15050079,-0.0689447,-0.92858964,-0.5876032,-0.48385957,0.56738806,-0.062315654,0.6544533,-1.003574,0.39548966,0.54518205,-0.53625745,0.8861353,-0.26742467,0.39314994,-0.230238,0.2693486,0.30483595,-0.06451678,0.8707382,0.1744531,0.13170423,-1.3153602,0.8102533,0.4704531,-0.47492036,-1.5943435,0.22427857,-0.5687525,-0.1627656,0.10818056,0.2110741,-3.0893753,0.26148674,-0.21089995,-1.6477652,-0.03499536,-8.791058
Cyto_Correlation_RWC_DNA_ER,0.21169262,-0.37759423,-0.8207052,-0.29695174,-0.40929326,-0.40155855,0.39249077,0.054899853,0.15796249,-0.2307875,0.17277718,-0.071409285,-0.23784311,0.5584373,-0.80982333,0.16775803,-0.117500745,0.17237878,-7.8418427,-0.12862511,0.10163114,-0.9222185,0.0025183756,1.4301869,0.19587374,-0.06303512,-0.22612453,-3.0728197,1.1971403,0.17529006,-2.301112,-0.38925087,-0.44696116,0.23245578,0.093328305,-1.6605817,0.35436115,0.1296149,-1.4406189,-0.6575188,-0.6514594,0.12312851,-1.6515812,0.83957094,-0.0644655,-0.04091083,0.28805315,-0.3155534,0.266715,1.0280132,-1.2198358,0.50071204,0.423514,-1.2087384,-6.6195292,0.17971879,-1.0693908,-0.24425133,-0.4639795,0.39167607,0.31146225,-0.13904507,0.5665993,0.26947644,-0.7633447,0.6443686,-1.791406,-0.84991366,0.21982832,-1.171544,-0.52259654,0.051214814,0.004213383,-0.38470817,-0.029584548,-3.0099347,-0.7442307,-0.010485937,0.11481277,-0.8814445,-3.1606064,-0.048183996,0.13458087,-0.8102012,-0.4425725,-0.34468246,1.3023013,0.14770454,0.0038163636,-1.0261668,0.07770736,0.2387429,-0.35541868,0.5116119,0.22085564,0.7694564,-0.036424294,-0.12405127,0.2957166,-0.6956758,0.2647334,-0.09629377,-0.10849316,-0.6712387,0.44951966,0.31471476,-0.52555615,-1.6922337,0.17648117,-0.33252218,-0.30369017,-0.06420236,0.3615726,-3.804952,0.33549282,-0.6494919,-1.7519693,0.13980372,-7.0269237
Cyto_Correlation_RWC_DNA_Mito,0.26253542,-0.6937375,-0.7176822,-1.6770906,-1.8389449,-1.0047317,0.37438062,0.07927113,0.38046646,0.11594262,-0.022514164,-7.624651,0.28703806,0.8818953,-0.60305405,0.3738327,-0.63834566,-0.4984105,-28.031393,0.31659403,0.38995123,-1.1685394,0.7048149,0.8413002,-0.12673123,0.14892238,-1.4054227,-8.20699,1.0181719,-0.032523513,-2.3890638,0.14847757,-0.025803419,-0.16329622,0.033180606,-7.572829,0.091949485,-0.025782108,-2.792856,-5.67547,-0.69102526,0.17210591,-2.3426673,0.21271624,-0.4310961,0.10806873,0.10599359,-0.27109763,0.46116164,-2.9906285,-1.411754,-3.0776603,-0.78629065,-2.7388992,-40.62797,0.4633281,-2.0762122,-0.0678159,0.20321052,0.28547743,0.33000454,-0.41411653,0.15180264,0.61438113,0.19827783,0.88469934,-0.4596003,-3.3303175,0.36399546,-2.4274976,-0.2664472,0.28884602,0.00043473518,-0.14177974,-0.06754005,-1.7061791,0.015769461,0.10957021,-0.81976205,-4.4950886,-4.381185,-0.42183137,0.36959767,-0.7383005,-0.44459215,-0.88806695,1.6991053,-0.14009203,-0.12276066,-1.1837919,-0.35131583,0.350052,0.12593654,-1.8036255,-0.14408718,0.9110401,0.14041106,0.5643943,0.29957068,-0.81030416,0.29547736,-0.13722716,-0.20308058,-1.8859173,0.79792565,0.5718798,0.053277772,-0.25122324,0.18818648,-0.8645044,-2.2577488,0.53404737,0.41529378,-4.743157,0.49599513,-0.035936374,-1.3136516,0.17829911,-14.885864
Cyto_Correlation_RWC_ER_AGP,-0.22923164,0.17901254,-1.3203983,-1.8306813,2.5890746,-0.863503,0.23605262,-0.17655182,0.040519107,-0.050238237,0.013479407,4.620938,0.8862085,-0.096515395,-0.57401484,0.27297378,0.52867585,0.28989187,7.0402284,-0.18894397,-0.51500607,0.9335483,-0.4054847,2.2417004,-0.20628524,-0.3720895,0.9152935,0.91992563,1.5649271,0.118444584,0.627287,0.20659386,0.10064871,-0.004041061,-0.25542155,2.6824858,-0.24305308,0.51039046,0.9807643,2.3102448,-0.4577086,0.025854051,1.6784406,1.2481304,-0.13298489,-0.054273784,0.013053894,0.39576864,-0.024409214,2.2510033,-0.06603673,0.70270425,1.86452,0.96567565,5.5675406,0.10990983,-1.8391064,-0.48840478,0.29242483,0.48188987,-0.1180622,1.7759489,1.0625682,0.22700983,-0.51098156,1.4014311,3.049652,0.6581805,0.069162555,-1.442936,-0.26817495,-0.19968425,-0.6573563,-0.14552937,-0.024178395,3.4859154,-1.0929204,0.15244849,0.4470435,1.013743,2.2535372,0.4920626,-0.035751212,-0.21395469,0.30240715,1.8882788,0.2688079,-0.091626085,-0.22268389,-0.302179,0.3671995,0.07128947,-0.6335631,4.094275,0.65054536,-0.33753085,-0.04707058,-0.3443561,0.48717904,4.671868,0.171647,-0.1151787,-0.08100669,3.3370965,0.07041857,0.0732866,0.7121729,0.6093839,-0.004164085,1.4714864,1.0835353,-0.24821003,0.21079147,4.891502,-0.2817839,-0.53994465,-0.41402388,0.6425133,0.10416254
Cyto_Correlation_RWC_ER_DNA,-0.18838233,-0.70030385,0.0053536496,0.7233892,0.4188209,2.5817034,0.7090151,0.07108691,0.29660493,-0.09681538,0.27170846,3.5296428,0.32511398,0.7661045,-0.51785547,0.018079616,-0.6879511,-0.5859603,-0.30741236,-0.3902886,-0.1517757,-1.762837,-0.13207078,0.3736469,-0.23655684,-0.36488816,-1.1555244,-2.6254377,-0.68034714,-0.0018157959,0.06981393,-0.55288845,-0.54164404,0.09664502,-0.639842,0.18355457,-0.18750304,-0.5468218,-1.3024093,2.9129484,0.14039664,0.11793301,0.37264228,-0.867126,0.15944521,-0.013776824,0.27082273,-0.46481785,-0.16277581,1.8839436,2.7602818,0.64866567,-0.09761187,-0.62207943,-2.9147425,0.06455537,0.2116402,-0.2012316,-0.119603276,-0.8169225,-0.24684887,-1.3782469,-0.40554333,0.05967498,-0.12610465,-0.30825183,1.6896482,0.15741047,0.15043978,1.1159776,-0.21063209,0.019614954,0.14823395,0.18999071,-0.18666865,-0.123999715,-0.051456463,0.018535197,0.7042815,1.5198427,-0.5744975,0.5692161,0.52605385,2.0169811,-0.17916878,-1.7251941,-0.24445474,0.12348346,-0.25512326,-0.19334109,0.5496388,-0.29555795,-0.13340195,0.3360405,-0.31063154,0.4822702,-0.11648057,0.3807285,0.38900408,-8.625144,1.6176316,-0.32298705,-0.35933974,-0.31315374,-0.02767247,-0.30577835,-1.0250317,0.0886757,0.042513918,-0.3652402,-0.20309593,-0.08484552,-0.263685,5.192994,0.21290986,-1.7470671,0.6662905,-0.26617405,13.195746
Cyto_Correlation_RWC_Mito_AGP,-0.28770468,-0.45982066,-1.1921937,-2.2128932,1.2516922,-1.2429715,0.092108846,-0.0848339,0.2036649,-0.2518945,0.2268926,5.0660367,1.2138453,0.39729106,-0.4252144,0.0087846415,0.3989078,-1.2551609,10.06469,-0.044989068,-0.19293673,0.6163394,-0.09889641,1.8646263,-0.066714294,-0.23650277,0.95608515,1.0307497,0.17744024,0.13488632,0.77070165,0.34496868,-1.0036936,-0.13514234,-0.5675604,-0.17826748,0.08548734,0.27847147,-1.4629625,4.494372,-0.45650634,0.029619614,1.6366469,-0.05568262,0.1833735,0.25092253,-0.5509434,0.37382433,0.10231312,0.5219745,-0.60682505,1.6802877,1.102711,-0.02521197,7.152342,0.42726982,-2.8079681,-0.34908092,0.681571,0.39921808,0.4084463,1.7223366,-0.41542068,0.60550493,-1.4852141,1.2463535,1.1390134,0.21533172,0.1410259,-1.1113346,-0.19156699,0.043875616,-0.24875097,-0.3571391,-0.7560544,2.9420261,-0.9538448,0.14929381,-1.6437283,2.8088713,-0.410134,0.9723093,0.017905347,0.2410297,-0.0064963102,1.657135,-1.4071102,0.23998637,-0.29189694,-0.59901816,0.6815338,0.048431933,-0.60615945,1.7551047,-0.248215,-0.3623819,-0.024348384,-0.5664138,0.6799024,2.6303225,-0.19407041,-0.44005823,-0.72299653,2.3592122,-0.8398535,-0.35551003,1.1332927,0.90383196,0.1049346,1.5794262,1.5716867,-0.32402524,0.09206522,3.8562267,-0.2514232,-0.55520433,-0.32833758,0.6757495,0.723011
Cyto_Correlation_RWC_Mito_DNA,-0.20722763,-0.61028916,-0.23049337,0.5247131,-0.2998822,2.4864602,0.47648314,0.16520017,0.24240346,-0.029899875,0.12414534,3.0630157,0.26786965,0.7596748,-0.291676,-0.042751342,-1.0540912,-0.84771913,0.94035083,-0.27768886,-0.027582726,-1.5698919,0.26396292,-0.11665139,-0.4628838,-0.2705913,-1.0756265,-1.7277988,-0.56165105,0.28401855,0.8485343,-0.38097024,-0.37594688,0.0025472443,-0.63122547,-1.0938162,-0.012930989,-0.49037886,-2.3160946,2.9679081,0.23839629,0.14046478,0.25699496,-0.9508503,0.19702494,0.17019872,0.050799113,-0.45897937,-0.10557423,0.78095466,2.7494907,-0.32387343,-0.54000777,-0.65953594,-2.0416994,0.3373272,0.47984636,-0.056725383,0.03964184,-0.8884924,-0.3075647,-1.085282,-0.29355618,0.02377822,0.12733968,-0.46663818,0.42470995,-0.375056,0.3211092,1.2575008,-0.21318187,-0.059200287,0.051198352,0.24923134,-0.11231676,-0.54274845,0.35373864,0.15519206,0.24673247,0.6031663,-2.6439269,0.5533437,0.41157505,2.2182553,-0.23705626,-1.6867248,-0.8028438,0.24384993,-0.37862667,-0.034595847,0.3194437,-0.32578984,0.20501645,-0.86823255,-0.38331738,0.5211715,-0.052457053,0.5458823,0.17555082,-13.417993,1.0983828,-0.45485225,-0.3851497,-1.1397641,-0.19173968,-0.20005369,-0.74115586,0.6311711,-0.045456607,-0.2287211,-0.7211339,0.062880374,-0.2502153,3.6171033,0.30860084,-1.2428441,1.1019807,-0.29483423,11.181206
Cyto_Granularity_10_DNA,0.038743936,-0.4843411,0.24733205,2.121616,-0.3051354,1.193685,-0.084450305,-0.27495727,0.40592697,0.55287313,0.5276651,-0.4236908,-0.29711583,0.22750874,0.2554398,0.17743409,-0.60890806,0.0064164004,-1.5624641,-0.0275836,0.1472873,-0.036681432,-0.38663778,0.12876119,0.03758654,-0.43609878,-1.0295715,-0.74549866,-0.068848394,-0.4597331,-0.26146233,-0.15756103,0.35925174,-0.012726799,0.07665602,1.2879807,-0.16922931,-0.61039263,-1.2375482,-0.78787583,0.17049913,0.23490906,0.03169622,-0.19172645,0.31607226,-0.030442098,0.35502103,-0.17980218,-0.35977295,2.149865,-0.22460835,-0.19558455,-0.35680357,0.57480806,-0.39443472,0.12726432,0.9598991,0.2656748,-0.5132732,-1.1861935,-0.16454005,-0.25045964,0.025461776,-0.38208258,0.7106648,-0.5634681,1.1063968,-0.096906304,-0.12763734,1.745211,-0.0200331,0.16815996,-0.08654708,0.1650237,-0.18170534,0.86758614,0.45025548,-0.26598355,0.147144,-0.5230205,-2.013222,-0.36494878,0.09458274,0.48923472,-0.084658146,-0.87194866,1.1774668,0.11125473,-0.14038354,-0.70680976,0.14710523,-0.11395755,0.17882513,-0.33012724,0.0539698,0.4871757,-0.014301102,0.38651958,0.23643374,-2.7149699,0.67013115,-0.23288144,-0.31922033,-1.3375244,0.23529887,-0.21122539,-0.7868081,0.9107335,-0.0035021305,-1.226008,-0.31712937,0.249439,0.43005514,-1.684322,0.34624335,0.3313928,-0.634268,-1.1653568,3.0893147
Cyto_Granularity_10_ER,-0.041900653,0.10434007,0.4042423,0.37036678,0.86246127,0.49454132,0.43174443,-0.32755658,0.13814066,0.46698177,-0.48314252,0.655757,0.46821657,0.57961464,0.23386659,-0.17898923,-0.102529965,0.61695135,4.936317,-0.49045837,-0.21759258,-0.4494693,-1.1019217,-0.76084346,-0.0805099,-0.029628715,-0.50499517,0.4186156,0.54943675,-0.35926625,0.9199254,0.07287261,0.21530162,-0.36889783,-0.4446737,1.4556202,-0.29913887,-0.6137567,2.3121336,0.86612695,0.1346623,-0.57977676,0.1805862,0.10702765,0.27881566,-0.42876792,0.3437778,0.41689727,-0.5637338,0.19878753,-0.099378966,0.92154604,0.15337817,0.6509587,2.741567,-0.5015726,0.54289484,-0.47178403,0.06904096,-0.6923582,-0.24445462,0.794857,0.2538259,-0.31352162,-0.11235591,-0.3647883,0.8686468,2.1527848,-0.15145658,0.3937765,0.052955013,-0.013475756,-0.175427,0.66384643,-0.03433256,1.2941946,-0.37702557,-0.45131072,0.07110425,1.474765,-0.27372113,0.41769573,-0.041547578,0.23665969,-0.03397133,-0.067563675,0.19001295,0.023450175,0.06420783,0.7435158,0.11568707,-0.4911479,0.06812189,1.8333594,-0.13416614,0.11674879,-0.29337224,-0.0024864275,-0.0565132,-1.341844,0.07495428,-0.18983518,-0.19498731,1.4275187,0.24214126,-0.005810559,0.13451439,-0.33816656,-0.34680614,0.30509165,0.39441785,0.03235203,-0.04056734,0.3197752,-0.20142429,0.5885732,0.23777299,-0.21331187,0.33235994
Cyto_Granularity_10_Mito,-0.15456581,-0.32448372,-0.44984594,-0.15875478,0.6602185,0.07315271,0.082251854,-0.18895213,-0.46981654,0.49849856,-0.18139678,3.46475,0.34041476,0.39573,-0.1363335,-0.30454835,-0.41323045,0.43264046,8.407127,-0.41420984,-0.7355849,-0.24388444,-0.27246088,0.4363333,-0.0005740176,0.14534222,-0.5734408,-0.513756,-0.2738057,-0.6906026,0.564127,-0.529432,0.3973924,-0.21106172,-0.5557219,1.2422179,-0.17080052,-0.39665207,4.4822173,2.1255867,-0.3704889,-0.42229772,0.64678884,0.14310603,0.2104435,0.1547787,-0.41162828,0.10976758,-0.695875,1.0054086,0.2039781,1.2763028,0.5850554,0.7821446,4.145081,-0.4474291,0.06874299,-0.458582,-0.6773443,-0.7466786,-0.19244535,0.5519918,0.12988423,-1.0028988,0.410434,-0.24431437,0.6238765,2.8938162,-0.22121494,0.39386544,-0.10415917,-0.58278674,0.29632497,0.32379583,0.20468707,1.1302136,-0.28323108,-0.3625853,0.22848164,1.9468476,1.5430416,0.638157,0.12338389,0.4924902,-0.44771338,-0.42826787,0.4828718,0.04379067,-0.18708503,0.34000292,0.2926587,-0.099724256,-0.1535182,1.8808302,-0.42070493,0.1806416,-0.36323035,0.230094,0.1778123,-0.6748619,0.24398442,0.2989573,0.4938979,2.648379,0.44545856,-0.24269076,-0.45596406,0.41018116,-0.39647436,-0.3881906,1.2689599,-0.0064195,0.038894862,1.5142106,-0.43747982,-0.19219017,-0.20677394,-0.2190919,14.248546
Cyto_Granularity_11_DNA,0.25975907,-0.61095613,0.21003817,2.2257395,-0.92963153,1.2913951,-0.33383834,0.29552427,0.27764896,0.35303673,0.332126,-0.738722,-0.5081015,0.31774393,0.6835529,0.34477785,-0.77664065,0.5562698,-1.3987803,-0.18550633,0.27400112,0.19200923,-0.32255253,0.33284822,-0.2730062,-0.39197382,-0.9681788,-1.1684089,0.3511425,-0.33664235,-0.46496558,-0.22197539,0.27832714,0.39303294,-0.2860262,0.5109485,-0.21396154,-0.58035713,-1.6866504,-0.42960906,0.05087133,0.5366215,-0.17799301,-0.22398786,0.39343205,0.076892294,0.13528877,-0.16726804,0.23303945,1.2542082,-0.28204063,-0.87402636,-0.25478414,0.22421052,-0.83504266,0.05470864,0.9266693,-0.023631832,-0.20477276,-0.60886097,0.18403082,-0.39466307,0.3143053,-0.5707318,0.78615075,-0.1855259,0.468088,-0.28974608,0.009059985,1.8446368,0.089494206,-0.08141921,-0.2841083,0.40019166,-0.2083249,0.23600934,0.1769598,-0.24074525,-0.10098812,-0.5373657,-2.2595575,-0.3481659,0.0320504,0.29265317,-0.18058234,-1.2039628,0.74135107,0.23553604,-0.1127337,-0.7046035,-0.19738556,-0.19786316,-0.038136166,-0.64768875,-0.21390323,0.3756659,0.023293892,0.57034636,0.19930522,-3.0298357,0.8086097,0.28247336,0.31712076,-1.1380073,0.7648007,0.09502518,-0.76689935,0.21321757,0.3373896,-0.72393733,-0.50979847,0.31173238,-0.22348611,-2.2858226,0.17980969,0.18766336,-0.76327115,-1.0238945,4.935646
Cyto_Granularity_11_ER,-0.42032623,0.6731847,0.31606072,0.5800136,0.66421694,0.67153436,-0.030741697,0.2556043,0.0062564216,0.4480736,-0.10578287,1.2096475,0.40432748,0.011786506,0.2358935,-0.14296652,0.08965102,0.5099302,3.604186,-0.38905588,-0.111645885,-0.008125968,-0.58679837,-0.25621417,0.2903817,0.078417666,-0.44590425,0.38195089,0.105900906,-0.34156656,-0.002965371,-0.15535061,0.29691622,0.25672564,-0.33557752,0.8993096,0.319273,-0.23325145,1.6556109,0.88630265,0.075730376,-0.3108175,0.35693276,0.42251062,0.31517297,-0.17906612,-0.6290908,0.2371645,-0.37619826,-0.025206245,0.003958156,-0.0069303513,-0.06265875,1.1884149,2.7300243,-0.23970716,0.38722858,0.27636996,0.11574019,-0.5210414,-0.10357398,1.2447809,0.036238134,-0.38866115,0.19900255,-0.760706,1.1535531,1.1396695,-0.33614406,0.22602087,0.13027996,-0.107708775,0.39921263,0.455698,0.4061073,0.7150158,-0.26126572,-0.40159777,0.17701013,0.15589835,-0.70405823,0.13890252,0.31872603,0.53519005,0.06256608,-0.5543569,0.048142225,-0.0056358576,-0.76384014,0.1437134,0.16887933,-0.004182428,0.11005467,0.94101,-0.85215354,-0.032569442,-0.2790532,-0.08741611,-0.2510486,-2.1925738,-0.6144016,-0.061184555,-0.0075760186,1.4716293,-0.24064374,0.15460365,-0.25172848,-0.09310353,0.37756476,0.4980224,0.29748031,-0.0309169,0.3349394,-1.3810406,-0.20506018,0.32450983,0.6444776,-0.5608724,1.4959241
Cyto_Granularity_11_Mito,-0.32556948,0.07544594,-0.1988766,0.04623695,0.50653183,0.41092518,0.035724755,-0.22586258,-0.3244248,0.15707608,-0.15650754,0.2690598,0.06546661,0.5405989,0.38335672,-0.18095505,-0.39381418,-0.09444648,6.4145474,-0.53705,-0.20180945,-0.45079646,-0.710382,-0.04152909,0.06697557,-0.41649744,-0.38589057,-0.150649,-0.42660394,-0.59790677,0.49446023,-0.6087152,0.08431473,-0.03610709,-0.2925519,1.4736646,-0.05942839,-0.5549254,3.9317741,1.6652565,-0.20266962,-0.37344983,0.2795657,0.03174011,0.6723245,-0.69003415,0.1484644,-0.14448336,-0.13398723,0.77635926,-0.37296006,-0.5050533,0.59965646,1.129501,4.1603127,-0.56528807,-0.13992743,-0.14231648,-0.15828262,-0.28399718,-0.19600506,0.4424715,0.020121971,-0.39348015,0.3340162,-0.088851444,1.0837716,1.9738289,0.17505598,0.7096593,0.039712887,-0.08211965,0.08263489,0.42967367,-0.7062397,1.4089022,-0.5587968,-0.23106064,-0.15742047,1.5276989,-0.30342555,-0.11640849,-0.27639735,0.74534935,-0.14468311,0.121274404,-0.12742986,-0.037444483,-0.4526848,0.49594286,0.3505728,-0.09401954,-0.2848238,1.5864935,-0.102535464,-0.035641607,-0.042298764,0.48258677,0.2845489,-1.3290293,0.25011227,-0.3537711,0.25836954,1.8893476,0.19258946,-0.22728784,-0.37428045,0.8644237,-0.29468158,-0.2035613,1.2136331,-0.10235342,0.23558791,-0.38831505,-0.19243135,0.085327126,-0.12133021,-0.4395256,8.0401125
Cyto_Granularity_12_DNA,0.68620616,-0.8784437,-0.22716272,1.7901953,-0.5983022,0.92166775,0.34434852,-0.0042354465,0.19975859,0.18498135,0.09193324,4.643831,-0.28338376,-0.026790977,0.15081233,0.4617413,-0.07916314,-0.056444306,-1.5867577,-0.19467889,0.27890697,-0.35739192,-0.15002199,0.03737406,0.113114215,-0.07261013,-0.91626215,-1.1590323,0.11611321,-0.32206807,-0.6908886,-0.16318496,0.3102217,1.3742251,-0.64730185,0.31453812,0.30726457,-0.93441725,-1.615665,-0.031297553,0.09502133,-0.15701051,-0.33589974,0.30684552,0.4025159,-0.17183495,0.10889614,-0.38376984,0.4960613,0.9226851,-0.37497243,-1.9259766,-0.07785078,-0.28786835,-1.5391531,0.5208655,1.5760945,-0.015232344,0.38279948,-0.35777125,-0.4733653,-0.2492202,0.08368373,-0.60401016,0.18874812,-0.24675252,0.48548898,-0.92063123,-0.13834284,1.5883595,0.08495635,0.045039356,0.08062693,0.45047227,-0.40546796,0.0705183,0.18325056,0.33388153,-0.05435689,-0.84635144,-2.2458203,-0.33183014,0.65338635,0.4044234,-0.1221796,-0.9056682,0.3003973,0.4208673,0.5479339,-0.9594067,0.15651701,-0.38587138,0.20914896,-0.84402364,-0.5103958,0.45347688,0.19308525,0.45987573,0.23502003,-2.4272566,0.45288566,0.53209466,0.23249103,-1.0332241,0.8121007,0.47519398,-0.74080706,-0.080702804,-0.08685496,-0.9783795,-0.7615082,0.2935551,-0.16070515,0.7675093,0.48807254,-0.04049152,-0.50169134,-0.46890768,2.567297
Cyto_Granularity_12_ER,-0.27149072,0.8212716,-0.21567982,-0.15650408,0.6669089,0.23140521,-0.33746877,-0.0021472771,-0.3171024,0.38985482,-0.303843,-0.50825125,0.124091625,-0.04749508,0.008937319,-0.10224653,0.51316625,-0.08667461,2.8069427,0.29043373,-0.090921514,0.20551328,0.115816034,-0.6017269,-0.05804789,-0.21364911,-0.23781896,0.24748357,0.4580404,-0.3534414,0.5439759,-0.1160658,0.10762306,0.26721856,-0.6195323,1.0301167,-0.05694276,-0.109755814,1.1387392,0.68656737,-0.13905217,0.17852385,0.2379926,0.22378385,0.66388375,-0.15038465,0.02228119,0.38355055,-0.2469833,0.9296672,0.12937552,-0.90606517,0.045479562,0.4649503,3.0511284,-0.094051786,0.5898016,0.40355662,-0.43113914,-0.53757375,-0.19958173,0.29833654,-0.18698621,-0.05134983,0.58555746,-0.6088838,0.2105722,0.10391935,0.0028002262,-0.42478275,0.3535359,-0.29206064,0.4056956,0.55223686,0.021771709,0.44003507,-0.38320473,-0.05294785,0.071644284,-0.42249003,-1.5325121,0.06569401,0.09490821,0.040504094,-0.12212121,-0.19220632,0.014184336,0.4141265,-0.22170234,0.23622787,0.34082356,0.074239805,0.09743448,0.924288,0.28496927,-0.35702595,0.1934071,-0.20536841,-0.027601426,-2.3485005,-0.50392216,-0.15132724,0.51659423,1.1543728,-0.39513206,0.11070618,0.2845312,0.55672586,-0.10727038,0.1687861,0.28684053,-0.100727536,-0.07572399,-1.9138551,0.12259657,0.5154949,0.39058447,0.17267163,6.062359
Cyto_Granularity_12_Mito,0.016592344,0.74876636,-0.3273948,-0.30043986,0.53131133,0.45279598,-0.076489836,-0.25225756,0.05171455,0.3584024,-0.14606528,-0.40835705,-0.10888783,-0.31432188,-0.0019857932,0.16225025,-0.14932467,-0.016362974,3.2032354,-0.6298595,-0.12685357,-0.44985235,0.09190152,-0.18761976,0.0033458073,-0.35759595,-0.22090442,0.18506022,-0.6227714,-0.339751,0.26464394,-0.3464024,0.29941326,-0.047395963,0.043489337,0.77044314,0.12528563,0.04639274,2.9168034,1.2643548,0.01087911,0.34864047,0.096240185,0.18220352,0.4500647,-0.30021998,0.43935195,0.08460488,-0.2617377,0.16858119,0.108357884,-0.9708643,0.053557023,1.0563874,4.47262,-0.25643563,-0.276173,0.1134127,0.11006632,0.15059406,-0.19492638,0.72567755,-0.3637366,-0.4760901,0.05714901,-0.34714213,0.7653448,1.160702,0.11902792,0.12254012,-0.20486735,0.081526764,-0.28838646,0.3647128,0.09983602,0.8215267,-0.23736326,-0.05631997,-0.17195456,1.6601915,-1.0291758,-0.57339555,0.3301264,0.28739882,-0.13088392,-0.18844871,-0.087727375,-0.7279045,-0.5708949,0.09309093,-0.041998435,0.13109037,0.0347112,0.90723413,-0.33545327,-0.0018087676,-0.12691733,0.36155906,0.24066894,-1.263074,0.022802627,-0.0952748,0.48867586,2.6200864,0.23310094,-0.36485505,0.04972245,0.2054904,-0.12022033,-0.08675596,0.5901578,-0.65686476,-0.1397674,-1.8482428,0.17220952,-0.25146028,-0.012152632,-0.3294711,15.662751
Cyto_Granularity_13_AGP,-0.02064828,0.26111427,-0.4506844,0.13742267,1.5806493,0.4986829,-0.093924195,-0.018368006,-0.35282162,0.31509116,-0.22233029,0.14619334,-0.3406388,-0.074190974,-0.18281865,0.057504475,-0.43238148,0.19740833,4.9084406,-0.27181742,-0.10325696,-0.19458854,0.20962282,-0.43112627,0.057837445,-0.17661746,-0.43278646,0.42394757,0.33566475,-0.3314972,0.18180971,-0.28806767,0.46494746,0.40154907,-0.49409047,2.4193296,-0.36080873,-0.33699858,3.6866589,0.40589944,0.29068688,-0.36530742,0.40837458,0.23324935,0.29886827,-0.17761369,-0.14373998,0.09706224,-0.32528982,1.3029875,-0.34471086,-1.1127704,0.07336068,0.82817316,4.4493194,-0.18784566,0.09480048,0.040908355,-0.3347273,-0.14644194,0.12744604,1.1317626,0.68970394,-0.911319,0.1427095,-0.021132546,1.1804299,1.0952225,-0.021950165,0.36400115,0.053737283,-0.25981823,-0.1835848,0.5708656,0.14966553,1.1104513,-0.402306,-0.24843551,0.39466175,0.5866757,0.37428412,-0.22768827,-0.101321824,0.6950241,-0.5150817,-0.27076343,0.35316566,-0.32032618,0.1148802,-0.019690799,0.29326198,0.27687183,0.15422142,1.4184014,0.34030867,0.16817099,-0.27935097,-0.048053544,0.46838215,-1.4977918,-0.18844427,-0.33343259,0.44029883,2.1512644,0.24689536,0.18030708,-0.13099544,0.38246545,-0.007164702,0.16028039,0.7934623,-0.32911015,-0.013005227,-0.88566285,-0.17660178,0.5997935,-0.04582474,-0.25756964,22.163744
Cyto_Granularity_13_ER,-0.22908159,0.50099385,-0.16384047,-0.5333908,0.93059915,-0.18451317,0.15580161,0.2532806,0.2712594,-0.7688348,0.028413177,-0.517667,-0.031143466,-0.1606047,0.41476408,0.10223042,0.45290256,0.21895082,2.6099496,-0.051148724,0.049574155,0.4000717,0.16899236,0.079619125,0.13883233,0.0072719157,-0.035935264,-0.38310763,-0.1681956,0.039049633,0.5759177,-0.26658234,0.17076363,-0.1978569,0.16564876,0.62927943,0.35548246,0.016544065,0.8457195,0.4652727,-0.4752582,0.25750706,0.40278265,0.21440484,0.43424472,0.3330326,0.30305198,0.09955891,-0.057599247,0.31978643,-0.008162598,-1.4014269,0.123046964,0.6990487,2.6986558,0.053468924,0.10985643,0.5359233,-0.17437853,-0.097267486,0.04771137,0.15803565,-0.051984254,-0.31568623,0.6181981,-0.3302853,-0.04645294,-0.104626976,0.2304594,-0.51571983,0.4903407,-0.120135985,-0.32591748,0.5684709,0.115070246,0.46919498,0.4815549,-0.09327417,0.08894249,-0.022363821,-2.0064294,-0.2442102,0.47675085,-0.14951502,0.26107353,-0.31627157,-0.08317325,-0.10599419,0.038738847,-0.18430519,0.27859882,-0.15475507,0.17965513,0.70330733,0.11348019,-0.045977686,-0.054422896,0.023590157,0.26075375,-2.0829203,-0.4247884,0.33675146,0.24608912,1.5021027,-0.0002523462,-0.08240939,-0.25439426,0.10864681,-0.038845897,-0.04146989,0.35856274,-0.21451195,-0.07835339,-2.1437733,0.63829786,-0.14058624,0.53596586,0.33361116,15.185826
Cyto_Granularity_13_Mito,0.105398536,0.6510239,-0.5599858,-0.38319334,0.84238213,0.1138171,0.066675,0.29456845,0.23226595,0.0060749254,-0.64667934,-0.35772905,-0.12574579,-0.07901573,0.21637434,0.29370618,-0.040820748,0.20244007,1.709918,-0.018779019,-0.23414467,-0.062138576,-0.024640277,-0.04140703,0.27237034,0.021018883,-0.55039394,0.16034931,-0.14275321,-0.0071994215,0.9553931,-0.252726,0.32604647,-0.03561757,-0.48598018,-0.10887917,-0.2854587,-0.27940664,1.7205805,0.3624414,-0.063496344,-0.0202113,-0.41985008,-0.31019184,0.20132424,0.035031155,0.14691173,0.05471458,-0.33592165,0.3948709,-0.023487173,-1.1162475,-0.2914453,0.9063163,2.6458306,-0.037852872,-0.17874695,0.20669556,0.061067414,-0.16405088,0.09255546,0.69510007,0.12926663,-0.19960247,0.609127,-0.26581767,0.5175722,0.35948122,-0.04868129,-0.030742109,0.46439755,-0.3030304,-0.10161888,0.6519738,0.15333755,1.3963724,-0.31564665,-0.25339198,-0.08070258,0.45170844,-1.3396335,-0.83385056,0.30275562,0.29861298,0.068116195,-0.47314015,-0.5194058,0.06122841,-0.018385908,-0.32326114,-0.090202145,-0.4955894,0.05084288,0.47778118,-0.35956264,-0.27353144,-0.011259277,0.27741536,0.043815892,-2.0268881,0.16843186,0.080105096,0.3875467,1.8901533,0.24105127,-0.09599736,0.33238086,0.47971526,-0.29695278,-0.03172389,0.48594764,-0.3178311,-0.19542408,-3.020374,0.022381863,-0.33934584,0.54075336,-0.19945765,14.2882395
Cyto_Granularity_14_AGP,0.4872851,0.34932804,-0.5004407,0.09885049,1.0842029,0.31110576,-0.07779375,-0.1467563,0.123143755,-0.06193133,-0.42400706,0.664926,-0.12612374,-0.15585665,0.43831673,0.48580232,-0.4668912,-0.15989111,3.6875007,-0.30837408,-0.108261086,0.27908638,0.19812445,-0.27039394,-0.09779632,-0.21597421,-0.28137794,0.1303568,0.41970882,-0.4307052,0.0027950704,-0.2079193,0.56149346,0.25735787,-0.32780308,1.6156467,0.1990428,-0.063213915,2.046152,0.7063554,-0.28533873,-0.33432946,0.72146565,0.55243284,-0.10736843,-0.2972932,0.19326384,0.047797758,-0.1796061,0.82132864,0.16968088,-0.9741118,0.25219032,0.49906588,4.120276,-0.041929275,0.16154584,-0.049240276,-0.11997635,0.023550877,-0.10038626,0.77056193,0.29191563,-0.105542205,0.18781586,0.028587664,1.200291,0.46971247,-0.009630367,0.17025165,-0.23881231,0.013823663,-0.32734445,0.4300318,0.18153255,0.8399566,-0.054676514,-0.4899137,0.3574119,0.39062932,-0.4629531,-0.6702582,0.45220205,-0.32484707,-0.24039985,-0.014503936,0.021961575,-0.32115683,-0.29344252,0.15651098,0.18887949,-0.48058435,-0.0063628354,1.7227722,-0.33517322,-0.22651851,-0.049105216,0.1624868,-0.12662435,-1.926856,0.02701199,-0.29780373,0.2719489,2.3245819,0.6909585,0.08921179,-0.28254107,0.2828047,-0.5341542,-0.44689146,0.619739,-0.1103251,0.16894114,-1.4623932,0.060400765,-0.21982677,0.18233562,0.15115637,4.6863246
Cyto_Granularity_14_DNA,0.23956008,-0.9172593,0.21894728,0.32577237,-0.8698411,0.23660527,0.23993082,-0.14203195,0.20549129,0.01970842,0.5265968,-0.04302271,-0.4481795,-0.07853971,0.49582872,0.12652595,-0.11194867,-0.3043984,-1.4098244,-0.093494624,0.6862955,0.43542755,-0.008662592,-0.011665885,0.36564186,0.3490621,-0.3686155,-0.9353514,-0.4878646,-0.123870015,-0.51122665,-0.16329515,0.52379364,0.32628587,-0.03194644,-0.07463515,-0.31286487,-0.23976986,-1.5773563,-0.48560688,0.3690814,0.2365822,-0.2276042,-0.07425275,-0.13322179,0.0959163,0.18351471,0.019068256,-0.14850882,-0.2953185,-0.3334994,-1.443318,-0.55046487,-0.098838665,-2.0432632,0.46304905,0.28077385,0.6405874,-0.018565169,-0.18703847,-0.45801124,-0.7225776,0.1419151,-0.3596672,0.058427077,0.013659537,-0.05681481,-0.613799,0.19212121,0.067292474,0.21733741,0.23901486,0.32353207,-0.26552254,-0.12533164,-0.106089056,0.29596034,-0.14232393,0.011301856,-1.4809737,-1.7781816,0.53543895,0.04214317,0.2834324,-0.3609639,-0.8436296,-0.05304134,0.38242754,0.6171108,-0.2133506,-0.03859909,-0.0836851,0.1711878,-0.45367193,0.015381105,-0.21395819,0.35414425,0.7301597,0.44694284,-0.88677186,0.4569343,0.50299317,0.18929957,-1.395701,0.6890462,0.06246354,-0.32216346,0.2947711,0.28937256,-0.6889817,-0.94690704,0.10714215,0.058594007,-1.3986648,0.032000963,-0.0391317,-0.3388933,-0.3898733,2.1085005
Cyto_Granularity_14_ER,-0.3991339,0.7366368,-0.42725706,-0.2610104,0.944678,0.04617089,-0.1318359,0.30484346,0.20588517,-0.19054483,-0.2690557,-1.0124909,0.094471395,-0.26720157,-0.13747066,0.3766501,-0.11601671,0.06986385,0.79089004,-0.11955437,0.024899093,0.3495028,0.0010792017,-0.54886043,0.24849446,-0.16574635,-0.11442161,0.02978157,-0.121365,0.51247156,-0.04829836,-0.009554674,0.07386888,-0.19729729,0.029417792,-0.19376214,0.073191784,-0.0615683,0.22361417,-0.3426794,0.19189946,0.537456,0.8374607,0.18208902,-0.45426938,-0.17027003,0.30547437,-0.27007946,-0.18647029,0.18308312,0.2027122,-0.9683246,0.3512443,0.45596185,1.841329,0.0005688767,-0.38329872,0.18080795,0.021311307,0.71365327,-0.06392344,0.18679254,0.009370605,-0.4324466,0.33036053,0.18988104,0.17540137,-0.2548909,0.18703914,-0.6010444,0.20893027,-0.1925721,-0.07025807,0.10016966,0.3290544,0.50762564,-0.21980734,0.18274398,0.4355468,-0.40069988,-1.547876,-0.64252114,0.24043667,-0.4348763,0.32456324,0.19997667,-0.15152185,-0.16190471,-0.04097401,0.4534042,0.033582687,-0.11559707,0.3274605,-0.06786444,0.21680267,-0.2109526,0.1377144,0.20286465,0.14360671,-1.5890875,0.32572243,0.4686098,0.33024403,0.82624793,0.013665934,0.35428867,0.049516518,0.17486425,0.09461144,0.11253675,0.25978485,-0.50219494,-0.1252123,-2.1287088,-0.42536524,-0.211951,0.26968148,0.7380242,3.0404663
Cyto_Granularity_14_Mito,-0.009652923,0.3458022,-0.81180185,-0.697769,1.0001309,-0.12867986,-0.012519677,-0.29427028,0.02133811,0.1502883,-0.25559926,-1.3049098,0.081529714,-0.48461798,0.07096525,0.42640474,0.35571766,0.08790305,0.87392807,0.26012644,0.04731539,0.20678191,0.07341396,-0.5130086,0.1191481,-0.32940105,-0.24571745,-0.25036183,0.24083836,0.46026954,0.6739176,0.24746536,0.3129665,0.24274011,-0.2499742,-0.35817042,-0.037703175,0.10696634,0.81017405,0.089122616,-0.14513576,0.07617718,0.16758876,0.07299704,-0.0066834292,-0.041329965,0.049330592,0.3348267,-0.043548387,0.21588258,0.0015550554,-0.9895938,0.5303749,1.1742324,1.4428314,-0.10243688,-0.25388113,0.14266545,0.30200252,-0.022236988,-0.19750905,0.5774234,0.085050665,-0.37313768,0.030281752,0.30124268,0.5478205,-0.22655988,-0.15379696,-0.4337757,-0.44634184,-0.2592383,-0.20797229,0.17475666,0.26108786,1.8367761,-0.08725276,-0.024441645,0.19976526,-0.25603,-1.4733099,-0.4141945,0.04471596,-0.5492735,0.24063271,-0.036618263,-0.68745357,0.3946583,0.21230404,-0.14345701,0.02194345,-0.27862442,0.1335334,-0.09811648,-0.032651916,-0.3859966,0.33340558,0.90025693,-0.13180928,-1.6220359,0.092698656,0.1710428,0.18160224,1.5115644,0.42964697,0.15882461,0.12800293,0.4624171,-0.08820948,-0.09422511,-0.013080458,-0.23327772,0.016412804,-2.4964314,0.010570903,-0.20467328,0.23536797,-0.20976722,5.154164
Cyto_Granularity_15_AGP,0.28248787,-0.0065661967,-0.65087056,-0.37418342,0.910011,0.46628323,0.13358095,0.023170471,0.043574337,-0.21936053,0.057507336,-0.07744082,-0.2632119,-0.36664072,0.15223743,0.21407385,-0.17146492,-0.3097143,2.099734,0.21597107,-0.33730903,-0.15568744,-0.33081973,-0.0525165,-0.22109097,-0.49577394,-0.034406956,-0.23343797,-0.20020044,-0.42858204,0.51216227,-0.25700018,0.6615181,-0.20904016,0.120396495,1.0133456,0.23764436,-0.49817243,1.0581845,0.32603705,-0.25574538,-0.16540255,0.9213036,0.62184453,0.2882813,0.19391896,0.09422684,0.12946874,-0.13837092,0.9053425,-0.0019984443,-0.5280556,0.42567953,0.9775873,2.2680502,-0.16841592,0.09504712,-0.0637222,-0.0400106,-0.19031835,-0.056625355,0.8980341,0.23669374,-0.5219392,-0.07705975,0.06779861,0.60644907,0.6052664,0.13079964,0.3032559,0.25541046,-0.28224328,0.096640736,0.47069016,0.00037628412,0.967685,-0.10572752,-0.3453959,0.08024675,0.0011829337,-0.8026039,-0.35241696,0.31455156,0.45628273,0.23804939,0.06312549,-0.25904265,0.019096335,0.26893964,0.06461583,0.07949612,0.081753924,0.15419723,0.757606,-0.24036975,-0.10653279,-0.2384417,0.6435569,-0.58044773,-1.71162,0.49699178,-0.39447734,0.7552812,1.8436738,0.21006405,0.35917842,0.04172655,0.2568554,-0.048009153,0.25798473,0.54579455,-0.14410086,-0.07168189,-1.8301328,-0.34608555,0.07687076,0.1463684,0.7076199,2.5378127
Cyto_Granularity_15_DNA,0.33981395,-0.9731137,0.31258717,0.7603722,-0.71851426,-0.1994818,0.3565462,0.32615766,0.3366945,-0.6180393,0.7213289,-0.85537785,-0.5591593,-0.28222606,0.35587034,0.32824028,-0.109329484,-0.05398048,-0.44546524,0.37140462,0.41961122,-0.16326301,0.00091829896,-0.011869322,0.29649088,0.47314692,0.10892632,-0.6855429,-0.4734857,0.52481884,-0.74407023,0.21186203,0.5688692,-0.46880165,0.37282383,-0.59182566,0.100158125,-0.227504,-1.0931195,-0.23476548,0.017859489,-0.017216126,-0.24847652,-0.40607166,0.2253375,0.08905669,0.17581154,0.19317941,0.2576991,-0.6277687,-0.40116978,-0.8836135,-0.3957132,-0.33491054,-1.5608149,0.13822289,-0.24563831,0.4604367,0.08907473,-0.47982362,0.030209025,-0.8792879,-0.16408269,-0.10364256,-0.32968453,0.15759663,0.36445078,-0.81575614,0.76909477,-0.019196788,0.48671126,0.07349803,0.47145304,-0.34468162,-0.2821369,0.14312322,0.055042863,-0.16470216,-0.09798273,-1.1865295,-1.6579775,-0.20046096,0.29612234,-0.115108095,-0.48900732,-0.8009704,-0.21288036,0.36953464,0.3201975,-0.5108648,0.18925513,-0.107277125,0.07741952,-0.628025,0.12458735,-0.13248746,-0.10789287,0.14405061,0.34239337,-0.35172042,0.42827868,0.224995,0.19298965,-1.5497385,0.000618726,0.47705516,-0.57009226,-0.20193146,0.0022140592,-0.16242729,-1.1549805,-0.16938621,0.4150214,-1.1321808,0.22457409,-0.038911838,-0.58439654,-0.38292518,5.6929626
Cyto_Granularity_15_ER,0.22504957,0.5917119,-0.095294945,-0.5844795,0.8837026,-0.18372406,0.039773818,0.11496273,-0.20820916,-0.03552729,0.18769152,-1.6556377,-0.1757211,-0.6267667,-0.38441136,0.2055449,0.10514748,0.068016,0.33677694,0.51449233,-0.045773167,0.54079896,0.56330776,-0.6041092,0.024017176,-0.32401812,0.2721351,0.3385149,-0.18252607,0.5152089,0.06428226,-0.051445287,-0.4661195,-0.080843434,0.030251822,0.29379085,0.47307333,0.39573884,0.24855407,-0.55709314,-0.061152007,0.3989502,0.30879763,0.063736685,-0.18215795,-0.033271965,0.080639414,0.3051611,0.21444397,-0.2493913,0.47012255,-0.777986,-0.019299677,0.07594501,1.2074103,-0.10488877,-0.26607168,0.2903543,0.20655668,0.74688506,0.15346248,0.18323094,0.30948535,0.025984665,0.5715589,0.14356315,0.19746153,-1.0071486,0.44873178,-1.2339165,0.2728474,0.12201085,-0.08408817,-0.05706488,0.053261388,0.14717871,0.04078722,-0.5151529,-0.006479462,-1.3993654,-1.8753217,-0.681259,0.37786177,-0.49757197,-0.17803544,0.113644324,-0.8558689,-0.040285118,0.46868443,0.21148644,-0.15977423,0.21690895,0.3806013,-0.044621523,-0.09764558,-0.5988652,0.47914,0.05932216,0.2373358,-1.6578431,0.71196586,0.51224583,0.9519847,0.44209877,-0.35131037,0.20981725,-0.14733635,0.046485096,-0.19760092,0.11048143,0.1629136,0.100417174,0.64733577,-2.1164365,-0.3654481,-0.27629015,-0.13611396,0.33683303,1.3850883
Cyto_Granularity_15_Mito,-0.011540264,0.6303274,-0.27546975,-0.28686514,0.919756,0.45027077,0.2519504,0.25958964,0.3133267,-0.19278689,0.41444257,-1.438641,0.024376467,-0.43260908,-0.15235867,0.1956179,0.30032116,0.13227737,0.009073813,0.22879796,0.14151014,-0.23605116,-0.05404785,-0.3282902,0.5497386,-0.4582677,0.16044521,0.03332172,-0.24611025,0.27269083,1.0800508,0.08513691,0.43714675,0.14561673,0.26218832,0.26599085,-0.16067688,0.3625594,0.08084572,-0.40603057,0.17269683,0.2841358,-0.08187041,0.026374599,0.08489237,0.14634098,0.13830404,0.25797722,-0.0040289364,0.28835312,0.26234645,-0.9432552,0.32067546,0.28964815,0.37446627,-0.087639414,-0.27168432,0.41639063,0.026944757,0.45446536,0.13389556,0.6943164,0.22036147,-0.02254799,-0.53238887,0.39143488,0.6046085,-0.3383082,0.35014772,-0.74875027,-0.0800907,-0.25776112,0.004449606,0.58063513,0.15871549,0.9538143,0.08692672,0.0051025003,0.3284299,-0.083867036,-1.3953809,0.01962342,0.56126297,0.053918798,0.35717452,0.20810401,-0.12647443,-0.17930613,0.61391395,-0.11352586,0.18508475,-0.04665039,-0.01623582,0.4352676,-0.5098826,-0.33534822,0.5986719,-0.13029997,0.45363083,-1.3346181,-0.059721585,0.28677535,0.39572763,0.85305166,0.41272846,0.13125932,0.022484526,0.6423402,0.055953976,-0.5528767,0.020121774,-0.4710571,-0.3104696,-2.0636938,-0.04513842,-0.35869113,0.17428698,0.21062203,1.2174801
Cyto_Granularity_16_AGP,0.46680534,0.28056413,0.07092929,-0.24966943,0.7176993,-0.38928983,0.0266456,-0.06661248,0.1339523,-0.14717239,-0.014320612,-0.1006997,-0.31889457,-0.10362017,0.39082894,0.6855611,-0.031282634,-0.26635167,0.57320315,0.597046,0.14074288,-0.22689636,0.2565345,0.06250213,0.07590989,0.53689414,-0.24002628,0.36413172,-0.18514061,0.4011364,0.6001658,-0.17789562,0.46031395,0.27379066,0.34868726,1.2048417,-0.1001727,0.18893503,0.48375425,-0.5153248,-0.31310976,0.24007247,0.75676274,0.4801379,0.07639245,0.18283921,-0.06836151,0.1652199,-0.16122161,0.70361686,-0.16759877,-0.6078461,0.05888033,0.33435544,1.7524084,-0.018984457,-0.18326867,0.18465488,0.16234004,0.36632124,0.17139252,0.5936464,0.25871047,-0.21861278,-0.1494487,0.4167498,0.61600554,-0.42557696,0.5728323,-0.08776596,0.15273009,-0.02176241,0.39841887,-0.005081753,-0.0752933,0.78127146,0.11664524,0.20541596,0.14245616,0.028538862,-1.5707103,-0.3682722,-0.18883725,0.11905422,0.76261526,0.4637804,-0.1326543,0.2176404,0.7007062,-0.40060195,0.42787305,-0.19620033,-0.088889696,0.65231055,-0.19320978,-0.24028063,-0.1797781,-0.17156923,-0.036470234,-1.3474026,-0.56009454,-0.23196165,0.2389412,1.4845686,0.34278616,0.10169793,-0.038587134,0.14509304,0.26804888,0.17529015,0.9279809,0.37517676,-0.07211429,-1.9462377,-0.37314096,0.08203813,0.259557,0.6980323,-2.1538725
Cyto_Granularity_16_DNA,0.26797697,-0.8291176,0.105647184,-0.356752,-0.5419822,-0.09222206,-0.049048375,0.07862067,0.48274752,-0.5958753,0.46657658,0.53362346,-0.10095328,0.12486579,0.29195002,0.5368904,-0.100687064,0.17372887,0.30472842,0.28695825,0.6563894,-0.34037626,0.052896023,0.0055685043,-0.2939252,0.7290841,-0.36948028,-0.53999215,-0.22435944,0.113700986,-0.5368623,0.5179427,0.041956276,0.5986165,0.28335902,-0.33575368,0.18238394,-0.39327073,-1.105398,0.31106302,0.16282192,0.15006925,-0.38852096,-0.38270426,0.28719535,0.33081874,0.61387384,0.28663132,0.123650014,-0.7047449,-0.27643812,-0.4779583,-0.6626589,-0.40490064,-1.417325,0.91172475,-0.06645771,0.2991062,0.23488557,-0.1604288,-0.037460227,-0.7763507,-0.27061942,0.13932793,-0.2616898,0.32267532,0.07273992,-0.056533635,0.09944242,0.23020498,0.10895153,0.69107765,0.04278544,-0.38622984,-0.2898587,0.03220709,0.5525808,0.10106778,-0.20065211,-0.98172003,-0.46307632,-0.124974154,0.40927216,0.20980136,-0.051303703,-0.7001319,0.14497155,0.11642581,0.91561407,0.13315499,0.8035471,0.072352976,0.40803382,-0.3956513,-0.129462,-0.49493453,0.16455586,0.79559255,0.48162234,-0.27084428,0.17231925,0.07576689,0.21408653,-1.1195889,0.4750584,0.40899274,-0.05830348,-0.2098484,0.52123857,-0.3268046,-0.7784838,0.28229392,0.37620994,-0.34601662,0.6544395,0.47057033,-0.19143207,0.43307543,8.282216
Cyto_Granularity_16_ER,0.5041958,0.65722746,0.14175163,-0.9515695,0.7852047,-0.3753611,0.26767966,0.057436723,0.20568417,-0.4526579,0.60089535,-1.4448357,-0.07155951,-0.52066535,0.792192,0.64491683,0.3543099,-0.38083276,-0.46389678,0.63139194,0.29629314,0.522389,0.68465376,0.11244309,0.38241658,0.22658111,0.17455079,0.6784821,-0.015494913,0.09192381,0.14562528,0.51024026,-0.13631223,0.48182288,0.29487053,-0.3925048,0.07749587,0.7684435,-0.33408335,-0.23075372,0.22656234,0.44322982,0.37261775,0.27173635,-0.21346594,-0.14572476,0.17999654,0.53565854,0.37014008,0.053133924,0.017945051,-0.48890707,0.04008418,0.4337705,0.49759856,-0.07444238,-0.3508937,-0.26068583,0.21565239,0.72676307,0.14206235,-0.091202654,0.24738431,-0.27519745,0.11271429,0.21660738,0.13911219,-0.35891786,0.8256679,-1.0469245,-0.17238289,0.21802485,-0.17093281,-0.16905846,0.21821828,-0.08411338,-0.075135365,0.17985378,0.36513662,-1.1555115,-1.2981906,-0.54103965,0.39384112,-0.39363417,0.17436743,0.75621146,-0.2114414,0.1934324,0.011102766,-0.34112313,-0.077513106,0.28784278,-0.21815024,-0.27876055,0.32754436,-0.20775747,-0.023416469,-0.0042541274,0.24207164,-1.1564959,-0.53325945,0.26014656,0.060517266,0.06515849,-0.4793836,0.13502395,0.5152707,0.26742628,0.072808005,0.44722667,0.3063911,-0.09179021,0.10690591,-1.8745303,-0.4714614,0.2037589,0.25651476,0.29033664,5.7679057
Cyto_Granularity_16_Mito,0.20783222,0.61159176,-0.077691056,-0.6850054,0.8878202,0.29304913,0.083452664,0.21931803,0.09381179,-0.4897388,0.5909807,-1.1647388,-0.120368324,-0.324311,0.022077322,0.42566523,0.6163925,-0.15730995,-1.0275085,0.33731723,0.20242439,0.37965646,-0.06279905,-0.23177743,0.4395009,-0.20478946,0.20916511,0.21346505,-0.4703271,0.014066577,0.6850014,0.19602825,0.49374476,0.25640917,-0.047232494,0.110480696,-0.010973145,0.6196342,0.06034835,-0.258054,0.1646652,0.45151356,0.5943267,0.09870893,-0.4527291,0.013824369,0.11048911,0.12639278,-0.26383415,-0.3296545,0.09488714,-0.39959285,0.11039007,0.39469984,-0.11165595,0.17208035,-0.68796986,-0.10023596,0.32433638,0.47823405,0.3797253,0.5087607,-0.41690874,0.048006166,0.31948003,0.71626353,0.5386305,-0.43552312,0.60447836,-0.835131,-0.13866915,0.12128866,-0.30912307,0.59442824,-0.19487746,0.7857525,0.26128292,0.39224374,-0.14144477,-0.8714132,-1.6834892,-0.47385994,0.10959697,-0.00425758,0.14676636,0.31791982,0.1392302,-0.16995506,0.25172842,0.043292638,0.23919767,-0.11617037,-0.0979622,0.19364662,0.315572,-0.051008165,0.2047532,0.42890367,0.4485804,-1.0669099,0.1351816,0.1742989,-0.099202715,0.0016458532,-0.025181137,-0.16923587,-0.09463736,0.167006,0.6722515,-0.5924767,0.6520297,-0.43315625,0.36656675,-1.7942387,0.21605575,-0.023952305,-0.0038805008,0.8747013,-3.1009653
Cyto_Granularity_1_DNA,-0.13001929,2.4739032,0.7976735,-0.19428937,1.2819493,-1.7310437,-0.042443644,0.07647989,-0.13364221,-1.259761,-0.22566493,1.0024685,0.36090624,-0.96916753,1.0896904,-0.20552619,1.045249,0.28216842,0.7010209,0.4215882,0.1126731,2.002476,0.3531352,-1.8506298,0.24547566,0.06387209,0.8931404,5.9181857,0.74581784,0.4334096,6.1269493,1.1313664,-0.23004793,-0.3326149,0.15388712,-2.652368,1.247547,1.7592363,-0.35503146,-0.41136232,0.11109626,-0.12398372,4.246717,0.82066107,-0.51948756,0.26498923,0.05598065,0.85669345,-0.16801094,-0.845545,3.1222026,-1.0559863,0.29541567,2.4484384,2.108877,-0.4460988,1.2012733,0.054254282,-0.08771899,1.5192317,0.29541656,4.531733,0.87768793,1.4316195,2.5484564,-0.3520855,-1.5571369,-0.80421215,-0.048922718,-1.6968871,-0.11234442,0.24992555,-0.21203464,-0.9064903,1.430987,-0.1718986,1.1574873,-0.0764244,1.1759193,-3.4111738,-1.4322786,-1.692362,-0.2946401,-2.927365,3.8510125,1.9970192,-1.1380368,-0.15734564,-0.0365323,3.2639542,-0.32699943,0.17368567,1.6165546,-2.1790464,1.0436165,-0.8645366,-0.33665308,-1.1606812,-0.64011693,-1.5404693,-0.8902219,0.011592835,-0.25559655,1.0450627,-1.267522,-0.26311705,1.2774968,2.6730015,-0.1508472,0.91429645,2.7969406,-0.4179542,0.12840664,-5.144176,-0.16408186,2.1385715,3.5589807,1.2315216,4.041675
Cyto_Granularity_2_AGP,-0.091548644,-0.37606278,1.5158321,0.5117142,-0.5978032,1.5559813,0.29436508,-0.3966618,-0.15221071,0.9058008,-0.0069411,-1.7301388,-0.119522095,0.10778912,-0.047677115,-0.2324696,-1.3438531,0.7816512,-1.5327398,0.006149411,0.088926174,-0.57027215,0.2887179,-1.2240349,0.5971088,-0.030648014,-0.1532862,-0.6426789,-0.539835,0.47834727,-0.7648692,0.22317342,-1.9023622,-0.28269637,-0.28682292,-4.7541995,-0.049606342,-0.15213577,2.9232235,1.0806161,0.29506177,-0.15578254,-0.88307303,-0.6196825,-0.0031678278,0.5079667,0.33157828,-0.31949386,-0.2734859,-4.1318955,0.15302135,3.0602505,-0.21550387,0.8724583,-1.7414268,-0.14059363,0.8126278,-0.007597598,-0.25440538,0.10739511,-0.52070063,-1.8536242,-0.5276392,0.36789927,2.9369965,-1.2105733,-2.3906558,5.3032503,-0.08633999,0.5666219,0.29945245,-0.17687713,0.31745765,1.0532488,0.6576584,-2.9193108,0.5033798,-0.36982906,0.3185912,2.7592833,7.4215236,0.87547845,-0.023764946,2.133127,0.07174421,-1.5329481,0.4366744,0.3062642,-1.2567984,0.37660775,-0.0032502015,-0.41463313,-0.30131137,-2.212998,-0.35893092,0.25543627,-0.11180375,0.5286518,-0.6306903,9.061988,-0.62025386,-0.25686744,-0.13986336,1.2324195,0.0920647,-0.40365863,-0.16010608,0.16482823,-0.36773446,-0.1263107,-0.3450183,0.4246831,-0.13561139,-0.9157085,-0.13937451,-0.63507336,0.20448951,-0.89841413,10.918312
Cyto_Granularity_2_ER,-0.2565061,0.6634285,-0.8128772,0.2902023,0.5079277,0.46812698,-0.44981351,-0.35404065,-0.38182846,1.783945,-0.1117278,-2.7357738,0.37182763,-0.67649287,0.52875453,0.22197263,-0.9192005,0.5297983,0.41077518,-0.18537718,-0.16731493,-1.0546395,-0.5975088,0.64339596,0.6443532,-0.035012417,-0.8145287,-1.8172183,-0.8335076,-1.372111,-2.199352,-1.7933307,-0.33089557,-0.09210864,-0.17632478,5.2133374,-1.775238,-0.5741911,8.453455,-0.30803418,0.2097468,0.088132076,-1.2682174,-0.6118219,0.3456757,0.3755494,-0.25138694,-0.3913325,0.058519866,-3.5684252,-0.3805118,0.7809524,1.1059097,1.2953142,-1.8114275,0.28795493,-0.5175832,-0.099248804,0.35824743,-0.8021341,-0.010382448,-0.20779173,-0.73261553,-1.2423378,-0.9327434,0.9935448,-1.3452891,7.2330194,-0.40707898,3.0578744,0.6430661,-0.07773377,1.4866642,0.9017768,-0.98277783,-1.4542867,-0.0057195923,0.07341309,-1.6882702,2.3066547,9.133126,-0.6890233,-0.0062863627,2.3399212,-0.66986585,-0.7084157,-2.0981169,-0.13890994,-0.1210498,-0.2616872,0.58415395,-0.18641655,-1.0353963,1.707451,-0.77988166,-0.72109604,0.053484116,1.291978,-0.1628746,10.311135,0.8304407,-0.3110647,0.36185524,2.4150486,1.1254429,0.20537151,-0.7243326,-0.96856004,-0.22929353,-0.97921246,3.2049751,0.23297457,-0.09428922,5.9645333,0.0644401,-0.5283222,-1.3055557,-1.8969225,-1.389484
Cyto_Granularity_2_Mito,0.20931768,0.8257584,1.3447905,3.1474085,1.2352427,0.23917176,-0.105950296,0.1944056,-0.29572344,0.98582345,-0.15141684,2.8220851,-1.3646752,-0.24754047,-0.5275642,0.08032764,-0.026235282,0.88060623,10.79666,-0.31371653,-0.3829114,-0.4548857,-0.8185487,2.243658,0.3138091,-0.034088675,-0.79798824,2.8302968,0.8678916,-0.8785491,-0.45818886,-1.4460845,1.1090435,0.28919652,-0.308702,8.682176,-0.8970935,-0.21623814,5.912525,2.7639656,-0.41452697,0.14478208,-1.3984729,0.85703,-0.26777834,-0.2412086,0.107663475,-0.5374778,-0.22040002,5.201989,0.34861997,1.3308691,1.7662944,1.3669003,9.838618,-0.3209816,1.3900458,-0.0693761,-0.6273077,-0.13508599,-0.19005097,-1.5394834,0.07109165,-1.5918756,-0.73411417,0.43406567,-1.6274468,3.6028109,-0.019244717,5.2433796,-0.263524,-0.16723013,-0.48731747,-0.3278439,-0.8777154,-2.6512668,-0.36252213,-0.15854055,2.6602492,3.3721974,3.7682126,-1.4913119,0.19011603,0.97538656,-0.12774235,-0.9588227,-2.384958,-0.26222977,0.1108254,0.099229604,-0.40553805,0.10979468,-0.5942703,3.199872,-0.25102517,-0.5762639,0.13029729,1.1590114,-0.15212758,1.5907454,0.7173147,0.34698892,0.54296666,1.6662804,1.137885,-0.23414902,-1.1973697,-1.5895885,-0.2919269,-1.2859993,-0.24224208,-0.4223796,-0.022047812,4.742638,-0.31648374,-0.7537263,-1.0437552,-1.243772,15.024549
Cyto_Granularity_3_AGP,-0.24417682,0.28147855,0.92159104,0.025333365,-0.125467,1.2676316,0.20064123,-0.32517013,-0.31692585,1.3291354,-0.12727636,2.581686,0.11294705,0.39436147,-0.27244222,-0.09276456,-1.1390475,0.3492795,-0.0045137405,0.20829506,-0.09979311,-0.31584063,0.32222012,-1.3840014,0.58121914,-0.11367769,-0.4223639,0.036084224,-0.24275844,0.27747205,0.63886756,0.19956975,-1.6025953,-0.30236468,-0.42970625,-4.459829,-0.38565838,-0.03052251,1.2314603,1.5244159,0.34018192,-0.33973673,-0.037261367,-0.33892074,-0.43565258,0.17060344,-0.15727527,-0.29020157,-0.47032285,-3.975262,-0.13236743,4.431154,0.22720718,2.079065,-0.37630427,-0.3082001,1.285968,-0.041480593,-0.66414225,0.19949579,-0.39748907,-1.3435339,-0.31095833,0.20176965,2.8938868,-1.2017844,-1.0705893,5.607529,0.12166753,0.5232161,0.3066616,-0.12316055,0.111557834,1.0300153,0.29837778,-1.4153334,0.5244295,-0.4360353,0.022685766,3.8750432,7.1692753,1.334978,0.25709954,1.7612368,0.49981442,-1.1333896,-0.055220407,0.2895677,-1.1309439,0.36354002,-0.25070715,-0.42904696,0.10816038,-1.011959,-0.55643314,0.4350284,-0.25131324,0.14042415,-0.7281193,6.120882,-0.563181,-0.5954233,-0.15380009,1.2352046,-0.71710366,-0.5483126,-0.13494913,0.7567157,-0.32120585,0.81181425,0.85442287,0.4274641,0.12865601,4.7810025,-0.28792754,0.10830014,0.19022302,-0.95715046,11.415436
Cyto_Granularity_3_ER,-0.30275908,1.2478298,-0.5630091,0.38283715,1.3572063,0.6494059,-0.20342918,-0.5166462,-0.5143811,1.5647961,-0.55523604,1.497681,1.0964242,0.6991616,0.85186267,-0.07950392,-0.78314525,0.23044689,5.6395135,-0.38376722,-0.23081605,-1.1396524,-0.5811319,0.06673869,0.39688745,-0.3594427,-0.2832704,-0.28357115,0.32719037,-1.0646839,0.42765984,-1.1946772,-0.27751204,-0.33059242,-0.27098513,6.041546,-1.5964452,-0.52682275,3.9104054,0.22671925,0.46058694,-0.08105493,-0.028381506,-0.40168235,0.20881654,0.35473898,-0.44080582,-0.43302044,-0.11008648,-3.281336,0.0023364376,1.110073,0.89983636,2.2224457,0.93060803,-0.23167817,0.35441485,-0.13226426,0.44788346,-0.057833325,-0.13236105,0.5190017,-0.30664647,-1.0576986,0.204799,0.2754376,-0.43431363,5.376408,-0.31711292,2.5490854,0.53521323,-0.30299637,0.9443832,0.75718147,0.44578242,-0.24989319,0.03726377,-0.52253836,-0.9741911,3.6157458,4.1107345,1.4129637,-0.31597754,2.29087,0.010984719,-0.404348,-1.181544,0.029026747,-0.68758327,0.5737764,0.50924444,-0.47581545,-0.53732246,2.599119,0.17485236,0.59137106,-0.09367163,0.7067365,-0.27966258,24.017076,0.57643306,-0.64041454,0.24190037,1.9255772,0.30528906,-0.026695848,-0.13078754,-0.11107717,-0.24015622,1.2745575,1.8728625,0.43268117,-0.19427812,7.1716886,-0.40238056,-0.12200957,-0.5983447,-1.2118348,-7.875192
Cyto_Granularity_3_Mito,-0.0076102414,1.4234796,1.1152296,2.4491682,0.94672704,0.22474241,0.080729865,-0.24294798,-0.38681433,1.4360938,-0.24287446,6.486547,-0.4247234,0.34287405,-0.14995976,-0.018945998,0.19921906,0.57962936,19.251108,-0.416935,-0.5003589,-0.71389645,-0.66591775,1.1098491,0.37402523,-0.3412899,-0.59116167,2.4535277,1.755277,-0.8986544,1.3306485,-0.95985556,0.5021745,0.13101621,-0.43630767,14.278417,-0.68704844,-0.23512447,3.0774353,4.7164273,-0.08907545,-0.16109262,-0.15340436,0.96944314,0.08020612,-0.26238754,-0.11675856,-0.81975883,-0.27085078,2.7833717,0.43250272,2.312012,1.31044,2.1739986,18.582224,-0.35888,1.314668,-0.39094985,-0.49323943,-0.14374053,-0.11830752,-0.25613874,0.14523621,-1.0987834,-0.12125554,0.020875415,-0.88553876,3.7271824,-0.29822966,4.5763135,-0.043952804,-0.056089927,-0.45526266,-0.064848945,-0.43090567,-1.080393,-0.53834146,-0.26924366,1.8210272,5.0737605,8.501189,0.780567,-0.07170438,1.5171498,0.2783562,-0.7306659,-1.67034,-0.06686856,-0.45237967,0.80026966,-0.17656328,-0.15027158,0.021687469,3.4801674,-0.10112685,0.18360698,-0.19158383,0.81862193,-0.23721737,4.792631,0.109951,0.06664452,0.3534269,1.6489948,0.65317005,-0.5080711,-1.0915886,-0.33806542,-0.38729283,0.48897305,0.9136773,-0.30906382,-0.28455302,9.179257,-0.26454285,-0.076209046,-0.4162687,-1.0030136,10.601816
Cyto_Granularity_4_AGP,-0.32402012,0.5247131,0.5772915,0.360297,0.3166525,1.6229988,0.42387113,-0.47950777,-0.30732682,1.2299583,-0.030786553,5.2906523,0.40086797,0.7382911,-0.048953366,-0.09403175,-1.0994065,-0.14574091,4.5877395,-0.04269451,-0.2846994,-0.5531464,0.041650046,-0.8978297,0.5642136,-0.4232305,-0.25607264,-0.08123423,-0.10083053,-0.23582685,0.8443025,0.008621867,-1.4061303,-0.33374417,-0.6716056,-2.8267567,-0.22502261,-0.048198458,2.590928,1.9656564,0.45930395,-0.39815974,0.60158557,-0.5016615,0.08665428,0.15092812,-0.26578832,-0.20732717,-0.6189628,-2.5093524,-0.1702354,3.711871,0.1974508,2.8776128,1.5441245,-0.11980762,1.30544,-0.5433945,-0.51640075,0.011535537,-0.44736245,-0.392465,0.010230581,0.04076292,2.1464865,-0.97677183,-0.29472184,3.7736127,0.119460255,1.1646761,0.2978543,-0.2885779,0.08463348,1.532308,0.35899225,0.05459255,0.30589405,-0.4656205,0.31249487,3.7519188,10.540081,1.5630628,0.02695776,1.6877338,0.38074842,-0.30763736,0.3746835,0.21961755,-1.1149904,0.15054329,-0.16470052,-0.42551887,0.29939547,0.38658404,-0.48550117,0.99160296,-0.21786451,-0.058192194,-0.2589831,9.821492,-0.9258351,-0.48475623,-0.094457544,1.7107984,-0.9006174,-1.0401806,-0.2946564,1.2355317,-0.29397622,0.98911303,1.4936147,0.3011358,0.09794425,5.321015,-0.60723466,0.085059784,0.33539975,-1.0021979,13.968667
Cyto_Granularity_4_ER,-0.4639872,0.6868169,-0.40845874,0.76677513,0.7606264,0.5322743,-0.008395612,-0.53584284,-0.6375606,1.188254,-0.7044401,3.914621,0.89401436,1.524937,0.8323493,-0.07380858,-0.50782484,0.79757977,7.312971,-0.43584704,-0.44607592,-0.81295913,-0.29871243,0.086258315,0.0537023,-0.7296903,-0.32543242,0.4033793,0.8058059,-0.8268289,1.0869513,-0.5954723,-0.29832715,-0.46887922,-0.3750943,5.4074006,-1.0948068,-0.44782805,3.5907898,0.6762627,0.27045593,-0.49237952,0.32685134,0.18806688,0.44285473,0.067281775,-0.30922553,-0.44597337,-0.33872652,-1.8696235,-0.10100428,1.5892214,0.3131204,2.3310478,2.142776,-0.20772439,0.75455904,-0.5326508,0.60432607,-0.18367721,-0.32858524,0.6020117,-0.18032284,-0.75078183,0.22610343,0.60269946,0.6283651,3.8211033,-0.48688245,2.0931213,0.3095665,-0.3982505,0.42992654,1.4913116,0.62806517,0.7090525,-0.3221468,-0.2886124,-0.64278746,3.3324244,9.643508,1.5696934,-0.47343895,1.7395293,-0.2813578,-0.49854198,0.012955626,-0.15971334,-0.49636427,0.3068918,0.50829464,-0.27814516,-0.5104814,3.077894,0.22681,0.840539,-0.28064427,0.8329269,-0.102203995,9.887612,0.70978385,-0.6879365,0.27158126,1.4128021,0.5810284,-0.053829234,-0.1663981,0.26852086,-0.35484377,1.3032258,1.1808996,-0.029784441,-0.44621506,8.061467,-0.49535146,-0.1819487,-0.35780072,-1.002375,17.029388
Cyto_Granularity_4_Mito,-0.115148015,1.0871751,0.40070295,2.058357,1.2014169,0.22931397,-0.058517832,-0.4589912,-0.348354,1.2272664,-0.2984523,8.345021,-0.28010467,0.47548,-0.23395406,0.05781294,-0.41992876,0.7523733,13.966851,-0.35482988,-0.51154155,-0.50626004,-0.73705107,0.6028277,0.4075309,-0.58421546,-0.21632671,1.8023101,1.0241402,-0.94864464,1.9217439,-0.653833,0.29719245,-0.105447374,-0.5365803,11.820798,-0.50348836,-0.4508327,2.2777026,4.860042,-0.14643641,-0.2177171,0.33964685,0.48971692,0.26072553,-0.24365608,-0.20634858,-0.68240863,-0.23692803,1.2589616,0.16410486,2.4635897,0.72010535,2.6664307,13.519288,-0.19784488,1.373032,-0.08687431,0.0159564,-0.24171042,-0.14186667,-0.053950567,0.16339417,-0.79707843,0.46449986,0.73741585,-0.11681372,3.016344,-0.41674614,3.6832936,0.1250689,-0.3410069,-0.009769906,0.80732924,-0.2821188,0.073265396,-0.451696,-0.38271204,0.95247775,5.3647456,5.2277007,1.6261854,-0.057809323,1.3806133,0.065597035,-0.5510798,-0.47241578,0.3500248,-0.77047235,0.7583135,0.20597255,-0.08548081,0.14490093,3.4794009,-0.11967925,0.6707144,-0.26993373,0.5990324,-0.20305848,2.5850253,0.45931074,-0.1421601,0.2650492,1.7379899,0.44698754,-0.50064814,-0.6803465,0.5929201,-0.7691271,0.8812813,1.5810118,-0.3866469,-0.33774412,8.332649,-0.5257647,-0.1489319,-0.042445403,-0.78345984,8.58144
Cyto_Granularity_5_AGP,-0.3507085,0.4012191,0.5170979,0.762207,0.3487871,1.4920238,0.4633468,-0.4359524,-0.32610953,1.0302078,-0.28354833,6.127277,0.5443386,0.9777405,0.34870473,-0.27941525,-1.2243235,-0.30074623,7.653937,-0.29098746,-0.0060128816,-0.38773513,-0.10897126,-0.7689445,0.3958335,-0.38579467,-0.3400474,-0.14915682,0.1434235,-0.59474784,1.3192593,0.055578265,-1.0262655,-0.13296223,-0.6525883,-0.158161,-0.30194315,-0.46476126,4.715078,2.1514332,0.40884474,-0.30083507,0.57412297,-0.2782013,0.0044772425,0.041540187,-0.40889883,-0.18323155,-0.6783388,-1.3129324,-0.43122438,2.966808,-0.11974875,2.8082259,2.8487558,-0.21842901,1.196882,-0.11425843,-0.20011038,-0.09378442,-0.49628496,0.027040094,0.12356327,0.23320323,1.7240458,-0.7897479,0.45343164,4.415329,0.13612916,1.9141711,0.0037927825,0.05111124,-0.06445631,1.9648113,0.21308334,0.875685,0.31184688,-0.5496409,0.08815396,3.7742565,21.690302,1.6558247,0.13991982,1.8520819,0.4378555,-0.566511,0.20415007,0.078927346,-1.0246106,0.44192886,0.17248352,-0.39760587,0.13919921,1.169451,-0.27683237,0.94856906,0.040096313,0.037249643,-0.22294815,7.921471,-0.29474005,-0.545518,-0.09530467,2.4616942,-0.87166643,-0.73827416,-0.67583567,1.2661886,-0.56135756,0.431178,2.0067208,0.026947478,-0.03818659,11.626579,-0.44644818,-0.31108108,0.10415,-1.0445863,6.318405
Cyto_Granularity_5_DNA,0.038867872,0.4543425,-1.5318638,-3.6936266,2.3442347,0.56096256,0.4507211,-0.41543937,-0.2816055,0.973357,-0.479398,4.04791,1.2139583,1.9773507,-2.5180452,-0.14456163,-0.48754624,-0.29000035,10.184565,-0.5791916,-0.5538872,-0.9710739,0.11198924,1.0700071,0.14695813,-0.095929,0.81321263,-2.988324,1.1048697,0.80172795,-3.1734552,-0.3670974,-1.1161278,-0.33126935,-0.024631262,-1.663417,-0.55855733,0.45632306,7.970688,6.558699,0.083077885,0.024147706,-3.836178,0.14023568,1.2102073,-0.32718456,-0.4756883,-0.11296765,0.13470578,-2.7853377,-0.3719388,1.6417862,1.0853306,-1.5356826,3.2896671,0.22349708,-2.2324188,-0.19472702,1.3061503,2.0466902,-0.040825088,-3.5617712,0.3545159,-0.7041647,-2.1132815,1.666387,-1.6821209,4.72156,-0.2133938,-1.8494692,0.2921388,-0.02779539,0.9255352,2.3985896,-0.17687766,-2.2432477,-1.3208224,0.08157944,-0.52279615,8.476218,21.303976,3.8005402,-0.26207152,2.8735702,-2.1468933,0.8133113,-1.6520995,-0.12746812,-1.3557805,2.2323022,0.43541196,0.20483899,-1.95565,5.4190917,-0.4700451,0.9964078,0.024873117,0.40435597,-0.217,21.48443,0.105246864,-0.6586718,0.88886935,7.5219636,0.2440228,-0.43136403,0.43583536,-2.9293022,0.04568891,1.8859402,-1.6164154,0.13342725,-0.026755074,28.713156,-0.1402234,-2.4909432,-0.11553975,0.7860052,5.8407216
Cyto_Granularity_5_ER,-0.6456625,0.35642707,-0.2252537,0.9495845,0.51615894,0.82486886,0.10801599,-0.73176986,-0.4466617,0.943772,-0.5383144,4.1533017,0.10255331,1.3819691,0.5955748,-0.16615702,-0.6264938,0.88609,4.3583302,-0.39483318,-0.70823854,-0.7159231,-0.32826465,0.41832528,0.31146187,-0.5860715,-0.3943378,0.31287184,0.4178956,-0.7919932,1.1587445,-0.42385802,0.09747524,-0.40245676,-0.42939147,3.1451132,-0.5712926,-0.52409464,3.665221,0.5288494,0.11573901,-0.4828606,0.23471199,0.15299416,0.52686137,-0.08660629,-0.28273243,-0.5460522,-0.23497726,-1.4877497,-0.031991098,1.2320845,-0.1443768,1.7177277,2.2462456,-0.3256398,0.88106585,-0.45470285,0.23054619,-0.1306691,-0.21734405,1.000443,0.040523548,-0.79108566,0.18845248,0.6609086,0.48477963,3.2520688,-0.24653143,2.3393075,0.350968,-0.27933183,0.2927547,1.9816443,0.19034414,1.248583,-0.24849744,-0.5260468,-0.011662394,3.1404705,13.623685,1.5195767,-0.40488175,1.5331388,-0.22110438,-0.45983198,0.38238433,-0.05514686,-0.6990488,0.313843,0.65744644,-0.5546938,-0.50937927,2.619549,0.09497752,0.75180835,-0.35375085,1.107165,-0.1764275,-0.5387251,0.21187842,-0.5112539,0.20313239,1.7609593,0.70528275,-0.04217726,-0.50910217,0.10982245,-0.28971526,0.39914727,0.9535671,0.10570941,-0.38615716,9.231807,-0.05594416,-0.11251504,0.020368716,-0.7346811,2.7228467
Cyto_Granularity_5_Mito,0.075027466,0.50541496,-0.035502225,1.4237099,0.41284823,0.13800481,0.11002328,-0.67846584,-0.35374227,0.96539044,-0.31407282,7.596855,-0.3218458,0.3848053,-0.2320504,-0.123028606,-0.76725006,0.54177916,7.503489,-0.47623876,-0.53628194,-0.49834204,-0.48687944,0.21486336,0.406903,-0.32064044,-0.32544473,0.81847256,0.78911954,-0.76595336,1.7735761,-0.59130764,0.24957657,-0.06796769,-0.42813253,7.307405,-0.41666165,-0.85467535,2.0541124,4.989675,-0.05078718,-0.2863393,-0.17882131,0.55018634,0.4106637,-0.28835216,-0.081808686,-0.5734884,-0.3073245,-0.09287349,0.29613063,2.075839,0.42352226,2.1769412,7.1930943,-0.52185756,1.1818689,-0.4137533,0.004473815,-0.13588417,-0.6277079,0.324917,0.15726578,-0.763972,0.5127237,0.1558976,0.12588143,2.650497,-0.26021403,2.6153228,0.3001903,-0.18809204,0.028098881,1.2412254,-0.24560732,1.0007464,-0.46924758,-0.5217397,0.28000137,4.5627246,8.72427,1.9613838,-0.02435954,1.1176444,0.23260005,-0.4211459,-0.65845114,0.20549817,-1.187864,0.8298788,0.61268735,-0.041437376,0.18738377,2.5969486,-0.19378449,0.66453576,-0.26011756,0.7184399,-0.024570031,1.9595304,0.24304266,-0.11469989,0.2652578,1.5862302,0.33190018,-0.5936923,-1.0590678,0.56004614,-0.3782624,0.46492943,1.7160263,0.116995424,-0.12077548,6.8813844,-0.21424134,0.12650423,-0.10279366,-0.80105597,-0.9258137
Cyto_Granularity_6_AGP,-0.11006033,0.15361236,0.6335951,0.71650505,0.67529243,1.3642869,-0.11459849,-0.4965712,-0.37119007,0.57965726,-0.1342563,5.9239182,0.4326911,0.7252738,0.2342643,-0.09059223,-1.1397405,-0.33767614,12.268471,-0.26390648,-0.38457072,-0.75468636,-0.14802043,-1.0059104,0.39389363,-0.5521979,-0.31380844,-0.29051414,0.5886865,-0.4940351,0.81077313,-0.17829569,-0.5934971,-0.26887187,-0.61877483,1.5154696,-0.5070389,-0.62684643,6.7039475,1.8415138,0.5353648,-0.47442508,0.48151675,0.13187666,0.06016476,0.16925693,-0.42545417,-0.56172967,-0.6337758,-0.778456,-0.42109442,2.37861,-0.022977585,2.1146877,4.288164,-0.30238292,1.3273517,-0.43797064,-0.25064823,-0.25756428,-0.40760002,0.08670193,-0.06501665,-0.1852678,1.6826582,-0.48951268,0.6456882,4.125979,0.11273866,1.705273,0.16026853,0.14826605,0.19787943,1.887093,0.12028804,1.4213787,-0.104665,-0.29719257,-0.06958771,3.0700543,15.771248,1.3296905,-0.38144842,1.5809007,0.28715035,-0.5179396,0.16149497,0.185318,-1.1375837,0.37842074,0.2637076,-0.61040276,-0.2405647,1.129578,-0.173486,0.8609827,-0.3599105,-0.2847438,-0.21670444,3.475064,-0.6089154,-0.3780818,-0.39491045,2.201748,-0.8674815,-0.4779613,-0.60660493,1.1757566,-0.21500123,-0.014949213,2.0597818,0.26064304,-0.20345636,20.668106,-0.5603582,-0.09095377,-0.13836013,-0.88555837,22.606272
Cyto_Granularity_6_DNA,0.14487037,1.2731816,-0.7349179,-3.1040165,0.9415946,-0.68395996,-0.05560894,-0.45591068,-0.22513515,0.47496977,-0.33904278,5.949936,0.33360434,0.24463785,-1.3594419,-0.034553636,0.31192356,0.027098766,8.167946,0.105051436,-0.15263654,-0.51926535,0.17841749,0.6098575,0.21320672,8.802613e-05,1.3599529,-1.3404918,1.3037783,0.65526265,-1.2709888,-0.16090749,-0.7220784,0.10018059,0.113256454,0.6662563,-0.32316566,0.79308754,2.8571146,1.3647875,-0.11537585,0.08525779,-2.1896842,1.0535604,0.3843576,-0.11100132,0.18024921,-0.046629548,0.4553286,-1.1842784,-0.3732961,0.32265756,0.52793646,0.5823056,4.9324117,0.1613084,-1.1685252,-0.19949631,0.2025013,1.7278644,0.058296967,-0.69547445,0.6435216,0.037701566,-1.389129,0.7183148,-0.57452935,0.36499143,0.02527301,-1.2614502,0.46192455,0.026416758,-0.062426817,0.726933,0.30512914,-1.2065254,-0.7084181,0.22615606,-0.43948653,2.9910142,5.02772,1.7438736,0.21919201,0.38781253,-0.43508682,0.47029582,-0.4182352,-0.123177506,-0.46626508,1.3094907,0.048321903,0.4634525,-0.75521404,1.9961863,0.010596414,0.53824013,-0.016890654,-0.20787878,-0.014008571,4.306741,0.36771226,-0.28400275,0.41469896,2.950538,-0.2560281,-0.09704854,0.57215124,-1.4646763,0.1470109,1.0198798,0.46024135,-0.10899571,-0.1407886,11.790542,0.3380939,-1.0122837,-0.63705283,0.45727864,-3.3705235
Cyto_Granularity_6_ER,-0.3313928,-0.014562528,0.14320321,1.1399751,0.5086465,0.7384381,0.084765814,-0.9583557,-0.5816713,0.51172525,-0.23084532,5.169362,0.35944965,0.5911447,0.45155716,-0.35219693,-0.6654131,0.53441435,6.351846,-0.23555833,-0.4264976,-0.85542923,-0.4341048,-0.30452982,0.39768556,-0.56826425,-0.55709726,0.22756447,0.41051555,-0.5664505,1.0985622,-0.39249215,0.20405634,-0.28272378,-0.6772788,1.8538204,-0.57130325,-0.7253869,3.255846,0.102140285,0.30745843,-0.25312588,-0.17158683,-0.09030703,0.20707023,-0.0337517,-0.087351836,-0.6943226,-0.17450511,-1.4123154,-0.19912057,2.2035985,-0.18238437,1.4840775,1.7754806,0.121321686,0.9776396,-0.25557095,0.35945165,-0.40204868,-0.15416293,0.7276947,-0.0006808837,-0.66036123,0.23463638,0.3834995,0.71526074,3.7351816,-0.15627769,2.0489552,0.41643062,-0.36273018,0.40316284,2.162015,0.041480083,1.362024,-0.27815956,-0.6430895,-0.43223873,2.955512,11.101552,1.3618908,-0.22434016,0.98026615,0.025803953,-0.27992025,0.0065968432,-0.14011745,-0.68401,0.49444094,0.5781801,-0.4762157,-0.031614434,2.272482,0.34374353,0.18514355,-0.33217454,1.0084819,-0.42164788,4.163152,0.25708807,-0.6170225,-0.120134376,1.8136263,0.596122,-0.28431422,-0.2992722,0.07566484,-0.66223854,-0.17329371,0.86686355,0.27373955,-0.46348408,21.280666,-0.45840517,-0.142402,0.04816364,-0.6753797,7.2624726
Cyto_Granularity_6_Mito,-0.23408456,-0.15692438,-0.059967577,1.2487334,0.28650352,0.036599424,-0.06553441,-0.44670224,-0.070976,0.586295,-0.6728856,7.2215233,-0.3656293,0.56069094,-0.2077917,-0.2648475,-0.78020495,0.47503027,7.2685637,-0.6140408,-0.5601368,-0.6529532,-0.53532743,0.45990837,0.026625872,-0.5046356,-0.7629742,0.22524859,0.44294202,-0.35594055,1.1425542,-0.72477865,0.36199096,-0.10002023,-0.6261083,3.301459,-0.074341156,-0.7731053,2.0587113,4.604351,0.21166956,-0.22957252,0.06705805,0.38880715,0.9634382,-0.43819642,0.14558806,-0.45928645,-0.49793306,-0.49653876,0.16944742,2.1424792,0.21396841,1.1797566,3.7964756,-0.21046595,1.0821738,-0.58564717,-0.08402113,-0.29420757,-0.48510608,0.06562206,-0.14252765,-0.46751514,0.38070056,-0.37213126,0.7399563,3.1731846,-0.06726957,1.9261303,-0.09535428,-0.31371492,0.18661082,1.6473998,-0.21148913,1.7841481,-0.29664198,-0.5269479,0.1242758,4.109087,10.580663,1.9044584,-0.14345863,0.9781086,0.117153734,-0.4431522,-0.63237625,0.36379805,-0.77202314,1.1023602,0.54560995,-0.15993054,-0.10277555,1.1817814,-0.07300047,0.23814237,-0.07778364,0.6586821,-0.12947103,15.509331,0.30128363,-0.26703313,0.062163103,1.0670426,0.055218417,-0.4367114,-0.847272,0.4008672,-0.38296023,0.11781304,1.8878627,0.12853435,-0.18380773,15.9012375,-0.29702643,-0.034076978,0.15807103,-0.9858734,17.477262
Cyto_Granularity_7_AGP,-0.32001624,0.16650538,0.29094046,1.0795046,1.1805657,1.2433392,0.15667407,-0.33841208,-0.06312399,0.6480031,-0.21582407,6.33223,0.06874017,0.789536,0.260803,-0.1490313,-1.4250816,-0.3834419,13.483272,-0.2058605,-0.20061271,-0.7280655,-0.4686381,-0.7713124,0.09415325,-0.20282947,-0.67532736,-0.21244657,0.75717455,-0.7061723,0.95603323,-0.112135,-0.5551017,0.4898477,-0.6658726,3.261055,-0.43124303,-0.46728888,8.251569,1.6523408,0.33096084,-0.3481433,0.8356225,0.19154085,-0.27474368,-0.056705516,-0.4663832,-0.09872433,-0.61671954,-0.09425557,-0.24101917,2.325123,-0.35736164,1.705252,5.1360373,-0.04843137,1.0623692,-0.076811545,-0.022426764,-0.5104539,-0.8116023,0.2773166,0.43418655,-0.60247225,1.4321461,-0.79900193,1.414075,3.622553,-0.050094306,1.8184084,0.13008408,0.092271976,0.32941976,2.1320343,0.079765774,1.6903349,-0.16457488,-0.431921,-0.21387728,2.93094,28.181421,0.88485247,0.17391844,1.0600429,0.20078176,-0.14627153,0.35670194,-0.010069728,-0.96043587,0.2668644,0.09255028,-0.4274859,0.08805276,1.0154253,0.1786413,0.7840714,-0.6229243,0.17609479,-0.12806447,13.119662,-0.46650013,-0.39247093,-0.23408902,3.1684253,-0.7777531,-0.43510285,-0.566207,1.1439834,-0.56035393,-0.02735126,1.5202869,0.12648709,-0.49616942,21.95759,-0.43395498,-0.39053217,-0.02391094,-0.69175816,22.681862
Cyto_Granularity_7_DNA,0.22778141,1.1896517,0.0062812767,-0.062165737,0.018601418,0.083778135,0.23992603,-0.08143339,0.0040796003,0.45857835,0.22513987,3.8282776,-0.27798587,0.080474444,-0.0110920565,0.014445774,0.22795689,0.17820586,2.8823948,0.026209006,0.1398395,-0.78236765,-0.3906219,0.40192738,-0.02304171,-0.2804375,0.5427317,-0.09331524,0.95098716,0.026193844,0.7551287,-0.06517307,0.12497115,0.13688867,-0.15294637,2.0690265,-0.14313638,0.12939054,0.3090328,0.07910458,-0.28712004,-0.103766024,-0.0003135403,1.0147815,-0.24829024,-0.23851852,0.301395,-0.22510903,0.160272,1.4571491,-0.8394346,0.85430026,-0.035779018,2.2713232,3.836116,-0.1538567,0.16979356,-0.1621757,-0.5424579,0.57983947,0.15147866,1.0560584,0.16964191,0.29626504,0.057039957,0.04841115,1.0460883,-0.104927205,0.03300181,0.5407577,0.07595506,0.19036461,-0.44740796,0.46280333,0.05883177,0.123335265,-0.4277886,0.16732939,-0.024675539,0.9227309,1.2335618,1.1659497,0.16282304,0.05342291,0.7183935,-0.09347323,0.9716634,-0.13364205,-0.012707561,0.35041583,-0.462567,0.45226404,0.3537681,0.6337051,-0.27020064,0.45608273,-0.28532007,-0.22694802,-0.014640073,-1.084308,0.13230203,-0.038042605,0.32174274,0.030789992,-0.5518764,-0.042700056,-0.051373508,0.5254872,-0.015904585,0.27999565,1.4435056,-0.029426912,-0.044065133,3.836071,0.0929169,0.5274699,-0.78732896,0.19146562,0.69088095
Cyto_Granularity_7_ER,-0.3228735,-0.33674946,-0.0730283,1.2601999,0.34717312,0.797399,-0.0968828,-0.37186024,-0.19002569,0.6849363,-0.40130338,7.135248,0.38215902,0.82732505,0.2617632,-0.3665117,-0.41226932,0.778677,9.006362,-0.61167186,-0.4824555,-0.5850386,-0.49447837,-0.40492955,0.1927505,-0.60355896,-0.6293786,0.22336757,0.6953562,-0.587074,1.4792953,-0.5572615,0.20497923,-0.3685156,-0.6786485,1.266823,-0.27560186,-0.7590108,2.6190395,0.7216947,-0.06830517,-0.3381364,0.24822266,0.18378806,0.61020327,-0.37140384,-0.25841796,-0.6114803,-0.394001,-1.0797106,-0.055513244,3.2455194,-0.29642782,1.196198,1.767077,0.06522783,0.8330427,-0.26573575,-0.011281502,-0.83854413,-0.38690042,0.8298227,0.21277137,-0.4457252,0.38413128,0.28274897,0.83135843,3.0841706,-0.392701,1.1828063,0.033205185,-0.64329505,0.58855605,1.5948238,-0.16049702,1.5673765,0.12132374,-0.49450478,0.12666172,2.1632273,23.20404,1.3872102,-0.20338748,0.6019004,0.22403707,-0.8657961,0.030964375,-0.41852832,-0.28837574,0.99944395,0.7134273,0.18217473,-0.3512359,1.7331408,0.19738822,0.2687131,-0.24942817,0.77000284,-0.25545487,16.58996,-0.1094375,-0.40315035,0.17906697,1.9540777,-0.037866175,-0.27212358,-0.60424656,0.2035548,-0.6600241,-0.11486123,1.119561,0.16269292,-0.55474955,10.66513,-0.30809322,0.21375924,-0.13051017,-0.75633144,16.66452
Cyto_Granularity_7_Mito,0.056704562,-0.15867229,-0.40230677,0.75252086,0.27902117,0.3797865,0.16939288,-0.5621639,-0.24381919,0.45394778,-0.6592498,8.003383,-0.07611623,0.31164196,-0.4084017,-0.30536294,-0.6489412,0.9304674,10.339479,-0.602958,-0.26198334,-0.44482243,-0.54358095,-0.02761876,0.43802497,-0.8295297,-0.6681416,-0.19060548,0.8627506,-0.5661537,0.9152753,-0.4317328,0.36085013,-0.07650592,-0.4996941,2.3673975,-0.31396022,-0.81083417,3.4712963,4.299922,-0.14110522,-0.6368265,0.20442964,0.20036554,1.1830608,-0.3779964,0.16941331,-0.34999847,-0.4658835,-0.4356866,0.31409723,2.3755515,0.38886544,1.047192,3.8154433,-0.49197745,0.52582675,-0.74803734,-0.07935183,-0.3147755,-0.45401692,0.2494266,-0.4663612,-0.5889527,0.73505384,0.02464812,1.2701539,2.8848855,-0.26541892,1.2463522,0.2224406,-0.41493765,0.27248472,1.5280886,-0.11759376,2.0377576,-0.09929279,-0.592704,0.024876079,3.748207,23.182991,1.6631883,-0.3783956,0.7580338,0.17713268,-0.6406207,-0.449214,0.3435024,-0.55117506,1.4229883,0.50968605,-0.38303033,0.7612252,0.8352526,-0.013571024,-0.046313703,-0.55239564,0.35928056,-0.49113563,23.316935,0.3899201,-0.2549081,0.31190315,1.4862112,0.43014467,-0.11639015,-0.8637092,0.2621217,-0.25914705,-0.26477456,1.8511286,0.2609628,-0.2938309,12.1559,-0.13195576,0.18799049,0.39029285,-0.7392121,9.592837
Cyto_Granularity_8_AGP,-0.014869203,-0.32861832,0.038458485,1.0695263,1.0712218,1.083778,-0.2726452,-0.2880344,-0.3858153,0.38211188,-0.4551958,6.1331887,-0.03144191,0.501911,0.42275372,-0.23143142,-1.1479796,-0.41057095,13.861427,-0.5015707,-0.24666344,-0.4421554,-0.39827225,-0.7508827,0.19379197,-0.030593306,-0.70981556,-0.094836384,1.7324024,-0.24882811,1.0067748,-0.2544216,-0.29622933,-0.059206452,-0.8355074,4.2765203,-0.22034667,-0.587632,9.685159,1.3225702,0.4955673,-0.4244156,0.9191432,0.26990578,-0.31731293,0.3725513,-0.1961497,-0.33114138,-0.35866866,0.5744617,-0.37591347,2.1687458,-0.10588413,1.3546071,5.5118375,-0.15651552,0.86675984,-0.113273,-0.4393209,-0.46358976,-0.3365376,0.34910187,0.54720765,-0.23578924,1.0490037,-0.566402,1.1565174,3.7656415,0.084340654,1.4664856,0.26586285,-0.050647657,-0.020835012,1.891776,-0.052637607,1.7024326,0.025201162,-0.76410586,-0.28647944,2.3623924,16.71712,0.90860826,-0.14952673,1.0548776,-0.13721563,-0.35230914,0.49134734,-0.38043642,-0.9718683,0.046307247,0.20087104,-0.31723395,-0.47815073,0.91480756,-0.12372929,0.49623856,-0.27216122,0.14353955,-0.16737477,13.303246,-0.44547644,-0.31539577,-0.037194565,2.9829104,-0.40893152,-0.17417455,-0.6843896,1.4351759,-0.43794236,-0.31478915,1.2305042,0.0500138,-0.027264595,16.008307,-0.15802151,-0.29557785,0.22687061,-0.7499574,14.272222
Cyto_Granularity_8_DNA,-0.23090856,0.71828634,0.038232177,1.0473313,-0.63624907,0.74183196,0.35017458,0.05396986,-0.13498513,0.26215836,0.24934673,2.4222682,0.019740129,0.12021964,0.015747508,0.01708307,0.040153246,0.42354462,1.4947157,-0.04257049,0.02732574,-0.83366567,-0.1827653,0.16786683,0.079182245,-0.16318928,0.023923779,-0.028526941,0.23013902,-0.22248079,0.7886365,0.2529948,0.0041778833,0.47264656,-0.101195775,1.8536482,-0.21947615,-0.84093356,-0.7212398,-0.7751171,-0.34036914,0.061544314,0.4002603,0.42326012,-0.5663435,0.045872584,-0.18271653,-0.31583956,-0.20633577,3.0390418,-1.1045774,1.3547415,-0.038869638,2.1126158,2.0601926,-0.49452594,0.9263831,-0.51604563,-0.7690274,-0.409169,0.43680525,0.608293,0.00797383,0.18362434,0.6168249,-0.21423459,1.1997403,-0.24952812,-0.30766597,1.6598339,-0.5095373,0.092694044,-0.37972865,0.8508546,-0.15387152,1.0272372,-0.025410743,-0.048042238,0.17757593,0.16587819,-0.05137682,0.62327915,0.10491919,0.6505363,0.7712284,-0.6692154,1.479805,-0.1845526,-0.36209908,-0.62235796,0.08229142,0.37077188,0.37120056,0.2954611,0.025235415,0.39070407,-0.1427138,0.18770401,0.58330846,-1.7354866,0.37124905,-0.087919176,0.22345231,-0.7728982,-0.31476343,0.1613249,-0.5918345,0.82653284,-0.2526649,-0.6715474,1.3603598,0.14213632,-0.17701371,-0.3838776,-0.115146935,0.49460277,-0.81990975,-0.037967548,1.3992696
Cyto_Granularity_8_ER,-0.12303095,-0.2729737,-0.2182548,0.45045578,0.43595946,0.52181464,-0.26032427,-0.7630808,-0.29236808,0.5402592,-0.059583023,6.1303487,0.14254868,0.51022726,0.31484348,-0.19897623,-0.63713133,0.18714374,7.5265746,-0.18244387,-0.247432,-0.8373104,-0.54128593,-0.82750636,0.09962235,-0.3394834,-0.95125914,0.15080406,1.0461564,-0.30211455,1.3075033,-0.31105688,0.13725655,-0.4921724,-0.14138113,1.6093588,0.07177199,-0.60413694,2.5258143,1.093462,-0.09883962,-0.20097403,0.048649818,0.81070876,0.36516407,0.13869572,0.013145109,-0.48071694,-0.4868727,-1.0011172,-0.08200622,3.477625,0.46800628,1.0419724,2.4177265,-0.40558624,1.0898827,-0.39101896,0.27755842,-0.7661496,-0.52526367,1.3489852,0.0858485,-0.44719473,0.66444653,0.065259986,0.95761204,3.0034306,-0.09542967,1.3317496,0.15157226,-0.5262651,0.03701526,1.1654942,-0.15157472,1.308117,0.06237151,-0.442675,0.25096273,2.2223117,7.9637375,0.92572993,-0.50077516,0.5312027,0.048891295,-0.13682647,0.23584215,-0.017915374,-0.1470535,1.1453615,0.45523202,-0.4285129,-0.26510748,1.2253405,-0.039830077,-0.068007015,-0.36093816,0.018389514,-0.2701279,7.204481,-0.34049118,-0.7406881,0.2582291,1.6886945,-0.06687957,-0.23638166,-0.4295353,0.5486665,-0.65386814,-0.27055815,1.2421198,0.0037670534,-0.07736359,5.2874684,-0.23853816,0.28273264,0.013180643,-0.73462653,7.2868423
Cyto_Granularity_8_Mito,-0.026427478,-0.4056975,-0.023736706,0.45185223,0.6671578,0.3145365,0.018432528,-0.29368696,-0.6091623,0.5293626,-0.3122621,5.784269,-0.16012956,0.38966918,-0.06936782,-0.37794504,-0.8471419,0.6556994,9.364256,-0.5340015,-0.48229346,-0.2625621,-0.66925645,-0.35429922,0.20299752,-0.21691166,-0.55861264,0.16876024,0.22922496,-0.21296258,0.90083814,-0.606672,0.12625682,-0.12894605,-0.37590754,1.6380583,-0.4280883,-0.5434802,4.3083515,3.519945,-0.24980217,-0.40683332,0.7208993,0.1483017,1.1187724,-0.5245976,-0.3058149,-0.39300546,-0.26675302,0.61416906,-0.14903979,2.4433556,0.45689097,1.1614385,4.021479,-0.47231546,0.35072246,-0.26095033,-0.43533334,-0.51356083,-0.20330767,0.5729262,-0.0067872307,-0.5112459,0.46148613,-0.45006475,1.4513502,2.8914273,-0.36266395,1.0108237,-0.07882882,-0.4867669,0.0055896044,0.9420425,-0.58018273,1.8404061,0.002737023,-0.47341105,0.0048047006,3.7411232,16.992725,1.3463916,-0.12720144,0.9689346,-0.27664793,-0.29596487,-0.046450894,-0.053112637,-0.48170343,1.168406,0.8005436,-0.26336926,-0.25187507,1.3499913,-0.19079725,-0.1431048,-0.33833846,0.5401263,-0.16590272,17.691008,-0.15115975,-0.28499976,0.068898365,1.793342,0.27947056,-0.24612232,-0.8580777,0.5035456,-0.422748,-0.033159047,1.798987,-0.08783946,-0.45986184,10.104007,-0.18891163,-0.201905,0.2156256,-1.0289664,7.6611667
Cyto_Granularity_9_DNA,-0.12573372,0.104889594,0.26705146,1.7128474,-0.16339727,1.049991,-0.25320506,-0.006458521,-0.075363316,0.51397973,-0.036264613,0.24463658,-0.5716283,0.31426525,0.2682332,0.4106251,-0.52575904,0.4522364,-0.46647978,0.06475284,-0.072080515,-0.562669,-0.15263115,0.54425436,-0.15627234,-0.25825718,-0.8003948,-0.34014416,-0.060647804,-0.7445559,0.18744224,0.10530927,0.6881921,-0.1639874,0.07903687,1.7882938,-0.3810959,-0.8052497,-1.3703469,-1.023971,0.1666839,0.10263008,0.09500425,-0.13328366,-0.36515847,0.12641805,0.42467248,-0.6368688,-0.16660725,2.6974928,-1.0233886,0.9918356,-0.15814783,1.4806262,0.32639527,0.07030727,1.147987,-0.208389,-0.19593509,-1.2240883,-0.18155928,-0.05677861,-0.036306344,-0.024154961,0.6201864,-0.10204625,1.4491199,0.45356163,0.43654332,2.0382478,0.18258119,-0.44392255,-0.37998483,0.28116897,0.0056137145,0.7680691,0.20598935,-0.35845783,0.1211495,-0.48976538,-2.1903794,-0.17565607,0.29460004,0.8387608,0.6184876,-0.92178863,1.4544163,0.1541769,-0.46954313,-0.8449529,0.24854057,-0.12876122,0.41500497,-0.19052303,0.32295668,0.44320738,-0.19011605,0.34075162,0.42777494,-2.9792054,0.24765408,0.19614647,-0.20042694,-1.3079041,0.023034891,0.007907887,-0.7747669,0.66576344,-0.048721746,-1.0031697,0.48745933,0.021875024,-0.062137287,-1.6570015,0.2040586,0.35765502,-0.82759994,-0.44179213,2.5543566
Cyto_Granularity_9_Mito,-0.27594826,-0.1499945,-0.21340863,0.12177745,0.5911001,0.10390329,0.12599047,-0.40307388,-0.6235635,0.47295317,0.3495849,5.1488853,0.11233926,0.12937586,0.12073651,-0.20472188,-0.6553759,0.56349945,11.317882,-0.6851683,-0.5374395,-0.43458852,-0.7658085,-0.27789932,0.27719566,-0.08213609,-0.73022103,-0.18717062,0.72597617,-0.18993813,0.32389328,-0.6026765,0.4244126,0.16403632,-0.28781357,1.4564658,-0.16435497,-0.61280185,3.8791764,2.6375053,-0.03702686,0.21697271,0.64640373,0.3323221,0.81181115,-0.5120638,-0.07567221,-0.44622788,-0.38594016,0.8187642,0.0496612,2.0957177,0.53852993,0.7564993,4.6502113,-0.47835112,0.21318178,-0.49259496,0.15351056,-0.84265786,-0.15569715,0.24853127,0.14161679,-0.70837575,0.251755,-0.51718456,1.0897546,3.2727463,-0.27774078,0.88164777,0.044498038,-0.49291155,-0.27623233,0.761926,-0.28030306,1.3840467,-0.16541052,-0.26578757,0.17975886,2.8931446,6.0314727,0.9474781,0.08959216,0.4913261,-0.36141524,-0.36338016,-0.1464233,0.06360877,-0.44499743,0.6672227,0.38919392,-0.22744612,0.07903538,1.6835076,-0.4072783,0.21719484,-0.6610392,0.2944205,-0.07796446,4.703092,0.07793159,-0.41016772,-0.019667944,2.286137,0.16266318,-0.3559555,-0.35870466,0.5462504,-0.84398985,-0.27849397,1.6127691,0.28739935,-0.3248442,4.9311714,-0.3767631,-0.13121617,0.3272422,-0.6043007,8.8398075
Cyto_Intensity_IntegratedIntensity_DNA,-0.1131857,0.24438708,0.9837695,3.5625217,-1.7474593,0.574641,0.19073857,0.053477705,0.20239912,-0.85221076,0.29874858,1.1147028,-0.3226089,-0.46259832,3.170953,0.26380143,0.28918245,-0.48712906,2.964441,0.820096,0.20437098,3.4469697,-0.34802184,-2.4087267,1.3055512,-0.030443227,-0.09984692,3.7367313,-0.29019392,-0.7684555,3.3256996,0.252131,0.44832325,0.2025414,-0.29946998,1.7371911,0.012075295,-0.1350096,0.14749508,-2.792797,-0.21398123,-0.19541407,3.4090967,0.5752075,-0.7338939,-0.31549504,-0.37366322,0.1427553,-0.007523641,-0.46221915,-3.1132896,0.5508825,-0.882771,2.2987232,4.4930415,-0.530242,1.6866637,0.16817553,-0.37374544,-0.36251536,0.40497312,6.867064,-0.05407082,1.0401583,0.54883647,-0.42554078,6.0337806,-0.004947623,-0.094277196,1.5040054,-0.59419066,0.45119667,-0.17771386,-0.10997107,0.033500213,8.092193,0.832783,-0.29474068,-0.53398633,-1.2114451,-2.7402956,-1.2478889,0.010886505,-1.274597,1.0771133,1.3256004,2.6563766,0.09568701,0.7082019,-0.51546067,-0.45355502,0.007975827,2.8338537,-3.1532934,-0.24140804,-0.3219144,-0.09380052,-0.931082,0.4137899,-1.1401409,-0.9406052,0.23400994,0.011687517,-1.2560283,-1.0930405,-0.24459898,-0.03866005,1.5230905,0.20421351,-0.81453496,3.3714297,-0.15511075,0.19826396,-3.0524628,-0.10293893,3.8060482,1.0596445,-0.18432845,-16.44842
Cyto_Intensity_IntegratedIntensity_ER,0.20859773,1.3578786,0.6662386,1.9573702,-1.0032378,-0.7275621,0.15739502,-0.33670458,0.14146435,-0.08910216,-0.2769528,2.299772,-0.20016432,-0.3766177,1.6534637,0.17536046,-0.16992354,1.1916555,-0.45143357,0.1832503,0.18807034,2.0774963,-0.34301057,-1.8040733,0.18513781,-0.27331176,0.44602886,4.724009,1.9820429,-0.30853805,6.6253486,0.36566544,0.39309338,-0.18315612,0.47550133,-1.0701259,0.40829054,0.3870522,0.45641854,-0.9312896,0.06808828,-0.15989329,3.4352138,1.77959,0.04700384,-0.39547572,0.35707965,-0.08041635,-0.016968474,-3.1037042,0.23484266,-0.28227875,-0.055024996,4.351845,0.003247738,-0.9270875,1.9975978,-0.26182196,-0.18861263,0.7545716,-0.24206342,5.7971177,1.30896,0.27230528,2.047588,-0.14672312,0.7013127,0.507327,0.12398591,1.1092709,-0.16772783,0.22646625,-0.23690641,0.045358524,1.0996367,3.2565668,1.0194758,-0.64243,0.22627407,0.24741451,-2.4770696,0.022609869,-0.13949563,-2.2965631,3.1963818,0.81783444,0.5230697,0.21656235,-0.22044736,2.2471569,0.1449726,0.12046933,2.4181468,-1.2642037,1.4807345,0.48556438,-0.43773067,-0.7830594,-0.04431939,-3.0252876,-0.19793682,-0.025302926,0.0384744,-0.96971565,-0.33321732,-0.22351949,0.021768132,2.4110339,-0.046572078,-0.13653518,4.151811,-0.0039070644,0.38647333,-2.7093346,-0.46616325,2.8263242,2.2825418,0.07973372,-3.8772876
Cyto_Intensity_LowerQuartileIntensity_DNA,-0.10382739,-1.6481181,0.045564994,-0.99320936,-1.3200873,3.1725922,0.2826847,0.34136936,0.64174837,-0.3284731,0.6702005,-2.2242558,-0.3669317,0.7640031,0.0029557992,-0.07188752,-0.46201065,-1.3374606,-3.9733791,0.03400147,0.3481104,-0.9168026,-0.019269794,-0.039127868,-0.026565433,0.3041059,-0.58707774,-3.1414864,-1.3154058,0.29931974,-2.4625304,-0.5607515,-0.6367572,0.5254485,-0.113898516,-2.1380394,-0.2511987,-0.2869205,-0.32687187,0.3925054,0.038134765,0.16543214,-1.511765,-1.1794554,0.37430516,-0.34631523,0.04151948,-0.2202344,0.38798094,-2.3191772,-1.3284818,0.14248176,-0.445195,-1.9263655,-3.7987642,0.07585303,-0.74978304,0.4874052,-0.19899035,-0.5934824,0.29241666,-2.0342839,-0.9350187,-0.5378475,-1.2944535,-0.49540964,0.25531352,0.124324165,-0.062129855,-0.4779365,-0.012590602,0.4445325,0.4408919,0.35778376,-0.9146252,-0.3729135,0.07490528,0.26379594,-1.1125859,1.4527259,-2.0501277,0.052230597,0.57067704,2.5614493,-0.983517,-1.1367096,-1.2935799,0.83803385,0.42761406,-0.89280385,0.025754822,0.043334235,0.40902615,-2.095997,-0.8430299,-0.16291289,0.29846308,-0.044484716,0.5758599,-2.2075596,0.84430426,0.23825018,-0.16414315,-1.2858318,-0.43147182,-0.050636698,-0.31062755,-1.1476339,0.3858391,-0.3323163,-0.9384675,0.05230078,-0.076517545,1.9430281,0.19469361,-0.33955994,-0.80231434,-0.53642267,-1.8312569
Cyto_Intensity_LowerQuartileIntensity_ER,0.4029739,-1.3838578,0.59245914,-0.5990234,-2.8966377,-0.64131284,-0.35373926,0.27945355,0.39429876,0.4815534,0.17265551,-5.285402,-1.1246346,-0.12749062,-0.077837676,0.07530383,-0.121636055,0.26773375,-6.9703298,-0.01202475,0.48239443,-0.5123409,0.19570546,0.18074532,-0.59992844,0.44161645,-0.28732362,-1.3880249,-0.058574002,0.25941965,-0.95610285,-0.6004393,0.8793969,0.14078414,0.8930671,-4.709674,0.1794873,-0.38921642,-1.2884111,-1.0392325,0.42143497,0.11573271,-1.4174457,-0.52907646,1.2207373,-0.23920155,0.3790017,-0.3687483,0.71313596,-4.4042034,0.48087406,-0.9818451,-0.57705677,-1.6318039,-6.065436,0.15350144,-0.048147876,0.44870758,-0.14393206,0.120940566,-0.07622328,-1.818904,-0.046897214,-1.2345282,-0.49213517,-0.48205742,-3.8840973,-1.6308241,0.25805312,0.18993248,0.16160317,0.12051601,0.24693026,0.13632366,-0.6841646,-3.520419,0.4205502,-0.05181388,-0.8085353,0.13378078,-6.415611,-0.039299387,0.24793847,-0.5490107,-0.06847153,-1.3756298,-1.1721693,0.6629308,0.42256418,0.66111517,0.015885731,0.1350185,0.44119868,-2.4646585,0.136458,-0.2872321,0.10729917,0.5574782,0.11220727,-5.4543366,0.7898409,0.3548104,-0.04151253,-3.2056925,0.9924021,0.16058719,-0.5366778,-1.0626488,0.464525,-1.0003428,-0.7748514,0.13528727,0.3471036,-5.1159472,-0.02941513,0.46725106,0.20612542,-0.66924334,-1.5192041
Cyto_Intensity_MassDisplacement_DNA,0.10870886,-1.6277183,0.048795063,1.0903296,-1.7986774,-2.0904367,-0.44212034,0.122787885,-0.04493694,0.05897842,0.154034,-3.8479111,-1.1818811,-0.5285993,0.37344173,0.20927346,0.143257,1.3040334,-6.3111343,0.24205409,0.27356377,0.5822513,-0.094896674,1.6417185,-0.45266166,0.39843777,-0.13672116,-1.8662895,-0.47203028,-0.5519697,-1.9626926,-0.04875769,1.3747773,0.38787684,0.43634987,-0.7756438,0.09149138,-0.79626447,-2.4046977,-3.0844676,0.116480805,0.30663767,-2.7320168,-0.29195097,0.22428815,0.42458072,0.3245761,-0.07454038,0.36283672,-0.76344395,-1.9133826,-1.2838157,-0.50213486,-1.6448444,-3.039849,0.6090674,-0.31825528,0.17096044,-0.13068554,-1.0045724,0.27013668,-3.5051498,-0.16098256,0.07595342,0.40690872,0.424256,-1.6290274,-1.3743397,-0.05519535,0.062783204,0.3019396,0.14998244,-0.2790153,-1.2893114,-0.53634816,0.56164485,-0.24440174,0.061669886,-0.71166795,-3.281358,-4.0940123,-1.6279608,0.022691717,-1.932653,-0.63488567,-0.71739095,0.42512643,-0.021377921,0.86461323,-1.5742232,-0.16037251,0.2513471,0.12038747,-1.5565983,-0.02914752,-0.5722741,0.51578873,0.6390276,0.15632738,-1.6169477,0.3923677,0.612353,0.35446832,-2.3296158,1.3419052,0.8432903,-0.4197947,-0.5539138,0.20125757,-1.4718084,-3.1211498,-0.26386058,0.42068216,-5.049414,0.37466326,0.7418942,-1.5895452,-0.65240645,-16.741434
Cyto_Intensity_MassDisplacement_Mito,-0.11992971,0.517965,0.10174701,0.79791546,0.83833164,-0.79047495,0.26472506,-0.07543172,0.14480285,0.06266854,0.07204375,1.3576188,0.096752726,0.20017906,0.2953919,0.12429845,0.05809163,0.53649884,7.116871,-0.21170516,-0.2741613,1.3696357,-0.28340188,0.7663738,-0.06218465,-0.50704426,0.74419284,3.3915737,-0.6929653,0.17761691,3.0292711,0.6022114,0.065668546,-0.013296912,-0.3349495,2.2322724,0.24569578,0.32547504,-2.9414494,2.6989822,-0.34525546,0.042884957,1.2035544,0.13190599,-0.43150726,0.20557795,0.047721684,0.11816927,0.10600432,1.1001308,-0.25498307,0.4360056,0.39939952,2.0440528,8.797121,0.0153135955,-0.03194502,-0.55424446,-0.32818928,0.35852936,0.09665557,0.4865489,-0.24525197,1.017527,0.9868086,0.5465612,0.6185448,-0.8345452,0.31248486,0.6682622,-0.2925817,0.2136132,-0.94081277,-1.4490167,0.44493404,1.7506875,-0.3194044,0.11781905,0.5169645,-0.4916958,-2.1703603,0.1683234,-0.03872694,-0.9135869,1.1034504,0.6352438,-0.3356115,-0.021871328,-0.87706655,0.34761086,0.03942736,-0.015914535,0.6492229,1.2705784,0.17692177,-0.04676773,-0.028433135,0.32811874,0.06972054,-2.643913,-0.01398662,-0.10942358,-0.37528253,0.16870768,0.00737981,-0.32411113,0.26705375,1.8525501,-0.0029565494,0.4914453,0.6496973,-0.36610833,0.22616929,-2.2178688,-0.15955614,0.24279086,1.261745,0.25693014,2.7953389
Cyto_Intensity_MeanIntensityEdge_DNA,0.044678714,-2.8038685,-0.56283927,-1.0260161,-2.3113081,-0.57369214,-0.16056338,0.40079775,0.2058665,0.51382256,0.35680032,-4.051209,-1.1649228,0.83707553,-0.6686755,0.30079475,-0.5178262,-0.57317466,-5.1317153,0.041869175,0.13719131,-0.9567425,-0.1542868,1.682333,-0.44918108,0.30933264,-0.72659177,-4.8393073,-1.0658747,-0.11969177,-5.4160295,-1.0830588,0.7714725,0.6801012,-0.048961412,-0.6419599,-0.8657008,-1.0149939,-1.525561,-2.1390605,-0.18368883,0.18982983,-4.157641,-1.1729215,0.5613126,-0.111835025,-0.25853148,-0.47325063,0.5810048,-1.9500483,-2.9282455,0.02688984,-0.42395246,-3.6725194,-4.5691314,0.70852566,-2.0341418,0.30978757,0.008138944,-1.1719851,0.2406493,-3.966409,-0.7357761,-1.0136415,-2.1437938,0.47218478,-0.5538896,-0.6928281,-0.007354488,0.061066702,0.06564363,0.20979893,0.38821426,-0.038757402,-1.6070014,-1.0041212,-1.125319,0.3189863,-1.5217189,0.18336703,-1.8556676,-0.021483203,0.32889378,1.5471674,-2.7593386,-1.4342893,-0.12622929,0.3600565,0.6544733,-2.6307697,0.060762733,0.11137315,-1.0906487,-0.8847993,-1.4432167,-0.23622823,0.62163967,1.0446924,0.4451429,1.1320114,1.0295968,0.19320731,0.43248716,-2.1336277,1.4348732,0.27875626,-0.63181144,-2.671201,0.6407592,-1.1479887,-3.0143287,0.09059795,-0.05539583,0.23785311,0.50196964,-0.8219809,-2.7519062,-1.0838816,-8.024264
Cyto_Intensity_MeanIntensityEdge_ER,0.33195034,-1.452372,-0.147189,-0.9699065,-1.56213,-0.8531914,0.02615227,0.12655629,0.39476153,0.7525776,-0.051969856,-3.0841014,-0.80885834,0.55724454,-0.453867,0.32601547,-0.5035947,1.3975824,-6.9842706,-0.4272243,0.047882576,-0.2134133,-0.28853485,1.128249,-1.00567,0.052711386,0.016631851,-1.2605042,0.34120187,0.04276095,-0.8262388,-0.293968,0.6202945,0.19970264,0.78472596,-3.0500038,-0.019168198,-0.16039509,-2.0410857,-0.41426957,0.027375609,0.17873336,-1.6786181,0.053141803,1.0381831,-0.35196605,0.7679995,-0.29603067,0.45223126,-4.499098,0.14724313,-1.4154426,0.17587082,-0.45757565,-6.3560615,-0.020145541,-0.7685604,-0.023923686,-0.056800563,0.19085161,-0.36777115,-2.5350444,0.41681656,-1.1131998,0.028123612,0.33560762,-2.4938867,-0.7787166,0.44813696,0.04680876,0.24549906,0.34383762,-0.149706,0.12167052,0.24849088,-2.2197356,-0.26606047,-0.062332008,-0.12351048,-0.017927358,-5.4770026,0.3364145,0.2784008,-0.89567095,0.12993772,-0.92437625,-0.75331,0.4533544,-0.13065575,0.24897711,0.66804296,0.2420265,0.2060157,0.4551293,0.8128703,0.67221445,-0.02252531,0.8477605,0.3063708,-4.853412,1.2768416,0.41217566,0.17538159,-2.1220722,1.6429707,0.32276344,-0.4776852,-0.4866509,0.43850842,-0.73719263,-2.226633,0.24048023,0.45859566,-2.6088173,0.0036610763,-0.3560269,-0.33701953,-0.42468342,1.32696
Cyto_Intensity_MedianIntensity_ER,0.20675743,-1.631836,0.099696614,-0.21495402,-2.5837114,-0.24046646,-0.10426891,-0.07638018,0.38818967,0.9288289,-0.07990945,-2.2645981,-0.9085267,0.6956506,-0.2349602,0.078389026,-0.74058217,0.62360317,-8.535119,-0.29806924,0.18401594,-0.54239595,-0.3459601,0.46665788,-0.63166803,0.0037049155,-0.1932705,-0.92325497,0.2934445,-0.110919155,-0.26102576,-0.50319093,0.5041752,0.056819554,0.6958923,-4.4165335,-0.00044549504,-0.67607385,-1.1420635,0.61271125,0.20466268,0.026103148,-1.7231007,-0.09079975,1.4332227,-0.44737777,0.4327774,-0.56710607,0.48822236,-5.111387,0.20227623,-0.30732036,-0.2380585,-0.55434936,-7.4581532,-0.14714514,0.40781483,0.031492244,-0.0048115947,0.03102701,-0.37541202,-1.2209054,0.14636524,-1.2762947,-0.21450396,-0.20621133,-3.4927804,-0.71782106,0.3010011,1.2257234,0.22867684,0.16172482,0.043710034,0.5874467,-0.23277785,-2.6917677,-0.0491664,-0.2601662,-0.5460352,1.9783783,-5.44779,0.7401886,0.18645442,-0.20505424,0.01733309,-1.396355,-0.9820021,0.7144483,-0.12028409,0.7642358,0.84286594,0.078245334,0.40693417,-1.6258615,0.7046917,0.6749913,-0.11977583,0.42750522,0.12292805,-4.176932,1.0049392,0.25597253,-0.04352118,-2.6459687,1.0168142,0.1461224,-0.6692373,-0.6450786,0.40286747,-0.9307051,-0.4953854,0.2790129,0.3138393,-2.0694036,-0.0799717,0.16571178,0.2297727,-0.83048517,-0.2404178
Cyto_Intensity_MinIntensityEdge_DNA,-0.11437118,-1.407504,-0.24235375,-1.7415453,-0.9633724,1.0773112,0.18168499,0.5634885,0.6454093,-0.33362424,0.53942794,-2.8002636,-0.28987798,0.37265858,-0.067052744,-0.038770594,0.041383114,-1.0861684,-4.278692,0.09888027,0.4112054,-0.69445115,0.23115592,0.0027718171,-0.09829283,0.45601305,-0.08062013,-2.900465,-1.4398657,0.56738263,-2.90876,-0.3718047,-0.6052399,0.6235059,0.0946489,-1.8515464,-0.19582753,0.069681466,-1.0832835,-0.5030975,0.091639906,0.342146,-1.8206669,-1.3567038,0.29816106,-0.15219395,-0.033859085,0.02198737,0.5943993,-2.560981,-1.1032027,0.031535923,-0.22249214,-1.9060777,-3.3134549,0.37668696,-1.5842209,0.54209375,0.0005908211,-0.330456,0.5339178,-2.4173112,-0.9043166,-0.39988503,-1.3214794,-0.019427985,-1.1215435,0.19201894,-0.11304755,-1.3643422,0.15917218,0.6709461,0.71660656,-0.15244788,-0.8055515,-1.6045861,-0.1179167,0.69202757,-0.76905364,-0.10545514,-4.1683683,-0.4029646,0.6437922,1.132215,-0.920358,-0.63168055,-2.0401804,0.75794363,0.6807956,-0.6246738,0.06756463,0.15849791,-0.04940811,-1.7878507,-0.8096455,-0.21276426,0.47224522,0.17511761,0.52723145,0.03528293,0.6744561,0.22591,-0.12399369,-1.0617605,-0.272819,0.09843878,0.11673101,-1.1377182,0.5102123,-0.1558935,-1.4666662,-0.0097031295,-0.19760351,0.986484,0.45788732,-0.35852155,-0.79690105,-0.36738947,-2.0139349
Cyto_Intensity_MinIntensityEdge_Mito,-0.11247381,-0.5983005,0.8302657,-0.6301748,0.016124904,-0.5934636,0.36509264,0.14908886,0.5469951,0.21818715,-0.14397387,-1.2404798,0.9346607,0.6566704,0.066429175,-0.22787464,-0.67846805,-0.94978595,-3.1518748,0.3729678,0.32440916,0.18458395,0.44234988,0.263976,-0.060966242,0.08026448,0.07802329,-0.9337137,-0.5676798,1.0335128,-1.4422598,0.2344718,-0.46109426,0.38877013,0.014408946,-2.283473,0.21729918,0.42683294,-0.95223206,0.7351699,0.0011362234,-0.10296015,-0.7108496,-0.22282161,-0.058012348,-0.0038927395,-0.23975493,0.33892885,-0.183482,-1.5070204,-0.20097585,-0.10614463,-0.28799012,-1.3714242,-2.1162946,1.2058505,-1.0221843,0.3674643,0.37439716,0.08036542,-0.43596053,-0.9586833,-0.18221527,-0.1805185,-0.2120681,0.20928913,-1.0118698,-0.6243288,-0.035102833,-0.5517622,-0.14120507,-0.034511644,0.37304208,0.58945733,-0.9473863,-1.5972751,0.91016966,0.1687311,0.1849118,1.820168,-1.784491,0.012739539,0.29705247,1.3745327,-0.36891988,-0.14073211,0.09070752,0.21753557,0.6194139,-0.2196018,0.0598764,0.19312401,0.22138076,-1.8166949,-0.35156146,-0.030623635,-0.1290618,-0.25794402,0.54743737,-1.7867117,0.39604774,-0.45551297,-0.42878297,-0.95576286,0.01437927,-0.034743745,-0.055116534,0.012478362,-0.1082946,0.021263918,-1.1408703,-0.051732022,0.005110763,0.18856089,0.107279085,0.2368936,0.5005828,-0.47404543,-2.1384048
Cyto_RadialDistribution_FracAtD_AGP_1of4,-0.5798287,-0.20312013,-0.09452573,-2.5100489,-0.47386387,0.2490143,-0.21351123,-0.62229776,-0.047331493,0.17378165,-0.057765927,5.089421,0.6522822,0.38581634,0.33022436,-0.17916119,-0.4224395,-0.607129,-4.5023613,-0.21868645,-0.2253533,-0.7579816,-0.2754711,-0.93229204,0.43945646,-0.082637966,-0.15432073,0.81876135,0.0834749,-0.43726444,2.111681,0.11765605,-1.2343435,-0.0070777833,-0.04525097,-5.307016,0.48678294,-0.73019904,3.5376666,6.5268426,0.6489602,-0.33198723,0.26142845,0.47634396,0.41138494,0.21453191,-0.3413507,-0.3507851,-0.27133068,-4.6354585,0.15193035,4.0635567,-0.1827717,1.6663084,-1.1108389,-0.36951232,1.3330227,0.014172633,0.16131547,-0.32340565,0.02607291,-0.5788929,-0.24948801,0.13734089,0.16588476,-0.4464605,-2.6284733,3.2210808,-0.64032173,-1.0242525,0.40924725,-0.1799378,0.38158262,1.462341,-0.12421598,1.164521,-0.010606696,-0.6773421,-0.62193364,5.3425317,2.7049134,1.6386356,-0.2311046,1.1049439,0.14439024,0.28477174,-1.993277,0.27538097,-1.0126518,1.8646069,-0.10570639,-0.5268609,0.3155692,-2.905152,0.08830462,-0.55018896,-0.04253943,-1.3464702,-0.055718016,9.088651,-0.53417575,-0.6138758,0.0019019445,2.820933,-1.4032959,-0.3175428,-0.112192966,0.27841377,-0.4362062,1.7167541,1.2095605,-0.14085907,-0.07175241,5.512156,-0.1873725,0.011081536,1.0043315,-0.5745036,-14.54401
Cyto_RadialDistribution_FracAtD_AGP_3of4,-0.22485399,0.7555399,0.59365314,-2.4582942,0.2595727,-0.29784894,-0.08285868,-0.56717724,-0.4577107,0.22083265,-0.14075226,6.6880984,0.92247415,0.23798478,0.19086052,-0.016343275,-0.6328227,-0.29988757,0.9247764,-0.027179778,-0.0766404,-0.16169952,-0.28776303,-1.4129449,0.70585555,-0.18924312,0.41672906,1.8726925,0.6579065,-0.26678833,3.400893,0.12918927,-1.3627914,-0.26365498,-0.071872726,-3.7010813,0.39119264,-0.0794803,2.7657588,4.4160004,0.6460113,-0.5460096,0.35000768,0.87048197,0.25794682,0.2429027,-0.3752836,-0.22093351,-0.25155422,-5.030745,0.56240803,3.364688,-0.30275366,2.4120646,2.5594108,-0.45548436,1.2956113,-0.1448005,0.24619637,0.29077533,-0.061938565,1.1069651,0.09211741,0.5777869,0.43524516,-0.45103815,-2.391949,3.1356418,-0.37717023,-1.3705255,0.37814522,-0.17220627,0.13706492,0.42113793,0.3279263,0.2330616,0.1854499,-0.6360782,0.123488545,4.3563066,9.375257,1.5017182,-0.11786053,0.08624375,0.68539494,0.8998327,-1.5091496,0.32120654,-0.9821184,2.0661757,-0.32133466,-0.66633904,0.60687435,-2.381427,0.30091336,-0.517616,-0.17320485,-1.3129641,-0.26005766,10.548458,-1.0002049,-0.61291516,0.15520144,2.1647503,-1.5303012,-0.24870856,0.20318536,0.43450865,-0.28552598,1.8972787,0.7816593,-0.13801587,-0.12063748,9.07548,-0.35349295,0.30829284,1.4364082,-0.35168123,-12.567532
Cyto_RadialDistribution_FracAtD_AGP_4of4,0.36378857,-0.6396069,-0.37423265,2.6033065,-0.04362605,0.21589391,0.26402023,0.6271024,0.3603998,-0.20481241,-0.007656229,-6.1549563,-0.8675988,-0.33197108,-0.20692134,0.02658228,0.5728331,0.3222513,-0.023652634,0.06420183,0.18638593,0.20303576,0.32231143,1.3019716,-0.71527654,0.1020422,-0.2781329,-1.6739942,-0.7228568,0.36700106,-3.3164327,-0.17439318,1.4336144,0.37097624,0.07953394,4.307492,-0.41162398,0.27263796,-3.5359166,-4.9965267,-0.58830494,0.60120314,-0.4249816,-0.93126076,-0.4111613,-0.3934419,0.30580002,0.31099877,0.3123717,5.0788717,-0.39361465,-3.7507389,0.18743925,-2.3479733,-1.7808381,0.35620305,-1.3974394,0.076874375,-0.13593668,-0.06700647,-0.07906845,-0.70317096,0.04784925,-0.45398852,-0.42746028,0.48389164,2.5343616,-3.490282,0.3980938,1.274282,-0.29940104,0.1493742,-0.21769392,-0.70881313,-0.27311483,-0.6609747,-0.040910844,0.71615964,0.0028676987,-4.6875286,-8.014285,-1.4091817,0.18608375,-0.19384056,-0.5704552,-0.68686366,1.5504174,-0.35403156,0.9157314,-2.0647867,0.10987844,0.63321024,-0.5491199,2.617203,-0.22989559,0.5719764,0.07735863,1.3409008,0.20291233,-10.802146,0.9946766,0.61170363,-0.13677424,-2.4986718,1.5018402,0.37855038,-0.24410845,-0.4039949,0.32252535,-1.9661528,-0.83842045,0.105403,0.096342474,-8.189461,0.35274568,-0.28778878,-1.4015249,0.36582613,13.433009
Cyto_RadialDistribution_FracAtD_DNA_1of4,-0.29558796,2.1392324,0.41887856,-2.7335873,1.4230862,0.5141137,0.10113552,-0.5773888,-0.033843566,-0.6130354,-0.23043728,5.1768093,1.1584569,0.13674186,0.86074954,-0.33555916,0.122253925,-0.12660195,1.8965,0.007083545,-0.043295503,0.80567044,0.11434097,-0.7643629,0.48958793,-0.19546598,1.2840248,5.4959464,1.0665684,0.039228067,6.687477,0.86703914,-1.2351826,-0.460325,-0.05806772,-5.4409676,0.94878674,1.1188321,2.4494402,4.910585,0.15468152,-0.34794894,3.1657095,1.2135286,-0.17210533,-0.21058996,0.14517212,0.18529452,-0.41129366,-3.148165,2.5597746,1.6226034,0.45097485,3.523217,2.1177104,-0.6291417,1.3877732,-0.21639974,0.040962737,1.5778393,0.041998565,3.8762589,0.57897335,1.4297613,1.4371268,-0.27354562,-1.243811,1.6894916,-0.2409739,-2.5398667,-0.05873688,-0.08795335,-0.13550834,-0.27175447,0.9683774,1.4937698,0.78236365,-0.40145496,0.7229807,1.6355705,2.6362107,0.078175105,-0.27885708,-0.42459717,3.0961807,1.7453324,-1.820846,-0.081180274,-1.1858816,3.6321507,-0.17694674,0.06349609,1.9397472,-2.04313,0.7823146,0.07906061,-0.48847544,-1.497168,-0.34915885,-2.0842595,-0.35923824,-0.45608827,-0.4710287,2.5622103,-1.7617668,-0.45737466,0.81074685,2.0092952,-0.5049079,2.0423381,2.3804777,-0.22931273,-0.061740946,-1.4489584,-0.5544807,1.098164,4.0420833,0.69797164,4.0378923
Cyto_RadialDistribution_FracAtD_DNA_3of4,-0.35140792,2.1084213,0.53585345,-2.6293814,1.5573775,0.4447396,0.21950738,-0.28616002,-0.18815385,-0.7502162,-0.2824643,5.8696275,1.420679,-0.19530237,1.0721685,-0.3598758,0.013839066,-0.20684671,3.5948932,-0.047296915,-0.07099548,0.78715324,-0.15252222,-1.0317345,0.71393436,-0.36431685,1.0200452,4.4968348,1.0618101,-0.026368639,6.1954446,0.60488385,-1.1916279,-0.55695957,-0.28221038,-3.9795704,0.6145779,1.2446524,2.7463398,4.3010507,0.2948046,-0.2593371,2.5114403,1.2080574,-0.15923862,-0.045924217,-0.12122855,0.16139418,-0.31062168,-3.3124273,2.3992443,1.4393691,0.35291028,3.292862,3.0859528,-0.5212472,1.2223593,-0.25938663,0.1684217,1.755957,0.13646151,4.3907986,0.5362673,1.2743837,1.0034214,-0.17182593,-0.5109342,1.8460883,-0.24419717,-2.3853931,-0.0707942,-0.19468631,-0.14353769,-0.32840493,1.154286,1.9493235,0.9339666,-0.3618219,0.94644356,1.6440779,4.9702787,0.18712784,-0.19942117,-0.58466005,2.4058108,1.5515356,-1.5203282,-0.075662434,-1.1185418,3.1491878,-0.40994588,-0.31238785,1.8189039,-1.351113,0.80665445,0.067879185,-0.36618567,-1.1808233,-0.40679798,1.2382655,-0.43996716,-0.3814155,-0.35814485,2.5931451,-1.6027117,-0.33882484,0.67391664,1.4886794,-0.48173645,1.848269,2.255883,-0.3903441,0.0119254785,2.3315146,-0.6768487,0.7168124,3.3852537,0.8182904,5.518186
Cyto_RadialDistribution_FracAtD_DNA_4of4,0.29151976,-2.268543,-0.54960746,2.6235504,-1.6116637,-0.45099866,-0.21377377,0.33105516,0.13590021,0.6205389,0.18529566,-5.675478,-1.4205168,0.13536134,-1.1936268,0.32555556,-0.03670905,0.3713529,-3.6626072,-0.03525896,0.043137964,-0.9876292,0.10161244,1.0532082,-0.6690317,0.33433786,-1.0620884,-4.931955,-1.0508894,-0.005191048,-6.4827943,-0.69392204,1.2051369,0.56407577,0.17015265,4.1688256,-0.7655564,-1.2849712,-2.7199109,-4.401596,-0.25304845,0.26014885,-2.7748547,-1.307221,0.20841384,0.02397444,0.06284071,-0.22277331,0.29685965,3.282213,-2.481902,-1.622145,-0.41740608,-3.4814441,-2.8539503,0.5383947,-1.3727226,0.20292194,-0.08093616,-1.6282858,-0.13011713,-4.3051734,-0.49633184,-1.2801372,-1.1019574,0.20314579,0.68200403,-2.058775,0.25097018,2.4695747,0.08973914,0.13842732,0.14241762,0.3971767,-1.2100254,-1.9011861,-0.91447645,0.31702316,-0.9394591,-1.648146,-3.7537165,-0.2386369,0.21501271,0.6762875,-2.7006066,-1.5579818,1.4984938,-0.015467286,1.1799994,-3.320357,0.34375453,0.21333952,-1.9978019,1.5283397,-0.88406706,-0.013927286,0.43095174,1.3022076,0.37584087,-0.67904145,0.32161325,0.37648264,0.27857628,-2.5733912,1.6423947,0.40881002,-0.6553647,-1.6554645,0.47191668,-1.90586,-2.3714473,0.407885,0.029923975,-1.0327907,0.6373659,-0.9378555,-3.6848662,-0.8715782,-5.3051634
Cyto_RadialDistribution_FracAtD_ER_2of4,-0.4195412,0.88498133,0.2998729,-2.1525743,-0.7298793,0.36827454,-0.39954746,-0.5893803,-0.36442497,0.60870147,-0.23028122,6.6389976,0.7451157,0.51298183,0.46919087,-0.32101676,-0.88812494,-0.46926895,0.44720197,-0.1924116,-0.091544,-0.87022907,-0.1279264,-0.7234686,0.45863697,-0.1016374,0.21414268,1.8372647,0.38949728,-0.41781768,3.3958118,-0.22979075,-0.518956,-0.422109,0.03500864,-1.6408858,0.121946275,-0.35338202,3.6860058,4.68728,0.2008651,-0.4974648,-0.08592125,0.57020104,0.90504533,0.052073378,-0.5986458,-0.5689302,-0.28859234,-3.4619255,0.42786327,2.8582375,0.5015257,1.8569142,0.52361995,-0.68702716,1.5391502,-0.011445542,0.54276943,0.07097737,-0.032175142,1.0162759,-0.12995483,-0.1250313,0.43167436,-0.7190278,-2.4020145,3.8491046,-0.42871985,-0.789965,0.46887025,-0.3976494,0.32965863,0.94876176,0.06486245,0.578242,0.10869676,-0.71268994,-0.7572101,4.6385665,6.576191,1.7589337,-0.50268644,1.4772438,0.21247594,-0.18068421,-1.1641303,0.24841279,-0.6953103,2.4081469,0.2950023,-0.43232432,0.5437258,-2.9321353,0.19333929,0.120825045,-0.11019659,-0.8216819,-0.48317456,7.734295,-0.6603394,-0.3765719,0.15478508,1.9296316,-1.1203603,-0.30709973,0.12084007,0.34462503,-0.29128724,2.2096577,1.6979551,0.18670362,-0.3408947,6.944416,-0.22959483,0.5604555,1.2982445,-0.6647336,-9.43063
Cyto_RadialDistribution_FracAtD_Mito_1of4,-0.4076213,0.6551619,-0.2725087,-2.7471964,-0.6168188,-0.096797444,-0.09788365,-0.5238044,-0.115115106,0.4441464,-0.22224839,6.1922517,0.5858378,0.8426475,0.08912265,-0.19451769,-0.16817583,-0.29018924,-7.120426,-0.13828427,-0.27154782,-0.9385603,-0.15865831,0.45987248,0.27009812,0.07432209,0.12677616,0.6196167,0.04497093,-0.33535615,2.5028963,0.21452086,-0.5380814,-0.18677668,0.23329951,-3.6239522,0.33570838,-0.29777765,3.4129744,5.8893967,0.3754774,-0.21143337,-0.6449435,0.24326621,0.91765386,-0.12836288,-0.29318735,-0.47420517,-0.32667497,-3.4048023,0.4558082,3.7275918,0.53012127,0.8450794,-4.763513,-0.65208775,1.0349838,-0.109119415,0.63552743,0.27349868,-0.0677317,-0.8587327,-0.3221698,-0.39780727,0.1726749,-0.29767016,-2.8326406,3.1439984,-0.67088336,-1.4160239,0.34612152,-0.1899818,0.17518397,0.92710876,0.052075703,-1.1370858,-0.0928035,-0.51035476,-0.543565,5.5730896,4.7927313,2.2353394,-0.319823,1.4940065,0.18583722,-0.05619256,-1.6986386,0.15824002,-0.6150132,2.2922027,-0.077144004,-0.29264575,0.30399027,-1.5957392,0.17244303,0.360006,-0.23918058,-1.0443187,-0.20890363,6.6488056,0.04790497,-0.3585595,0.15604512,2.0391815,-0.99911386,-0.34796354,0.24347772,-0.08279196,-0.37514254,2.0484772,1.7062622,0.21910395,-0.28624222,6.0827346,-0.33621922,0.3516324,1.2284163,-0.16588981,-12.790479
Cyto_RadialDistribution_FracAtD_mito_tubeness_14of16,0.089713834,1.7135624,-1.4619403,0.25254294,0.121803224,0.32658684,0.5092463,-0.101917066,0.42460394,0.4823468,-0.34848383,0.65426034,0.675224,0.25541452,0.012133594,0.41650867,0.14703979,-0.74873686,-1.5251989,0.5087542,0.11591435,-1.386867,-0.101368256,-0.8783822,0.1512244,-0.19871034,0.6268849,-1.3306783,0.5736143,-0.29175967,1.1450142,0.32908183,-1.0283952,-0.019097963,0.005933851,-0.059952796,-0.21984257,0.4918066,0.25271845,-0.8680466,0.11091834,-0.025611093,0.6758979,0.27463126,-0.66523236,-0.41710982,-0.29032612,0.14245646,-0.14596218,1.8400078,0.0013991495,0.10386306,-0.098072894,1.8924824,-1.245862,-0.74348783,1.758838,-0.08937829,-0.49069497,0.9337198,0.5314427,0.5495135,0.553871,-0.032344576,-0.13097209,-0.22677548,-0.34928086,-0.86111975,-0.074385874,0.6705906,-0.23842494,0.07602813,0.30758289,0.40598902,1.0192494,-2.666854,-0.07054316,0.21058388,-0.19146943,1.9997116,-1.2416748,1.2038126,-0.05053845,0.25520024,1.1620228,-0.24614917,0.8872178,0.064516805,-0.46088043,0.108967565,-0.8810339,0.3503308,0.32356176,0.0710066,0.20503817,0.8060805,-0.5187795,-0.8748739,-0.15913689,1.1485223,0.23334281,-0.2220058,-0.19475012,-1.1115628,-1.6497043,-0.07988062,-0.2315067,0.32186,-0.054513376,0.7919354,3.7318313,0.18919007,-0.46671212,2.9661446,-0.18780838,0.42379847,-0.77085227,0.3144135,-4.924208
Cyto_RadialDistribution_FracAtD_mito_tubeness_15of16,0.24094403,-1.571003,-0.44573322,1.4413992,-0.7322466,0.24699968,-0.17979033,0.34285232,0.31489184,0.29576808,0.42083642,-5.345989,-0.62068653,-0.77151614,-0.6589394,-0.16181242,0.14069802,0.29556015,-7.2815843,0.024067832,0.46414825,-0.32540372,0.27690193,0.9272335,-0.77023226,0.2504473,-0.17171694,-3.8665473,-0.7523349,0.46506587,-3.1667078,-0.5070887,0.23037978,0.3528291,0.42630002,0.74064136,-0.15800513,-0.58962744,-4.878494,-3.1941168,0.14956371,0.45503876,-1.1253499,-1.3912679,0.02127119,0.08642584,0.36032116,0.15982686,0.47271907,1.6624727,-0.31017375,-2.2235005,-0.6522921,-1.5393833,-5.5303617,0.7005823,-1.1163888,0.31536403,-0.4995804,-1.0186039,-0.22120304,-3.7648373,-0.38733825,-0.11055916,-0.4465638,-0.072761685,-1.0744334,-2.7371664,0.17876296,0.8559244,0.25801256,0.12123734,0.050270915,-0.87279963,-0.74769545,-1.7922516,-0.03634165,0.6193867,-0.8749301,-3.466128,-6.220118,-1.1587824,0.5649683,-0.53164417,-0.75243586,-1.3503195,0.3663974,0.0660099,0.38016382,-1.6226307,-0.2379847,0.21011297,-0.66518956,0.36487412,-0.44788146,-0.8713482,0.22318016,1.105475,0.4145495,-7.8252754,0.5689058,0.26730275,-0.2460286,-2.8727424,1.2287554,0.27880356,-0.7241562,-0.5225086,0.092053294,-1.2233869,-2.6568606,-0.0015609661,0.045772463,-4.929483,0.6910369,-0.7092169,-1.4411088,-0.65147394,15.052739
Cyto_RadialDistribution_FracAtD_mito_tubeness_16of16,-0.04912347,-1.325735,1.307429,5.618974,-1.5276016,0.31822327,-0.5908069,0.048745055,0.016833186,-0.9306536,0.5638189,-4.7300076,-1.4556613,-2.0925634,1.5793737,-0.05412088,0.74126214,0.73708373,-5.992686,0.30462554,0.48198414,1.776153,0.08532754,-1.5594391,-0.17800134,0.28577864,-0.78454715,0.65891826,-1.0115405,0.10822979,0.12667139,0.08432188,1.0484294,-0.051817317,0.17574318,2.7246726,0.11639017,-0.74101114,-2.7904139,-4.2527995,0.22185348,0.2135219,2.246864,-0.7398693,-0.2308262,0.41786936,0.6943074,0.18541233,-0.037807535,3.0676823,-0.29807234,-2.731327,-1.0178428,-0.94403917,-4.4068513,0.106236994,1.5564996,0.32886222,-0.15286024,-1.7836901,-0.17114373,-1.4304539,-0.4174796,0.40686512,2.0041325,-0.47721276,1.0478152,-1.8647213,0.0006970763,2.4204774,0.12916799,0.13308342,-0.3263086,-0.68110585,-0.50851,1.8078423,0.93286365,0.03882904,-0.130722,-4.6146235,-5.1730847,-2.566373,0.20696278,-2.6733572,1.0154533,-0.45767108,0.9158597,-0.16429086,1.466567,-0.7968192,0.1610205,-0.014011107,0.9058919,-3.1658165,0.47765338,-1.2629948,0.44215453,-0.25368062,0.31219858,-6.062245,0.30739772,0.3688717,-0.38671982,-1.7376887,0.22050054,0.31820184,-0.02451416,1.7363869,-0.08731824,-2.0318387,-0.9998266,-0.1767515,0.3024505,-7.6995177,0.08612266,1.9486232,0.23797543,-0.10952536,-1.239945
Cyto_RadialDistribution_FracAtD_mito_tubeness_16of20,-0.15504874,1.5457382,0.020300806,-2.835697,1.4071884,-0.56377524,0.48890522,-0.26133376,-0.22725837,0.014149721,-0.49427465,4.945272,1.0030835,1.2563301,-0.28612754,0.018313587,-0.21230964,-0.36082515,7.5710855,-0.15140915,-0.3622893,-0.22360605,-0.46042323,-0.1878819,0.7613284,-0.2791638,0.4664055,2.693065,1.0981997,-0.45466816,2.4333966,0.45221552,-0.23436183,-0.20316748,-0.24578668,-1.6415486,0.07982709,0.5810359,3.9653826,4.545362,0.045757134,-0.48275003,0.021425864,1.3457146,0.086853504,-0.49360347,-0.5244072,-0.036739606,-0.27024168,-2.430916,0.4028201,2.2435288,1.0806497,1.3927416,5.395428,-0.6476451,0.33366573,-0.35788473,0.2626436,1.5482484,0.089749984,3.1417263,0.53221154,-0.027608374,-0.16120325,0.4275377,-0.054829936,1.97018,-0.2684835,-1.910484,-0.015648395,-0.41554055,0.18072234,0.94019246,0.91354173,0.15279436,-0.3072587,-0.40175042,1.0926467,4.470293,6.25781,1.9839193,-0.5008648,1.3250791,0.4398701,1.2189904,-0.36632612,0.033676166,-0.9500279,1.6750636,0.103718884,-0.16720848,0.09811792,1.1853088,0.4617202,0.9681935,-0.6816993,-0.46440697,-0.4082947,10.04615,-0.5101284,-0.40518674,0.33868802,2.7702105,-0.8715543,-0.28794232,0.08452419,-0.32885334,-0.21137655,1.8567258,2.673975,0.06958913,-0.40562984,7.6459146,-0.5707089,-0.04693818,1.1725067,0.8695585,-2.565914
Cyto_RadialDistribution_FracAtD_mito_tubeness_17of20,-0.09139343,1.6681563,-1.1823022,-1.9637846,0.7760265,-0.205943,0.5068037,-0.2392023,0.04467821,0.41654173,-0.6189719,2.9771054,1.2548114,1.1229206,-0.7098747,0.18002151,-0.13110478,-0.54711604,3.874099,-0.0018213639,-0.28171617,-1.1316452,-0.29617468,-0.1436996,0.42630863,-0.21308376,0.43216303,-0.14450236,0.7543016,-0.35202923,1.22494,0.2119575,-0.79260606,-0.055366695,-0.16110384,-0.8112437,-0.28089496,0.49311876,2.1467254,2.0623782,0.18213765,-0.31061646,-0.05469656,0.7819972,-0.24195875,-0.5800863,-0.54637223,-0.039599966,-0.15220709,-0.5771931,0.089939795,1.0666869,0.45694363,1.3805107,1.8832965,-0.37543693,0.7143712,-0.2388661,0.01900213,1.5991365,0.4026446,1.3904929,0.20667456,-0.13839892,-0.5037586,0.111135066,-0.3034474,0.49117747,-0.4392049,-0.50159883,-0.23034014,-0.35119197,0.31321642,1.0226809,0.98696727,-2.1966035,-0.34418952,-0.17399849,0.53191227,3.9344704,1.0541044,1.9861231,-0.34605154,1.2003459,0.28611603,0.111353315,-0.00575307,-0.06265849,-0.8385582,0.7974782,-0.31935528,0.05625372,-0.0037284296,0.861885,0.14309213,1.1102074,-0.55256295,-0.5271302,-0.5608733,4.1907897,0.10438005,-0.30583784,0.076710254,0.69019556,-1.346234,-0.20833226,-0.12380892,-0.4049181,-0.1520749,1.6177555,3.417059,0.14837395,-0.48336947,6.0531707,-0.30229867,-0.22193812,-0.059984047,0.6749832,-0.137235
Cyto_RadialDistribution_FracAtD_mito_tubeness_18of20,0.3487474,0.12349126,-1.5941106,2.3509555,-0.23568666,0.7839618,0.20673148,0.03421414,0.45721957,0.7233076,-0.053112436,-5.1887283,-0.08166314,-0.74752665,-0.3016152,0.04038741,-0.0075712004,0.025030494,-5.8334546,0.36132923,0.22210161,-0.3548826,0.010790492,-0.3770858,-0.42080012,0.10040962,0.003330176,-4.096918,-0.76234984,0.26459435,-2.0603297,-0.52582705,-0.123821,0.114291884,0.68212056,0.41773978,-0.100989245,-0.36283472,-2.1378753,-2.272106,0.28146482,0.1261148,0.61019564,-1.0946808,-0.51949865,-0.118138574,-0.052004468,0.25966066,0.23494983,3.3577557,-0.56914085,-0.81123334,-0.5868322,0.10225002,-5.3767676,0.06190801,0.72262007,-0.11732525,-0.7290411,-0.6084369,-0.057209294,-3.209592,-0.41519585,-0.08700728,0.05067852,-0.38397336,-0.674817,-2.1048644,0.20380674,1.5910726,-0.04867759,0.19880182,0.62198335,-0.569136,-0.27583048,-2.262308,-0.1385836,0.4435949,-1.1731552,-1.0258574,-1.6515204,-0.12177304,0.31836072,-0.3076699,0.4364767,-0.9543602,1.2883106,-0.122130275,-0.3224214,-1.6246567,-0.60096663,0.18061584,-0.16152114,0.68807435,-0.1634381,-0.3192453,-0.07157167,0.43702078,0.18563223,-7.1615186,0.5454559,-0.09859855,-0.3521854,-2.1412404,-0.19497783,0.14897145,-0.7913213,-0.19409843,0.24672265,-0.3057699,0.6398142,0.16061276,-0.1639735,-1.0977874,0.34708238,0.11341732,-1.5585114,-0.35444927,4.151313
Cyto_RadialDistribution_MeanFrac_AGP_1of4,-0.4135261,-0.9263759,0.056339245,0.9100545,-1.1148758,1.9067322,0.12047907,-0.51520413,0.24278887,0.16319783,0.21019089,9.27941,0.009861688,0.5200064,0.22134773,-0.06615642,-0.6151435,-1.0085912,-1.4058443,-0.2726781,-0.05451486,-0.6449101,-0.47026464,-2.0604906,0.32892773,-0.19110353,-1.008458,-0.35753378,0.13577522,-0.72512835,0.77999383,-0.20625655,-1.1452223,-0.2668899,-0.5272713,-0.6628054,0.10356905,-1.3785143,3.6586087,5.2321935,0.6891804,-0.5322593,1.6252966,0.32729688,0.14591181,0.11428546,-0.48392582,-0.44314376,-0.35147333,-1.402604,-0.43654212,4.218903,-1.0876856,1.3741021,1.3144617,-0.29085162,2.4290955,0.32022235,-0.20737071,-1.2405919,-0.36137465,0.60615355,-0.26147985,-0.28169414,-0.0763307,-1.1810564,0.46018377,3.2954257,-0.2581254,2.4543583,0.068463765,0.018711984,0.338591,2.5688314,-0.7646038,1.8377739,0.013688932,-0.5664336,-0.63155514,6.134582,5.791405,2.1981943,-0.011104643,2.3358753,-0.33501443,-0.604694,-0.59851974,0.25902215,-0.51692605,0.54191107,0.11671547,-0.6174887,-0.115155675,-3.56818,-0.038822163,-0.14148133,-0.13984731,-0.752089,0.1552211,13.742779,-0.47014502,-0.46561548,0.023646137,2.0471616,-1.4356642,-0.38777947,-0.23177736,0.7201293,-0.30254146,0.68253845,3.1976044,0.022437623,0.002918139,11.788344,-0.4230388,-0.14194751,0.22043483,-1.2679491,-6.970806
Cyto_RadialDistribution_MeanFrac_AGP_3of4,-0.23408146,-0.104190476,0.4275311,0.9865615,-0.76865894,2.0485456,0.04841411,-0.6026589,-0.020450294,0.36290875,0.28683126,9.832011,0.4968871,0.2756661,0.20167781,-0.012383898,-0.7484723,-1.394677,4.8475933,-0.22099213,-0.05470228,-0.37138936,-0.49690923,-3.117668,0.8681457,-0.039491832,-0.8051,0.4706416,0.13883245,-0.26490375,2.1462803,-0.105462015,-1.9700142,-0.30392513,-0.55605733,0.6514451,0.27863774,-0.9450372,3.319801,3.6797302,0.4673966,-0.5200031,2.0396688,0.23996063,0.3349088,-0.0017885963,-0.42690754,-0.40107355,-0.600879,-1.7661653,-0.037361104,3.4863446,-1.1305052,2.1556528,4.764473,-0.6275889,2.5801995,0.1483083,-0.2704796,-0.89952856,-0.4899226,0.80210334,-0.17656636,0.103334986,0.4792374,-1.5959746,0.76306266,3.0009072,-0.22218074,2.2097292,0.07499228,-0.259056,0.1901275,2.1565526,-0.2010485,1.4899544,0.115763776,-0.6886618,-0.2972266,6.409403,10.086402,2.400414,0.011757463,2.069742,0.13551782,-0.26727152,-0.9503126,0.18289828,-0.695945,0.89025474,-0.21742944,-0.81948143,0.17969769,-2.7948895,0.066376835,-0.53493077,-0.2013197,-1.4956144,-0.14393504,13.710414,-0.93121094,-0.5955612,0.06471757,1.5966059,-2.1239474,-0.6561701,-0.27867386,1.1797342,-0.1984629,1.1886424,2.8750477,0.08423338,-0.21199803,13.425289,-0.44976792,0.088406585,0.5517658,-1.1007179,-9.518248
Cyto_RadialDistribution_MeanFrac_AGP_4of4,0.27514076,0.41090706,-0.32763323,-0.84927064,1.0413923,-2.1427205,-0.12496716,0.70334625,-0.046214443,-0.36211672,-0.19995375,-10.858144,-0.3358524,-0.31249237,-0.17896646,0.049640696,0.8044078,1.2887076,-4.114921,0.2347057,0.03186208,0.41478872,0.50660366,2.9723387,-0.7132825,0.093059,0.94755393,-0.3287115,-0.1142414,0.38815904,-1.7329499,0.23857404,1.5978276,0.27053902,0.6576793,-0.4641482,-0.21013176,1.130863,-3.8647149,-4.3900723,-0.5463565,0.4733671,-2.0922108,-0.30721503,-0.3533441,-0.07553207,0.50133353,0.39630342,0.49778596,1.2961962,0.18500268,-4.450209,1.1924443,-1.9250084,-3.714717,0.49465704,-2.4466455,-0.20596546,0.22433871,1.0753313,0.53627115,-0.8759636,0.14605157,0.00084608793,-0.30723554,1.5365008,-0.6968138,-4.005429,0.29311487,-2.2674625,0.05557044,0.13532178,-0.29037407,-2.3276966,0.5669687,-1.6634377,-0.10281175,0.6014584,0.3433958,-6.7396073,-10.025443,-2.4015326,-0.044449195,-2.2593107,0.15275815,0.634134,0.60219,-0.2660998,0.59747046,-0.668309,0.07164482,0.8398826,-0.06355355,2.9498017,-0.2011004,0.43654308,0.20969224,1.2757133,-0.024682561,-14.310769,0.8225209,0.6716337,-0.06970511,-1.9495643,1.8650161,0.59164697,0.34544733,-1.1156145,0.14589882,-1.0308677,-2.9111688,-0.09639406,0.15769143,-13.205005,0.32539555,-0.06965992,-0.50935054,1.1807415,8.497817
Cyto_RadialDistribution_MeanFrac_DNA_1of4,-0.26009783,2.6235101,0.9046471,0.49370828,1.481589,2.024008,0.3520402,-0.50324935,0.08543149,-0.75504166,-0.17794442,6.801411,0.9986469,-0.031098565,1.3352052,-0.44556293,0.12154714,-0.020336429,5.552714,0.14692584,-0.076012194,1.1178383,0.005688352,-1.7066625,0.57700515,-0.2824001,0.69307643,5.468819,1.1141062,0.20682806,6.7867036,0.8774748,-1.0692238,-0.46137413,-0.3106427,-1.5122007,0.78141564,1.0503412,1.6912526,3.8209202,0.28281876,-0.20828821,5.0923886,1.4002541,-0.54966944,-0.32532215,0.1268203,0.24361141,-0.5385522,0.19169585,2.4773881,0.9780639,0.23767768,3.965379,4.306401,-0.89814997,2.0806987,-0.26306814,-0.24420708,1.3206815,-0.08095326,5.5436935,0.6614175,1.1946595,1.8705392,-0.47629103,1.1639867,0.43020454,-0.09610677,-0.24550082,-0.41383612,-0.012887995,-0.36186123,0.20771258,1.2007662,2.0626473,0.94685006,-0.4402946,1.3059626,1.347208,2.325001,0.12694888,-0.041427057,-0.17456667,3.2895203,1.6444397,-0.32452765,-0.11110052,-0.96305704,3.0284588,-0.16865824,-0.041361358,2.1266806,-1.2026931,1.102803,0.37046716,-0.65963423,-1.3048983,-0.3647621,-1.1002883,-0.4072708,-0.42792556,-0.57822096,1.8094292,-1.8847198,-0.79315776,0.62136555,3.0507078,-0.4598365,1.3925081,4.31991,-0.26033548,0.049731527,-0.12100652,-0.55249316,1.3640667,3.444608,0.83527035,17.552359
Cyto_RadialDistribution_MeanFrac_DNA_3of4,-0.23018305,2.2310975,0.60156196,0.5364904,1.6258138,2.198294,0.35023022,-0.39620367,0.10213699,-0.6980632,-0.097254425,6.4398475,1.221952,-0.16272931,1.2198237,-0.39847282,0.05413423,-0.4956487,6.2218385,-0.058549274,-0.21124525,0.81689495,-0.03357799,-1.8696356,0.6110076,-0.42859152,0.44603023,4.929175,0.8613828,0.19209671,5.9022775,0.61835176,-1.2922182,-0.58237034,-0.5128826,-1.1301419,0.53229445,0.9618392,2.0131896,3.4088984,0.15782309,-0.24833147,4.8228817,1.0190024,-0.5363702,-0.28420952,0.049964037,0.18205959,-0.43864357,0.34810102,2.579733,1.0274101,0.2516346,3.4626904,4.6188188,-0.78273225,1.7413937,-0.288616,-0.20187539,1.2403394,-0.02377382,5.441199,0.30264115,1.0797894,1.3891783,-0.58655685,2.134379,1.0843446,0.052482367,0.02683095,-0.37808594,-0.123666555,-0.18632616,0.19570017,1.1785805,2.7462776,1.0243397,-0.31765226,1.2538754,1.3544273,2.2050831,0.28908825,0.015383775,0.05598684,2.6425683,1.3240477,-0.45569134,-0.15346791,-0.85980606,2.6378238,-0.18113492,-0.14292455,1.784677,-0.78947276,0.8692289,0.25990638,-0.6273578,-1.1161364,-0.30557546,-1.5433959,-0.46785235,-0.50966585,-0.5444985,2.0539773,-1.9138936,-0.7309327,0.44518402,2.4529777,-0.46108678,1.1669937,3.9375632,-0.21724105,-0.15794593,1.9945765,-0.5417152,0.8813332,3.31759,0.8717931,17.37052
Cyto_RadialDistribution_MeanFrac_DNA_4of4,0.22830844,-1.4870491,-0.51686954,-2.5036926,-0.8662991,-3.115681,-0.4722059,0.28873092,-0.20163369,0.75051194,0.045378525,-5.497414,-0.8716817,0.2019151,-1.0775874,0.32688418,-0.026612759,0.7257617,-6.039082,0.10476168,0.014123112,-0.8812334,-0.042709302,2.29817,-0.62225646,0.2796618,0.25175703,-3.8806026,-0.36508846,-0.19980586,-4.3963943,-0.39522603,0.88888913,0.35937142,0.6545367,-1.6996917,-0.27563578,-0.5447556,-1.4705735,-2.089144,0.15092482,0.19791977,-4.7261167,-0.3496221,0.8147698,0.43604955,0.0330202,-0.07882058,0.6013796,-2.767739,-1.9906646,-0.78253776,-0.09498477,-2.9041317,-4.5251317,0.7863272,-1.8741531,0.057930976,0.461778,-0.37008986,0.2851576,-5.1286845,-0.38296425,-0.56910795,-1.2411766,0.83481956,-4.029423,-0.6881223,0.009764235,-1.9002918,0.5842137,-0.09793153,0.35294423,-0.70096135,-0.7580161,-3.0083113,-0.7750263,0.23403633,-0.97823143,-1.1038431,-1.3165517,-0.3524191,-0.015756607,-0.8845275,-2.220755,-0.6995995,-0.43004152,0.22401853,0.4267764,-1.5330839,-0.17571582,0.19865139,-1.4503747,0.2436064,-0.4809405,-0.4184723,0.52344555,0.7877162,0.042817175,0.52812105,0.18153794,0.43791938,0.7676168,-0.87171286,1.7866564,0.76368374,-0.17951246,-2.3284101,0.5154286,-0.2931076,-4.224676,0.18881388,0.17936409,-1.3439418,0.6087062,-0.7777589,-2.4555874,-0.42833838,-19.730051
Cyto_RadialDistribution_MeanFrac_ER_1of4,-0.27103,0.14206116,0.4333873,1.4017769,-2.1214771,2.32228,-0.25190577,-0.55430526,-0.23587449,0.68741894,-0.25118056,10.235087,0.41901377,0.8933117,0.445906,-0.4325211,-1.1664314,-1.0885144,2.3986845,-0.2596609,-0.10566569,-1.1836345,-0.08872697,-1.132395,0.25993207,-0.055743475,-0.6113041,0.81647366,0.17443806,-0.2710831,2.1972702,-0.39873764,-0.1993438,-0.39588654,-0.26058847,2.5567372,0.12763919,-1.0611778,4.1904073,4.649704,0.18722272,-0.35836807,0.4008478,0.005270034,1.1022798,-0.046436835,-0.6384286,-0.84506506,-0.49279532,-0.5467225,0.24939735,2.945783,-0.06300068,1.1380293,0.53945315,-0.70223236,2.4129796,0.26065654,0.46287024,-0.81020814,-0.297267,1.8439535,-0.23540138,-0.7812564,0.39626804,-1.2905399,-0.24838328,3.6406167,-0.41773415,2.9700458,0.15949081,-0.30465138,0.5505877,2.2095063,-0.21567427,1.1992875,0.08448797,-0.53558594,-1.0230922,5.8848166,8.33118,2.4579136,-0.44431517,3.1198022,-0.54912937,-1.4942956,-0.32484317,0.40907058,-0.60900646,1.1639863,0.57305664,-0.6179767,0.21040595,-3.22781,-0.30186418,0.42693034,-0.2053198,-0.31091544,-0.24648821,12.707402,-0.23058622,-0.46952465,-0.05355926,0.96666574,-1.064259,-0.49665293,-0.19878459,0.28359315,-0.21735168,1.2659597,3.298219,0.20756231,-0.4896225,11.384864,-0.4008765,0.38742808,0.74682903,-1.159547,-1.7609752
Cyto_RadialDistribution_MeanFrac_ER_4of4,0.32580644,-0.6878845,-0.28670684,-0.896811,1.368502,-1.6624454,0.13808852,0.5978517,0.24716629,-0.9476126,0.1667325,-11.06738,-0.90572864,-0.5103359,-0.50701606,0.30465367,1.1239152,0.9388323,-6.659889,0.20944734,0.1650407,0.9555424,0.19882907,1.5736402,-0.3659146,-0.05756846,0.46507657,-1.2425841,-0.44144964,0.4608221,-2.8881254,0.5158665,0.35789323,0.4850137,0.28001165,-3.1618378,0.061896086,0.7214661,-4.672488,-4.298601,-0.16541168,0.52565503,-1.2984611,-0.23977582,-0.9896722,0.21107663,0.61470586,0.7492159,0.5549593,1.5274467,-0.25168458,-2.9606664,-0.23321544,-2.082031,-3.4453228,0.77022916,-2.3163013,-0.18295543,-0.39725804,0.60492253,0.2118178,-1.9044294,0.16941844,0.5725942,-0.55402154,1.2608643,0.17673151,-3.794618,0.44437397,-2.3578186,-0.39349723,0.559823,-0.5825942,-1.775937,0.026782533,-1.615369,-0.12118443,0.70682675,1.1147183,-6.094871,-10.243708,-2.655881,0.41063318,-2.4957802,0.27801964,1.2773426,0.8216396,-0.33843482,0.67420334,-1.6676955,-0.49756432,0.45390478,-0.27655903,2.7950966,0.014209275,-0.25826052,0.21694382,0.57679665,0.41997066,-10.18115,0.56560475,0.6150239,-0.20779307,-1.6125215,1.189957,0.5077268,0.31055185,-0.65798384,0.3247178,-2.0017033,-3.2947986,-0.38111714,0.27370647,-13.78522,0.51954216,-0.51684994,-0.87876844,1.1125511,2.2308285
Cyto_RadialDistribution_MeanFrac_Mito_1of4,-0.21824588,0.12246543,-0.20132934,0.67160815,-1.5734506,1.747249,0.29150283,-0.40365744,-0.1972313,0.57288355,-0.32877895,10.544168,0.23453315,1.0953394,-0.083349206,-0.35321617,-0.3428905,-0.5352532,-7.8104095,-0.22184391,-0.41120994,-0.9900575,-0.2829816,-0.21899886,0.33001375,0.038156945,-0.53656775,-0.8453045,-0.109124005,-0.59531456,1.0248965,-0.11265268,-0.34516227,0.06361421,-0.19549094,1.0113649,0.21719539,-0.78303385,4.362772,5.421128,0.29931754,-0.31316522,-0.04772635,0.265545,0.790466,-0.3778291,-0.3478677,-0.6115851,-0.65725154,0.033919554,0.08236426,3.840828,0.38390398,0.5050612,-5.824572,-0.90996844,1.7899691,-0.03501473,0.25704047,-0.35702178,-0.3178941,0.38254014,-0.2795468,-1.2425113,0.3753899,-0.7175607,-0.3513236,3.574808,-0.4102209,1.429234,-0.017676681,-0.3001459,0.42355597,2.1238654,-0.004788518,-0.83951783,-0.07676223,-0.50712264,-0.710547,7.138288,9.523494,2.85197,-0.2933265,2.7797778,-0.2774902,-1.2363806,-0.07517425,0.20691161,-0.2116686,1.3265554,0.2457556,-0.15034817,0.122095026,-1.6343225,-0.14661859,0.46941236,-0.162757,-0.64591557,-0.026756486,15.405289,0.42373535,-0.13424492,0.27203533,0.89272255,-0.35796294,-0.5330102,-0.096275754,0.38202834,-0.2662827,1.0237082,3.8656385,0.21422386,-0.3740988,12.491916,-0.33356023,0.43780157,0.67597985,-0.8551515,-5.6319413
Cyto_RadialDistribution_MeanFrac_mito_tubeness_14of16,0.2842803,1.5755051,-1.2649485,-0.21301953,-1.1746769,-0.1527503,0.48275122,0.08971443,0.46636963,-0.013615529,-0.037897896,-2.673275,0.2144924,-0.76731557,0.79002506,0.44823122,0.18901408,-0.7765522,-3.832743,0.7759228,0.5165692,-0.6502601,-0.00043938556,-1.1901346,0.03130743,0.16068353,1.0345341,-0.8194707,0.12715821,-0.43055543,1.1593189,0.4093574,-0.92415595,0.06719393,0.29762623,-2.4960744,0.497758,0.98377997,-0.24859895,-2.1000292,0.2896827,0.0035658479,0.48324645,0.41627562,-0.5444991,-0.41992667,-0.3799154,0.5010499,0.04319896,-0.3681744,0.038333446,-1.3463101,-0.46380773,1.6745963,-2.565928,-0.31055638,1.620595,0.23620354,-0.61481565,1.2030975,0.46820974,0.6194348,0.16198047,0.3729234,0.208813,-0.26051548,-1.3465871,-2.0304782,0.16658291,-0.54533213,-0.26703754,0.2599451,0.4434855,-0.72819394,0.7748359,-2.2946506,0.5921223,0.1908502,-0.8361562,-0.9451758,-6.536038,-1.1662521,0.27432796,-1.1912755,1.6479305,0.39514694,-0.7958347,0.115579806,-0.16018027,0.5967586,-1.2825819,0.47924986,0.62385094,-2.148504,0.24001688,-0.19234408,-0.06503243,-1.4830726,0.061294336,-1.6648741,0.31363046,-0.15428059,0.13575125,-2.0532732,-2.164503,-0.032456916,-0.15590583,0.29141772,0.20468408,0.33888006,2.7288892,-0.20545018,0.05013771,-3.4694612,-0.020595333,1.1346741,-0.10071504,0.030608937,-18.254248
Cyto_RadialDistribution_MeanFrac_mito_tubeness_15of16,-0.0031155099,0.63983196,-0.36512828,2.5401876,-0.12084801,-0.7880896,-0.22112352,0.045886535,0.15411158,-0.36583164,0.21874832,-5.7401137,0.2001964,-1.4317564,0.89155436,-0.1707954,0.5740344,1.4843608,-3.5678184,0.20852761,0.5381199,1.9117993,0.21850598,-0.88106567,-0.57233024,-0.15286243,0.43495092,-1.5203465,1.1355212,0.21199024,1.0242444,0.23202808,0.36312613,-0.014830996,0.25515404,0.93216866,0.36044908,0.23217098,-5.1979465,-4.9337955,-0.025364488,0.33157483,2.7697108,-0.26362106,-0.46571335,0.40634087,0.28440723,0.5898786,0.2610782,1.2670897,-0.17858028,-3.3651438,-0.98459744,1.34576,-3.5948277,0.25202143,-0.67051345,-0.15838106,-0.8029766,-0.32070836,-0.09944297,2.6551292,0.60054046,1.6388041,1.1840916,0.17003803,1.2289302,-3.3579805,0.060848564,0.22130491,0.056291606,0.27718326,-0.3185881,-1.7079693,0.2099271,2.4001324,0.5084486,0.18762271,-0.44382748,-5.7459207,-7.493811,-2.3520339,0.295785,-3.4849205,1.6572393,0.5953004,2.7231522,-0.2558035,0.0771542,-0.5535393,-0.5775623,0.14521278,1.0814993,0.060886305,0.3614154,-0.9861088,-0.21762681,0.8279411,0.13187101,-11.044843,-0.42397138,0.2622304,-0.38906708,-2.2623622,0.98158187,0.16549493,-0.50132996,1.8452326,-0.17816089,-0.7309284,0.09492111,-0.23299056,0.09717182,-10.868733,0.27796268,1.190185,0.2430826,-0.054850247,8.096178
Cyto_RadialDistribution_MeanFrac_mito_tubeness_16of20,0.014568646,0.5661997,-0.29241794,-1.6439472,0.6964865,1.1426891,0.43181494,-0.13575374,-0.12696837,0.56410354,-0.57842976,4.983351,0.57846594,1.2238244,-0.7916972,0.1405567,-0.26435483,-1.024465,5.6453743,0.05274562,-0.4322796,-0.9431181,-0.69821125,0.53122854,0.5652768,-0.12021736,-0.058180112,1.5012156,-0.25211188,-0.44981202,0.6891478,0.20370603,-0.020188967,0.076409265,-0.28962138,0.052911997,-0.116214655,-0.2014594,3.9525058,4.7829547,0.031296134,-0.29228926,-1.1909635,0.43666562,0.23594896,-0.45247307,-0.61636215,-0.2675626,-0.2971138,-0.43696097,0.22493963,2.853596,1.3332756,0.45781705,4.6266227,-0.58033174,0.75925285,-0.2695125,0.28423405,0.8240733,-0.12784791,-1.0878159,-0.23332651,-1.0786029,-0.7079618,0.16880965,-0.32177934,2.8272107,-0.38127485,-0.22423446,0.13095157,-0.38402387,0.17014378,1.0554557,0.43288073,-1.7274426,-0.7815163,-0.20637202,0.8406777,5.6900826,5.013183,2.7201996,-0.38943386,2.955204,-0.7025195,0.14448525,-1.483283,0.041264754,-0.67743206,0.8892992,0.3544049,-0.21347862,-0.6174482,1.1422338,0.24571256,0.80244464,-0.33942983,-0.88299656,-0.27925134,6.6502976,-0.002842466,-0.47984228,0.33264148,1.8527726,-1.2877342,-0.4466649,-0.26213124,-1.0665995,-0.15744941,1.5499521,1.532739,0.1046314,-0.50527483,8.773999,-0.4036478,-0.800409,0.34048045,0.40806997,10.500058
Cyto_RadialDistribution_MeanFrac_mito_tubeness_17of20,0.28448248,1.1838754,-1.3070908,-1.610754,-0.41611114,0.27991855,0.46217403,0.09176338,0.16131873,0.07345432,-0.277765,-0.023223558,0.63116246,0.29927447,-0.47704318,0.2619456,-0.17313774,-1.4618263,0.83876157,0.37064025,0.14618744,-1.4728271,-0.21776086,0.09913758,0.14198418,0.21437888,0.57067174,-0.42558995,0.03486955,-0.6839013,0.4039003,0.39789903,-1.0387164,0.1868809,0.105051376,-1.7914009,0.08701831,0.58212286,1.7276688,0.84195095,0.28494838,-0.13940887,-0.97602946,0.4150029,-0.23434524,-0.650524,-0.53540605,0.17244422,0.043035846,-0.81844115,0.0897542,0.376371,0.48549545,0.87113446,0.371418,-0.2994533,1.0751231,0.09465534,-0.2585714,1.4114431,0.27412233,-0.65639955,-0.19233048,-0.49036336,-0.68922764,-0.29607132,-1.5038939,-0.19511373,-0.33363733,-0.44739997,-0.2400633,-0.016631573,0.32549056,0.12832633,0.61075824,-3.2385676,-0.13320625,0.006171038,-0.37497285,2.3164647,-3.4614954,0.5598524,-0.09557327,0.8929016,0.23819195,-0.10355258,-1.9426984,0.2271839,-0.61928016,0.93425673,-0.6730831,-0.020847509,-0.25278327,-0.66855294,-0.05845998,0.33495793,-0.22274612,-1.2128683,-0.5273056,3.640556,0.5454874,-0.27107623,0.31149295,-0.6027319,-2.2286332,0.048903327,-0.12423327,-1.02009,-0.039188568,1.1833287,1.8170384,0.056599032,-0.29960272,2.080969,-0.46025673,-0.21411073,-0.18957885,0.2418098,-9.111779
Cyto_RadialDistribution_MeanFrac_mito_tubeness_18of20,0.24428624,0.8515642,-1.1429564,1.7223978,-0.97355443,-0.13433293,0.22718428,-0.13679329,0.48531476,-0.40066662,0.095415376,-5.1522784,-0.30531788,-1.8132081,1.3738327,0.273097,0.11645243,0.15785432,-6.8243165,0.5025686,0.5463353,1.0152558,0.17702383,-1.7855922,-0.29998773,0.08586668,0.5569855,-1.8110076,0.9236992,-0.13889353,1.084177,-0.011212532,-0.0044687786,-0.20551811,0.49475178,-2.222554,0.62677354,0.58859664,-2.5403132,-4.058642,0.2464108,0.05186081,2.51007,-0.30424413,-0.8550276,0.095283665,0.1717122,0.6069413,0.14481652,0.36531866,-0.46345082,-2.1137996,-1.0322868,0.9275282,-5.4788704,-0.13925985,1.0532576,0.23260593,-0.9551385,0.14784299,0.34548703,1.8373798,0.4328849,1.2701954,1.0017754,-0.27864522,-0.46658823,-2.9257565,0.22677346,-0.030935049,-0.18215637,0.35817412,0.22151911,-1.2565724,0.44246987,0.16038728,1.060359,0.32779476,-1.4118778,-4.4404874,-3.3044083,-2.41304,0.49584866,-2.952781,2.2277455,0.39028516,1.6649984,0.03461658,0.17798823,-0.6452134,-1.1618174,0.28003752,1.2781523,-2.174206,0.23029254,-0.897649,0.13606314,-0.19051206,-0.07181559,-8.671648,-0.2753525,-0.09239849,-0.22293651,-2.2050598,-0.7252198,0.14694782,-0.5112564,1.2891178,0.041366927,-0.6100426,1.7382393,-0.24084759,0.115347415,-6.0524898,0.07788664,1.7899224,-0.0033519666,-0.15952314,-12.897857
Cyto_RadialDistribution_RadialCV_AGP_1of4,-0.19125219,1.8686066,0.06288028,1.9750508,2.2582364,0.6586379,0.28339717,-0.23538394,-0.4025481,0.42577723,-0.5897166,3.9104664,0.67008686,0.266253,0.60559464,-0.061630238,-0.4370415,0.72360945,10.899693,-0.26413223,-0.6396815,0.3327143,-0.7117998,-0.38510442,0.9842027,-0.47858796,0.039939176,2.765337,0.43889904,-0.3376381,1.7631909,-0.092128135,-0.17976344,-0.3490003,-0.2729548,4.6879635,-0.39228773,0.42355886,9.539426,2.4546099,-0.35862246,-0.38229725,1.6692692,0.50707,0.044689078,-0.2916944,-0.20060188,-0.22778009,-0.43733975,0.52463937,-0.4067407,2.9436789,1.7501487,2.7558582,7.8470902,-0.47216126,0.7079814,-0.7942541,-0.18173856,0.12552716,-0.18989861,2.7915306,0.34948793,-0.0058434606,0.9584198,0.41597855,3.3836057,5.834418,-0.16002737,1.8764777,0.18605667,-0.24257247,0.1153473,1.0295328,0.15151855,2.255598,-0.10363188,-0.53769976,0.3926039,2.9965966,9.866969,0.8393502,-0.1224462,0.94902134,0.529823,1.6125417,2.0033278,0.16141373,-0.7561894,0.5236583,0.67893934,-0.3470106,0.26718965,2.6677864,-0.15678899,0.16545874,-0.5966461,0.18666999,-0.4482713,9.959419,-0.76404303,-0.12370983,0.09853309,4.611721,0.052446682,-0.28569052,-0.3829317,0.97064614,-0.5242038,0.93239784,0.884656,0.22829056,-0.09273985,4.7054253,-0.5572533,0.061926674,1.0157863,0.13681951,9.321237
Cyto_RadialDistribution_RadialCV_AGP_2of4,-0.23098016,1.3668613,-0.472417,1.9445992,1.8174602,0.9597766,0.4001032,-0.20392032,-0.55395395,0.33212745,-0.38053894,4.924221,0.61851686,0.77555424,0.21430206,0.137928,-0.71562535,0.5436015,11.133308,-0.39890352,-0.56842715,0.26132116,-0.5671904,0.13170056,0.51958436,-0.47256112,0.12899132,1.9254694,-0.021698913,-0.31713638,1.5469031,-0.2833921,0.14273377,-0.36642203,-0.37820116,4.1513414,-0.48527822,0.2367189,8.409958,2.545195,-0.67957324,-0.27069363,0.47777677,0.3637328,-0.0044552437,-0.45208335,-0.33471093,-0.3922195,-0.26572034,0.09827459,-0.879203,3.2247066,2.1307094,2.2984917,8.222372,-0.41806647,0.44664788,-0.684859,-0.22101152,0.16972794,-0.1859194,1.402047,0.13611548,-0.2421766,0.3012543,0.2683961,3.4781237,6.492863,-0.02803951,2.102301,0.17194158,0.047842383,0.18024911,1.264652,0.20917766,2.1175928,-0.27384675,-0.29656118,-0.0724548,2.8063533,14.048058,1.0320889,-0.15726571,1.6232592,0.383935,0.97913146,1.8352505,0.10856258,-0.507899,0.10269556,1.0139779,-0.17432578,-0.022422433,2.8135738,-0.27622855,0.35884988,-0.40938023,0.631609,-0.08535063,13.759824,-0.52715635,-0.23783039,0.28101933,4.418709,0.32131204,0.057168115,-0.46255794,0.40751266,-0.2688803,1.1858423,0.01007696,0.20226078,-0.04198502,8.033069,-0.34981552,-0.35842517,0.33652654,-0.045844615,10.689721
Cyto_RadialDistribution_RadialCV_AGP_4of4,-0.06322974,-0.709768,-1.3007239,0.16229208,0.0010812283,-0.14564516,0.3854566,-0.09226211,-0.13441359,0.39395848,-0.51675576,4.021359,-0.15862346,1.3002037,-0.46290097,0.413447,-0.80960083,1.7315522,2.589814,-0.6194915,-0.7839448,0.04765288,-0.4693061,2.206999,-0.62338465,-0.3586935,-0.076096594,-0.2222718,0.025614133,-0.39732036,-0.42179772,-0.1676618,2.285077,-0.13398637,-0.27075455,0.3672857,-0.30550697,-0.3859241,1.032005,2.1106088,-0.67787236,-0.1740189,-0.5224178,0.1586696,0.3690393,-0.45381042,-0.31108811,-0.3477998,0.01358213,0.7054226,-0.93055344,2.0994475,1.4440206,0.70791984,1.8385032,-0.009253557,-0.08438472,-0.6276223,-0.05039837,-0.09802473,-0.33764163,-0.056328613,0.10088277,-0.6506857,-0.44836035,0.5532734,2.2905915,0.6875293,0.32424068,1.1752783,-0.33825818,-0.029388154,-0.09257417,0.031792354,-0.0844932,1.2728947,-0.85036755,-0.10349127,-0.23022962,2.310995,3.8693593,1.0271553,-0.25767362,1.1740946,-0.162048,-0.23230879,1.830659,0.065251954,-0.40720415,-0.4758474,1.1631311,0.13768731,-0.18650131,2.7619903,-0.12876387,0.9644107,-0.35360155,2.1532476,0.17872334,4.230845,0.6397459,-0.1487119,0.18031387,0.34801897,2.2195933,0.22115433,-0.39892206,-0.0027391117,0.0915893,-0.14133559,-0.12847893,0.39963064,0.09645786,4.5297966,-0.19712599,-0.7137558,-0.18525499,-0.29300296,7.242041
Cyto_RadialDistribution_RadialCV_DNA_1of4,-0.18055397,-0.8597787,0.016778996,1.041279,1.0122768,3.4830177,0.13607578,-0.1829188,0.16239415,0.380551,0.21529359,10.732353,0.3748637,1.3523134,0.04397567,-0.11401317,-0.8640025,-0.6398675,2.433368,-0.36918893,-0.0009040932,-1.4992145,-0.65310484,0.09838597,0.28793386,-0.6160602,-0.7807403,-2.3654673,-0.45340613,-0.43513235,-1.6627074,-0.6052386,-0.34569287,-0.092350185,-0.38996983,2.6787472,-0.49969232,-0.9593434,2.4172366,2.4577186,-0.20747225,-0.11117528,-0.6368081,-0.4579157,-0.048298478,-0.23360924,-0.098026894,-0.59527165,-0.26807746,1.4991554,-1.1636255,1.8779,-0.49768314,0.18303825,1.1538545,-0.07316184,0.6286017,-0.56755584,-0.26453045,-0.83398104,-0.21996213,-1.5552238,-0.46223474,-0.8059738,-0.6505524,0.03777508,3.8053455,3.0788763,0.24188064,1.9261252,-0.0024736822,-0.16273291,-0.26017103,1.1744918,-0.25343204,0.7990406,-0.25023896,-0.2817231,-0.24122457,2.5867586,10.344478,1.4646826,0.15410566,2.306783,-1.3932625,-1.1498526,0.78433985,0.033487815,-0.3367531,-1.1233288,0.32957134,-0.5604697,-0.050290227,1.128518,-0.12874985,0.72861433,-0.14433245,0.5187922,0.53500324,1.6354877,0.657502,-0.12495511,-0.37730226,0.42422566,-0.1869971,0.13348038,-1.0174257,-0.5287004,-0.35600266,-0.4611753,-1.1006819,0.12001613,-0.111387156,6.38849,-0.34300837,-0.65750414,-1.2148792,-0.5923225,19.865099
Cyto_RadialDistribution_RadialCV_DNA_2of4,-0.06286003,-1.8643185,-0.43049383,0.7490957,-0.08395457,3.5028982,0.35030457,0.23266332,0.310119,0.43232265,0.29154316,9.116145,-0.15669806,1.8241806,-0.0773262,-0.002814293,-1.3006878,-1.2832661,0.8636985,-0.33147117,-0.2545161,-1.7628303,-0.2874713,0.9840264,0.09888864,-0.33642948,-1.1512437,-3.4985063,-0.97027487,-0.4106891,-2.7808077,-0.9136662,-0.36733857,0.12386018,-0.5063451,1.4244012,-0.686508,-1.2622213,0.5870466,2.1281369,-0.2053151,-0.207377,-1.8826786,-0.96972823,0.3492298,-0.43425107,-0.2114265,-0.7881384,-0.12841415,1.0033064,-1.6745158,1.6810998,-0.6084079,-0.89392996,0.33371875,0.48194328,0.2101895,-0.15877102,-0.11509415,-1.0396396,-0.24172078,-2.3593037,-0.93332547,-0.9995825,-1.3930918,-0.409155,3.3224418,2.3084633,0.3246821,2.1439202,-0.08702099,-0.057592448,-0.06650516,1.4880773,-0.68883157,1.0682216,-0.2867263,0.025697127,-0.806079,1.9060692,13.136387,1.4458994,0.23794405,3.2778237,-2.2630653,-1.9826989,0.7446634,0.23471124,-0.06449413,-1.7934599,0.427796,-0.40436593,-0.19761412,0.37548533,-0.9681411,0.72787267,0.22019774,0.6147366,0.71022755,2.2710705,0.89689547,0.006585752,-0.18152396,-0.56494313,0.26775572,0.06377474,-1.2342505,-1.2018539,-0.054001976,-1.0618205,-2.5723248,0.082370944,-0.18911688,8.147602,-0.05692363,-1.2982038,-1.6622114,-1.0094744,0.14905612
Cyto_RadialDistribution_RadialCV_DNA_3of4,-0.03212266,-2.2244916,-0.7845645,0.38257656,-0.24820916,2.6219532,0.13279271,0.27155444,0.24465668,0.69557285,0.3710488,1.7801604,-0.30258495,0.8153313,-0.5768266,0.19145648,-1.1980413,-1.0340776,-0.32468945,-0.38225842,-0.15704657,-1.9975504,-0.26402745,1.5720345,-0.22054534,-0.27095374,-1.1357076,-4.3370857,-1.0513028,-0.3707846,-4.2428994,-1.1532611,0.0036576092,0.28154156,-0.3470544,1.811297,-1.017176,-1.4443678,-0.44432798,0.5222871,-0.27406445,0.027999798,-2.8228853,-1.2706604,0.3404093,-0.2524629,-0.13272671,-0.632203,0.044614386,1.566634,-1.9855317,1.4839686,-0.44177678,-1.8569903,-0.8677492,0.61651164,-0.65504986,-0.14227165,-0.19848268,-1.1931214,-0.118367314,-3.3092577,-1.0084618,-1.1862835,-1.9170951,-0.032706082,2.547347,1.0043995,0.22483833,1.6553401,0.022121808,-0.02634758,-0.05165984,1.0201421,-0.9284403,0.16387908,-0.39347026,0.2992326,-0.8027082,1.5611191,3.5555012,1.3459631,0.34529856,2.7375758,-3.1184332,-2.1031058,1.241832,0.07238422,-0.002585888,-2.9437294,0.11439399,-0.39313063,-0.83617973,1.2384772,-1.2039121,0.72354597,0.22442257,0.9958088,0.6421311,1.4071494,0.80859756,0.21526921,-0.065161765,-1.0153191,0.8329995,0.23389876,-1.3910233,-1.7026767,0.11083632,-1.2313318,-3.4486694,0.084079705,-0.23756664,6.8557715,0.23083222,-1.8462086,-2.5312603,-0.9982098,-5.2145505
Cyto_RadialDistribution_RadialCV_DNA_4of4,0.10963764,-2.64167,-0.5211125,-0.21223576,-1.5826443,-1.3352357,-0.32704186,0.29631495,-0.06809739,1.1339207,0.17940144,-3.826409,-1.0176439,0.6922545,-0.82829094,0.37424895,-0.50318676,0.97325903,-5.667551,-0.08961048,-0.033607516,-1.2057558,-0.17753537,2.7111366,-0.62093943,-0.005708307,-0.6009148,-5.5015025,-0.6948859,-0.6469964,-5.7864327,-0.6892841,1.4934622,0.41969204,0.24848999,0.9417346,-0.7858548,-1.4347757,-1.685649,-1.9773716,-0.1107791,0.2218883,-5.2373857,-0.73661876,0.6998016,0.11691284,0.0027529795,-0.40880668,0.42650613,-0.43381986,-2.7459557,-0.15402605,-0.14420098,-3.4437754,-4.2907147,0.997067,-1.7127911,0.03430636,-0.05295657,-1.0418586,0.15826707,-5.6373444,-0.5910649,-1.0271441,-1.7636026,0.92425966,-1.1624074,-0.68399125,0.020356894,0.6168983,0.43341503,-0.023104325,0.051895365,-0.17268138,-1.1280199,-1.8285608,-1.2086316,0.12409807,-0.8158703,-0.33895648,0.033364475,0.14998549,0.034660745,0.32805482,-3.0494053,-1.6336685,1.412201,0.015578966,0.45562494,-3.072919,0.28885582,0.017026702,-1.3286273,1.3485934,-0.85581756,0.2724543,0.49573636,1.8142557,0.5550807,1.2034259,0.89125234,0.43144903,0.47343898,-1.9895058,2.5234149,0.6964542,-0.93056375,-2.460799,0.3956052,-1.2587286,-5.053558,0.21173151,0.062804975,0.42400774,0.50422937,-1.2738508,-3.4173386,-0.9685405,-16.052305
Cyto_RadialDistribution_RadialCV_ER_1of4,-0.3186629,0.88652915,-0.66133016,-0.68048865,2.6077795,-0.46677533,-0.13834818,-0.32301483,-0.31340948,0.4837964,-0.44472194,1.4026436,1.0611901,0.3066233,0.14833802,0.35646072,-0.70269495,0.47230783,8.949182,-0.5275317,-0.5114411,0.40515837,-0.5960429,0.5549955,0.3375694,-0.45561644,0.33515045,1.1870221,-0.04170096,-0.90824246,1.0935427,0.13431124,-0.79691046,-0.13086359,-0.4517835,5.4648285,-0.59399366,0.2958762,8.167959,0.079754435,-0.34967625,-0.2643459,0.83149666,0.7453701,-0.45518136,-0.025624508,0.26287606,-0.031863254,-0.38004574,0.25877476,-0.22656424,0.03609854,1.0278544,2.1981149,6.2789283,-0.06426919,-0.8828339,-0.59020036,0.16486844,0.14893484,-0.29369316,0.278735,0.40058637,-0.1147174,0.6556062,1.1272601,3.0670996,4.883389,-0.029484728,-0.30396095,0.4680368,-0.09272615,0.3048661,0.49161994,0.72385854,2.1906347,-0.4103252,-0.21061696,0.40993133,-0.30563262,3.56377,-0.5712711,-0.114324115,-0.28679645,0.49436447,1.4566194,0.0016121467,-0.43726745,-0.8729102,0.1522159,0.44709587,-0.098666616,-0.3157517,3.6535606,0.26542908,0.13741697,-0.23254703,0.30333045,0.063304506,6.7903266,0.13570751,-0.35853454,0.5027799,4.6365457,0.10840699,0.18515266,-0.13169403,1.3542773,-0.1649102,0.11137262,-0.10741907,0.03329478,-0.1461059,3.2974577,-0.109099306,-0.24751179,0.13228083,0.22468369,-0.18068886
Cyto_RadialDistribution_RadialCV_ER_2of4,-0.07288108,0.6351947,-1.0856204,-1.1050076,2.277559,-0.73694247,0.11809927,-0.30785552,-0.3140457,0.51296735,-0.5987401,1.9804367,1.0663418,0.8763759,-0.08549818,0.3072286,-0.6670591,0.6017563,5.104912,-0.33086938,-0.3914986,0.18638484,-0.52935225,1.0778488,0.098693214,-0.46023485,0.5520329,0.69175595,0.27253494,-0.75141674,0.82251245,0.27785343,-0.6355217,-0.05199224,-0.37110665,4.4482045,-0.48919508,0.36394396,3.1901314,-0.15163581,-0.34284863,-0.15053482,0.43132842,0.66866904,-0.7551767,0.06900919,0.22950722,-0.088031225,-0.30746862,-0.09352931,-0.19697244,-0.62645286,0.89882064,1.8040847,3.6550848,-0.013391237,-0.9396105,-0.5698337,0.2329789,0.3103432,-0.27880868,-0.27708507,0.4316114,0.113792695,0.5698409,1.307838,2.440621,3.7318547,0.18569261,-0.64048266,0.35407236,0.097938955,0.06774215,0.4466431,0.98161125,1.7031937,-0.51289225,-0.011930098,0.5723689,-1.022502,5.8192253,-0.28171194,-0.17883117,-0.11224855,0.38453814,1.0739833,-0.12612395,-0.45394775,-0.8427541,-0.12603699,0.6140675,0.053269643,-0.40843177,3.7035062,0.2772881,0.61690706,-0.2769196,0.50285214,0.05733953,4.4110265,0.3642613,-0.32966465,0.58052963,3.3295872,0.3055745,0.36172393,-0.003186345,0.91668487,0.022769958,0.14901091,-1.6399163,0.19033122,-0.03616765,3.404642,-0.040504735,-0.5895836,-0.20110367,0.05080102,6.2954674
Cyto_RadialDistribution_RadialCV_ER_3of4,-0.17547889,0.5623954,-1.0421284,-1.1491661,1.8294258,-0.6523276,0.2468127,-0.30133677,-0.21164145,0.44405368,-0.60727483,3.7843971,1.1213068,1.2316909,-0.20504113,0.36336148,-0.7158747,0.5777182,4.016725,-0.43320963,-0.5089981,0.07488084,-0.3541437,1.1241094,-0.044629473,-0.46627077,0.5060773,0.8900714,0.60240644,-0.7908246,0.85946226,0.31575117,-0.48381948,-0.06476094,-0.4182364,4.258642,-0.31082925,0.27065977,-1.197034,0.6876921,-0.3128813,-0.1349776,0.2129175,0.7504816,-0.671518,0.0030270666,0.08047479,-0.20945199,-0.1801018,-0.059839338,-0.11617228,-0.65188074,0.8792893,1.7823373,2.7640822,0.17018747,-0.5309488,-0.48683593,0.11234514,0.4905614,-0.3429515,0.30364874,0.6183772,0.3065273,0.5091862,1.043021,2.5626729,1.41746,0.102684975,-0.572365,0.20410831,0.18048711,-0.27616388,0.19294894,1.2188164,1.9019442,-0.70795673,-0.023859262,0.9508951,-0.5989515,3.6963215,0.5367621,-0.13384561,0.11143219,0.075331055,0.7323846,0.075931035,-0.22251529,-0.8368063,-0.14382657,0.5180792,-0.00817271,-0.268132,3.6405213,0.3625681,1.0138904,-0.26294672,0.42791367,-0.21639653,6.042267,0.58176416,-0.266794,0.55970913,1.8821498,0.25469074,0.2696472,0.05260229,0.7956906,-0.12443981,0.2658917,-1.945343,0.09300688,-0.021727152,4.3660197,0.020002851,-0.7935675,-0.21879287,0.03971653,4.6040044
Cyto_RadialDistribution_RadialCV_ER_4of4,-0.051885348,-0.10898741,-0.6652924,-0.6595972,1.067001,-0.4405972,0.33155763,-0.30966148,-0.16941826,0.37544513,-0.43550834,3.801905,0.661529,1.3735908,-0.5282999,0.38641247,-0.7211809,1.0656546,0.7123714,-0.58124536,-0.6944647,0.106467865,-0.35906652,1.403664,-0.28580925,-0.46653476,0.35508505,0.2804776,0.752214,-0.5833718,0.501953,0.6371885,0.06627103,-0.040206004,-0.31822747,2.3371458,-0.14947896,-0.06291693,-3.3112247,1.6037649,-0.32919574,-0.16402997,-0.40903535,0.66256946,-0.26005992,-0.1341449,0.11857849,-0.19612436,-0.21530461,0.3691155,-0.30628183,0.08494094,0.65150213,1.1153072,0.38526008,0.03071333,-0.21619417,-0.48077628,-0.17430978,0.30518508,-0.44778422,0.6854276,0.68027616,0.27657393,0.46932968,0.8111431,2.3082888,-0.34198204,0.09031152,0.19369482,-0.23131807,0.1881711,-0.56705564,-0.5536265,1.0699834,2.4391468,-0.8886618,-0.111088395,1.1916183,0.56048423,2.0924802,0.85002184,-0.13562448,0.11879903,0.06041504,0.16456135,0.5127592,-0.104478754,-0.90904266,-0.18424095,0.51339203,-0.049942642,-0.1996721,3.4239693,0.3245028,1.0497121,-0.34429765,0.54169476,-0.050572425,3.8507612,0.75219995,-0.15980208,0.22668512,0.32427898,0.60925967,0.18094337,-0.1408749,0.8274908,-0.029875746,-0.108186506,-1.0147811,0.073853016,0.032265063,2.5774906,-0.11713788,-1.0299996,-0.29050553,0.16486673,4.0836277
Cyto_RadialDistribution_RadialCV_Mito_1of4,-0.2101597,0.9989793,0.73998505,1.9732744,2.0671623,0.31057274,-0.020441234,-0.14484239,-0.17342646,0.56831795,-0.36891273,5.0852866,-0.48679516,0.43446907,0.17623167,0.025202384,-0.37794757,0.5030125,9.8436775,-0.3787534,-0.51705694,0.48690733,-0.9028795,1.7627951,0.53905714,-0.36970964,-0.45118293,3.4976463,0.08958181,-1.0491084,1.9446179,-0.5330643,0.777477,-0.016397467,-0.46787277,5.6760516,-0.15734635,-0.3963292,5.2952285,2.5723023,-0.45693982,-0.24225275,0.09961459,1.0132107,-0.63675946,-0.103032865,0.042030066,-0.57424486,-0.49247,3.7314732,0.051050287,1.2221054,1.2649059,2.59815,9.971027,-0.32707512,1.226004,-0.56097054,-0.08308953,0.060130578,-0.30591133,0.6131,0.15072548,-0.73488426,0.17572464,0.571369,1.086494,3.2066545,0.043001935,2.5368307,-0.22808759,-0.21931636,-0.881917,0.2655292,-0.20117265,0.44546926,-0.43667814,-0.18062468,1.8200771,1.6927596,2.9228256,-0.4781351,-0.01429749,0.4926068,0.50956386,0.3344141,-1.3302623,-0.15174848,-0.7505087,0.25947145,-0.04742263,-0.104822874,0.043431412,3.3859432,0.032078784,0.27826902,-0.27222827,0.50647897,-0.076555505,2.5922387,0.12835105,-0.19328022,0.33374003,2.646497,0.1994757,-0.64953035,-0.9092905,0.7183406,-0.44081083,-0.45184457,0.0651944,-0.3833022,-0.18870275,3.5930822,-0.30537006,-0.31559715,0.24822211,-0.8044696,9.280196
Cyto_RadialDistribution_RadialCV_mito_tubeness_15of16,-0.046679515,1.5685393,1.2799578,-0.18274383,3.3863003,0.92977244,0.42814907,0.22634237,-0.48760596,0.8435805,-0.3133175,7.199673,1.1213355,0.08664615,-1.0467218,0.11391545,-0.22195067,-0.16323523,18.869665,-0.16489638,-0.55281276,-0.03181859,-0.5383477,0.83645463,-0.037811708,-0.070727825,0.10098269,5.353082,0.2790377,-0.28689352,2.3643475,-0.48829758,0.044582605,0.36079875,-0.48512116,7.6783013,-1.1958241,0.4985548,0.9220643,4.711915,-0.513254,0.13210315,1.2839814,0.54670876,-0.6724934,-0.12629151,-0.51543874,-0.3650132,-0.049545016,2.5653806,0.042747606,2.8953316,1.1044277,2.4051106,16.472155,-0.3419961,0.8827924,-0.18728524,-0.48051858,0.4639862,-0.503094,-0.71612686,-0.079201974,-0.47189304,-0.8857935,0.2710684,2.5275738,2.8640797,0.1277058,1.6213098,-0.22331508,-0.39329585,-0.3145282,-0.8440729,0.17957862,3.4718463,-0.7845327,0.050105345,2.4264107,3.6443386,4.586221,0.17440528,-0.05003107,1.3718671,-0.6309188,-0.008199577,-1.3916868,-0.4204943,-0.18519436,0.17083271,0.051703293,-0.33455738,-0.54611033,5.1257954,-0.1765715,-0.2220275,-0.013106043,0.37722445,-0.1421404,4.217727,-0.07170876,-0.29413512,0.2045889,2.4755175,0.2583983,0.013087522,-0.52318543,-0.5834174,-0.29772866,1.7224194,-1.0817565,-0.43792033,-0.313172,9.831983,-0.4572154,-1.3911552,0.028597474,-0.06488543,5.482441
Cyto_RadialDistribution_RadialCV_mito_tubeness_16of16,-0.30425885,2.108735,0.59203833,-1.0320482,1.882588,0.9045817,0.3670666,-0.11850881,-0.31316343,0.85042906,-0.61331296,7.9486794,1.2594581,1.0420097,-0.9924591,-0.037316278,-0.33075783,-0.1594079,10.301248,-0.3150749,-0.5396827,-1.0653304,-0.47607568,0.7885142,0.09926844,-0.51254815,0.36944067,2.5736237,0.87580377,-0.18883003,2.3948333,-0.029169219,-0.59214383,-0.13602243,-0.33724084,3.9665797,-0.43594852,0.15043649,1.8653475,4.1523705,-0.32294357,-0.15348487,0.74119455,0.87752277,-0.06823209,-0.26139632,-0.4469011,-0.50990164,-0.18748128,2.194771,0.07545123,2.7025375,0.7835421,3.0181015,7.4738135,-0.37197506,0.2792746,-0.24161913,-0.33110547,0.95753914,-0.11451485,1.8342618,0.34003356,-0.4867884,-0.51686007,0.20058228,2.0527604,1.843968,-0.12995036,0.9509681,-0.29872748,-0.21253978,-0.22734599,0.45326817,0.5923081,2.1699839,-0.45604566,-0.13240054,1.7186537,4.7424903,8.491794,2.035896,-0.061390538,1.506677,0.05520329,0.18090178,0.13526422,-0.08095222,-1.040795,0.41499314,-0.06415231,-0.35516992,-0.20587696,3.9737256,-0.11873589,1.0771999,-0.39520144,-0.0673031,-0.15598199,0.11594245,-0.016934415,-0.5340884,0.17676796,1.9690703,-0.37319636,-0.5019388,-0.05759589,0.22165553,-0.011022906,1.8520344,1.4213428,0.042963695,-0.53970885,5.5720353,-0.58256274,-0.6871653,0.18134527,0.08494107,-2.7023394
Cyto_RadialDistribution_RadialCV_mito_tubeness_16of20,0.19659667,2.4102502,1.1201698,-0.3120369,3.297156,0.99056196,0.3958975,-0.06323574,-0.05938604,0.28586414,-0.2887248,5.675831,0.4942955,0.00783817,-0.102057435,0.22635616,-0.1766737,-0.51782787,15.91804,-0.045110483,-0.62111515,0.65890956,-0.6956215,-0.69831043,0.46035555,-0.47533688,-0.069753416,4.608851,0.6960955,-0.1769195,3.1896896,-0.24808507,-0.15207475,-0.26671547,-0.31099007,5.3204026,-0.5769758,0.42787382,2.209603,1.5901295,-0.5266225,-0.11553251,2.6607878,0.9660399,-1.0591108,-0.63797635,-0.5738279,0.15990847,-0.21543328,2.0591533,-0.33455363,2.3667243,0.6384785,3.6185048,14.238201,-0.8836932,1.3455142,-0.38932776,-0.32030037,0.57072645,-0.052754313,0.9998517,0.097148776,0.26093638,-0.14231227,-0.060537916,2.2893195,3.1012514,0.09191973,0.6771328,-0.34835777,-0.41833863,-0.00029764077,0.8762087,0.35988986,1.326908,-0.38104835,-0.07077051,1.4619879,1.5282522,5.3233027,0.40139487,0.03829216,0.36291537,0.7525156,1.0407254,-0.09132419,-0.410552,-0.69566375,0.39857376,-0.12275518,0.18620081,0.4114379,2.8787396,0.1595283,-0.19796832,-0.44701195,-0.32092977,-0.15512584,-0.14788903,-0.6049659,-0.43007913,0.36268902,3.1726818,-0.8115633,0.02414988,-0.20222314,0.44462356,-0.21586074,1.1669464,0.4268129,-0.27614775,-0.30060744,5.8614445,-0.30420223,-0.05300272,0.5617921,0.32918295,-5.6928
Cyto_RadialDistribution_RadialCV_mito_tubeness_17of20,0.10310603,2.074127,1.1545628,0.4505029,3.291355,2.1510239,0.07358882,0.10428091,-0.08548228,0.33633462,-0.119252205,6.5940375,0.5542554,-0.016646286,-0.11440331,-0.04775094,-0.4296204,-0.6125476,19.72162,-0.110502176,-0.4536086,0.23321922,-0.7798996,0.040889025,0.27804866,-0.46971765,-0.12510945,4.547787,-0.030459166,-0.22921073,2.7172625,-0.6668494,-0.101381384,-0.13206828,-0.46875262,7.124724,-0.65056556,0.38090506,1.889205,2.8700533,-0.5843975,-0.0016718904,2.5028923,0.72926354,-0.82526416,-0.67403054,-0.50806516,0.19628783,-0.10596612,3.3104324,-0.07455528,2.9507399,0.8774726,3.5757039,16.915827,-0.72879297,1.3960725,-0.44510016,-0.12688683,0.1270442,-0.30959162,-0.034362495,-0.24299307,0.03417623,-0.26351094,-0.08231226,2.8284843,3.3061628,0.19560897,1.5007001,-0.45031354,-0.17994434,-0.047201287,0.7157674,0.23552547,2.3038518,-0.7933925,0.16536513,1.553898,2.4286313,3.856315,0.32130286,0.0749551,1.5464708,0.16153817,0.4492127,-0.77108264,-0.52396315,-0.5295368,-0.2089864,-0.25826684,-0.04912126,0.027187457,3.4278705,-0.103910625,-0.29777375,-0.15876214,-0.31939963,-0.061959922,6.7922826,-0.12741989,-0.43555412,0.25736442,2.867194,-0.627207,-0.1001211,-0.5088008,0.1959459,-0.09754989,0.97861093,-0.7528619,0.0015453696,-0.060101967,7.87005,-0.39199075,-0.50662726,0.36360502,-0.17328389,5.5631833
Cyto_RadialDistribution_RadialCV_mito_tubeness_18of20,0.074290335,1.5655804,1.3723453,-0.34864798,3.291684,1.739411,0.46384898,0.13091886,-0.43056855,0.7279869,-0.36415532,5.8535333,0.6201761,0.14859591,-1.150437,-0.098151766,-0.67761713,-0.4742043,18.143694,0.05970609,-0.41101158,-0.2226275,-0.6597957,1.1659793,-0.15149508,-0.07624737,-0.22559483,4.9286594,-0.040382385,-0.17599271,1.8522824,-0.86102676,-0.07186339,0.19242674,-0.3852135,8.130822,-1.0063959,0.24450266,1.0065228,4.5737915,-0.54267544,0.23677446,1.2544047,0.5977207,-0.7103712,-0.47511113,-0.4550067,-0.18605602,-0.14965236,3.1759856,-0.09759333,2.8656414,1.0715803,2.7400074,16.512196,-0.41969725,0.9883955,-0.26466027,-0.13881285,0.25930598,-0.387543,-1.3836746,-0.30078804,-0.18967707,-0.910657,0.21874122,2.4117599,3.3356855,0.295168,1.4077964,-0.47191438,-0.44140315,-0.28727248,-0.07131693,0.018452117,2.5030231,-1.0003129,0.060252752,2.4724905,3.1490648,3.5211718,0.041570324,0.068961024,1.8351063,-0.8326116,-0.21917981,-1.8401136,-0.6313198,-0.48961362,0.07907046,0.1059734,-0.38611642,-0.5510721,4.6132913,-0.374603,-0.3610207,-0.08093062,0.036156338,-0.18238461,5.381573,-0.23386417,-0.48021686,0.31607538,2.5830147,0.1388327,0.019845346,-0.73439544,-0.6881981,-0.18902576,1.5414877,-2.1884527,-0.32966343,-0.2715368,8.196561,-0.33023635,-1.748313,0.080329336,-0.21721704,17.600924
Cyto_RadialDistribution_RadialCV_mito_tubeness_19of20,-0.067723505,1.3913323,0.8112323,-0.93560547,3.6497166,0.6376474,0.38692108,0.30874804,-0.43147978,1.1065719,-0.39410007,7.7093005,1.5164157,0.8127884,-1.3489901,9.679422e-05,-0.44189322,0.073384725,16.934685,-0.2981932,-0.50073165,-0.37783042,-0.4166434,1.2994031,0.11137333,-0.45333767,0.2734115,3.956426,0.6982134,-0.1687604,1.3776699,-0.63548756,-0.1371276,0.2720741,-0.35585713,5.521902,-1.0522066,0.44180992,2.0166523,6.676699,-0.43537843,0.07400703,0.3684186,0.40792194,-0.22542733,-0.12932236,-0.57713425,-0.2097132,-0.1631379,1.9076253,0.14008646,3.5279884,1.1520387,1.3289622,14.190132,-0.2186932,-0.11622993,-0.3096583,-0.17023058,0.7792697,-0.32339787,-1.249558,-0.11733826,-0.4259454,-1.3722197,0.32899928,2.136253,3.158652,0.15972896,0.8900645,-0.19486253,-0.45215413,0.0800276,-0.14309762,0.051816087,3.1158984,-0.8361221,-0.19188356,2.3558152,5.6148667,21.00442,1.5758648,0.013291582,2.1213024,-1.09596,0.19047968,-1.0752527,-0.28347066,-0.5718307,0.0116626425,0.1361507,-0.2987354,-1.0012168,6.218287,-0.3297039,0.2460988,-0.0777302,0.6824843,-0.20323773,8.642558,0.1532755,-0.40276662,0.26147762,3.3070438,0.27765656,-0.089466535,-0.36578104,-1.0723176,0.11801985,2.0476706,-0.9366941,-0.30070457,-0.52595615,14.316409,-0.5540647,-1.8275541,0.008964618,0.10249746,5.3018675
Cyto_RadialDistribution_RadialCV_mito_tubeness_20of20,-0.3014867,1.8084427,1.0298506,0.77670985,0.82884574,0.9713153,0.36363897,-0.22876658,-0.14418066,0.3651648,-0.4448186,5.2150154,0.41634405,0.14890303,-0.07554399,-0.0761717,-0.12111954,-0.05894508,6.2505364,0.036421716,-0.22162318,-0.65639895,-0.50020146,-0.7545032,0.20446414,-0.540112,0.14999281,2.6865914,-0.11244863,-0.40069923,3.046133,0.10024526,-0.32997838,-0.22842608,-0.52729803,2.756528,-0.018922856,-0.19544043,1.464037,3.0324223,-0.18542658,-0.3061318,1.7325774,0.6062033,0.07777157,-0.31566674,-0.3597779,-0.53569907,-0.43335,2.6363006,-0.09252746,1.5751128,0.376299,3.0623395,4.572102,-0.47513413,1.2418123,-0.20564632,-0.33443072,0.46371472,-0.4603059,2.6371953,0.10872766,-0.56333154,0.31543264,-0.16210662,1.976037,1.217301,-0.10363475,1.6754419,-0.41609767,-0.25637558,-0.39225438,0.5016429,0.7984516,1.8234314,-0.15416168,-0.4927779,1.4524819,2.5136468,4.254051,0.7523063,-0.24722975,0.5569509,0.56521815,0.17972888,0.8257558,-0.09227369,-0.74420196,0.8317504,-0.03497907,-0.32742712,0.54811674,1.5854731,0.092135735,0.81408006,-0.40283608,-0.32794663,-0.27404508,0.79965186,-0.3326598,-0.424503,-0.053762734,1.0352879,-0.41793346,-0.7008342,-0.41519225,1.1385921,-0.20956497,0.8445118,2.2573574,0.07741464,-0.44467497,-12.39186,-0.5620372,0.2969492,0.619503,0.044265788,1.2810087
Cyto_Texture_AngularSecondMoment_AGP_10_02_256,-0.36007917,-1.1031922,0.2483099,-0.36903906,1.0209914,-0.41807535,-0.6321513,-0.24837522,-0.25142035,0.6607683,0.38055065,-1.5260043,1.0630912,-0.5671362,0.13165598,-0.40982056,1.4450688,1.1108054,1.4939793,0.17326982,0.4053553,-0.11602334,0.84056026,3.4201145,-0.20328498,-0.12104251,0.16192013,0.080867596,0.3429942,0.6342337,-2.169703,-0.21473242,1.6377264,-0.057818323,-0.4138887,5.510652,-0.17659186,0.046640698,-1.0179322,-0.72733766,0.57684624,0.21221273,-1.9117817,-0.46508184,0.16561705,1.2879057,0.16265225,0.41313934,0.13052998,2.5561182,0.31853113,-1.4548802,0.26504365,-1.9877719,-0.45608547,1.6260885,-1.8217186,0.05189112,1.128636,-0.42812848,0.34848058,-1.4429909,-0.07578226,-0.0010604461,-0.82862645,1.121916,-1.0766295,-1.2264522,-0.5553072,-0.9134887,0.8589735,-0.36142123,0.19380224,-0.89887613,-0.57316417,-0.6285892,-0.05535732,0.43086818,0.1930872,-1.4075961,10.870003,0.25540593,0.12229019,0.43818188,-1.0563742,-0.3175346,0.17696029,-0.35284233,0.01894623,-0.46701804,-0.007115394,-0.19579245,-1.3521253,2.3093817,-0.7481403,-0.5241166,0.60510343,1.062937,0.08004207,0.23764591,0.5799512,-0.42604014,-0.28895348,-0.8554623,0.8456773,0.23100805,1.1284615,-1.502071,-0.25679687,0.39905787,-1.9338049,-0.38815764,-0.6055012,1.0909524,0.43157515,-0.7147501,-0.11837091,0.14039512,2.1780179
Cyto_Texture_AngularSecondMoment_DNA_10_01_256,-0.2664218,3.7537887,1.3131125,1.2801758,0.97508377,-0.91806006,-0.17985107,-0.34846047,-0.08257901,-0.9586162,-0.48588443,3.46228,0.796519,-0.7095983,1.4938841,-0.32950696,0.552165,1.2155846,4.398108,0.21799283,0.08796936,0.76625377,0.04680738,-1.6321417,0.3374898,-0.22704047,0.32811764,4.907929,1.6333934,0.10883901,7.9950027,1.0093955,-0.26668534,-0.28985843,0.09818188,-0.375605,0.8538468,0.9832458,0.43714675,0.70808834,0.23212592,-0.16524978,5.442543,1.6810299,-0.30408522,0.09664587,0.30565965,0.36150658,-0.04403073,0.58679366,3.2103608,-0.74167985,0.066455625,4.4543266,4.921064,-0.4613727,1.9827751,0.10632071,-0.17571437,1.037146,-0.0009389122,5.2603035,1.2350622,0.98731136,2.8668911,-0.40069577,0.17863284,0.71169204,-0.22707252,-0.5434509,0.21984851,-0.18178143,-0.21664836,0.008972228,1.4849495,1.1783315,1.3944763,-0.4773786,1.4342247,-0.93523717,3.3252604,-0.67110616,-0.33942917,-1.8220049,4.716826,1.3077239,0.072966985,-0.063966386,0.00932461,3.574756,-0.09703078,-0.06680881,1.2190546,-1.5060147,2.073762,0.053957026,-0.5362032,-0.95505977,-0.6810927,1.5361084,-0.7315946,0.008458297,-0.113236405,1.133706,-0.8380866,-0.3337246,0.27008834,2.6677074,-0.3605435,0.6706982,5.204002,-0.22711344,-0.10779921,-1.6729279,-0.22252364,1.6254306,3.35687,1.0676036,21.900543
Cyto_Texture_AngularSecondMoment_ER_3_00_256,0.028783351,-0.17106338,-0.082250945,-1.0409085,1.1965926,-0.13352744,0.048014224,0.5215143,0.021681815,-0.8465085,0.42552653,0.684618,-0.0107783275,-0.43619442,-0.09691113,-0.02558808,1.0841252,-0.97692627,4.5188947,0.32180765,0.13306938,0.2634701,0.660224,0.73246676,0.035145838,0.39678094,0.35741735,0.102176875,-0.5639778,0.8119161,-1.6465178,0.44602767,-0.21184945,0.23500754,-0.114393674,-0.042690396,0.45135832,0.7538223,-2.7604454,-0.21665792,-0.08738718,0.37496284,-0.17696689,-0.32773635,-0.5198695,0.4212449,0.011995832,0.71339685,0.20200221,4.3779583,0.13970783,-0.68665266,-0.22970872,-1.9598974,6.2206554,0.8792724,-0.55407655,0.3949324,0.2648326,0.24297571,0.5915768,-0.74954194,-0.2671185,1.4158683,-0.3701009,0.24036051,0.33536038,-1.4642806,0.07395034,-1.940937,-0.028051218,-0.02314501,-0.30701014,-0.9407757,-0.26753405,-0.4493799,-0.1811598,0.68424577,0.24471189,-2.1728868,1.682696,-0.9093688,0.05955127,0.28533527,-0.61961585,0.8081593,0.0026347935,-0.25132397,0.59158844,-0.9025054,-0.4736917,0.22281234,-0.50472087,-0.30320588,-0.46750617,-0.61474895,0.44625354,0.13107324,-0.13305163,4.654277,-0.44138566,0.26717666,0.009159297,0.43954083,-0.12356889,0.3185586,0.91133976,-0.48327017,0.079688005,0.6137449,-1.8642696,-0.1923278,0.025854101,-0.44420972,0.42662108,-0.5976703,-0.26844364,0.45874706,-1.329442
Cyto_Texture_AngularSecondMoment_Mito_10_03_256,0.5804031,-0.19535021,-0.67755884,-1.3356929,0.57451147,0.55736184,-0.4269762,0.1576314,-0.1341612,-0.39578304,0.4737244,-1.5604539,0.14015868,-0.46008253,0.1373113,0.24315672,0.5763581,0.14626443,0.3773869,0.016072193,0.31092703,-0.21115737,0.4386722,-0.055684704,-0.08449701,0.6585726,0.7254364,-0.6021066,1.6934599,0.18362407,-0.7695537,0.35247898,-0.29201353,-0.20280857,0.8753386,1.376006,-0.111559965,0.08993628,-1.655097,-1.6433376,0.46624622,0.18257618,-0.21853928,0.26654282,0.17658663,0.37770653,0.754401,0.28164122,0.6260949,0.79682064,0.95385695,-1.1078038,-0.050741512,-0.87939185,-0.0398044,0.011991014,-0.32682398,0.4179314,0.5083577,-0.04325063,0.8671057,-0.43990088,1.1360673,0.4122765,0.11666771,0.18122281,0.2229955,-0.8506322,0.113087215,-1.1287092,0.47143695,0.17662442,0.6071681,-0.35276031,1.631734,0.60953104,-0.33201075,0.2298674,0.6617432,-1.9596523,0.49575663,-0.5245692,-0.019150436,-0.31403878,-0.59603935,0.50582963,0.9792419,-0.24023002,0.46968934,-0.95055485,0.35077322,0.21106575,-0.72069055,1.041517,0.6964871,0.14765139,0.46531817,0.119410984,-0.08376037,-0.20479272,-0.031926144,0.49282885,0.29214528,-0.028927961,0.08468032,1.3203288,1.1977421,-0.8907781,0.3485162,0.49387875,-0.7267573,0.64884216,0.28043297,-1.3216203,0.47320357,-0.80359334,-0.9616887,1.214583,0.7903766
Cyto_Texture_Correlation_AGP_10_00_256,0.08555418,1.3047506,-0.7328787,-0.83487195,1.0055802,-1.4916005,0.28125715,0.24979095,0.05729788,-0.076047525,-0.34117135,1.7862307,0.8771692,-0.45584562,0.66318375,0.38210723,0.4509753,0.8305157,1.6723423,0.16478007,-0.048567235,2.1102006,0.3791441,0.64000124,-0.03155599,0.0059981644,1.7575811,3.145611,0.5516298,0.03889093,3.6840286,0.6951497,0.55034035,0.07386786,0.28936422,-1.6647426,0.11894953,1.004433,-4.051148,-0.92051107,-0.31956044,0.08947412,3.653341,1.2398514,-0.46329078,-0.19936506,0.3037121,0.9533078,0.29995003,0.43880582,-0.10504497,-0.61814064,1.1991887,2.3856597,2.580528,-0.5260039,-0.13463037,-0.30619404,-0.31593224,1.6051565,0.10099459,2.7013216,0.8706458,1.0025483,0.97484666,0.35725117,1.9086083,-3.2574234,0.33193946,-1.6947237,-0.3888936,0.20508488,-0.56113887,-2.914614,0.78673667,1.868101,-0.13077103,0.11584437,0.3455714,-1.1518052,-6.9440074,0.50515395,-0.18858089,-2.2620819,1.8805593,1.5078901,0.21777117,-0.20244367,-0.27952206,0.82944006,-0.30355448,0.31905922,1.3289684,0.788986,0.8136716,0.27538332,-0.053969502,-0.7043672,-0.1932932,-2.8427222,-0.48222184,0.14752035,0.0601106,-1.4049615,-0.10124988,0.017969241,0.8210489,1.6052917,0.018145243,1.2611897,2.5196946,-0.026758254,0.35023424,-3.1190126,-0.32568386,1.0680631,1.6992823,0.9450989,-5.8513184
Cyto_Texture_Correlation_AGP_10_01_256,0.19055967,1.3233398,0.17435427,0.1554761,0.57944036,-1.1564108,0.27546456,0.050226092,-0.18756926,-0.49240378,-0.35729897,0.25555637,0.6028952,-0.7389385,0.8262858,0.037188932,0.6263619,0.69244987,1.7009673,0.54170424,-0.3264754,2.2527194,0.18680136,0.5077946,0.16018176,0.23574714,1.3292204,3.6676357,1.0559169,0.036297012,3.6330483,0.9594634,0.09922608,-0.0046718516,0.15641057,-0.61264944,0.298875,1.1823251,-1.3595246,-1.8135067,-0.11534842,0.1325637,3.346531,1.3020228,-0.39501524,-0.28568357,0.10867389,1.0029211,0.16415727,1.1276547,0.015509029,-0.8554184,0.45533314,2.0869126,2.062157,-0.25738382,0.4820051,-0.09572642,-0.009819965,1.2718813,0.14568512,3.2691193,0.77925354,0.60834026,0.8758094,0.1150941,2.1923447,-2.4719303,0.14123486,-0.5820264,-0.51446724,-0.26225343,-0.7223418,-2.2359931,1.0055999,1.6705061,0.5537756,0.045248598,0.5387485,-1.2921509,-3.4996822,-0.5589564,-0.29229164,-2.0229626,1.4622992,1.2095827,1.1369919,-0.6369632,-0.32416514,0.7070813,-0.4882597,0.44154766,1.6426874,0.18854596,1.0231171,0.34366772,-0.32196218,-0.74019337,-0.3610197,-2.9268486,-0.18259747,0.17285259,-0.19398697,-1.3696469,-0.34623006,-0.041285295,0.78131396,1.5256915,-0.2256891,0.018311461,2.9574168,-0.2075939,0.14110194,-3.0264578,-0.17742908,1.40789,1.7560374,0.85510164,2.1509445
Cyto_Texture_Correlation_AGP_10_02_256,0.41414845,1.2021111,-0.852058,-0.42119527,0.85615844,-1.3543482,0.2100343,0.17440994,0.023990134,-0.13840152,-0.0057301917,0.1899273,0.47570714,-0.9753744,0.76173526,0.42993096,0.543858,0.30794457,1.4585203,0.5022529,0.1798064,2.1796167,0.21914887,0.04388501,0.15713258,-0.13310616,1.5827936,3.5342653,0.39354,0.37714633,3.5672405,0.7083707,0.5240045,-0.069647454,0.41156015,-2.1797945,-0.006591259,1.4004911,-4.1117215,-0.7836499,-0.5027284,0.0521804,3.6979144,0.74671954,-0.55320746,-0.26384485,0.32296565,0.73270494,0.23877327,-0.2897792,0.1563668,-0.73917586,1.3667423,2.2263072,3.0639448,-0.48386118,0.6359375,-0.3156188,-0.3408536,1.2076535,0.1147303,2.8370981,0.60536855,0.9635542,0.90405446,0.11132916,1.7662544,-2.9269218,0.09567235,-1.4415779,-0.68910617,0.09748302,-0.39104804,-2.7620914,0.8580964,1.9014629,0.037142973,0.22428279,0.38200215,-1.1484785,-0.91005045,0.115120344,-0.2679022,-2.2717302,1.721191,1.7914947,-0.055360477,-0.19286197,-0.011028732,0.9966571,-0.34131742,0.5356515,1.2442724,0.48542178,0.8868978,0.029510975,-0.2296546,-0.73086137,-0.13780685,-3.5936823,-0.5854641,-0.15146047,-0.14645818,-1.4291792,-0.8189795,0.14116968,0.38895592,1.5903414,0.15363576,0.8618949,2.5407164,-0.13924362,0.37409076,-3.6750872,-0.06905893,1.5328349,1.6237235,0.6144383,0.95809823
Cyto_Texture_Correlation_AGP_10_03_256,0.121769,1.5162112,0.060479026,0.39534616,0.45948896,-0.6657693,0.3058336,0.031778518,-0.22006226,-0.4422244,-0.09039553,-0.11360399,0.36887527,-0.959469,0.8344292,0.29483345,0.6192767,0.83667964,1.1872067,0.24519439,0.27124432,1.7341026,0.058568016,-0.033300202,0.277657,-0.18265808,0.5554214,3.1600006,0.5966733,0.2285376,3.1526995,1.0102545,0.08504353,0.0089689,0.3876373,-0.16117926,0.3950076,1.0430166,-1.6358032,-1.5520202,-0.27878952,0.18908203,3.1899261,0.8262627,-0.51110965,-0.067608066,0.23532386,0.6507071,0.18709971,1.2957636,0.35153994,-0.9178946,0.9994638,1.9675336,2.765065,-0.1830662,0.5919796,-0.35858512,-0.26232553,1.2038974,0.06423802,3.6646602,0.78199863,0.73286515,0.9163839,0.13960035,2.1421478,-2.0434358,0.108368464,-0.69751406,-0.5103946,0.12382761,-0.6338297,-1.9116502,1.266812,2.1011348,0.4838369,-0.025270605,0.6064751,-1.6352371,0.35742143,-0.5299578,-0.57134455,-1.790197,1.8936287,1.3802499,0.9036009,-0.31155667,0.144634,1.176591,-0.2974627,0.07513584,1.1257797,0.38199362,0.7180204,0.3601818,-0.23990835,-0.32501483,-0.17153305,-0.93698627,-0.54624027,-0.029039064,0.041744996,-1.0031309,-0.47568074,0.10245002,1.1452426,1.3107673,-0.21298437,-0.055094182,2.487954,-0.11485133,0.30277064,-2.630767,-0.23163225,1.4050294,1.6179361,0.54465926,-7.903421
Cyto_Texture_Correlation_AGP_3_00_256,0.06216679,0.5762026,-1.4380206,-1.3712021,0.38258195,-1.8100866,0.34931847,0.4510219,-0.006700635,-0.45806453,-0.21179938,1.2731961,0.6138353,0.22734249,0.1929992,0.4022331,0.19704492,0.85824156,-0.05574401,-0.053408623,-0.24901605,1.6593474,-0.18875037,0.68728113,-0.43583742,-0.030822178,1.3350166,1.7645022,0.19230618,-0.1809812,2.5283904,0.49708927,1.0718536,0.13317983,0.107756644,-4.452114,-0.03228417,0.7030792,-3.928775,0.56131023,-0.5853256,0.1812502,1.7440743,0.48266438,-0.61045676,-0.39991653,-0.095993765,0.56795734,0.19498931,-1.8114656,-0.5533934,0.3818594,1.3725256,1.1187891,1.6062188,-0.5736447,-0.38682142,-0.39237753,0.07933027,1.1724697,0.2754772,1.6360499,0.3482268,0.6202263,0.07144648,0.6812968,1.6005636,-1.3213867,0.5375692,-1.4873463,-0.37963787,0.31500185,-0.13709697,-1.2429013,0.43195972,1.8665446,-0.3136931,0.3624811,-0.34342682,-1.15215,-3.0227659,-0.02152585,-0.08981976,-1.6428633,1.2538881,1.012726,-0.6671578,0.0066791126,-0.11685082,0.28283057,0.4488558,0.5626423,0.7860882,0.8346393,0.46994612,0.34138343,-0.2054763,0.29556954,-0.073290445,-2.115875,-0.18359323,0.29734066,0.032330327,0.067784585,0.49997345,0.49772918,0.249537,0.8878088,0.36289033,1.5836922,1.0022907,-0.049452107,0.57861143,-3.078058,-0.13683172,0.8739228,1.1326665,0.42626294,-12.771774
Cyto_Texture_Correlation_DNA_10_00_256,0.12804645,-0.14551562,0.440522,-0.48267093,-0.5166773,-0.9723985,0.07589371,0.28786895,0.1775129,-0.42997012,0.1927947,-1.1945709,-0.31635126,-0.2681539,1.0055233,-0.03119433,-0.15659927,-0.1677938,-3.195422,-0.0010398626,0.12093372,-0.08118215,0.21291047,-0.21558535,-0.23908643,-0.1800216,0.1583639,0.9181246,-0.7208397,-0.4727153,0.84946424,0.24129486,-0.08710188,0.14623062,0.18853605,-3.577226,0.13117914,-0.23901407,-2.33784,-0.55829877,0.38403133,0.39780915,0.1946017,-0.060924053,-0.26379874,0.19177158,0.20604457,0.23358369,0.3094838,-1.6592718,-0.7235282,-1.4132057,-0.3750547,0.9774711,-0.7338013,-0.2568359,0.92871547,0.14203793,-0.023345405,0.51931614,0.42095804,-1.4739337,-0.4682978,0.6435046,0.45129454,0.06994498,-0.9466059,-2.094963,-0.21065956,-0.7856617,-0.04782318,0.16660006,-0.39889172,-1.2376238,-0.30446443,0.44209576,0.35899723,-0.33119297,-0.24421816,-1.3049074,1.510826,-1.1230363,-0.31092066,-1.8620783,0.623738,0.21760356,-0.27835503,0.08650205,0.7121461,0.5383429,-0.10837308,0.5369838,1.2966832,-2.3668983,-0.21444093,-0.6329101,0.00017805894,-0.99273443,0.06744575,-7.7008224,-0.099152476,0.4829763,0.06247756,-1.333795,-0.34116516,0.11861602,-0.30143562,0.5109692,0.12471452,-0.15567236,-0.9286521,-0.57248026,0.21163052,-2.8621213,-0.11491167,1.3995892,0.29585275,-0.18593855,14.50954
Cyto_Texture_Correlation_DNA_10_01_256,-0.10990586,1.1635548,0.28338143,0.3873696,0.17347376,-1.0873594,-0.04099065,-0.051418286,-0.006640474,-0.8128624,-0.19264759,1.1677421,-0.28367946,-0.29981935,1.100288,0.025339618,0.13972662,0.11510959,0.5413506,0.22748715,0.11439099,0.8462024,-0.4615482,-1.200715,-0.063733675,-0.49574912,0.063689,1.9843832,-0.24890971,-0.4320176,2.3836594,0.28586805,-0.13749446,-0.3774642,0.17504692,-0.8510372,-0.12796868,-0.04254073,0.095210396,-0.6217385,-0.13987207,-0.14372024,2.0585558,0.48802033,-0.45595637,-0.11235893,-0.07508681,0.3371882,0.14763336,0.41548967,0.00026627383,0.368982,-0.4802015,1.4761019,1.8071622,-0.848309,1.1601442,0.06838664,0.03310768,0.38203898,-0.12802856,0.6264173,-0.04075944,0.7032561,1.5514473,-0.36056593,0.25731722,-0.41776714,-0.13067873,-0.36783624,-0.20623249,-0.088767104,-0.28762272,-0.63773483,0.5765838,1.886299,0.27671933,0.09488561,0.09429592,0.03575203,5.598706,-0.6922417,-0.056120485,-2.2777746,1.3076304,0.8940913,0.12974256,0.04381886,-0.19782722,0.92298394,-0.18394987,-0.11755929,1.1302547,-1.1786634,0.14870481,-0.14466958,-0.37879062,-1.1021224,-0.26148388,5.805033,-0.8983495,0.3466055,-0.105095625,0.0164226,-1.0626392,-0.04558381,-0.17534892,1.4392065,-0.1673106,0.069709085,1.1468638,0.11618648,0.21850257,1.0553112,-0.37193513,1.0532157,1.2641839,0.6223244,-3.683486
Cyto_Texture_Correlation_DNA_10_02_256,-0.33880067,-0.13463716,-0.109432824,0.12307636,-0.70574164,-2.0120618,-0.10509046,0.19778578,0.008559068,-0.4110148,0.4265784,-2.9398375,-0.63087314,-0.80502015,0.8292837,-0.17912674,0.65505934,0.016169747,-2.3796031,0.31669837,0.13957572,-0.0064359256,-0.0125403,-0.7043188,-0.03283443,0.4316142,0.57360816,1.202171,-1.2873901,-0.06171925,1.2561244,0.28217527,-0.005915155,0.42854443,0.064961664,-1.9274079,0.1701895,0.005807519,-2.2387254,-0.56768495,0.31008306,-0.018389104,0.03249215,-0.39365867,0.00530081,0.36495152,0.29884875,0.066912174,0.27249876,-1.3653876,-1.0203823,-0.953211,-0.36477074,0.08414626,-1.8367018,0.69775957,0.8071706,-0.096113466,-0.14502782,0.16135065,-0.04903676,-1.5190977,-0.528377,0.6698272,0.605447,0.0826531,-1.0537014,-1.5523609,-0.050961047,-1.5601944,0.18967366,0.23302984,-0.053355638,-1.5925394,-0.070991345,0.50391674,0.5457229,0.28129104,0.063191,-1.924222,-4.425011,-0.6224107,0.17057705,-1.9719867,0.2094604,0.32723638,-0.4362763,0.5545686,0.52547807,0.49083218,-0.4050013,0.3318272,0.5283827,-1.6121975,-0.13329864,-0.24934302,-0.18672116,-0.0974907,0.41091275,-4.6255136,-0.26513538,0.1473129,0.056889087,-0.96742696,-0.4055396,0.32322946,0.18377097,0.6213251,0.27843294,-0.0942669,-0.7313609,0.41468844,0.1545587,-4.1668773,0.09846439,1.2212625,0.13836621,0.10860798,2.0053418
Cyto_Texture_Correlation_DNA_10_03_256,-0.3904709,0.9305337,0.4542824,0.3561882,0.12212119,-1.3519807,-0.28246984,-0.10303206,0.3025401,-0.26077434,-0.1292123,0.5316317,-0.15126514,-1.2824384,0.743798,-0.071507744,0.36957014,0.6074416,-0.69033974,0.2557384,0.06147935,0.35496035,-0.15150978,-1.0774858,-0.36457285,0.06317333,0.363516,2.000905,-0.29481554,0.06295675,2.3820112,0.4188303,-0.21484692,0.3260214,0.43161497,-1.0959986,0.11113604,-0.13047951,-0.24863543,-0.5759478,0.054861803,0.22733258,2.153987,0.64417964,-0.04789424,0.20418596,-0.11263243,0.44335866,-0.3116639,-0.5020799,0.11142851,-0.5409064,-0.36922863,1.105506,0.6375213,-0.42085645,0.6344767,-0.2600009,-0.33029002,0.37274146,0.55449325,0.37140942,-0.33826718,0.8222923,1.068796,-0.12444937,0.7501529,-0.42531347,-0.1201575,-1.1506623,-0.09038052,-0.29426494,-0.4431704,-0.5796893,0.44192576,1.2983879,0.3593215,-0.5403485,-0.017060598,-0.9983658,-2.1784947,-0.77970284,-0.12414438,-2.7904854,1.2846808,1.1484214,0.31854188,0.35843447,0.6139719,0.85011214,-0.23112923,0.36228022,0.7095812,-0.8284258,0.2717956,-0.42158803,-0.14527301,-0.5639767,-0.101202525,3.787031,-0.8410945,0.28364107,-0.2578186,0.5685384,-0.64914304,-0.041167438,0.14563625,1.2133021,-0.26347005,-0.043370944,1.2583696,-0.5944412,0.16425963,-0.31576002,-0.5512636,1.0938467,1.1109294,0.36636767,-11.628754
Cyto_Texture_Correlation_DNA_3_00_256,-0.06743673,-2.0331376,-0.33208588,-0.26217416,-1.9090341,2.2942622,0.16520438,0.5349445,0.14420943,-0.09360824,0.53299224,-2.9629023,-0.8732446,0.15852983,0.4784492,0.3550277,-0.45332673,-0.36259797,-2.9359848,-0.20149903,0.20292853,-0.27956596,-0.53138274,0.7654166,-0.43195376,0.35056183,-1.0492915,-1.0118722,-1.2229782,-0.73965997,-2.240905,-0.56158906,0.7232166,0.41197026,-0.116202235,-1.3167081,-0.120853275,-0.7129054,-1.4313017,-0.028929373,0.047135074,0.102417015,-1.5005093,-1.0456554,0.37517813,-0.15101123,0.20131,-0.20097817,0.073591374,-1.0426803,-1.3941857,0.010486926,-0.21124835,-1.5996867,-2.9301975,0.33198747,-0.10532344,0.16800247,0.21651977,-1.1811479,0.11740247,-1.7137575,-0.7873314,-0.413854,-0.6618285,-0.49086538,2.2466753,-0.49281248,0.34674874,-0.02060767,-0.17937045,-0.010041107,-0.45637774,-0.21318726,-0.86994934,2.8818057,0.1167833,0.27005687,-0.8279955,-1.6337663,-4.823502,-1.3592873,0.19785248,0.8313482,-1.1738998,-1.1728768,0.06641451,0.27934012,0.87067574,-1.4570328,0.15267213,-0.24602021,0.8526411,-0.6747489,-1.0200068,-0.41404986,0.5184905,0.69739723,0.22658484,-4.091926,0.27931342,0.54044,0.39263484,-1.9411255,1.0701879,0.5889015,-0.3200602,-0.20513256,0.17625536,-0.82489413,-3.2270136,0.08721739,0.30377474,-3.762462,0.036743965,-0.22013886,-1.1167098,-0.5902612,-6.730594
Cyto_Texture_Correlation_DNA_3_01_256,0.015010163,-1.490883,0.1956594,0.2262417,-1.7351146,0.9480581,0.004998252,0.45588136,0.28937823,-0.3722106,0.7241368,-3.4695065,-0.77308387,-0.01538904,0.76154095,0.10873244,-0.29614913,-0.38174713,-3.217757,0.020198563,0.48977065,-0.3836888,-0.1492657,0.28906775,-0.12784426,0.24112833,-0.66043824,-0.15876818,-1.0433637,-0.52363545,-1.0743947,-0.5953775,0.5253423,0.3414408,-0.31713,-1.1371456,-0.21586591,-0.7104141,-2.0369987,-0.30249336,-0.0073212483,0.045553595,-1.0007663,-0.8139518,0.088353485,0.098017514,0.4630691,0.0552363,0.24354483,-1.391745,-1.0469152,-0.36632586,-0.5001312,-1.0878879,-2.585482,0.33823642,0.44731355,0.22622414,0.106953524,-1.1292571,0.20446546,-1.6356403,-0.662555,0.2618951,-0.052728493,-0.25693834,0.35572433,-1.18599,0.2847325,-0.2780274,-0.2557851,-0.031936824,-0.34795097,-0.8747323,-0.93656904,2.2362125,0.39694384,0.041143734,-0.6012971,-2.382271,-7.7781296,-1.3408524,0.20278676,0.04154384,-0.61402446,-0.79523593,-0.27156952,0.2934259,1.046322,-0.93225384,-0.013087481,-0.31389663,0.8939162,-1.7697492,-0.49129304,-0.69073963,0.400836,0.040099937,0.25076154,-3.5718806,0.021427533,0.44546008,0.30790764,-2.3991952,0.5284558,0.26525563,-0.18883689,0.23069258,0.099100925,-0.7885311,-2.4687967,-0.29955575,0.25598687,-4.9928493,0.12955391,0.6589126,-0.9972326,-0.6810524,-14.772896
Cyto_Texture_Correlation_DNA_3_02_256,-0.024264017,-2.2212613,-0.38747105,-0.010678808,-1.6844667,2.0065763,0.018930005,0.6485637,0.39867225,-0.09062808,0.44432735,-3.6460044,-0.7461807,0.021143815,0.40033868,0.27328265,-0.39406228,-0.45797208,-3.8980987,-0.009829432,0.22260748,-0.1615233,-0.3310456,0.6522463,-0.30444887,0.13233821,-1.0783734,-0.7214921,-1.2974228,-0.49284866,-2.1936743,-0.6171385,0.59403056,0.25212336,-0.16393961,-0.52757907,-0.19646709,-0.64021206,-1.4423426,0.11100044,0.02680167,0.1792016,-1.1787077,-1.4274668,0.35280514,0.059961837,0.084562935,-0.28233942,-0.07193257,-0.8975377,-1.3219019,-0.08372027,-0.13400881,-1.8857371,-3.0852344,0.40442118,-0.21866684,0.20849974,0.061411444,-1.3318979,0.017921487,-1.7769523,-0.7203371,-0.30651334,-0.6468728,-0.3245332,2.0851471,-0.41274187,0.23384981,-0.18158716,-0.21033923,-0.014219433,-0.48348698,-0.32302752,-0.9021869,2.799557,-0.049427193,0.4026545,-0.7159676,-1.6759917,-4.9770856,-1.0602664,0.38226905,0.8146307,-1.2270333,-1.0909915,0.09383146,0.28356758,0.7644048,-1.4366606,0.17971139,-0.3501444,0.8077751,-0.46351206,-0.9994051,-0.32809883,0.52813196,0.8551576,0.49955472,-4.269376,0.26908302,0.6062627,0.2990239,-1.819945,0.9378064,0.26778916,-0.554622,-0.15738623,0.08949121,-0.6271659,-3.2403467,-0.10179129,0.062157154,-4.5576615,0.16078669,-0.09749997,-0.9447445,-0.5486579,-7.7447567
Cyto_Texture_Correlation_DNA_3_03_256,0.27962762,-1.6802548,-0.040824413,-0.07658807,-1.9350047,0.8428443,0.080836646,0.8129085,0.22347791,-0.35942766,0.5594628,-5.100693,-0.7329611,-0.20695853,0.84302133,0.21255583,-0.18868913,-0.077046715,-3.443865,0.25831637,0.3542846,-0.10198621,-0.28879485,0.40779948,-0.22938478,0.3594346,-0.92849183,-0.12592395,-1.0571038,-0.27184996,-1.0919746,-0.37968275,1.136528,0.59333587,0.058775127,-1.2832437,0.114056885,-0.52525353,-2.1984367,-0.37171373,0.20237939,0.11619439,-1.0854048,-0.8106397,0.18791325,0.24555711,0.33146682,-0.05099709,0.10350416,-1.1744871,-1.0747885,-0.9178796,-0.6323222,-1.1391368,-2.8040535,0.55793077,0.44313392,0.2980123,-0.07307362,-1.1333447,0.08637074,-1.1384281,-0.73537356,-0.08543447,-0.42609,-0.22353272,0.76890945,-1.6243534,0.09681025,-0.33322027,-0.06972088,0.17820615,-0.3222414,-0.7060053,-0.64983416,1.9206225,0.46620333,0.06631181,-0.74558073,-2.2741108,-6.938047,-1.2394651,0.23960857,0.12995057,-0.5187809,-0.6330841,-0.028711855,0.099800505,1.1956753,-0.8090203,0.004121726,-0.30197117,0.9351708,-1.1994656,-0.64066297,-0.5856341,0.48992428,0.47563362,0.5276987,-6.6003184,0.2949522,0.5637439,0.11870525,-2.0150545,0.6709153,0.6645542,-0.023903808,0.30890393,0.13001846,-0.8150358,-2.3396912,-0.05148664,0.13578594,-5.2248454,0.09097629,0.35125408,-0.68559694,-0.55521894,-7.776209
Cyto_Texture_Correlation_DNA_5_00_256,-0.09594393,-1.6740403,-0.39013544,-0.27530566,-1.4683338,1.9619681,-0.048279315,0.44053522,0.09911644,0.058882732,0.63398314,-3.3090713,-0.47056636,-0.23720609,0.47075543,0.2994894,-0.43245497,-0.18287061,-2.8927224,-0.069993265,0.33781537,-0.34392735,-0.37905157,0.44504216,-0.41889322,0.22434013,-0.68330735,-0.03395311,-1.1627893,-0.56537414,-1.3844179,-0.4588218,0.8691595,0.3888719,-0.19509138,-1.7294916,0.083904445,-0.68039703,-1.2535672,0.5687292,0.08277198,0.18088812,-0.97734755,-0.8622609,0.20735608,-0.10596707,0.14430015,-0.06957632,0.072792955,-1.376647,-0.728805,-0.28696808,-0.17894006,-1.1702292,-2.800315,0.37344423,0.2789308,0.1218975,0.47838172,-0.957506,0.16796537,-1.9533623,-0.6775198,-0.22805756,-0.48868024,-0.12698968,1.7231115,-0.6501437,0.21544342,0.055779595,-0.17729175,0.036313396,-0.39995965,-0.4390014,-0.8943179,2.7936747,0.18909882,0.09118626,-0.7538941,-1.7078377,-4.6867948,-1.4364735,0.17206962,0.35923567,-0.8240358,-0.8041704,-0.2632654,0.06960618,0.7366498,-0.7972186,-0.0012740394,-0.007609844,0.7976411,-0.5949447,-0.7725789,-0.4390013,0.39701462,0.2578909,0.39036098,-1.6942225,0.2280584,0.32713625,0.19948237,-1.4478092,0.95553446,0.63307923,0.062822945,0.06734842,0.0013012687,-0.75721437,-3.1092765,-0.09133013,0.12925763,-5.049314,0.12106606,-0.16840398,-0.80665046,-0.45795545,-6.100426
Cyto_Texture_Correlation_DNA_5_01_256,-0.03323007,-0.74206716,0.24107607,0.89438325,-1.2842505,0.42853794,0.45537278,0.49315217,0.2282958,-0.6707664,0.40953457,-3.4637775,-0.5909812,-0.72180814,1.3293563,0.04657274,-0.07213143,-0.36644617,-3.3211632,0.25035647,0.23595227,0.07828218,-0.14617397,-0.38245854,0.04942456,0.18526806,-0.23562251,0.91967744,-0.8354631,-0.55961853,0.18349843,-0.12556604,0.6028575,0.074942924,-0.06378678,-1.3719233,0.19717908,-0.39680922,-2.2432196,-0.9325698,0.26814005,0.0028603077,0.14460683,-0.7335511,0.17805201,0.22750032,0.09107379,0.25038213,0.098017015,-1.0684744,-1.1063496,-0.700516,-1.1316915,-0.12171912,-1.5672299,-0.00684013,1.1524829,0.57402825,-0.106993176,-0.55339634,0.40980372,-0.9453246,-0.65517575,0.6769287,0.4953464,-0.51142514,0.4610467,-1.7721449,0.4165926,-0.44129407,-0.16552947,0.33988932,-0.2217425,-1.4364243,-0.47402665,2.9775403,0.69264895,0.10301743,-0.6782968,-2.13674,-4.8630576,-1.7396852,0.07631736,-0.8404141,0.18335979,-0.40862808,-0.29082322,0.2870157,1.0011646,-0.43331632,-0.054042622,-0.014958006,1.5773624,-2.4555523,-0.2519333,-0.7840238,0.34939978,-0.33414045,0.18900031,-2.6714509,-0.29998538,0.63528585,0.15418756,-2.1759713,-0.15362942,0.13594766,-0.3655579,0.68652016,0.016506275,-0.6583572,-1.3572618,-0.2998292,0.13323374,-7.0151277,0.12480723,1.4247227,-0.56388736,-0.3069217,-14.831912
Cyto_Texture_Correlation_DNA_5_02_256,-0.30050728,-1.8625861,-0.12670828,0.012592037,-1.2411585,1.292428,-0.2630172,0.41100255,0.16265172,-0.056678828,0.57584584,-3.7306774,-0.6798067,-0.38167873,0.47047213,0.060586225,-0.23796205,-0.23307538,-3.793725,0.13717012,0.3196969,0.17694938,-0.23092504,0.50155646,-0.4264079,0.13229358,-0.74095625,0.22605784,-1.3092369,-0.2730018,-1.4278349,-0.3461738,0.779074,0.14767581,-0.08181282,-1.2304429,-0.14855468,-0.52706593,-1.1537794,0.30113554,0.23117284,0.30831078,-1.0200626,-1.2277141,0.49498856,0.32628646,0.02389437,-0.2230264,-0.1532967,-1.1770909,-0.7653761,0.04223864,-0.23195772,-1.6975952,-2.7247565,0.59206307,0.13555442,0.1796968,0.17871077,-1.0380098,-0.07953242,-2.1369712,-0.59518605,-0.072049215,-0.44539282,0.012915492,1.2411852,-0.4555515,0.13619691,-0.3460559,0.0049045333,-0.13652477,-0.32736826,-0.7221708,-0.87165254,3.1828918,0.094243534,0.5308047,-0.5302976,-2.063956,-5.86232,-1.1897143,0.4226017,0.3790399,-0.9945483,-0.6962643,-0.32360744,0.47528562,0.7162946,-0.99494976,0.043646675,-0.21801855,0.72997874,-0.33343437,-0.81551045,-0.54198784,0.5972388,0.6384912,0.4566331,-4.0582294,0.26453754,0.48391852,0.19001456,-1.2883543,0.7359194,0.031817663,-0.11013582,-0.1138167,0.0057724915,-0.6705201,-3.244826,-0.22212072,0.10893443,-5.4151425,0.13072315,-0.37679014,-0.5954921,-0.52201664,-4.664864
Cyto_Texture_Correlation_DNA_5_03_256,0.33560708,-1.0810031,0.07789924,0.1944475,-1.671105,-0.27951714,0.0034361482,0.8339736,0.41278878,-0.6778567,0.40872082,-3.86494,-0.8729393,-0.76589614,1.2103957,0.16955866,0.057566363,-0.23100233,-4.0655074,0.50257957,0.47889984,0.106785335,-0.56386423,-0.0685608,-0.07437935,0.3559917,-0.7404664,0.83650917,-0.8694157,-0.15887026,0.006524841,0.08760501,1.0375029,0.51553327,0.20754679,-2.0881343,0.097822465,-0.4705721,-2.3755786,-0.84523153,0.28570262,0.10398876,-0.110996805,-0.5645358,0.037409108,0.18120877,0.22017622,0.09126654,-0.057369903,-1.4788488,-0.77426916,-1.2723984,-0.64698356,-0.2632033,-1.8798155,0.20179169,0.9180856,0.33356246,-0.07068718,-0.88798857,0.32754764,-0.16695994,-0.7007964,0.6239405,0.06438395,-0.24249415,0.83847207,-1.4515076,0.12195438,-0.289992,-0.1364461,0.24182011,-0.46256503,-1.0823809,-0.24419086,2.0500681,0.75516653,0.15738218,-0.60896266,-2.3793626,-4.0469666,-1.548246,0.107323654,-1.3119832,0.1754715,-0.0563157,-0.07050574,0.08634305,1.2321371,-0.53752136,-0.11272458,0.12717909,1.7428285,-2.0832648,-0.16663855,-0.86064714,0.37088814,0.12401769,0.25407198,-7.5999866,0.12025311,0.6265506,0.0020308893,-1.96492,-0.24649136,0.717117,-0.009765114,0.9222954,0.51672465,-0.8850346,-1.1484205,-0.2823708,0.114399664,-6.2979255,0.07387353,1.0993894,-0.2838328,-0.53805304,-10.512519
Cyto_Texture_Correlation_ER_10_00_256,0.0050382116,1.1083857,0.24174671,-0.6206448,1.5127082,-1.5962257,0.4982309,-0.09032626,0.0015522325,-0.8549736,0.23585348,1.4620565,0.65980625,-0.71447134,1.0081955,0.4341232,0.88676006,0.6542558,2.12654,0.14877348,0.037617892,2.3571389,0.29521495,-0.6418331,-0.11290478,0.18319325,1.5086147,4.139161,0.60503846,0.69712275,3.5751896,1.2219771,-0.6591888,-0.11113196,0.075074725,-1.100152,0.27241394,1.2341971,-3.1807556,-1.2407618,0.0014800541,0.32047245,3.0049388,1.489646,-0.9469283,-0.1470776,0.5806587,0.7782243,-0.007211305,-0.15558739,0.32745555,-0.68057185,0.2670356,1.9214067,3.2091024,-0.50536144,-0.15098591,-0.07307783,-0.4499452,1.4081582,0.17649144,2.5985441,0.9897755,1.6912233,1.2839957,0.21497567,1.2643298,-2.0151432,0.0055787065,-1.81641,-0.29937235,0.2994598,-0.5410724,-2.6920116,1.2375557,1.7243127,0.34677923,0.071727455,0.8648691,-1.5889906,-2.5208123,-0.777412,-0.023049882,-3.030671,2.3314497,2.4255905,0.114091836,-0.23070137,-0.11497644,1.1676372,-0.49780008,0.15422885,1.2507449,-0.03921016,1.2177206,-0.5185673,-0.13702773,-1.4082867,-0.3593073,-2.5587733,-0.6453287,0.20167048,-0.08557006,-0.55310124,-0.9521828,0.16938679,1.0961357,1.4216617,-0.08593326,1.0650488,1.3787247,-0.05308938,0.3644472,-3.1778336,-0.28783518,1.1922004,2.1936395,1.3724507,-0.70203114
Cyto_Texture_Correlation_ER_10_01_256,0.026640773,1.4219049,0.65354395,0.31213605,0.98983455,-0.8227377,0.2768594,-0.15692906,0.029496886,-0.80059904,0.14899749,2.1382282,0.49374652,-0.4717119,0.5501616,0.35398555,0.70821303,0.6099034,3.0635233,0.32263204,-0.22479618,2.5094817,0.06964303,-0.22202887,0.0601678,-0.39945516,1.2111931,4.132176,0.75252414,0.7107277,2.9616206,0.8345682,-0.6059725,-0.011234271,-0.33956847,-0.17509656,-0.071776055,1.0633082,0.48929211,-1.7571659,-0.34445575,0.04301579,3.1647453,0.9922382,-1.1180499,-0.48241997,0.21202518,1.0248823,0.10839429,1.1349287,-0.2888535,-0.16714819,0.18590915,2.276165,3.9044917,-0.52630454,-0.26560557,-0.21363308,-0.370047,0.8202808,0.13332789,2.8391378,0.6895015,1.6051909,0.9498882,0.23013781,2.398576,-1.1479542,0.23229508,-0.78464603,-0.25350568,-0.086142935,-0.5757254,-1.8713264,0.5785484,2.4377193,0.21130122,-0.04976793,0.43130913,-0.4922655,-2.3845184,-0.5779845,-0.08209654,-2.012777,1.6038074,1.7703792,0.94839305,-0.8095708,-0.061108932,0.89562625,-0.49297276,0.2740483,1.2021813,0.22053869,0.8280621,-0.38834825,-0.45160362,-1.081836,-0.01090766,1.5126309,-0.77490157,0.026311228,-0.56688505,0.022894556,-0.5817609,0.07824828,0.5254503,1.3153116,-0.34183085,0.36935356,2.8059986,-0.28203863,0.20419328,-0.6137671,-0.34590778,1.0073534,1.9848582,1.0599917,1.064228
Cyto_Texture_Correlation_ER_10_02_256,0.014277686,0.97930425,0.17529635,-0.55352706,1.1651729,-1.5148927,0.1429578,0.06646488,0.10004131,-0.8553057,0.38762915,0.48300043,0.69360834,-1.2517905,1.070737,0.16595964,0.910862,0.28856066,2.2111807,0.39088273,0.28149432,2.3377795,0.3481487,-0.8375799,0.23538475,0.069271654,1.4640627,4.3594913,0.6438957,1.0895587,3.3639772,0.9847963,-0.61752963,0.061175436,0.2838786,-0.8503979,0.34954855,1.4872204,-3.2864754,-0.8832167,-0.06419662,-0.011801481,3.0710895,1.0824488,-0.798462,0.14373745,0.2964626,0.70577997,-0.010718514,-0.70596355,0.28375244,-0.33734736,0.5508614,1.7447548,3.0880954,-0.43897176,0.24703984,-0.24335909,-0.4832432,1.1703352,-0.14379121,2.62304,0.8718055,1.614439,1.0982046,0.08254742,1.4559141,-2.3528543,0.122234374,-1.8615702,-0.30211914,0.06220172,-0.70181686,-2.7165928,1.2999935,2.0109496,0.039121807,-0.056066483,1.0057015,-1.781641,-0.69554836,-0.56132895,-0.09367949,-2.9923506,2.0535467,2.3182466,0.085244976,-0.094417155,-0.17333335,1.0352755,-0.7535317,0.5637804,1.1963564,0.02876854,1.0974454,-0.4702359,-0.30251628,-1.4999768,0.16632636,-2.1584804,-0.7400887,0.11952189,-0.26817328,-0.2837198,-1.1801983,0.40849277,0.89996916,1.690857,0.02003771,1.3649448,1.4320914,-0.45315018,0.58533126,-2.7598512,-0.14540356,1.2564126,2.039121,1.1919588,2.1927466
Cyto_Texture_Correlation_ER_10_03_256,0.28986138,1.6091477,0.30258524,0.6108953,0.96917707,-0.5025293,0.16742057,0.17895614,0.23466837,-0.60749936,0.058673125,1.0977428,0.45131823,-0.798651,0.6535499,0.19984226,0.6860001,0.70928955,2.526736,0.3323159,0.23892671,2.2977319,0.20755176,-0.5244043,0.22464602,-0.029818168,1.0289311,3.3750217,0.34150696,0.57327586,3.3384764,0.88639694,-0.36992434,0.10432998,0.26818505,-0.07359574,0.0015485684,1.2275661,0.35948154,-1.1487497,-0.034083344,0.1670324,2.921625,1.0869001,-1.0253848,-0.38188004,0.4492191,0.54954743,-0.2366395,1.2079831,0.1618854,0.05001515,0.40856314,2.0551949,3.7613747,-0.51674217,0.2634363,-0.06050344,-0.53880966,0.98995733,0.2589177,3.0934207,0.6759847,1.0503907,0.5652275,0.3129861,2.7117589,-1.1695282,0.02596281,-0.68855137,-0.4007661,0.24671297,-0.6953185,-1.7039398,0.8024993,2.2978027,0.29154888,-0.10292709,0.6176103,-0.771128,-0.11096827,-0.7584992,-0.20803119,-2.0219343,2.1321485,2.4192646,1.0366603,-0.4437089,-0.14320825,1.1215681,-0.98652023,0.27715608,1.0861498,-0.0064938464,0.55390954,-0.4207591,-0.17927383,-0.9472041,0.013867109,-1.8247942,-1.0518923,-0.38860592,-0.2365845,0.5823077,-0.970098,-0.075137086,0.49529114,1.6377093,0.15911154,-0.13620897,2.3465128,-0.24651529,0.36549416,-0.49652162,-0.37576854,1.3660136,1.880663,1.1500399,-5.907534
Cyto_Texture_Correlation_ER_5_01_256,-0.024586478,0.955271,0.2682384,-1.0414371,1.2035094,-1.8432859,0.33290192,0.0068000904,0.1193287,-1.0273904,0.32011262,0.9610882,0.82302445,-1.1503159,1.1416065,0.4617624,0.7024343,0.58606094,0.97546554,0.26849934,-0.010181154,2.20354,0.33626974,-1.0284033,-0.12306752,-0.113118015,1.3429452,3.9734879,0.771959,0.9539297,3.5813448,1.1678644,-0.6018092,-0.1103248,0.24281602,-1.081175,0.64631957,1.1905777,-5.5188766,-0.68957204,0.071485125,0.1492301,2.462295,1.230461,-0.89815235,0.19642152,0.45290408,0.7235684,0.03422588,-1.1679263,0.34964797,-1.1296992,0.43856478,1.4004649,2.2740138,-0.41287577,0.19673435,-0.005918781,-0.4977685,1.5687071,-0.02510488,2.0825102,1.1428405,1.878027,1.2813092,0.22838582,0.70964307,-2.7777493,0.13867177,-2.490412,-0.24943703,0.17192088,-0.68155986,-2.7016487,1.5744448,1.3889915,0.21238713,-0.046318132,0.9610503,-2.5414383,-1.963488,-0.7536707,-0.0038216214,-3.275232,1.853612,2.0374222,-0.4049755,-0.058065575,-0.1392196,1.0877695,-0.37143722,0.28143594,1.1816019,-0.004624009,1.4356894,-0.40581897,-0.21464555,-1.7158281,-0.27999148,-0.72112656,-0.65073997,0.11791883,-0.24081266,-0.6246074,-1.2092,0.11402282,1.1211177,1.5785731,-0.23336987,1.4830208,0.4375871,-0.35582075,0.34090114,-5.7577558,-0.28662992,1.0999999,1.8387142,1.2651323,-1.2347722
Cyto_Texture_Correlation_ER_5_03_256,0.14142548,0.9350489,0.23671705,-1.0066746,1.0458945,-1.9805627,0.31643066,0.07942501,-0.044877563,-0.9673845,0.16588603,0.58585423,0.8581049,-1.2517322,0.96366763,0.22774605,0.8440296,0.65903884,0.9713383,0.25007704,0.18639822,2.1252532,0.42192808,-0.9742551,-0.10126176,0.061686933,1.4511558,3.7655346,0.8199962,0.87291735,3.4990447,1.3517342,-0.825145,0.08952751,0.22029944,-1.1801702,0.7654495,1.0881834,-5.632298,-0.7909537,0.09705472,0.008149666,2.4872446,1.2914757,-0.8463643,0.13895994,0.51374,0.7856366,-0.064629026,-1.2312454,0.5237141,-1.0267553,0.40896168,1.4258151,2.0200372,-0.25954682,0.15723504,-0.13017756,-0.4707495,1.369688,0.08971766,2.5799053,1.0270823,1.6586844,1.1364874,0.3697162,1.0318934,-2.4660132,0.16444086,-2.6571188,-0.28683448,0.3532517,-0.68085,-2.721398,1.6580095,1.468647,0.26558456,0.02974084,0.9625216,-2.6569655,-1.9292126,-0.8250367,-0.11161086,-3.2408607,2.0504794,2.2425518,-0.27418485,-0.07435297,-0.2248537,1.167652,-0.50978,0.19421263,1.0300771,-0.085386395,1.3155135,-0.1515616,-0.24922113,-1.4088734,-0.22900937,-4.7859817,-0.5471981,0.09641626,-0.05179888,-0.467381,-1.0940987,0.2998983,1.0815881,1.3603468,0.1585631,1.2793796,0.27449813,-0.28674814,0.4328549,-4.5676193,-0.154323,1.2576642,1.991671,1.2252035,-4.3186326
Cyto_Texture_Correlation_Mito_10_00_256,-0.06246521,1.2183653,-0.025000712,-0.24142571,0.70837754,-1.15557,0.29986778,-0.08083733,0.0104193585,-0.48830914,0.13915795,1.3615767,1.0788802,-0.612294,0.88882893,0.28938857,0.65955704,-0.20262007,1.264844,0.110623546,0.07065208,2.067698,0.38238,-0.9572386,0.059300493,0.076508515,1.5266222,3.3012073,-0.08516113,0.9149564,3.9994857,1.1402091,-0.9638874,-0.33108118,0.08391871,-0.85871845,0.37194636,1.0838708,-3.0422847,-0.14994158,0.06338247,0.2893126,3.3554742,0.87276673,-0.3602588,-0.049476836,0.32070234,0.931164,0.15795077,-1.1839178,0.07592394,-0.40815243,0.009888262,2.1412323,2.7441874,-0.45326874,-0.3305339,-0.056561004,-0.18688883,1.1153499,0.3995556,3.2937574,0.32462123,2.233353,1.2633084,-0.03930212,1.4667312,-1.7251323,-0.02112045,-1.4669482,-0.23697883,0.16760884,-0.36393556,-2.373343,1.0398997,2.9647076,0.3272108,0.02551358,-0.091426276,-1.2726594,-3.2279308,-0.38848463,-0.23546092,-2.451491,2.049237,1.9833578,0.5477103,-0.24169852,-0.6453205,1.1957263,-0.44047686,0.0608307,1.6699029,-0.96563196,0.74808615,-0.8396184,-0.18423605,-0.97431594,-0.20149429,-3.4706392,-1.0014416,-0.010161814,-0.44132194,-0.4043499,-1.2409664,0.042629045,1.0716685,1.9281958,0.019551264,1.4317585,2.5349367,-0.118302464,0.3384656,-3.6687758,-0.36977133,1.4852692,2.2638493,1.1897444,-2.5213509
Cyto_Texture_Correlation_Mito_10_01_256,-0.05806309,1.0510507,0.18812458,0.4875739,1.102521,-0.31772277,0.092785455,-0.12726708,0.03922249,-0.6085953,0.1284156,1.5641311,0.13482468,-0.8495615,0.71765184,0.094644845,0.3013331,0.31409663,2.562184,0.1504451,-0.09348246,2.2105672,0.16592462,-0.45723236,0.1857379,-0.100632034,1.233964,3.5057516,0.34281787,0.4772017,2.8157787,0.48729697,-0.78345424,-0.23257476,-0.05347842,-1.4591098,-0.020289326,0.6976945,0.54122084,-1.3337501,-0.14595051,-0.24579518,3.2352104,0.6831922,-0.67839915,-0.17184854,0.085348465,0.9014743,0.378322,0.044686556,-0.3021303,-0.53157544,0.22910334,2.3655531,2.4800153,-0.43636528,-0.13000622,-0.21425171,-0.15733223,0.90174514,0.047917765,2.8197424,0.4269288,1.477322,1.1855631,0.5921959,2.1842773,-1.1447879,0.2957905,-0.6804113,-0.48109278,0.044077117,-0.49768588,-1.6439089,0.43896076,2.8132799,0.40954205,0.31931707,0.08361412,-1.201734,-3.892804,-0.97378427,0.06661821,-2.2344186,1.4127618,1.6247748,0.2389126,-0.5089038,-0.19131361,1.1815728,-0.12516366,0.031298388,1.1042134,-0.4361545,0.56706685,-0.6396795,-0.3824458,-1.3549156,0.20833321,1.9487988,-0.68782717,0.026222503,-0.4947606,0.23939633,-0.7673722,0.021165123,0.3395227,1.2868491,-0.3134294,0.6762502,3.1539047,-0.29534715,0.23856004,-2.0568082,-0.23261501,1.3749577,1.9427017,0.4808376,0.5890198
Cyto_Texture_Correlation_Mito_10_02_256,0.011568944,1.0418891,-0.37178704,-0.67025024,0.64320254,-1.047487,0.003258561,-0.10037305,0.15798973,-0.6344542,0.071901105,0.9929519,0.85494,-1.2165734,1.2619772,0.040688097,0.46889257,-0.081474066,1.6254649,0.36388984,0.29582372,2.498642,0.3727632,-1.2760049,0.47119212,-0.01052582,1.4806539,3.655803,-0.12362268,1.2155061,4.113543,1.0531131,-0.85497665,-0.22241966,0.11989584,-0.7742042,0.4660991,1.2154592,-3.0254555,0.35359597,0.0018211529,-0.113224186,3.3466253,0.5853072,-0.40300402,0.28285712,0.21245272,0.694751,0.22962426,-1.3908049,0.12986779,-0.010556224,0.25247058,1.9668189,2.301504,-0.31836247,0.02116257,-0.25744465,0.12986934,0.9744622,-0.07851573,3.2164505,0.15002751,2.0963633,1.3794783,0.037297133,1.4174596,-2.0966704,0.011586626,-1.4597939,-0.3878189,0.011188631,-0.61029947,-2.4011402,1.1458124,3.1468449,0.26171878,0.036735117,0.06121316,-1.2813712,0.16013198,-0.28875852,-0.13681658,-2.4171445,1.7319409,2.0360029,0.4537177,-0.14723353,-0.42306164,0.73072165,-0.20641203,0.26104528,1.475162,-0.85904413,0.7486574,-0.32064766,-0.122633226,-1.2668566,0.026269918,-1.727276,-1.068112,-0.34732363,-0.4691013,-0.3442986,-1.2278965,0.36403236,1.0478631,2.213212,0.13203062,1.7714771,2.3569934,-0.1424674,0.46859553,-3.731107,-0.016049126,1.5828949,2.0257938,1.1386598,-2.0349615
Cyto_Texture_Correlation_Mito_10_03_256,0.16893299,1.484518,-0.038387626,0.76305014,0.84468627,-0.034085244,-0.07477945,0.011522636,0.15041977,-0.30502522,-0.1481104,1.0948355,0.79309416,-1.174637,0.53898007,0.14691266,0.4205425,0.5550767,1.1032004,0.17888713,0.26820388,2.1946604,-0.1363649,-0.88225716,0.40700707,-0.10238629,1.1414798,2.951475,0.31880328,0.24996656,3.0220363,0.6845842,-0.51720273,-0.12704669,0.30369234,-1.0057796,0.08640748,0.92442733,0.39825737,-0.6813555,-0.08079153,-0.14252245,2.7327728,0.85189396,-0.42758727,-0.008591848,0.11364255,0.6154907,-0.15214467,0.2424636,0.34370247,-0.099615596,0.35188618,1.7248731,2.7662194,-0.5166891,0.5102072,-0.15185471,-0.3649055,0.6888657,0.44264674,3.5305088,0.36227223,1.3029425,0.117055744,-0.053828288,2.6468432,-0.5894773,0.27604827,-0.6337845,-0.37349758,0.09021795,-0.47768012,-1.6484643,0.4148623,2.805025,0.16775386,-0.19414955,0.09808728,-1.2926537,0.19900012,-0.69962263,-0.38481522,-1.7589175,1.9711423,2.2548735,0.5195629,-0.10863587,-0.14850818,1.0630649,-0.64691615,0.22871883,0.99203205,-0.54649585,0.44063744,-0.5514336,0.032980658,-0.9153101,-0.057365358,-2.8043492,-0.8244219,-0.4706849,-0.28515586,0.51334906,-0.9017625,0.06607931,0.6197984,1.4785438,0.08654233,0.13635494,2.9007244,-0.35040665,0.33475265,-1.503394,-0.31767187,1.3459295,2.0320132,0.29709697,-13.90258
Cyto_Texture_DifferenceVariance_DNA_10_03_256,-0.12509869,3.6955986,1.1836354,1.2866381,1.6358575,0.70579535,-0.14864993,-0.31056032,-0.050865177,-0.9055605,-0.21348865,3.9989433,0.9207987,-1.0623516,1.2842035,-0.30352095,0.731909,0.8437164,3.6715775,0.1706868,0.233063,0.6051789,0.2643029,-1.7713526,-0.07426176,-0.1722886,0.35534048,7.360047,2.1429737,0.2571129,9.58368,1.1181016,-0.44424465,-0.57791936,0.19853538,-0.45573235,1.1790289,1.2336682,-0.3285184,2.2462428,0.42958686,-0.09488586,6.545694,1.8796104,-0.34002164,0.36731362,0.5091118,0.42888382,-0.28316036,1.0884715,5.2447457,-1.3084112,0.19707839,4.4088063,3.5286095,-0.40609184,2.7373934,0.08333369,0.08359804,1.0146811,-0.14537238,5.5343933,1.3334045,1.2017576,3.02022,-0.5396527,0.13499558,-0.06021446,-0.026865602,-0.49999666,0.16859199,-0.26418415,-0.29801857,0.13291804,1.6673075,1.3753403,1.8329729,-0.43117705,1.4880171,-1.3143947,0.4366161,-0.8853958,-0.20221366,-1.5992613,4.8268805,1.3231894,-0.52306074,-0.061885554,0.0022776525,4.0430255,0.045362037,-0.12498758,1.4668993,-0.79664683,2.3271155,-0.12535283,-0.4967679,-1.0439733,-0.51438814,-0.7007496,-0.5285713,-0.01637373,-0.49525985,1.2075381,-1.2207686,-0.28222868,0.57944936,3.457989,-0.53882354,0.6975,4.624013,-0.18347704,-0.03441445,-1.6322731,-0.45763144,1.1524998,4.109221,0.9956355,56.860523
Cyto_Texture_Entropy_AGP_10_03_256,0.37450644,1.6959219,0.11753682,0.66697294,-0.6857915,0.1508937,0.6261233,0.24405555,0.11724386,-0.77163154,-0.35754403,2.0312188,-0.7592676,0.6165423,0.49360195,0.4455812,-1.0195935,-1.040414,0.8657306,-0.04741014,-0.4193662,0.47562632,-0.69876003,-2.66093,0.223508,0.029454669,-0.0739405,1.0714616,-0.015381138,-0.5307603,3.52901,0.38391533,-1.1845909,-0.034726165,0.3508811,-3.0399158,0.25672647,0.21895759,1.5291487,0.4949114,-0.4837118,-0.29433545,2.8553963,0.71004087,-0.2669113,-1.0657833,-0.2189991,-0.30139804,-0.16017626,-1.7975439,-0.26388192,1.532618,-0.1505537,2.7025082,1.8226366,-1.4086663,2.2454884,-0.05901825,-0.8430808,0.736536,-0.21109681,2.689971,0.28028753,0.28538847,1.2816142,-0.9318113,2.0104318,1.2973696,0.6328677,0.7748459,-0.8279322,0.33194327,-0.23121594,0.8003122,0.7817126,1.8604361,0.39823207,-0.49488008,0.05310579,1.1525453,-3.4438345,-0.22573626,-0.16360384,-0.8651495,1.610281,0.81515616,0.3352445,0.29043916,0.064512424,0.84909993,-0.17451556,0.23156172,1.7871994,-1.6877995,0.7737376,0.53303075,-0.5786416,-1.0128942,-0.10105103,-0.6184892,-0.83125776,0.397143,0.40895215,1.004013,-0.87879723,-0.1899426,-0.7693493,1.8541359,0.2333042,0.0149747925,2.7605476,0.2530941,0.6099877,-0.026869148,-0.46668744,1.3300393,0.52997416,0.20815395,-1.9410208
Cyto_Texture_Entropy_ER_10_02_256,-0.033626717,1.5844879,0.7350045,1.7163836,-0.10485574,-0.5035026,0.09810499,-0.40482268,-0.11435606,-0.07588058,-0.37951398,2.958174,0.38644624,0.035291947,1.170914,0.08040596,-0.33990645,0.81113344,0.88020617,-0.044626195,-0.097874224,1.0203702,-0.33799013,-2.151253,0.5375676,-0.43656918,0.18750767,2.8910112,1.1848823,-0.69923335,4.6943665,0.36778,0.12205491,-0.2950955,-0.056684006,1.0467933,0.063545324,0.12790951,2.7545643,-0.50295013,0.04813966,-0.30974096,1.907836,1.1321845,-0.12604101,-0.25656086,0.048702795,-0.06958081,-0.3124341,-2.4753692,0.01955615,0.50982565,0.08062789,3.5769303,0.6213681,-0.87818176,1.090899,-0.28793576,-0.38774058,0.39613453,-0.46560904,3.4269798,0.69113064,-0.021507025,1.2288289,0.07490119,1.5620121,1.6442533,-0.11295328,1.2288263,-0.036696475,0.09580317,-0.17595612,0.52467376,0.7877496,3.333992,0.84524745,-0.7434841,0.43225846,0.43649867,-0.62855816,0.16903631,-0.26275545,-1.9935508,2.0343235,0.19612528,0.93994737,-0.03497702,-0.43623376,1.7508883,0.15160696,-0.08096237,1.7790399,-0.007499973,0.78536826,0.43884277,-0.5769582,-0.7220909,-0.030169765,-0.39085683,-0.3145501,-0.1314218,0.09862008,0.8302614,-0.5530532,-0.3219623,-0.24160677,1.9078811,-0.2133743,-0.4244175,2.810136,0.022234103,0.08853015,-0.7496877,-0.4349754,1.8569082,1.5668117,0.18868567,-2.5931578
Cyto_Texture_Entropy_Mito_10_03_256,-0.50591666,0.34092966,0.85216457,1.6463181,-0.2564595,-0.5405368,0.45922628,-0.12135512,0.123168446,0.39420772,-0.32999897,2.8154385,-0.10720956,0.4408144,0.06456121,-0.20278811,-0.41137838,-0.059351057,1.721767,0.061839115,-0.27815548,0.42841795,-0.4315002,-0.039202403,0.22920655,-0.5757583,-0.62878007,1.5579678,-1.1882404,-0.18558562,1.2113659,-0.2192326,0.3013521,0.16674155,-0.7185936,-0.60603815,0.16661623,-0.0015116334,1.9772053,1.8611523,-0.31722805,-0.16697241,0.48816147,-0.020572742,-0.18877597,-0.2022117,-0.5493293,-0.24067134,-0.5790607,-0.5178304,-0.73481065,1.2858475,0.18233806,1.4466033,2.108362,-0.0029039483,0.5703263,-0.38269424,-0.45751587,0.11833304,-0.5683402,1.1307153,-0.7666324,-0.2451378,0.121204995,-0.09078274,0.059319574,0.9809322,-0.10346954,1.2364851,-0.27449456,-0.18066001,-0.5744521,0.31451687,-1.1738065,-0.090524115,0.33179915,-0.25386,-0.248159,2.2577498,0.0064175925,0.53550524,0.041629177,0.24798314,0.82351303,-0.32252675,-0.7357233,0.23734933,-0.39791307,1.2572292,-0.3367199,-0.18434806,0.8437631,-0.8076258,-0.5368574,-0.14090155,-0.46794936,-0.22559406,0.08265252,0.35135397,0.007023424,-0.42424312,-0.17382658,0.3377057,-0.16543017,-1.1115042,-0.9858671,1.0616636,-0.31800267,-0.376621,1.2036605,-0.57074124,-0.26552287,1.4279127,-0.47327864,1.0373459,1.2459364,-0.9225881,-0.7302904
Cyto_Texture_InfoMeas1_AGP_3_00_256,-0.1829936,0.7280913,0.9630557,1.7672039,0.42507234,0.38009498,-0.6001913,-0.51198816,-0.14632684,-0.39890346,0.12078298,-0.65974253,-0.112920046,-0.971004,0.7563036,-0.2821369,0.49041405,-1.7632642,2.2804296,0.24508077,0.22405238,-1.2505511,0.26223382,-1.7187299,0.32028005,-0.16146517,-1.493464,-0.16139758,-0.2386831,-0.2557144,-0.030798078,0.014914677,-1.0099156,-0.26424447,-0.115495056,5.126744,0.14205904,-0.103711486,2.583534,-1.2832422,0.42489913,-0.11123266,-0.012617588,-0.36936465,0.110557504,0.6280329,-0.08111021,-0.07456801,-0.34381762,2.691262,0.42907175,-1.821066,-1.2505717,-0.33813235,0.77462476,0.45273757,0.5631098,0.29925793,0.50581,-0.50364375,0.1718902,0.16182852,-0.2739319,0.02625972,0.44153515,-0.7248567,-0.42137647,0.012124538,-0.54272705,0.93797475,0.56630224,-0.39659736,-0.14972688,0.5674916,-0.20441143,-0.43014255,0.5224488,-0.25399247,0.52892226,-1.071198,3.3473308,-0.23830749,-0.033028156,-0.3831077,0.15147246,0.16176534,0.97675425,-0.45744586,0.3029041,0.71306616,-0.6350071,-0.50073814,-0.006087934,-0.2335328,-0.31632343,-0.62677884,0.09761971,-0.80217427,-0.31877658,1.7097392,-0.3227971,-0.20052858,0.28417096,0.40677968,-1.2225915,-0.42795387,0.35470903,0.27123833,-0.4001011,-0.5813834,1.2521328,-0.2994767,-0.31488192,2.8549263,0.055082798,0.91986996,-0.46506664,0.08836779,6.603843
Cyto_Texture_InfoMeas1_DNA_10_00_256,-0.091432124,2.246172,0.85093147,1.7226005,1.3082244,0.5632061,0.2237332,-0.35687947,-0.112609394,-1.2146682,-0.48493728,3.5036163,0.7541407,-0.964186,1.1144315,-0.062539734,0.35855415,0.23530829,4.9010715,0.06664366,-0.15498269,1.117625,-0.23112507,-2.7505538,0.41551366,-0.29274142,-0.012893905,4.076342,0.97366667,-0.012274742,4.483491,0.7770179,-0.5574448,-0.69444275,-0.06721123,1.6710796,0.5740421,0.6920085,1.0088884,1.2569187,-0.037223008,-0.21205594,4.0766797,0.9553626,-0.778954,-0.1778437,0.12602802,0.3719792,-0.51863015,1.6065027,2.115946,0.022035727,0.1592855,2.9288082,3.7758608,-0.9898777,1.9369297,-0.28871343,-0.09334787,0.7348952,-0.13759512,4.595647,0.7422082,0.9493561,1.8107854,-0.714011,2.4102082,1.282627,0.02461207,0.5158238,-0.20412405,0.052341875,-0.40742168,0.0348444,1.5007426,2.2181726,1.1518496,-0.50462633,1.1972972,0.105409466,-0.3796433,-0.44112337,-0.27460945,-1.7751951,2.3113184,1.2801114,0.8966889,-0.15342274,-0.21550089,1.8796072,-0.29968184,-0.27112222,1.563083,-0.23887579,1.2120973,0.27277383,-0.81012577,-1.0401888,-0.55969936,1.5166527,-1.0629754,-0.15419297,-0.28384474,0.86673814,-1.5673975,-0.4249029,0.20263548,2.3183317,-0.512646,0.7314482,3.0673122,-0.101308115,-0.1605121,0.36667037,-0.5451131,1.2770348,2.4445,0.91802853,0.9311881
Cyto_Texture_InfoMeas1_DNA_3_00_256,-0.16188167,2.1376078,0.62776315,1.3711702,2.221245,-1.3205101,-0.03934438,-0.47881392,-0.12862436,-0.3336595,-0.7657661,3.4421446,0.72266245,-0.3432369,-0.01303035,-0.33908686,0.34594044,0.55754215,3.3396885,-0.10340205,-0.35818413,0.79479426,0.20581444,-1.2315689,0.3895916,-0.27195564,0.5297449,1.3033789,1.1216257,0.5225381,2.5072205,0.48140574,-0.60886925,-0.5524114,0.19884132,2.2897239,0.24699406,0.70595556,1.2831293,0.79472286,-0.001618517,-0.38393927,2.9768784,0.647525,-0.40505812,-0.004640132,-0.122703634,0.26428947,-0.16826196,1.9639751,2.2654037,-0.07803776,0.38144302,1.7893453,2.9654152,-0.6327157,0.68529695,-0.1773779,-0.054962527,0.780531,-0.28145185,2.4505618,0.86265016,0.1804231,1.3390876,-0.11647741,0.33446792,1.0329064,-0.27122325,0.4003079,0.06321632,-0.2537575,0.08762562,0.37902585,1.2146823,-0.8909383,0.3219553,-0.30130434,1.0676228,1.0662221,4.596373,0.68860865,-0.5393839,-0.868789,1.3376337,1.0909905,0.17084862,-0.3099368,-0.41211832,1.7367171,-0.09465188,-0.11368696,-0.7994657,1.247868,1.1769463,0.1438316,-0.7179248,-0.673546,-0.5769853,1.2289101,-0.5472936,-0.30552116,-0.48300982,1.2185215,-0.69637775,-0.40579438,0.20663714,0.9654117,-0.4888749,1.236432,3.0120075,-0.18681757,-0.34706303,1.8807579,-0.20670444,-0.011908869,1.8708607,0.8601778,5.4599285
Cyto_Texture_InfoMeas1_DNA_3_01_256,-0.13291873,2.1171672,0.5062735,1.4194196,2.0869088,-0.1802394,-0.0008190274,-0.48242936,-0.15624885,-0.37386283,-0.71646804,4.062557,0.90962553,-0.49692598,0.06874734,-0.266049,0.40369305,0.37136778,4.2555337,-0.1256262,-0.44362965,0.8413968,0.050569195,-1.879446,0.43304944,-0.38599753,0.48985645,2.1724443,0.9077568,0.34088072,3.0373278,0.6532044,-0.3792692,-0.57701015,0.097628534,2.4912565,0.38517454,0.73052025,1.2670999,1.1961769,0.0799668,-0.11090549,3.291218,0.77133745,-0.59400856,-0.02697371,-0.14755559,0.18497683,-0.528849,2.6023042,2.2289383,-0.040422916,0.4772067,2.1939485,3.2306502,-0.6661944,1.0496444,-0.23931445,-0.0038105547,0.7733478,-0.23715131,3.0515182,0.67830855,0.2722802,1.085872,-0.35488322,1.4830106,0.81248283,-0.32702705,0.51682734,0.1274622,-0.23330013,-0.23389208,0.34755787,1.4423753,-0.13552308,0.610753,-0.3405371,1.3058845,0.75033444,5.3556085,0.62776536,-0.41479814,-0.8604407,1.4620352,1.1641661,0.73033404,-0.38714886,-0.5912908,1.4777098,-0.27679005,-0.09819608,-0.10404036,1.6688089,0.8521907,0.3519155,-0.7756912,-0.42483202,-0.42862573,0.5366461,-0.86915654,-0.33868775,-0.5125814,1.6579682,-0.9087576,-0.3103036,0.35997915,1.3567263,-0.5594609,1.0618514,2.6690013,0.039653163,-0.3565453,2.391237,-0.43707642,0.212654,1.9967602,1.0603157,7.5868163
Cyto_Texture_InfoMeas1_DNA_3_02_256,-0.06499924,2.0362797,0.7653381,1.2076508,1.920199,-0.70880455,-0.31163558,-0.63131076,-0.23152728,-0.3837725,-0.5459818,3.46467,0.7571619,-0.06696043,-0.04859525,-0.23916261,0.22587888,0.6115071,4.4230494,-0.1885464,-0.4813719,0.7268465,0.12081539,-1.4058552,0.43820977,-0.09087411,0.57170254,1.2523098,1.1330477,0.33945727,2.491849,0.56433105,-0.55467623,-0.6140942,0.16459864,1.5969993,0.09125934,0.6956857,1.30383,1.0604516,0.12129273,-0.39786282,2.9733021,0.8817031,-0.52315265,-0.16542082,-0.0094016595,0.47273242,-0.08504071,1.9285961,2.333416,0.02301245,0.6380871,2.2398381,3.312487,-0.52345985,0.96198124,-0.26360905,-0.066270195,0.6564212,-0.32255968,2.4992635,0.8956463,0.035212975,1.3560587,-0.27514422,0.30189797,1.0660025,-0.14234148,0.6077639,0.18627091,-0.42868292,0.14168882,0.6163371,1.3283374,-0.909671,0.38066122,-0.550765,0.8850148,1.0651119,4.3727827,0.65580744,-0.53360724,-0.4905827,1.6571487,1.2235178,0.12343953,-0.26706955,-0.64774704,1.775889,0.046108793,-0.13536863,-0.73741865,0.9281475,1.1865078,0.18797572,-0.74074507,-0.69040227,-0.65749973,1.8648828,-0.6052678,-0.3525497,-0.47726336,1.1421422,-0.99994326,-0.26002586,0.27651405,0.69568247,-0.4774333,1.120943,3.2060013,-0.07582232,-0.2202911,3.3137856,-0.3924367,0.23004794,1.7970401,0.90246814,4.0266504
Cyto_Texture_InfoMeas1_DNA_3_03_256,-0.21162121,2.4126081,0.55941343,1.7816013,2.2527711,-0.07795187,0.009618208,-0.6666211,-0.34052813,-0.24324763,-0.7877214,3.843935,0.9042972,-0.48019266,0.0057834485,-0.2929888,0.33173412,0.5170365,4.7107487,-0.18168634,-0.3010119,0.49873272,-0.020162592,-1.6641899,0.3232907,-0.38301572,0.49844697,1.9917097,0.9282178,0.09383998,3.0984898,0.62328285,-0.6624286,-0.8926266,-0.09152063,2.2074754,0.26278892,0.7280505,1.3208318,1.0666698,-0.08028013,-0.41765177,3.1380165,0.77963346,-0.6490336,-0.21415496,-0.088682614,0.40233445,-0.29433462,2.3165293,2.0509393,0.32801288,0.45161405,2.253566,3.2921078,-0.68959665,1.1093881,-0.34640798,-0.060910538,0.9575618,-0.34928346,3.0912838,0.69912815,0.42119935,1.4623286,-0.3663517,1.2620243,1.3202473,0.014141366,1.0219841,-0.09523346,-0.3853488,-0.15517773,0.2908173,1.2820491,0.08210596,0.45087707,-0.32928047,1.3417072,0.9719507,3.8951035,0.6795633,-0.2654513,-0.69479316,1.5580629,0.9841674,0.6339083,-0.24209571,-0.60274386,1.5923696,-0.23297453,-0.11501119,-0.0015434474,1.42773,1.0039997,0.38638774,-0.63774735,-0.591862,-0.66765374,3.346467,-0.9342146,-0.28594667,-0.45737872,1.4578973,-0.95850277,-0.6141667,0.12174809,1.2068868,-0.58044475,1.1736537,2.9849463,0.09525448,-0.12764405,2.4325733,-0.541986,0.33327982,1.8336965,0.94829434,5.580404
Cyto_Texture_InfoMeas1_DNA_5_00_256,-0.12577395,2.2482293,0.5732162,1.6588774,1.7299875,0.0527879,0.024681404,-0.39824188,-0.168043,-0.92162627,-0.7108853,3.4358807,0.76858145,-0.27930108,0.44754466,-0.13910574,0.26009807,0.49745527,4.9685726,-0.06435647,-0.3339456,0.90769935,-0.09381772,-2.1763659,0.31613743,-0.4340984,0.023385376,2.6511128,0.99081224,0.18874924,3.749158,0.5063216,-0.49817124,-0.73608017,0.11561639,2.172182,0.32281685,0.71481705,0.9879854,1.3116333,-0.13247456,-0.31903234,3.7986486,0.875168,-0.46754217,-0.16677576,-0.18776983,0.18918866,-0.28867206,2.1926956,2.201381,-0.036102433,0.13723491,2.3126144,3.5648162,-0.77057236,1.4765944,-0.36708078,-0.20478737,0.6958415,-0.24265645,3.575222,0.8870311,0.59707457,1.6086987,-0.7082088,1.6851228,1.1450408,-0.1572462,0.60840935,-0.039297897,-0.36912385,-0.3597544,0.43024957,1.5023894,0.516051,0.8757205,-0.5320596,1.2611613,0.5841132,2.2956479,0.15545337,-0.43835425,-1.0516998,1.8123089,0.9982705,0.7485039,-0.22966224,-0.35782692,1.8877735,0.015921436,-0.30754527,0.3886886,0.5429867,1.092131,0.29028544,-0.8433191,-0.88169044,-0.7418975,0.84018826,-0.8993612,-0.15748346,-0.4317596,1.103422,-1.1499802,-0.4264976,0.03587401,1.8332871,-0.48452058,1.1594133,2.984217,0.02126421,-0.21531153,1.2513162,-0.49841747,0.58858347,2.2687984,0.8267317,3.5392256
Cyto_Texture_InfoMeas1_DNA_5_01_256,-0.18798698,2.123164,0.7734499,1.6351062,1.740996,0.5631907,0.09084303,-0.2243462,-0.08116792,-0.8407201,-0.6229246,3.3394687,1.0302291,-0.77025414,0.8764604,-0.28015321,0.35510984,0.06266848,4.6106925,-0.18177712,-0.21270214,0.9051549,-0.020350358,-2.6898088,0.39080748,-0.5463117,0.21234177,3.4809437,0.85339,-0.04929201,4.2444882,0.772574,-0.47571588,-0.7197457,-0.029644072,1.8066205,0.4904373,0.7287558,0.65403026,1.3851061,0.0122089535,-0.13368167,3.7823353,0.8585634,-0.7879176,-0.17124097,0.081832655,0.34884694,-0.58470803,1.862784,2.0065424,0.16295545,0.057562727,2.9085941,3.5526714,-0.8642438,1.6650358,-0.22958887,-0.03633297,0.92062503,-0.0627655,4.041691,0.7361209,0.88410306,1.5390619,-0.7739322,2.087727,0.61774033,-0.28129584,0.22767787,-0.091499485,-0.19929223,-0.30648947,0.24754302,1.6067196,1.0087405,1.0708618,-0.54681927,1.4439368,0.16709547,2.3170784,-0.10293128,-0.39253798,-1.4806051,2.1622593,1.281238,0.7210043,-0.23443854,-0.1815667,1.8235283,-0.26397064,-0.123111725,0.99840665,0.40415874,1.0508004,0.18241785,-0.74282646,-0.8903927,-0.52288795,1.3859076,-0.8965118,-0.23582263,-0.44654515,1.0985098,-1.4607378,-0.32951882,0.13637303,2.1159246,-0.740568,0.97960466,3.1298962,-0.20194995,-0.13628599,0.7294027,-0.53416306,0.96824044,2.145065,1.110556,7.287023
Cyto_Texture_InfoMeas1_DNA_5_02_256,-0.10995682,2.4703496,0.88510704,1.7875007,1.8272566,0.12852044,-0.011870243,-0.44126725,-0.25390282,-0.76702744,-0.5733115,3.2391853,0.7186384,-0.3410593,0.46447244,-0.11730653,0.23190795,0.38392615,4.5475216,-0.29014257,-0.26198608,0.8196245,-0.16633295,-2.5055888,0.43675408,-0.3450701,0.17482089,2.5586503,1.1464751,-0.1107591,4.043082,0.6660239,-0.5490914,-0.6066963,0.11923602,2.093745,0.42010966,0.5792981,0.9405044,1.2595568,-0.013716251,-0.38379464,3.6967237,0.968944,-0.778712,-0.0072544366,0.015409768,0.47067618,-0.19574915,2.1065407,2.2954705,0.17639856,0.33422542,2.592128,3.5578158,-0.94146615,1.5317321,-0.2402076,-0.08611784,0.7475013,-0.3037319,3.532055,0.58302927,0.47121248,1.5549651,-0.4754614,1.592775,1.0135262,-0.26845697,0.7512739,0.093396485,-0.38078746,-0.14251006,0.46171534,1.4595766,0.57703495,1.0068911,-0.56068766,1.2742003,0.5343111,3.4601948,0.24289386,-0.5581355,-1.1022401,1.9432865,1.1251707,0.58065516,-0.33342823,-0.5298548,1.8185488,0.098959096,-0.23825438,0.30836672,0.57402396,1.2297992,0.21734099,-0.7000845,-0.8572081,-0.7090661,1.9649153,-0.93251604,-0.1386427,-0.38090456,1.114303,-1.3110986,-0.31859046,0.22861557,1.7868901,-0.7558029,0.95733815,3.2150013,-0.2525649,-0.2932376,1.308399,-0.6023684,0.8607337,2.0777771,1.070346,1.195748
Cyto_Texture_InfoMeas1_DNA_5_03_256,-0.10187942,2.4929001,0.73345834,1.6808919,1.8482448,0.33662558,0.33973882,-0.2575921,-0.11471218,-0.7479541,-0.48590067,3.5817978,0.8827679,-0.61268735,0.71616215,-0.2176313,0.21874873,0.028751135,5.128883,-0.090262674,-0.31813124,0.70637745,-0.11779236,-2.6831818,0.3448614,-0.29656813,0.3642904,3.510812,0.8822449,-0.120257415,4.0501485,0.61870116,-0.70621663,-0.7786849,-0.029866904,1.5652757,0.49434105,0.7020785,0.73151135,1.3188049,-0.14243849,-0.23364453,3.9682777,0.93329483,-0.6793272,-0.14791529,0.09666572,0.38523212,-0.27161217,1.8048667,2.1393142,0.3416737,0.14699714,2.8295891,3.6705303,-0.82722425,1.8121696,-0.25939423,-0.2347073,0.9763791,-0.23719943,3.9054048,0.7767821,0.7656371,1.8159752,-0.67686385,1.8610501,1.1066176,-0.021980852,0.48155925,-0.1347787,-0.20394091,-0.44570136,0.05574252,1.5144104,1.298134,0.899514,-0.45138276,1.4234629,0.25018504,1.2372527,0.028001845,-0.12870227,-1.3417064,2.2664661,1.0318612,0.6901698,-0.22934087,-0.4749117,1.7829632,-0.15075694,-0.27699474,1.0368797,0.41205284,1.1148996,0.18942006,-0.6596573,-0.85094285,-0.5107078,1.0595648,-1.0290903,-0.22975968,-0.30350086,1.1243296,-1.2199923,-0.5261288,0.11629362,2.1711242,-0.5763006,0.89770347,3.1503994,0.2475058,-0.17203222,0.5122437,-0.5134663,1.1233095,2.3104732,0.93437934,5.480999
Cyto_Texture_InfoMeas1_ER_3_01_256,-0.1700912,1.4367019,1.0321035,2.4347878,0.21866591,0.36639193,-0.112226576,0.031569876,-0.20691548,-1.2343909,0.13244624,0.8733795,-0.23862803,-0.89824206,1.0965973,-0.33440566,0.98660964,-0.7631013,4.544655,0.45986786,0.1609582,0.7061998,0.32464597,-2.2776487,1.2053975,0.07515522,-0.2679403,0.9252545,-0.2233064,0.108109094,1.3514656,0.5382021,0.18382351,-0.3267009,-0.30175802,1.5580155,0.70276505,0.0830638,2.1638887,-1.0194023,0.06567364,0.049042206,1.4750067,-0.090823255,-0.93505436,0.26656607,-0.49426746,0.49793664,-0.34842548,3.623894,-0.13907185,0.5589156,-0.84747547,0.7487187,4.111995,-0.1473843,1.1199983,0.22748423,-0.0056440085,-0.057197765,0.43062416,3.2084777,-0.42110905,0.58498544,0.48442563,-0.61890703,1.1091131,-1.2055888,-0.48724198,0.006947001,-0.21085761,-0.12950239,-0.30273318,0.052518975,-0.37558937,0.76330036,0.886848,-0.150471,0.1971481,-2.2162564,1.802895,-1.3583541,-0.11149017,-1.1937073,0.8222034,0.43969426,1.4295851,-0.3281035,0.55532396,0.28265002,-1.0739262,0.022919467,0.7295372,-2.2819204,-0.49448574,-0.72440356,-0.11302773,-1.0371658,-0.27590796,0.76659393,-1.1256945,0.12506296,-0.27989218,1.1190856,-1.4398161,-0.4730083,0.24673901,0.69174576,-0.26942512,-0.9405618,3.1056442,-0.29628417,-0.3660371,-2.3299444,0.027367175,1.7299858,0.7943516,0.5083292,-5.695544
Cyto_Texture_InfoMeas1_Mito_3_00_256,0.503087,-0.4265699,-0.51666427,1.1124064,0.010730386,0.46917447,-0.13659932,0.121855624,0.021126071,-0.52019197,-0.13960811,-1.8427557,-1.0055461,-1.1126,0.0053146384,0.061522376,-0.054863423,-0.020392874,-3.4636343,0.52509093,-0.033123493,-0.33449706,-0.08097374,-1.3299001,0.16263928,0.5175542,-0.6895171,-1.6807542,-0.39535102,-0.5795288,-2.06832,-0.4255798,0.07480556,-0.08739381,0.22942209,-0.65462035,-0.11695107,-0.07334613,3.2407036,-4.9173727,0.15145285,-0.051332224,-1.4142637,-0.2808254,0.23080744,0.1792583,-0.19348355,0.28383085,-0.0014715245,1.8769554,-0.6953621,-1.1089305,-0.020524232,-0.6531231,-4.5177417,-0.13485298,0.98083025,0.5593422,0.2910278,-0.49257532,0.24128215,-1.3441559,-0.005162706,-0.40285277,-0.19133069,-0.0014940301,0.20892341,0.09712001,-0.027369127,-0.50311357,0.23566657,-0.24730198,0.4557381,0.55129147,-0.98495644,-1.9380299,0.22489463,0.065010875,-0.29447338,-3.4720452,1.6252645,-1.1678377,0.04770736,-1.1198875,-0.07854352,0.009265621,0.14394875,-0.08667155,0.89012426,-0.21205465,-0.13204038,0.2897757,-0.31108302,-0.2657548,-0.2052731,-0.19680138,0.164452,-0.51563144,0.069947064,1.4698648,-0.17705558,0.35216856,0.19481862,0.33261883,-0.52178895,-0.3502901,-0.62055135,-1.0674838,-0.20475101,-1.519393,1.109128,0.027802309,0.16944808,0.22321431,0.15731001,0.7859722,-0.8686137,-0.29667306,1.129077
Cyto_Texture_InfoMeas1_Mito_3_01_256,0.3990786,0.21381103,-0.53201526,0.9251175,0.22010343,0.513592,-0.25603765,0.022489062,-0.07661626,-0.7840652,0.05211082,-1.3842907,-0.79875785,-0.9982422,0.1899727,0.10802323,0.20677532,0.1573172,-2.717521,0.3880385,0.0343285,-0.08553195,0.04113852,-1.9203447,0.15418431,0.5015979,-0.42867646,-0.95767266,0.5767603,-0.5614771,-0.9556392,-0.12219449,-0.013639758,-0.23465769,0.4035153,-0.43517932,0.016036177,-0.035538692,2.7970846,-5.22994,0.3035442,-0.08815024,-0.2969169,0.19906269,-0.116958715,-0.018731078,0.0012186965,0.39886835,-0.014762144,1.9490362,-0.20713352,-1.4925617,-0.0823932,0.14070146,-3.8626509,-0.29359415,1.1404753,0.47404638,0.30152592,-0.34244832,0.40469334,0.14749055,0.4625906,-0.07512301,0.3563808,-0.18889244,0.7721227,0.16894734,-0.27653956,-0.9257991,0.33917797,-0.10857513,0.4276259,0.4447539,0.060857058,-0.73714286,0.18938218,-0.15414196,0.14654799,-4.2031393,1.1984024,-1.0136381,-0.24850284,-1.737249,0.2770442,0.40750858,0.8566207,-0.39039406,0.66458684,-0.07480059,-0.056359094,0.25106654,-0.12563051,-0.24608612,0.33950973,0.07923255,0.002087459,-0.7383349,-0.2194556,1.0963526,-0.6651163,0.39638197,0.32876715,0.6835832,-0.5771254,0.096173465,-0.17714556,-0.7469546,-0.04444912,-1.1796952,1.3389953,0.11517938,0.11072594,-0.76766497,0.19961154,0.86864024,-0.66055626,0.030023813,-0.5281647
Cyto_Texture_InfoMeas2_AGP_10_01_256,0.5551742,-1.3858023,-0.74772453,-1.1015149,-1.7221918,0.8981305,0.70429206,0.56944543,0.38969007,0.36062345,0.011578848,-1.2249359,-1.2627295,1.2328347,-2.2602923,0.50166243,-2.1478813,-0.6189361,-8.416495,-0.51057976,-0.26565444,-1.0292926,-0.6104483,0.635357,-0.5053388,0.4280286,-0.09061119,-6.35632,-1.2005101,-0.1172052,-3.1297925,-0.45550826,-0.9077329,0.53370696,0.55023,-8.790039,-0.25318828,-0.37445593,-1.2155725,1.3501515,-0.3998311,0.040369917,-1.6647698,-0.37045637,0.5341368,-1.2392944,0.039851185,-0.55281484,0.22282828,-3.9523346,-0.19433038,1.2664036,0.52213365,-0.9462624,-5.8058014,-0.7179971,0.3520712,0.08329476,-1.1650192,-0.032574575,-0.23820333,-4.5930715,-0.24044208,-0.8548605,-0.5198731,-0.7859914,-1.2232158,0.46023902,0.83355284,0.39118576,-0.6724713,0.41329506,0.27108714,0.5536986,-0.034527797,-4.3645844,-0.94797945,0.2733036,-0.5528654,1.7288777,-14.782449,0.3859359,0.2668213,1.6330897,-1.2180204,-1.6218129,-1.9552159,0.789699,-0.13388938,-1.6052765,0.6192079,0.23250906,-0.31814227,-0.9422548,0.090313256,0.74066067,-0.116203465,0.31671077,0.29780576,-8.857722,0.6622941,0.5219291,0.29157186,-0.38263035,0.59267676,0.24781567,-1.5607637,-0.4309965,0.57358795,0.0054636993,-2.0778294,0.67761856,0.51334697,-1.5721617,-0.16291277,-2.2777236,-1.6085311,-0.73266107,1.6041418
Cyto_Texture_InfoMeas2_AGP_3_00_256,0.42054757,-0.42302236,-0.9761483,-1.2024461,-1.1047884,0.20420901,0.7513618,0.5513312,0.24833561,0.15837793,-0.2321705,0.8507657,-0.71334773,1.0431113,-1.1976742,0.4751756,-1.465696,0.34559217,-4.1415615,-0.37549627,-0.43200085,0.7619073,-0.7118184,0.29139343,-0.20985137,0.25130412,0.80913526,-0.98817664,-0.31124237,-0.27050397,0.2425641,-0.074447334,-0.28536442,0.2601606,0.42006314,-8.225479,-0.1768862,0.037375256,-1.4975281,1.2857096,-0.63797945,-0.07523577,0.3435818,0.3385785,0.006317804,-1.2045971,0.029703377,-0.28254822,0.20217675,-3.972747,-0.47556993,1.5584906,0.8305788,0.9024689,-1.1245407,-1.1463188,0.69863755,-0.19329469,-1.0191809,0.43783858,-0.23152971,-0.588718,0.09289712,-0.2395491,0.060666185,-0.39465907,0.1283024,0.44544634,0.74334717,-0.1882999,-0.8511397,0.46062395,0.073683165,0.1348765,0.31468812,-0.92197114,-0.78626794,0.1163942,-0.6253806,1.4019572,-12.002725,0.26791432,0.04123913,0.4851549,0.17259902,-0.5482641,-1.3922395,0.5575929,-0.35466668,-0.6965327,0.4753145,0.47518954,0.42753837,-0.9406598,0.47373608,0.7650257,-0.31298137,0.1902179,0.19975257,-4.4962373,0.062346656,0.3717846,0.102375776,-0.039700747,0.61957246,0.24130456,-0.9295466,0.3438219,0.5331262,0.56351155,-0.27471867,0.521267,0.57252127,-2.3732247,-0.28968194,-0.79118896,0.04750043,-0.39393297,-4.71849
Cyto_Texture_InfoMeas2_DNA_3_02_256,0.049870264,-2.5565593,-0.96292406,-1.1638978,-1.644363,1.1310054,0.29422355,0.60661006,0.15879944,0.70532125,0.52649456,-3.0127828,-0.6946225,0.39479986,-0.4462048,0.2470808,-0.37452248,-0.6768065,-3.4355996,0.042363714,0.21419954,-0.7421589,-0.16530629,1.7277012,-0.39298192,0.121403374,-0.537018,-2.8140647,-1.4834155,-0.28870454,-4.240748,-0.8444645,0.41989514,0.48475492,-0.25532135,-0.2351728,-0.45588827,-0.9791686,-0.82800883,-1.1308126,-0.17799734,0.3892238,-3.7620928,-1.2864494,0.392495,-0.056185823,-0.14985079,-0.54898554,-0.013568754,-1.3156017,-3.056468,0.8146518,-0.35463974,-2.812152,-3.1225994,0.49223554,-1.315136,0.14553915,0.0103543205,-0.8973155,0.27522627,-3.7134206,-1.0181389,-0.54288155,-1.9785696,0.38069287,0.01044337,-0.6099976,0.1356567,0.0076292357,-0.34622404,0.40615317,-0.025565088,-0.4095552,-1.4450754,0.18383479,-0.7662497,0.5494273,-1.2222396,-0.1220391,-3.1238108,-0.11824187,0.39320067,1.2115933,-2.4567,-1.1588295,-0.05236358,0.06749829,0.25484666,-2.620116,0.00028472146,0.1300693,-0.10287271,0.43611407,-1.5535492,-0.08357967,0.7456207,0.7010899,0.68974,-1.1809361,0.5766036,0.17696154,0.4323142,-1.1651134,1.0168017,0.20915668,-0.2359143,-1.4985424,0.42272213,-0.8743508,-3.6344213,0.18659823,0.08661226,-0.87511563,0.3076938,-0.73290664,-2.5768454,-1.0917945,-11.245743
Cyto_Texture_InfoMeas2_ER_10_01_256,0.14475508,-2.2401905,-0.971514,-2.640234,-1.009196,0.17283098,0.103269726,-0.121174715,0.18424074,1.2810577,-0.13285266,-6.691025,-0.09009621,0.93475246,-1.5679747,0.17403209,-1.5821824,0.75518054,-12.784714,-0.82588595,-0.23488587,-2.4017618,-0.48558435,1.4614133,-1.1238096,-0.30153197,-0.46168622,-5.827223,-0.46112642,-0.517091,-3.5046215,-0.9337056,0.1919166,0.17436142,0.13104974,-1.2977341,-1.063485,-0.9537813,0.2935445,0.64178413,-0.0082357675,-0.07989276,-3.1920922,-0.88358456,1.0143498,-0.42622885,0.34167448,-0.8800246,0.053446155,-7.9656644,-0.059850115,-0.35178557,0.67976505,-1.3929988,-15.041339,0.100077175,-1.2970701,-0.21173196,-0.051101938,-0.5934282,-0.6032897,-8.357526,-0.16744168,-2.1085732,-0.8884335,0.22004999,-2.4591613,1.1528932,0.23172766,1.1532162,0.2729021,0.044281658,0.32973027,0.5192853,-0.092957586,-3.11714,-0.93848896,0.026129017,-0.6607506,1.8760878,-4.0116363,1.2304448,0.18956143,1.2813736,-1.6354767,-1.6651739,-2.3921804,0.3490529,-0.54981273,-0.64929694,0.8944552,-0.16796313,-1.1588426,1.8434445,0.17966433,0.63419,-0.061362967,0.8665789,0.4172573,-4.8647566,1.1961457,-0.21078993,0.13294405,-1.4540963,1.2876024,0.34159437,-0.9390257,-1.290401,0.23749481,-0.105297126,-3.7256305,0.34412542,0.09234849,2.0021536,0.0024807751,-2.5572712,-1.9629756,-0.9595558,4.5805593
Cyto_Texture_InfoMeas2_ER_10_03_256,0.06440804,-2.2735512,-1.0107323,-2.642482,-0.79742473,0.18248129,0.09352239,-0.10948513,0.13826074,1.2753252,-0.1698705,-4.4022293,-0.05682108,0.81595737,-1.6617173,0.17740542,-1.4822441,0.72975445,-10.853676,-0.7471509,-0.24508034,-2.0771449,-0.5035017,1.4107971,-1.1720927,-0.28170636,-0.34569183,-5.5562043,-0.47030318,-0.3921971,-3.574812,-0.8826113,0.108709216,0.11344669,0.1569118,-1.3778114,-1.0518861,-0.9572231,0.36399174,0.61415964,0.082050376,-0.079960376,-3.1407788,-0.87397164,0.96247977,-0.3793441,0.2952664,-0.86935705,0.13162185,-7.446453,-0.09222219,-0.31437543,0.7017703,-1.3381739,-16.630995,0.0031504333,-1.3531185,-0.20010547,-0.0341209,-0.67073995,-0.5417651,-8.472412,-0.2147801,-2.1758401,-0.8817207,0.21517108,-2.700764,1.0028827,0.16633911,1.0726742,0.32341293,0.07444129,0.3865912,0.5531785,-0.19572853,-3.1815732,-0.8997249,0.08416618,-0.57678837,1.9504443,-5.687889,1.2287573,0.23490642,1.3316513,-1.7861303,-1.7791587,-2.522394,0.32823256,-0.5903638,-0.5843224,0.9119727,-0.092764795,-1.2991174,1.9336858,0.099444985,0.617251,-0.09044871,0.8285279,0.3267031,-4.3507304,1.1842531,-0.2896665,0.16988017,-1.625403,1.2826347,0.29474005,-1.0300164,-1.225141,0.21265505,-0.17160766,-3.716592,0.26266417,0.026046624,1.9281496,-0.06313046,-2.6224904,-2.050851,-0.875437,3.802719
Cyto_Texture_InfoMeas2_ER_3_01_256,0.12473246,-1.2263126,-1.0469955,-2.8217583,-0.54863805,-0.30475935,0.03706527,-0.21875869,0.18267734,1.1241646,-0.3335751,-1.0926884,0.13096674,0.73707753,-0.9751568,0.31208065,-1.2949482,0.8787195,-5.959678,-0.5577579,-0.27101853,-0.8168781,-0.46464458,1.3895321,-1.1507611,-0.2213366,0.15963341,-1.031111,0.46304306,-0.31346047,-0.592706,-0.5432705,-0.16816933,0.17245121,0.2643797,-1.5456467,-0.84882563,-0.156597,-1.2583404,0.66018337,-0.027422601,-0.17177285,-1.0777284,0.27307487,0.83153135,-0.3782808,0.40451214,-0.678982,0.09718764,-7.0844464,0.09727311,-0.41800997,0.74895436,-0.071173914,-6.2887974,-0.17044495,-0.89010507,-0.3362809,-0.10921347,0.05777611,-0.5276569,-3.2348232,0.532141,-0.89953035,-0.18561046,0.38772154,-1.4056711,1.1007628,0.32413578,0.32890657,0.11800032,0.09391174,0.24762027,0.023743892,0.4536554,-1.0112365,-0.8354971,-0.051979143,-0.2458799,1.8533436,-2.8368776,1.2348186,0.1156947,0.72917205,-0.45199224,-0.5591509,-2.4202614,0.22404464,-0.7667091,0.032004375,0.84862417,-0.10226532,-0.485471,1.7234758,0.6131478,0.6680197,-0.075844385,0.55455226,0.2637473,-2.7507412,0.9716192,-0.19390418,0.27031782,-1.3169564,1.0349969,0.33905706,-0.48004112,-0.3621557,0.11885139,0.5932804,-2.560943,0.26927027,0.2149734,1.8684435,-0.17884673,-1.4992466,-0.7309091,-0.5602193,2.7608216
Cyto_Texture_InfoMeas2_Mito_10_03_256,-0.4434677,-0.9774382,0.32655004,-0.05225289,-0.45302668,-0.077161655,0.3330901,0.011714727,0.31245932,1.0465089,-0.17804801,-0.17590223,-0.16481233,0.8703761,-0.94924515,-0.17756684,-0.61237437,-0.5862724,-0.9007804,-0.46554926,-0.20056556,-0.91565174,-0.30956438,1.4139986,-0.2842355,-0.37992707,-0.8329448,-1.9915968,-2.1028106,0.14698574,-1.6816534,-0.88446003,0.37346074,0.4001805,-0.5547995,-1.4277773,-0.20783289,-0.44579688,-0.25067157,2.2006176,-0.49388775,0.023508428,-1.9583963,-1.0602851,0.2829229,-0.09860889,-0.55541116,-0.46454906,-0.23652725,-0.7789772,-0.65305424,1.0620294,0.30911633,-1.57031,-0.2876544,0.43056822,-1.0449516,-0.28686252,-0.28808662,-0.3516458,-0.80709845,-4.2897696,-1.2904661,-1.157128,-1.0947113,0.05385226,-1.6811367,0.2569637,0.03007777,1.1921266,-0.2992312,-0.02839821,-0.33685467,0.33941516,-1.6348953,-2.3970625,-0.14498557,0.21597154,-0.68844336,2.3657753,-2.2657611,0.79348683,0.35330042,1.824387,-1.1902475,-1.4501823,-2.9450662,0.4849787,-0.25154448,-0.1014025,-0.0040159724,-0.17293787,-0.34075597,0.063746296,-1.2903895,-0.308175,-0.067451164,0.788711,0.34755817,-0.3571067,0.9826409,-0.45026264,-0.23659724,-0.6262714,0.7626591,-0.6480207,-1.1155926,-0.1753947,-0.015956977,-0.19623522,-2.0119476,-0.3689393,-0.23993437,1.6520529,-0.1267828,-1.339084,-0.48335865,-2.1213946,1.6393999
Cyto_Texture_InfoMeas2_Mito_3_00_256,-0.5498951,0.00903964,0.59837306,-0.31701493,-0.46886456,-0.36212334,0.33356678,-0.056879073,0.23933768,0.7683525,-0.2526115,1.7717716,0.38882574,0.9784264,-0.21379863,-0.1715032,-0.4164492,-0.39042225,1.6681309,-0.36438176,-0.26722032,0.03785181,-0.20731635,1.1694679,-0.13636109,-0.58286655,-0.13595028,0.7062033,-1.1592172,0.26799557,1.1320008,-0.09223732,0.11331106,0.24721558,-0.5909982,-0.6580203,0.017004177,-0.09779706,-1.6010195,3.0786526,-0.35386857,-0.03101652,0.44563365,-0.2687596,-0.13880573,-0.16673867,-0.40614304,-0.42332414,-0.2561976,-1.7969743,-0.3085023,1.2290567,0.09263557,0.32294324,2.2049077,0.22543122,-0.50412655,-0.42544946,-0.4323955,0.25732186,-0.42529035,-0.55653495,-0.8925338,-0.16921896,-0.24485087,-0.055158675,-0.7145219,-0.006628772,0.14295869,0.9109877,-0.34924054,0.083717234,-0.6019302,-0.090422906,-0.65699464,-0.27331552,-0.11388799,0.110253684,-0.39811456,2.920346,-2.7212458,1.0444204,0.09829613,1.4886137,0.053184215,-0.503771,-0.9553175,0.30454624,-0.7218268,0.42230573,-0.18173523,-0.257194,0.3827788,-0.5747767,-0.66872865,-0.023823023,-0.17598927,0.56894565,0.2069369,-1.0255637,0.6583683,-0.49129418,-0.34693334,-0.50085974,0.34439063,-0.60070753,-0.13122027,0.92824745,-0.09329945,0.56399125,-0.8674779,-0.33357516,-0.22868055,0.45246014,-0.28906238,-0.43743107,0.69282335,-0.61275053,-0.89838535
Cyto_Texture_InverseDifferenceMoment_AGP_10_01_256,-0.56181,0.021753928,0.73552674,0.3163927,1.2729398,-0.8125532,-0.75499505,-0.4645257,-0.3093765,-0.026846698,0.2898947,-1.2478461,1.235186,-1.2267939,1.0750704,-0.5935392,1.8395227,0.51787144,2.9704056,0.50316685,0.3652723,0.38101935,0.9722967,0.7471388,0.12925228,-0.23883127,0.15944457,2.2085335,0.43458375,0.5866947,0.08259561,0.19872515,0.8326246,-0.3117049,-0.49310842,4.9335876,0.18856962,0.13422275,-0.4333221,-1.7031168,0.62662804,0.12481151,-0.30139995,-0.17120981,-0.19457519,1.2857445,-0.020392468,0.55801827,0.009451677,2.7263536,0.41649997,-1.9737449,-0.51255983,-0.8705651,1.1866013,1.3200183,-1.3623725,0.15083514,1.172449,-0.30163133,0.3073314,0.6314922,0.036284227,0.55881095,-0.34903455,0.99125814,-0.18752225,-1.2445918,-0.8115141,-1.0834453,0.822747,-0.40520927,-0.14567286,-0.9063596,-0.42334613,0.6982691,0.7717204,0.04960374,0.5131599,-2.2510917,6.16513,-0.28877172,-0.0699643,-1.0312737,-0.18304908,0.6193502,0.97906137,-0.5829265,0.08534042,0.48783684,-0.4927362,-0.2095003,-0.35487506,1.0804105,-0.40144554,-0.7462743,0.3128653,-0.13163723,-0.17835881,1.8373846,-0.25725,-0.44741985,-0.41058204,-0.66025263,-0.3373001,-0.089348614,1.2809242,-0.7198244,-0.45625225,-0.23003238,-0.26093242,-0.5175168,-0.6623926,0.39774314,0.2743497,0.6106315,0.7847292,0.49859795,-2.6256835
Cyto_Texture_InverseDifferenceMoment_ER_10_01_256,0.0451773,0.51075095,0.546694,0.38175538,0.5384173,0.4372051,-0.09615161,0.2008517,-0.11959922,-1.091771,0.3234215,0.03625123,-0.017395547,-0.746566,0.46346292,-0.34555867,1.1318892,-1.1604325,4.2370167,0.6552968,0.14829858,0.78341454,0.54051584,-0.50035053,0.71464753,0.26382795,0.26721805,1.0059446,-0.7997746,0.6794195,-0.5392544,0.27928963,-0.4847608,0.108969904,-0.22817643,0.33273068,0.48299375,0.554257,-0.36522636,-0.52796793,-0.12473322,0.21925782,0.63957655,-0.2602824,-0.6797697,0.091786034,-0.4078021,0.7295766,0.18317151,4.608129,-0.12918155,0.2064188,-0.6708,-1.0147793,5.4131107,0.46351442,0.17262016,0.41999397,0.14739083,0.08636058,0.5276919,1.2326756,-0.49879196,1.4808707,-0.22650796,-0.1437109,0.73822826,-1.357834,-0.07330855,-0.92056894,-0.1470656,-0.059193652,-0.19840817,-0.71233654,-0.68053126,-0.13697612,0.33613312,0.31330952,0.027781507,-1.7450957,0.6335593,-1.2324356,-0.054624174,-0.23214681,-0.15636154,0.8492244,0.92796737,-0.10888051,0.740988,-0.20165038,-0.6506168,0.12258033,0.1781876,-1.5344863,-0.65811056,-0.7469773,0.2151475,-0.5803819,-0.19540668,2.877511,-0.80464786,0.35973558,-0.3834269,0.34955326,-0.8406705,-0.16449179,0.5986829,-0.2507473,-0.031187067,-0.47459635,0.9628802,-0.26236776,-0.11634944,-0.8604202,0.3066394,0.64492035,0.5655476,0.35566542,-2.6105604
Cyto_Texture_InverseDifferenceMoment_ER_10_03_256,0.107980825,0.4963676,0.45381096,0.72246766,0.42712197,0.516939,0.054118812,0.32413557,-0.0856333,-1.0049033,0.30165654,0.12496654,-0.055356175,-0.8276828,0.38475695,-0.16361167,1.0517898,-0.96431017,3.5047653,0.4981158,0.2218392,0.6785555,0.6908402,-0.60877997,0.76875514,0.32833874,-0.04974519,0.8976466,-0.762728,0.7716326,-0.29107407,0.46057415,-0.44239914,0.10211813,-0.18636362,0.098319925,0.4620327,0.61887425,-0.31461737,-0.32847953,-0.06093086,0.26473895,0.6305771,-0.36911115,-0.6894291,0.21280448,-0.45981574,0.6738946,0.006596744,4.2053146,0.08676484,0.2490874,-0.5307506,-1.0456828,5.6295867,0.50365084,0.34197548,0.39643335,0.0784672,0.07383744,0.45597908,1.389884,-0.5041674,1.3994929,-0.40558124,-0.375326,0.8278525,-1.1573049,-0.025187999,-0.87496823,-0.22999424,-0.10971731,-0.2664014,-0.78615373,-0.560121,-0.062396664,0.31126598,0.2926843,0.013413777,-1.8534212,1.5994936,-1.2120899,0.010557716,-0.116490416,0.004280165,0.9164826,0.87045723,-0.10073372,0.7515483,-0.4181459,-0.62831765,0.19558363,0.060360402,-1.3534456,-0.6954084,-0.8892996,0.30378947,-0.64930123,-0.20280631,2.5069377,-1.1976414,0.15187494,-0.31204465,0.4250164,-1.0598974,-0.31982446,0.7445023,-0.3886453,0.059328556,-0.35494652,0.7700372,-0.24397762,-0.085026525,-1.136502,0.20184821,0.58010596,0.4761437,0.42796946,-2.5766046
Cyto_Texture_SumAverage_DNA_3_00_256,-0.034075588,-2.03745,-0.7435016,-0.61039966,-1.0067506,2.2687693,0.17539652,0.32785535,0.25074098,1.0103133,0.6320985,-1.4785315,-0.53417385,0.71458405,-0.7186339,0.16905253,-0.38959977,-0.49222362,-3.6997755,0.071501516,0.17585361,-0.46943152,0.10071906,1.6455811,0.20557423,0.36651984,-0.07629782,-4.32236,-1.1533326,0.106877565,-4.1487823,-0.8892252,0.3461255,0.67005557,-0.19421376,-0.27040908,-0.7313947,-0.6802757,0.15599427,-1.2815465,-0.2580606,0.24913676,-3.334505,-0.962568,-0.064402975,-0.29756993,-0.25770837,-0.42162105,0.34640634,-0.8434553,-3.0025256,1.2218441,-0.20709054,-2.6276786,-2.989746,0.4011239,-1.9259105,0.086307816,-0.0040712953,-0.7773633,0.30151573,-3.0543864,-0.8117221,-0.86479473,-2.2799466,0.6353197,0.40834296,0.0026005607,-0.023833185,0.636759,-0.120190404,0.33673486,0.33714882,0.11438122,-1.4426931,-0.2658395,-0.9597799,0.39307514,-1.3596271,1.271741,-0.63783306,0.6125422,0.52335197,2.244276,-2.210263,-0.8914428,0.14330058,0.18342657,0.12060481,-2.5258007,-0.11831627,0.26838672,-0.68656707,-0.08253741,-1.2978696,-0.02836152,0.5289748,0.8161095,0.8683481,0.58897895,0.912998,-0.080847785,0.10829586,-0.93025875,0.78778535,0.12737258,-0.38221192,-1.9118637,0.5529954,-0.93673515,-2.0439692,0.042060718,-0.032580804,2.87979,0.27431726,-0.8809174,-2.4410334,-0.9170491,-5.517568
Cyto_Texture_SumEntropy_DNA_3_01_256,0.19826496,-2.1547513,-1.107387,-0.92615724,-1.0368365,0.8454445,0.24888821,0.36741364,0.109160215,0.92104584,0.4531753,-1.9176911,-0.70667773,0.75065446,-1.0579518,0.29334283,-0.49534294,-0.68413574,-1.9829445,-0.07134775,-0.0057116547,-0.47708997,-0.0485384,1.7794992,-0.07847776,0.3577424,-0.18815346,-3.9015625,-1.3107938,-0.19662894,-5.0651755,-0.937018,0.12590301,0.37366262,-0.25290367,1.0680085,-0.7927349,-0.72633773,-0.010779639,-1.1793783,-0.3374739,0.120871626,-3.8052654,-1.2062292,0.052118685,-0.19298826,-0.24671723,-0.4499099,0.0021452208,-0.379984,-3.634166,1.3324987,-0.11418575,-2.616483,-2.2890704,0.32428685,-1.6587596,-0.022694638,0.11007151,-0.7230064,0.12040795,-3.678044,-0.98890185,-0.75622034,-2.1517541,0.55524284,0.6069308,-0.21982758,0.13924736,0.67016584,-0.34644148,0.22356625,0.003722469,-0.10895964,-1.3013923,-0.2316703,-1.205287,0.5224825,-1.3272483,1.1732367,-0.1551133,0.60681057,0.40016246,1.807753,-2.7642288,-0.7249549,0.17634267,-0.0033536851,0.02619802,-2.8731966,-0.07937554,0.11517852,-0.7074516,1.5316586,-1.5316644,0.057331216,0.5659952,0.6518167,0.6711504,0.76135975,0.640508,-0.049880236,0.30753192,-0.88360983,0.70608276,0.21122427,-0.09613482,-2.0125153,0.5383555,-0.4874939,-2.7335358,0.13022004,0.16738777,2.5101569,0.17021637,-0.9586813,-2.9641101,-0.88826275,-10.964412
Cyto_Texture_SumVariance_DNA_3_02_256,0.08829031,-2.3805234,-0.95612293,-1.1195163,-1.6342058,-0.9983031,-0.014873949,0.39564887,0.10493273,0.8608666,0.22497542,-2.2681656,-0.9023574,1.0951709,-0.86571044,0.47030666,-0.39436507,-0.3757104,-2.079344,0.110295214,-0.10421244,-0.49627194,-0.09831622,1.9867563,-0.046967942,0.34348845,-0.33354485,-4.106771,-0.9613991,-0.16866463,-4.943091,-1.0066717,0.69591326,0.59987485,-0.17615412,0.7202349,-1.0434682,-0.7581907,0.1649173,-2.2146616,-0.34960032,0.18776436,-3.9657567,-0.9820123,0.22625227,-0.14202051,-0.51587063,-0.4411358,0.5202102,-1.5602459,-3.3398125,1.4463887,-0.18857922,-2.9455745,-2.0602682,0.59191984,-2.0211074,0.10739118,-0.01351886,-0.731705,0.3129476,-3.300269,-0.81894237,-0.9807566,-2.265627,0.9064498,0.13028677,0.17778426,-0.07203722,0.3641101,-0.16146038,0.27622223,0.44757625,-0.031953216,-1.5198728,-0.32718316,-1.5310493,0.52170235,-1.4914664,1.2172258,1.7808386,0.52151436,0.24073638,1.5285295,-2.6473217,-0.62858385,0.5406926,0.04902327,0.37844667,-2.6573608,-0.09787951,0.24740903,-1.2812675,0.5726309,-1.5184528,-0.051752407,0.5722084,1.0976663,0.43313003,6.535379,1.015862,0.09661279,0.71933985,-1.1880497,1.3468,0.28502557,-0.3112666,-2.6370895,0.8003029,-0.7508897,-2.1432302,0.12747857,0.13957553,2.440585,0.44607773,-0.7325404,-2.8414338,-0.8761217,-5.7842216
